Gauche,Début,Texte,Label_modele,Label_spacy,Fin,Droit
"A8IS
083
a11
180
Vrau
Darien, ",77,Georges,PER,MISC,84, (18621922). Auteur dutente. l
"eur dutente. le voleur. roman
",130,ICeorges,MISC,,138," Darien. 1898.
I les contenus "
"te. le voleur. roman
ICeorges ",139,Darien,PER,,145,". 1898.
I les contenus accessi"
"t fait
l'obiet d'une licence. ",866,Est,LOC,,869, entendue par reutilisation co
"Callicd en haute détinition,
",2846,Contacter,PER,LOC,2855,"
utilisation Commnercialelabnt"
"déticals.
4.
D
t
 er
.. L.C. ",3215,Voleurs,PER,,3222," ne Sout pas
R
N
 l.sts.
I
IE
"
"RIS
LA FONTAIRE.
T F l F7
P.. ",3284,V.,PER,,3286," STOCK, EDITEUR
Aancionne Uibr"
"
LA FONTAIRE.
T F l F7
P.. V. ",3287,STOCK,PER,MISC,3292,", EDITEUR
Aancionne Uibrairie "
" F l F7
P.. V. STOCK, EDITEUR
",3302,Aancionne,PER,LOC,3311," Uibrairie Turssr S FroCK)
1, "
" DII TIÉATRE FNAWCAIS
PAlaIS ",3389,Roral,PER,,3394,"
""

2.898.
L 13. s de reproduc"
"ous les pays, y compris .
 la ",3493,Suede,PER,,3498," at la. Hoivige.
-

Mai d 
 du"
" y compris .
 la Suede at la. ",3506,Hoivige,PER,ORG,3513,".
-

Mai d 
 du te

83
A 
245 "
"e

83
A 
245 mêr --
 
2e

(e ",3560,Voleur,PER,,3566,"
50811
080

lauteur et l'edite"
"e, y compris la Suéile cl in ",3710,Norrege,LOC,,3717,".
Ce volnmeia ele déposé au "
", 1970.1871. roudn, I Yolume.
",3907,Birihi,PER,LOC,3913,", armée d'Afrique, roinan, I "
"ibre i
len collaboratioi avec ",4042,M.,PER,,4044," Lucien Descaves), I brochure,"
"e i
len collaboratioi avec M. ",4045,Lucien,PER,,4051," Descaves), I brochure,
Pour p"
" paraitre prochainement :
J.d ",4109,Malhonnete,PER,,4119," Homino, romdn.
⁋l aété tire"
".....les voleurs ne sont pas,
",4386,Gens,MISC,,4390," honteux ni fort délicats.

I"
"

I
I
PARIS
LA FoyralnE. A
D. ",4447,V.,PER,,4449," SrOCH, EDITEUE
(Ancienne Libr"
"
I
PARIS
LA FoyralnE. A
D. V. ",4450,SrOCH,PER,,4455,", EDITEUE
(Ancienne Librairie "
"alnE. A
D. V. SrOCH, EDITEUE
(",4466,Ancienne,PER,,4474," Librairie Piesse et Stoch)
8,"
". V. SrOCH, EDITEUE
(Ancienne ",4475,Librairie,MISC,,4484," Piesse et Stoch)
8,9, 10, II,"
(Ancienne Librairie Piesse et ,4495,Stoch,PER,MISC,4500,")
8,9, 10, II, CALERIE DU TIIE"
"E DU TIIEATRE FRANCAIS
PALAIS ",4551,ROTAL,PER,,4556,"
 1898
.
.
d

 
 d
N


 1
1
4
"
"r. à pré-
iière vue, à 1a ",4753,Lecture,PER,MISC,4760," du titre, que le manuserit m "
" légue par un
Caisfier.
I
 e ",5148,Vaivole,PER,,5155,".
l'avoue mon crime. Je ne che"
" faut, devant le Procureur du ",5318,Roi,PER,,5321,".
a se passe en Delgique.)
 Ca"
"ocureur du Roi.
a se passe en ",5337,Delgique,PER,LOC,5345,".)
 Ca se passe en Belsique. L"
"en Delgique.)
 Ca se passe en ",5364,Belsique,PER,MISC,5372,. L'avais été faire un petit
"passer.
ainsi la frontière ? ",5539,Mon,MISC,,5542," Dieu ! r'avais voulu voir le
"
"mier
hôtel venu, l'hôtel du ",5777,Roi,PER,,5780," Salomon. Je ne me fie puere
A"
ieur est sans doute un ami de ,6140,M.,PER,,6142," Kandal,
me dit l'hotetiere co"
 même prénom : il s'appelle ,6606,Cicorges,PER,LOC,6614,",
ccomme vous savez - Cieoroes"
"Cicorges,
ccomme vous savez - ",6636,Cieoroes,LOC,,6644,". Randal. - Fh! bien,
huisque "
rs jours. C'est la plus belle ,6821,Cham,PER,,6825,"
bre de la maison, ali.bremier"
" pour erracher les dents.
I
4
",8146,Vant,MISC,PER,8150, mieux que Tout ca passe Franc
"e coin, la
C'est la valise de ",8282,M.,PER,,8284, Randal : il n'a pas voulu l'e
"ire à Monsieur.
lesquisse un ",8695,Sourire,LOC,MISC,8702,".
.
I
 l'ai été tres salisfa"
"e que contenait la valise de.
",8986,M.,PER,,8988," Randal. Curiosité malsdine,."
"t sortir, je n'ai.
pas. voutu ",10110,Eaisser,PER,,10117, irainer sur une Lable le manu
p. dans une maison pareille - ,10598,Mne,PER,,10601,"
maison ou l'on était si bien"
"́ la
lecture des mémoires de ",10861,M.,PER,,10863," Randal . L'appellerai-je
Mons"
"omment faire? Le renvoyer
bar ",11146,la.poste,PER,,11154," ? Empossible, mon départ pre"
"e? Le renvoyer
bar la.poste ? ",11157,Empossible,PER,MISC,11167,", mon départ précisilé a di"
"ns un coin. Bien grand Merci.
",11461,LLerapsorier,LOC,MISC,11473," moimême, avec quelques plais"
"Je le
Parde, le manuscrit. Le ",12260,le,LOC,,12262," ourde ou, plutot, je le vole
"
"le
Parde, le manuscrit. Le le ",12263,ourde,LOC,ORG,12268," ou, plutot, je le vole
I
AVAN"
" corps d'un malandrin, Sur le ",12888,Chevalet,LOC,,12896," de Lor
ture. de la tailler, d"
"s
boint comment il écrit, ce ",13528,Voleur,PER,MISC,13534,"-la ; mes phrases n'en-
ttrent"
"onnage, un ancien élè̂ve de ",13903,lHcole,LOC,,13909," Polptechnigue,
par exemple. q"
"lume, aurait dit.
Son fait au ",13991,Voleur,PER,MISC,13997,. Il aurait suffi de le faire 
" n'ai pas voulu créer ce per
",14242,Sonnage,MISC,,14249, Svmpathique. Aprés avoir éc
" cons-
Ctemoi qui ai voté le ",14483,Voleur,PER,MISC,14489,", je ne puis ouere de Retrir.
"
"ofybyppte
1.11 A 21 1 ta11.
A ",14868,Aiits,PER,LOC,14873," s tos  Ilo2I d A Indion
AVANT"
"ien pres dêtre
récompense..
",15676,Orpheline,PER,,15685," de par la loi :.
 LWIl. - Enk"
"s !.
PLTTIE
2
 237.
 750
 262
",15751,IVr,PER,LOC,15754,. - Combindicons machiavelique
"TTIE
2
 237.
 750
 262
IVr. - ",15758,Combindicons,PER,,15770, machiaveliques ct Jcurs réou
"-
 PABIE DES CHAPITRES
HIR. - ",15847,Evenements,PER,,15857," completement inaitendus.
HR. "
"s... I.
HVI. -- Geneviève de ",16174,Brabant,PER,,16181,".
HVI. - Lerepentir fait oubli"
" savaieni sy prendre .
TRR. - ",16344,Conclusion,PER,,16354, provisoire . Cothmle 1outes l
RR. - Conclusion provisoire . ,16368,Cothmle,PER,LOC,16375," 1outes les
Couclusions
7
232
"
"ovisoire . Cothmle 1outes les
",16387,Couclusions,PER,LOC,16398,"
7
232
308
324
338
363
375
384"
"erbe, avec une santé Roris
i ",16837,Sante,PER,,16842,", vivre seuls J He pas avoir d"
"fortune Amassée, ou irdtelle ",17045,JErles,PER,MISC,17051,"
bons exemples a léguer, le f"
" d'attendre davan
D
N
TaGe.
- ",17347,Lecure,PER,LOC,17353," aussi:
 Un des prenliers pré"
"
- QOui, oui, il vous faut un ",17473,Cntant,PER,MISC,17479,".
dd-
LE VOLEUR
Ths bien, puis"
"onde le veut, cest
bon.ils en ",17552,Aurontun,PER,LOC,17560,".
.
s. Vont.
Je me presemte : "
"est
bon.ils en Aurontun.
.
s. ",17567,Vont,PER,MISC,17571,".
Je me presemte : rués. pien"
couronnes qui mne déchire le ,19359,front,PER,,19364," et m'égrd.
tigne les orcille"
"s d la sauvagerie, si jétais
",19590,Moins,PER,,19595," rAisonNable.
i Wais je suis r"
"mtle ct lon d cucori toute la
",20218,Candeur,PER,,20225," de l'entance.
Candeur !... Mo"
"oute la
Candeur de l'entance.
",20240,Candeur,PER,MISC,20247, !... Mon enlanre ? Jene me ra
 devant le tableau noir qui d ,20873,Servi,PER,ORG,20878," de fond a
la tristesse de mes"
"moire dans tous les coins de.
",20996,Notre,MISC,,21001, mdison de Paris : dans les al
ches et que j'arracherais des ,21249,Reurs,PER,MISC,21254,", oil lec rosiers
ont des éti"
niquets chargés de pavés de ,21784,Reirs,PER,LOC,21789,", de ;
porcelaines utiles et d"
"ancoliqnes, il s'est i
Mis Cn ",21862,Colere,LOC,,21868,".
 Ju vas voir, dtil dit, que "
it dresser le chien contre la ,21968,Machine,PER,,21975," et la lui
A fait mnettre en m"
"ndu qui disait a ma mère .
- ",22592,Cesont,PER,,22598," des souteneurs, tusai.
 Jai d"
"re m'a procuré uve joic plus
",22847,Grave,PER,LOC,22852,. Il m'a fait voir Cambertd. C
" plus
Grave. Il m'a fait voir ",22871,Cambertd,PER,LOC,22879,". C'érait au Palais de
Versai"
 se tenait alors l'Assemblée ,22947,Wationdle,PER,,22956,".
La seance élait ouverte qua"
"and nous Soimtnes Cntrés,
In ",23015,monsieur,PER,,23023," chauve, forrikie d'un gilet b"
l disait que le mais est tres ,23111,Mauvdis,PER,,23118," pou
les Chevaux. J'di cru que"
"rtout. Il en est plein. Je le
",24071,Vois,MISC,PER,24075," bien, d préseut, mais, tout "
"e tourne vers moi.
 Le voild, ",24758,Cammbetta,MISC,LOC,24767," ! Piens, 22, lil
Qui, c'est l"
"s moi.
 Le voild, Cammbetta ! ",24770,Piens,PER,LOC,24775,", 22, lil
Qui, c'est lui, c'es"
"ette.
 C'est bien dommage que ",25301,Cambetta,PER,LOC,25309," n'ait pas
parlé, dis je a mo"
"s
parlé, dis je a mon père, ",25348,Comlne,PER,,25354," Mous SortonS.
 La parole est "
", au moins quelquelois. Et le ",26586,monsieur,PER,,26594,"
4
d

N.
LE VOLEUR
 chauve, en"
"s, me représenter Un homme d'",26875,Etat,LOC,,26879,", cest
Son visage que j'évoqu"
"ent justi
hées, ce n'est pas ",27067,Cammbettd,PER,LOC,27076,", ni meme M. Thiers, qui
Syimb"
"tte ld
France dans le Kacre a ",27281,Louis,LOC,,27286," Philippe, dont la blan-
chiss"
"ois, qui dit tou
Jours que le ",28564,Code,LOC,,28568," estformel.
 Le Code est forme"
"lles, lait des ligd
Tures auy ",28885,Consonnes,PER,,28894,".
-- Le. Code estformel
i J'é"
"nnes.
-- Le. Code estformel
i ",28920,J',PER,,28922,"écoute C2, plein d'une sombre"
"in d'ocil, men d radicalement
",29339,COwrige,PER,MISC,29346,".
. Mne faut pas mangertes ong"
" mange ceux des autres, si tu ",29500,Veur,PER,,29504,"
etsi tu peun, mdis les tiens "
"ns la bibliothèque,
fisir un ",30211,Code,LOC,MISC,30215,", le cacher sous md blouse et "
"s d menor-
Gucillir. Won, Ali ",31028,Baba,MISC,PER,31032," n'd point éprouvé, cu pers."
"e
fruit détendu, du jardin d'",31252,Eden,LOC,,31256,", avec une emotion plns
Grande"
"rand père sourit.
 Tu lis le ",32303,Code,LOC,MISC,32307," ! Gat'amuse, de lire le Code "
" m'arnuse pas, certai
nement: ",32416,Mldis,PER,MISC,32421, Ca m'intéresserait sans ducu
"lire , il faut savoir lire le ",32681,Code,LOC,MISC,32685,". Ce quil faut
lire, dans celi"
"st Cd..
Ttilpose son doigtsur ",32803,la,PER,,32805," Mdrge.
i Pres veré, je fermn"
"Cd..
Ttilpose son doigtsur la ",32806,Mdrge,PER,LOC,32811,".
i Pres veré, je fermne brus"
"nt le volume. Moni
Grand perc ",32876,Sourit,PER,,32882," Cncore.
 Il faut avoir des é"
"ns, Cesttout,
Cequiresterd de ",33012,la,PER,,33014," Bociete.
Bon, bon. Mous verro"
" Cesttout,
Cequiresterd de la ",33015,Bociete,PER,,33022,".
Bon, bon. Mous verrons Cd.
J"
les domestiques. I pardit que ,33775,M.,PER,,33777," Dubourg s'est
malconduit... L"
"r devant
Mol.
 Dubourg peutse ",33995,Ratter,PER,,34001," d'avoir de la chance,
ditil a"
"u
cun prétexte, Échapper du ",34265,Chatiment,PER,,34274,".
 Jamais, dit ma mère. Mais "
"xte, Échapper du Chatiment.
 ",34277,Jamais,PER,,34283,", dit ma mère. Mais on dura c"
" on dura cu égard 2
Sond9e.
 ",34333,Belle,PER,,34338, excuse ! Raison de plus pour 
"ard 2
Sond9e.
 Belle excuse ! ",34348,Raison,PER,,34354," de plus pour n'avoir pas
depi"
tretenir ed !... Coinmesous l',34627,Emmpire,PER,,34634," ,Comme
Sous Louis KV I... Et,"
"uconrageant pour les honnetes
",34856,Gens,MISC,PER,34860,", dit ma Mnère. On Éprouve u"
" ordres, ici. Et quant d toi,
",35173,Ceoiges,PER,LOC,35180,", si par hasard tu rencontres "
" son journdl, je vois arriver
",35441,M.,PER,,35443," Dubourg. Id domestique, par b"
"lient par le brds.
 Reste la
 ",35809,M.,PER,,35811, Dubourg parle depuiscing minu
"épondrien.
Rien, pas un Mot.
",36032,M.,PER,,36034, Dubourg continue. Il dit que 
"epuis vingt dl5...
 Silence.
 ",36398,Iditquila,PER,,36407, éré un grand misérable de 
"ne l'ercuse
pas d présent... ",36524,Mdis,LOC,PER,36528, qu'il avait espèré qu'on co
"us importuner plus longtemps, ",36941,M.,PER,,36943," Randal: je vais
Yous quittet."
"n ld.
Adicu, Monsieur.
alors, ",37132,M.,PER,,37134, Dubourg est parti. Il s'en co
"autre avec une ironie un peu.
",38244,Merwcuse,LOC,MISC,38252,. Je suis porté a croire que 
déshériter completement. Le ,38817,Code,LOC,MISC,38821," est formel.
dd-
i. LE CCUR D'"
s général. Je nesuis pas un ,39036,Canere,PER,,39042," -- nou,
Cc'esttrop diflicile "
" présent, qui veille sur mes
",39446,Jennesannees,PER,MISC,39458,". Mles parents sont morts, ct "
"rts, ct il m'a été :
Conné ",39510,Comline,PER,,39517," THICNE.
- Une tutelle parcill"
"nées et transformées cn ran
",40752,Ccunes,PER,,40758,", ne gernierdient point des ha"
"ne Serdi pas riche ; je serai
",40974,Deut,MISC,,40978," Etre I pAuVTE.
J'ai peurdetre"
". Les robes de sa fille, ma
i ",42255,Cousine,PER,,42262," Charlotte, qui commence d por"
"bes de sa fille, ma
i Cousine ",42263,Charlotte,PER,,42272,", qui commence d porter des ju"
"mence d porter des jupes -i
i ",42311,longues,PER,,42318,", c'est moi qui les paye, et l"
" paye, et l'argent qu'il me i
",42367,Lonne,PER,LOC,42372,", toutes les semaines, c'est l"
", cher lui, le dimanche, les
 ",42530,Morceaux,PER,,42538," m'étranglent, j'étoutte de "
"e. Oh I lironie de cemotld!..
",43764,Education,MISC,ORG,43773,. Ld Chaese dux instincts.. On
"noi - et tant pis pour moi
Si ",45559,Cestun,PER,,45565, épouvantail qui gisdit sous 
"mbre, il n'emporte :
plus les ",46406,Reurs,PER,,46411," des plantes, il charrie les o"
"Scilavant, ni pardon apres. - ",47806,Jesais,PER,,47812," que les années
que je dois e"
"protesseurs, catjene
Suis p2s ",49502,Comine,PER,,49508, beaucoup d'autres enfants qui
"es senti
MnenLS inCKprImeS.
i ",49784,Ensuite,PER,,49791,", ce n'est pas désagréable d"
"ds donc cetre Elistoire f
des ",50071,Morts,PER,,50076," - Tout Cd, c'est les procès "
"procès verbaux des.
vicilles ",50128,Morques,PER,,50135, - cette tlistoire des Morts q
Morques - cette tlistoire des ,50158,Morts,PER,LOC,50163," qu'on i
nous cnscigne en déd"
igne en dédain des Actes des ,50211,Vivants,PER,,50218," -
CotIe on nous Condainne d l"
"lis beaucoup de papier, et je
",50634,Gache,MISC,PER,50639," beaucoup dencre pour faire, d"
"cre pour faire, du contenu de
",50682,Volumes,PER,,50689, généraleinent Conscienciens
"nu de
Volumes généraleinent ",50706,Conscienciens,MISC,,50719," et quon trouve
paTtont, des t"
"ivres qui
nous plairaient, et ",51114,Comnme,PER,MISC,51120, il nous plairait... Ouest. Ce
et Comnme il nous plairait... ,51141,Ouest,PER,LOC,51146,". Ce
Que je sauri, quand je so"
"d la victoire de
Cicéron sur ",52194,Catilind,PER,MISC,52202,", et aussi au triomphe de Cés"
"u triomphe de César.
lempire ",52244,Rornain,PER,,52251," sétablit, i md Srande joic ,"
"mpire Rornain sétablit, i md ",52268,Srande,PER,MISC,52274," joic , cétair
nécessdire, u"
etre juste: les invasions des ,52387,Barbares,PER,MISC,52395," ont
cu du bon, pourquoi pas ?"
ricront éternellement Contre ,52499,Cu,LOC,,52501,", Ct
que c'est fortheureny que"
" Ct
que c'est fortheureny que ",52532,Jeanne,PER,,52538," d'Arc les dit chasses
de Fran"
 i un grain de sable : Que la ,52655,Revolution,MISC,,52665,"
trancaise fut un grand mouvem"
"ort Raphael pour
les loges du ",53095,Vatican,PER,LOC,53102,", que j'ignore : MichelAnge,
p"
"'ignore : MichelAnge,
pour le ",53139,Jugement,PER,,53147," Dernier, que je n'ai jamais V"
" MichelAnge,
pour le Jugement ",53148,Dernier,PER,,53155,", que je n'ai jamais Vil.
Boil"
que Molière est supéricur a ,53273,Chakicspeare,PER,LOC,53285,"
et que si les francais n'ont "
"eine épique,
cesi la faute i ",53354,Voltaire,PER,MISC,53362,". Je distinque soigneusenient
"
"ifut
angere heses l.. Thonore ",53473,Erantlin,PER,,53481,".
C'est bon. Mais, puisquil fa"
"e te leement  eisinces,
a dit ",54058,Emnerson,PER,LOC,54066,", ct le monde entier viendra a"
"nt rendue dpre,. Et mes rages ",54306,Mornes,PER,MISC,54312,", im
placable. Et puis, clle m"
"emient l'intensite du teytc.
 ",55233,Jescrre,PER,LOC,55240," le texte : je l'etripe , je l"
"l'autre , n'ayer. pas
Neriote ",55336,Mosese,PER,,55342, (d dete minre de eueveeusiée
"pede libero, avec un dipldmne ",55729,Ratteur,PER,LOC,55736," et fort
utile sous le bras, t"
"re
est ouverte dun talents...
",56042,Mon,PER,,56045," oncle s'amuse un peu, en me d"
 des yeuz couleur d'acier. Sd ,56179,Ligure,PER,LOC,56185," J Um ta
bleau de ponctuation "
"́tudes , tu con-
Mais la vie, ",56699,Choisis,PER,MISC,56706,".
Nou, je ne conndis pas la vi"
"ation.
Peutètre autre chose, ",57332,Aussl,PER,MISC,57337,". J'ai cu le temps de
 m'en ap"
oule de crimes mne Faudrd-til ,58288,Comiettre,LOC,,58297," ?...
Quatorre ans ! Mais Cd p"
aurais micun dime tresser des ,58704,Chaussons,PER,MISC,58713," de 1i
sières que de monter l"
e de monter la garde... On ne ,58760,Me,PER,,58762," Mettrait
pointcn prison sans "
"ujours lui qui fait la votre.
",59419,M.,PER,,59421, Lssacar compte begucoup sur m
mitie intelligente libremient ,59561,Choisie,PER,,59568,",
lorsquon n'A connl pendant l"
" hasard des promnis-
cuités. ",59682,M.,PER,,59684, Issacar est un homnmnc habile
"m'i cxposé des plans dont la
",59783,Conception,PER,,59793, dénote une Viste expérience
"ont la
Conception dénote une ",59806,Viste,PER,,59811," expérience. Il n'est guere
i"
"ien, iaiscela n'interesse per
",60920,Sonne,PER,LOC,60925, et ne vous assure aucun titre
" demain, faitesvous faire des ",61498,Cartes,LOC,,61504," de
Visite. Creer.yous ingéni"
"aitesvous faire des Cartes de
",61508,Visite,PER,,61514,. Creer.yous ingénicur. Vous 
"oyer, m'a dit lssacar, que ca ",62788,Marche,PER,,62794,"
Comlmne sur des roulettes. Ia"
" mnordle, était basécsur
Sa ",63881,COsthogonie,LOC,MISC,63892,. Le vicun Système de Proleme
nent qui n'a plus de base. Ia ,64084,Mordle,PER,LOC,64090,"
doit évoluer, comne tout le "
"correcte devant le
eriterinmn ",64732,Conserve,PER,MISC,64740,", prend les allures d'une pror"
"pas voler. o Et dans
Quicèse ",65060,Megceule,PER,,65068, Cate 1 ue Mosniceies tes e e 
". o Et dans
Quicèse Megceule ",65069,Cate,PER,,65073, 1 ue Mosniceies tes e e diene
"s
Quicèse Megceule Cate 1 ue ",65079,Mosniceies,PER,,65089," tes e e diene
 indiquent la d"
"ai visiré les pré i
toires. ",65565,Monsieur,PER,,65573,", C'estabsolument piteux. Mais"
 iente edesierdoler e tasieud ,66197,Mmreraies,PER,,66206," eo e Seus
d'aujourdhui n'est "
"́prise pas ton corps i,
A dit ",66400,Esaie,LOC,,66405,". Monsicur, je ne connais poin"
"pas ton corps i,
A dit Esaie. ",66407,Monsicur,PER,,66415,", je ne connais point de parol"
"point de parole
plus haute. - ",66461,Riche,LOC,,66466," ! ne méprise pas ton corps, "
"ou prochain sans mépriser to
",66710,Corps,PER,,66715,. Pauvre ! ne méprise pas ton
"ornent qu'il est
obligatoire. ",67740,Obligatoire,LOC,,67751, ! tout l'est d présent. inst
" un Mauvais tour
de la part d'",68803,Issacar,PER,MISC,68810, : je ne redoute pas qu'il veu
bstacles incurmnontables. Ies ,69644,Contrastes,PER,,69654," qui
Se heurtent cn lui, et fo"
"même, dit Proudhon, mais les ",70105,Cheveur,PER,LOC,70112," ne
désirent pas le bien du p"
"Mlais je ne suissur
de rienl. ",71122,Mon,PER,,71125," oncle, qui me fait une pensio"
"s je ne suissur
de rienl. Mon ",71126,oncle,PER,,71131,", qui me fait une pension depu"
"d
Montareuil, que mnd cousine ",71865,Charlotte,PER,,71874," Va se Marier.
fas un mauvais "
"le, au comtraire, mais un peu
",71938,Maif,LOC,ORG,71942,", un peu gnan gnan - un khle d"
"nsoir, et me diri demi
VOiK:
 ",72881,Viens,PER,,72886," apres demain matin, A dix heu"
"mptes de turelle. Bois Cxact.
",72975,Diable,MISC,,72981, ! Il paraitique c'est pressé
"on oncle rient E
sdns doute d ",73044,Savoir,PER,,73050,", avant de conclure déhnitive"
"en règle, correct, légdl...
",73470,Mon,PER,,73473," oncle, c'est un hommme d'ordr"
"ègle, correct, légdl...
Mon ",73474,oncle,PER,MISC,73479,", c'est un hommme d'ordre, une"
"s dominantes .
lOroueil et la ",73747,Luzure,PER,LOC,73753,", dont la somme, toujours, est"
"hevrotante du tauxbonhomine :
",74444,Cllesonne,PER,LOC,74453, comnme le ricanenlent du carn
e ricanenlent du carndssieren ,74492,Cage,LOC,MISC,74496,", :
mais ras dommpté, qui a b"
" de la civilisation, son etat
",74713,Criminci,PER,LOC,74721, latent (qui lui laisse dans l
"m leurs chevsux plutot que de
",75231,Jeur,PER,LOC,75235, donner une musctte d'avoine. 
"sait bien
que ce n'est pas Sd ",75523,Cassette,PER,MISC,75531," qui d de besux yeux, Car
il s"
toil les trouver quandil en d ,75665,Soif,LOC,,75669,".
Tisi, pir immpossible, on lu"
" pent creer
et qui peut tuer, ",76229,Conne,PER,,76234, la reincarnation existante et
"es forces des autres, et la :
",77565,Iurure,PER,LOC,77571,", qui lécarterait sans cessc "
"i
siere : fort jolie surtout. ",77921,Mon,PER,,77924," oncle, le leademain du
 maria"
ere : fort jolie surtout. Mon ,77925,oncle,PER,,77930,", le leademain du
 mariage, pr"
"uzure, que la séniliré exd-
",79812,Pere,MISC,PER,79816," en horteur.
N
Mais cenestpas "
"
etre. Un jour, prochain sans ",80239,Joute,PER,MISC,80244,", il arracherd le.
mdsque. et "
"barrières de la
tnorale sans ",80436,Sanction,MISC,LOC,80444,. L'amnour.de l'argent quiseul
"terd da-

36""
. LE VOIEUE
---
",80600,Vantage,PER,MISC,80607, son inpuissance d le satisfai
"oismne jusqu'a la prodigalire
",81049,Stupide,PER,MISC,81056,", et qui voudrd, en dépit de "
" tristes du MoyenAgc. Combien
",81208,Jeutil,PER,LOC,81214,", derrière la pierre des donj"
"uints avortés. eni
Cilles de ",81863,Rais,MISC,,81867,"...
Se voir réduit d spécule"
est proche ou l'autorité des ,82175,Manicurs,PER,MISC,82183," dor
va balayer toutes les aut"
 bienfaisance et soutient des ,82760,Ceuvres,PER,MISC,82767," philan
thropiques. I fait du "
"clui, et lorsqu'il a dir
 a l'",83332,abbe,PER,,83336," Eamargelle qui, depuis quelqu"
s cutreprises charitables : a ,83427,Dites,PER,,83432," moi,
l'abbé, ne pourrierYous"
"l ne
faut pas plaisanter avec ",83731,M.,PER,,83733," Urbain Randal.
Mais Ga, c'est"
"e
faut pas plaisanter avec M. ",83734,Urbain,PER,,83740," Randal.
Mais Ga, c'est une re"
pas plaisanter avec M. Urbain ,83741,Randal,PER,,83747,".
Mais Ga, c'est une règle qu"
"les mécomptes, dénombre les
",84181,Crreurs,PER,MISC,84188,", waigue les illusions, disseq"
s actes. C'estle ingement des ,84277,Morts,PER,MISC,84282,".
les mains dures font craquer"
a Sentence en conndissance de ,84470,Cause,LOC,,84475,". Widis je ne VeuK
pas les lir"
"es memioires in Memo-
riam. - ",84555,Leurs,PER,,84560, chiffres signihent autre chos
imés sans doute ct peut etre ,84822,mont,PER,,84826," aimé aussi:
ils disent des c"
"cllerouge, cornés aux coins,
",85173,Jaunis,PER,LOC,85179," par le temps, pleins d'une od"
". Mlain-
tenant, passons d Md ",85378,Gestion,PER,MISC,85385,".
Tlle a été toute naturelle"
"e,
Echoue misérablement. Mon ",86163,oncle,PER,,86168," (ou plutot mon d7
Sent) en a "
"e a la
Gorge et lui crier : A ",87479,Menteur,PER,MISC,87486,"! Voleur! n Cestdu
jourd'hui, "
"d fortune, d ch cxpliquer les
",87810,Ructuations,PER,LOC,87821,. Mais sd voix n'est plus la m
"ations, d des injures,
i plus ",87973,peutè̂tre,PER,LOC,87983,", et il était pret a leur fai"
"our
moique ce désastre de la ",88425,Banque,MISC,,88431," Turopcenne... Jiii
pense que "
que ce désastre de la Banque ,88432,Turopcenne,MISC,,88442,"... Jiii
pense que lorsque tu "
"science..
Je ne réponds p25. ",89560,Mon,PER,,89563," oncle reprend:
 J'ai donc, an"
"nce..
Je ne réponds p25. Mon ",89564,oncle,PER,,89569," reprend:
 J'ai donc, anjourdh"
alcurs ne sont pas cotées en ,90028,Bourse,PER,LOC,90034,",
hi memne en Banque. Lorsque "
"otées en Bourse,
hi memne en ",90048,Banque,LOC,ORG,90054,. Lorsque je m'en suis rendu d
"ilence, c'est linconnu, ct sd
",90709,Mature,PER,MISC,90715, nctveuse ne peut pas supporte
"nir. prs ll veur la braille.
 ",90852,Mon,PER,,90855," oncle, dis je en prenant une "
" prs ll veur la braille.
 Mon ",90856,oncle,PER,,90861,", dis je en prenant une plune,"
une grace en me disant que tu ,91142,Acceptes,LOC,,91150,",
et je ne veuz pas quon me fa"
"pas quon me fasse grace, moi.
",91196,Mon,PER,,91199," oncle, ne faites aucune atten"
"quon me fasse grace, moi.
Mon ",91200,oncle,PER,MISC,91205,", ne faites aucune attention d"
"chant
d percer mon front et d ",91560,Scruter,PER,,91567," md pensec.
 J'ignore ce que t"
espect pour toutes les choses ,92130,Etablies,PER,ORG,92138," , toutes les
42
LE VOLEUR
reg"
" escient. Rappelle toi
Que le ",92608,Petit,PER,,92613, Poucet A retrouve son cheinin
"in.
Qui, je me souviendrai de ",92768,Ga,MISC,LOC,92770,". Et je saurdi, dussi,
que le "
"pendarme, qui terrorise la cd
",92899,Maille,LOC,,92905, au prohi de rres vil et tres 
 de rres vil et tres puissant ,92944,Scigneur,PER,,92952,"
Prudhomme de Carabas.
- Viend"
"uissant Scigneur
Prudhomme de ",92966,Carabas,PER,,92973,".
- Viendras tu ce soir chez l"
 Viendras tu ce soir chez les ,93006,Montarenil,PER,MISC,93016,". me
Lemande mon Oncle.
 Non, "
"e crois pas.
 Ju le devrais : ",93080,Mme,PER,,93083," Montareuil est Charinante
pou"
 devrais : Mme Montareuil est ,93099,Charinante,PER,MISC,93109,"
pour toi et Edouard est encha"
"i, mais pas avant dix heures.
",93472,Mtme,LOC,,93476, Mlontarenil est une personne 
" trouvent incoimmodés.
 Oui, ",94079,Monsicur,PER,,94087,"...
N.
Mononcle paile de Vinte"
"sicur...
N.
Mononcle paile de ",94112,Vintention,MISC,,94122," qu'il a de faire re-
nnonter "
otte plusicurs des bijoux que ,94192,Muid,MISC,PER,94196,"
laisses S2 Mère.
Cuclle chos"
" chose incompréhensible, dit ",94251,Mtme,LOC,PER,94255," Mon-
tareuil, que ces perpét"
"
tareuil, que ces perpétuels ",94290,Changements,PER,,94301," de mode dans.
la joaillerie! "
"n-
Care pue moli e qusiure de ",94654,Gooie,PER,MISC,94659,", ad e ie 
m'dsslre, sans rire"
"la broche. Qu'en dites-Vous d
",95114,Beaucoup,LOC,,95122," de bien, naturellemment. Pour"
"urses. Vous viendren.
Aussi d ",95357,Maisons,PER,,95364," Lahitte, j'espère, monsieur "
"ous viendren.
Aussi d Maisons ",95365,Lahitte,PER,,95372,", j'espère, monsieur Georges "
"d Maisons Lahitte, j'espère, ",95385,monsieur,PER,,95393," Georges ?
 Non, Wadame, je le"
" Lahitte, j'espère, monsieur ",95394,Georges,PER,,95401," ?
 Non, Wadame, je le regrett"
"re d'Issaçar qui m'appelle
a ",95647,Bruvelles,PER,MISC,95656,". Wlais, surtout je ne tiens p"
"rit de retour. C'est si
joli, ",96157,Maisens,PER,,96164, Lahcte ! Et les courses ! Ouc
"etour. C'est si
joli, Maisens ",96165,Lahcte,PER,,96171, ! Et les courses ! Ouciqne Ch
"
 Alors, Monsicur ne va pas d ",96784,Maisons,PER,,96791," Catitte de
main, me ditclle d"
 Monsicur ne va pas d Maisons ,96792,Catitte,PER,,96799," de
main, me ditclle dans l'an"
"dun portes, petifesoubrette
- ",96891,Commeautheatre,PER,,96905,", repond-clle enbaissant lesye"
" vaispas, ct je nesuis pas le
",96991,Seul,MISC,,96995,: Carilparaitqu'on vousconkela
" dire.
J'essaye de convaincre ",97261,Margoi,PER,MISC,97267," de cette grande vérite.
Tlle"
"EMCE
 Quand je suis revenu de ",97526,Belgiqne,PER,LOC,97534,", oil je n'a.
wais guère pass"
oncle dans une colère blene. ,97628,Mme,PER,,97631," Montareuil, que
j'avdis renco"
" de l'escalier, avec son Kls,
",97704,Coinine,PER,LOC,97711," j'entrdis, tendit son mouchoi"
"
avaient l'air fort AfRigé.
 ",97888,Mademoisclle,PER,,97900," Charlotte ne se marierd pas, "
"r fort AfRigé.
 Mademoisclle ",97901,Charlotte,PER,,97910," ne se marierd pas, Mnd
 ditlu"
"es, par le fait - les voleurs
",98208,Sont,LOC,,98212," venus Cher. les Montareuil, i"
"t tout enlevé,
Tout, titres, ",98277,Valeurs,PER,ORG,98284,", bijoux. Lesecrétaire de Htm"
"s en oulaie damebaue, Ceeles
 ",98621,Desbalayeursontdonne,PER,LOC,98641," le signdlement de l'un deux,
"
"personme, cette nuit l2,
Cher ",98874,Mme,PER,,98877," Montareuil .
 Si, Warguerite,"
"dait, d mon avis. Si le vieun
",99329,Montarenil,PER,LOC,99339, avait cncore été de ce mond
"coes e
diftérence cxiste:..
 ",99511,Vsurier,PER,LOC,99518,", Le mot est bien Gros. In'd j"
":..
 Vsurier, Le mot est bien ",99536,Gros,LOC,PER,99540,". In'd jamais eu
i maille d pa"
" ajoute mon oncle qui ne f
Se ",99783,Sonvicnt,PER,,99791, plus de ce que je lui di ente
"
mdinsur les coupables...
Mon ",100913,oncle,PER,,100918," ricane.
les coupables ! ditil"
. C'ect la qu'est la bérise. ,102493,Duune,PER,LOC,102498,"
femme, a n'immportequelage, s"
"ir.
 Souvent, l'entretenait - ",102635,Maigreinent,LOC,,102646,", Cest Vrai; jai-
wu des lettr"
"iturs au coin de la rue, vers
",102882,Jnrc,PER,,102886," hcures, le soir du vol...
 Qu"
"qu'estce qu'il erair d
 Unpas ",102969,Grandchose,PER,,102979,". Un de ces faux artistes de
o"
"on pas arrèté I Iln'A pas.
 ",103264,Leparucher,LOC,MISC,103274, lui ? On ne l'a pas retrouvé
"
trouvé - Avanthier, dans la ",103381,Seine,PER,LOC,103386,". - Crime ou sui-
cide : Crime"
"- Avanthier, dans la Seine. - ",103390,Crime,PER,,103395," ou sui-
cide : Crime, certain"
"Seine. - Crime ou sui-
cide : ",103411,Crime,PER,,103416,", certaincmnent. Il n'avait pa"
uiont rerelésonintimitéavec ,103600,Mfine,PER,LOC,103605," Mon-
tareuil.
 Cen'est donc p"
" clle qui a donné les rensci
",103667,Gnements,PER,MISC,103675," d
 Fhled Pas du tout. Atclle "
Pas du tout. Atclle sculement ,103715,Songed,PER,,103721,"
Soupconner son Armant ? Je ne"
ur un cnlant ? Est ce que jdi ,104539,Chabirude,PER,LOC,104548,"
d'invenier des contes I' Turi"
ssi bon marché du bien de la ,104799,Caste,PER,LOC,104804,", sacrifient
ses intérêts su"
centmille francs d'Oui sait J',105066,Peutetre,PER,,105074," cntre les
miins de perturbate"
ilisation ; c'est permettre a ,105510,la,PER,,105512," vieille
barbarie de préraloi"
sation ; c'est permettre a la ,105513,vieille,PER,,105520,"
barbarie de préraloir contre"
ennent n'en ont pas cncore le ,106122,Mon,LOC,MISC,106125,".
tant, on d les numéros, san"
"numéros, sans doute, on ferd ",106172,Oppo,LOC,MISC,106176,".
Sition...
 Que tu es vaif! C"
"l est du courant des
Choses ?
",106572,Mon,PER,,106575," oncle tire sd Montre.
 A. lhe"
"t du courant des
Choses ?
Mon ",106576,oncle,PER,,106581," tire sd Montre.
 A. lheure ac"
"es
Choses ?
Mon oncle tire sd ",106590,Montre,PER,MISC,106596,".
 A. lheure actuclle, oui. Fl"
 ce qu'elle ne sait pas. Elle ,106859,Ecoute,PER,MISC,106865,", :
en pleurant ses péches. O"
"ée.
 Edouard ne suura rien?
 ",107162,Rien,MISC,,107166,. I n'aura qu'i se consoler de
"isent les bons bourgeois.
 Ft ",107325,Charlotte,LOC,PER,107334," ?
Je nedros pae que j'anrai b"
"ent jamvais, même guand. son
",111749,Cerveau,PER,LOC,111756, ne se souvient plus des cauls
"ouveni, cher la femmme, Vindi
",112116,Snation,MISC,LOC,112123, réprimée produit la pitie. 
"oute cspèce d'enthoil
Sideme ",112329,Vrai,PER,,112333,", la pitie laroyante et bavard"
"oir sous les arccdur gris des
",113512,Vieus,PER,,113517," coitres , je la devine dans s"
"ur d'ordge,
dans le jardin de ",114112,Maisons,PER,,114119," Lahtte, oil sd robe blanche
f"
"ge,
dans le jardin de Maisons ",114120,Lahtte,PER,,114126,", oil sd robe blanche
fremissa"
"́... ou je suis tombé
a deux ",114318,Genouy,PER,LOC,114324," devant clle, avec des mdins g"
"ce soir l2, eperduement, d en ",114628,Mou,PER,LOC,114631,".
rir, et elle m'a serre sur s"
"voulue, moii Pourquoi estelle
",114920,Venue,PER,,114925," ici, clle ? Pourquoi revientc"
"antais, hideuce et vicille,
- ",116401,vieille,PER,,116408,", vieille...
J'ai conscience q"
" hideuce et vicille,
- vieille",116408,",",PER,,116409," vieille...
J'ai conscience qu"
"ideuce et vicille,
- vieille, ",116410,vieille,PER,,116417,"...
J'ai conscience qu'elle n'"
"si je perrifais s2
eympathie, ",116589,Comnine,PER,LOC,116596, si quelque Chose nous forģai
". Chague fois, quand clle est
",117302,Tenue,PER,MISC,117307,", ca cté un elan vers clle, e"
"ui est ld ; c'est clle-même,
",117578,Mlle,LOC,PER,117582," tout entière. Ft, guand clle"
otre retus ? aije demandé. - ,119471,Certainement,PER,,119483,". I
ny en d quune. Je ne veux "
"rlotte est supposee
regrctter ",120175,profondement,PER,,120187," Edouaril, ct on m'imnagine
Ge"
"pposee
regrctter profondement ",120188,Edouaril,PER,MISC,120196,", ct on m'imnagine
Générdlem"
tous cas... - Ilégalement. - ,121094,Soit,LOC,,121098,". C'est ce qu'a tair
Charlotte"
"e est id maitresse.
 7d...I A ",121181,Crie,MISC,,121185," mnon oncle ci sursautant, car"
"gulariser notre Si
tuation. I ",121386,Mon,LOC,,121389," oncle érait blerme, cucore, "
s sd voix n'd pas tremblé. u ,121514,Votre,PER,,121519," situdtionl, dt
l dit, je puis"
"́ mon
héritage, d moil n Mon ",121849,oncle,PER,MISC,121854," ne s'est pas indigné ; i
Aso"
" Si je nétais pas Mn. lache, ",122872,Comie,PER,,122877," tous Ceu
qui se laissent pill"
"ais pas Mn. lache, Comie tous ",122883,Ceu,PER,,122886,"
qui se laissent piller par de"
"rs
Sans noinl pour clle, pour ",123951,Mroi,LOC,,123955," - Ct pour vous
aussi. i Je in"
" faire. Lu
mes inditférent - ",124204,Comine,PER,,124210," tous les gens qvi ne
Deuvent "
"ruinerait mor crédit, et, la ",124428,Mariant,PER,LOC,124435," avec
une dot, je ne puis la d"
"sser,
elles sont la base de l'",124679,Ordre,PER,,124684," universel, quoique tu cn
puis"
uisses dirc... Lu viens de te ,124741,Comporter,PER,MISC,124750," en Sduvage ;
mnoi, je te parl"
"oi, je te parle en civilisé, ",124796,Atil,MISC,,124800," continué en glissant
sd main"
"   p         
 60
 LE VOLEUE
 ",125755,Cliarlotte,PER,LOC,125765, Secoue la tête tristement. E
"Ertoi, que veur tufaire .
. a ",125880,Mois,MISC,,125884, dis.je... Je ne dis pas. En v
".
- Dis mnoi ceque tu penses, ",126116,Ceorges,PER,MISC,126123," ! Je ten
Prie, disle moi, si "
" ! Je ten
Prie, disle moi, si ",126153,Cruel,PER,,126158," quece doive etre.
Je dégage "
mnes roulent dans les yeuy de ,126386,Chilrlorte,PER,,126396,".
 Je taitne, oui... Oh! Je ne"
"toi,
Aes choses afroces...
Je ",126576,Irappe,PER,LOC,126582," du pied, car Ses larmnes mne "
"nt les
nerts et mirritent..
- ",126648,Ecoute,PER,,126654,", dis je, Ecoute des choses pl"
"mirritent..
- Ecoute, dis je, ",126664,Ecoute,PER,,126670," des choses plus atroces
CuCor"
"́s la nuit. Th!
oecharlotte s'",127140,Elance,PER,LOC,127146, vers moict me pose sa miain s
"parle
pas, je. ne veun pas... ",127265,Viens,PER,,127270,".
. Flle m'entraine, me fait d"
"re , c'est plus fort que moi. ",127728,Ecoute,PER,,127734,". Je ne
i'aimdis pas, mdis je "
 pour moi! Ce n'est pas de la ,128107,Sympd,PER,LOC,128112,".
E
N
thie que je te demandais"
"hn ducauchemdt
qi c'oppresse. ",128361,Celd,LOC,PER,128365,", je ne pouvdis te le donner
q"
"l'apprentissage du vice en Vd
",129995,Gabondant,PER,LOC,130004, par les rues ? Je ne comprend
" cmpoignée ce soir par des i
",130804,Sendarmes,PER,LOC,130813, que ton père aurd lancés co
"is je.
Lorsque les voleurs se ",131806,Scront,PER,,131812," multipliés d. tel point
que "
" par l'autre, et, quand il se
",132262,Scront,PER,,132268, débarrassés des bandits qui
"e peuy prs, je
ne peuz pas... ",132609,Ecoute,PER,,132615," moi, je l'en supplic... il
 m"
" Meme
-onamaue, Mlais u ce ue ",133227,Merene,PER,,133233," e a i er e
64
LE VOLEUR
  d
Y"
" devient pale, pile comme une ",134004,Morte,PER,LOC,134009," , et.
ies yeuy Sculs, eclatan"
"es
levres blemes.
- Thl bien, ",134213,Vdten,PER,ORG,134218,", dlors ! crie je d'une vois
q"
"é ! Vatenl Va
tenf...
Alors, ",134411,Charlotte,PER,,134420," sen Vd, toute droite. Et pend"
"lendemain matin, a la gare du ",134789,Word,LOC,MISC,134793,", au mo.
ment oi je vais prend"
je vais prendre le train poyr ,134840,Bruvelles,PER,MISC,134849,", que
ae Mehaagsfdur l'epaule."
" train poyr Bruvelles, que
ae ",134858,Mehaagsfdur,PER,,134869, l'epaule. je Me rerourne. Ces
"
 Vous parter en voyage, Cher ",134930,monsieur,PER,,134938," ?
a
 LE VolEUR
65
 Qui : pour"
" Htue Charlotte est absolumen
",135119,Charinante,PER,LOC,135129,", mais les événcmnents de ce"
" Providence sont insondables.
",135606,M.,PER,,135608, Edouard Montareuil est bien a
"ovidence sont insondables.
M. ",135609,Edouard,PER,,135616, Montareuil est bien allecté.
"
l'autre jour sur la route de ",135833,IEnsritut,MISC,,135842," Pasreur. Id
Science est une g"
"t d vous,
Vous préférer les ",135926,Voyages,PER,,135933,".
Oh! voyages d'affaires..-
 O"
" continue l'abbé en me plon.
",136232,Geant,PER,ORG,136237, Subitemnent ses regards dans 
"entvoyage.  Prenci gardeaumdt
",136536,Chepied,PER,,136543,".
Par la portière du wagon, j"
"agon, j'aperçois sd haute si
",136596,Thouette,PER,LOC,136604, noire quidisparait au coin d'
"ue le train, qui s'est mis cn
",137070,Marche,PER,MISC,137076,", taverse la tristesse des fau"
"des etres qui vivent dans ces
",137171,Mautes,PER,LOC,137177," mdisons blafardes, dans ces l"
esur ses épaules. Appeler le ,137987,Comune,PER,LOC,137993," vous vou
aer : banquier vére"
"Accapd
reur, Concussionndire, ",138080,Cambrioleur,PER,LOC,138091,", taussdire ou Cs-
Croc, C'est"
"Cambrioleur, taussdire ou Cs-
",138110,Croc,LOC,PER,138114,", C'estluiqui maintient le glo"
"s de marque oc
troyces par le ",138865,Code,LOC,MISC,138869,", révent de se conduire en fo"
"t de se conduire en forbans.
 ",138907,Legenre,PER,LOC,138914, humain est admirablement symb
"oite, le larron hors la loi d ",139114,Gauche,PER,,139120,", et
Jesus la bonté mé̂ine, "
"stitués, du milicul. Seule-
 ",139235,Ments,PER,,139240," Quand on a dit cela, ou na p2"
res de son agencemnent. IIy a ,139423,Reurs,MISC,,139428," et Reurs,
 bien que, primordi"
n agencemnent. IIy a Reurs et ,139432,Reurs,PER,MISC,139437,",
 bien que, primordidlement, "
"ment, toutes les parties dela
",139491,Reur,MISC,LOC,139495, soient des feuilles ; et il y
"ue je ne
eroisdu criminclné. ",139821,Cesont,PER,LOC,139827," la des mensonges. Con
Tention"
"corruption engendrée
aoe cec ",140077,Miseucdte,PER,,140086, (e e ansde ui ecnes aese d eo
"re n'ont point de doutes d Ce
",140338,Sujet,PER,MISC,140343,. M. Alphonse Bertillon dssure
"t point de doutes d Ce
Sujet. ",140345,M.,PER,,140347, Alphonse Bertillon dssure mem
"oint de doutes d Ce
Sujet. M. ",140348,Alphonse,PER,,140356, Bertillon dssure meme qu'on p
"nmes tous plus ou moins, une
 ",140553,Centaine,PER,LOC,140561, d'hommes devenus. ct restés 
"pour base d'apprécis.
Tiom.
 ",141253,Biencutendu,PER,,141264," , le Code, c'est la conscienc"
"́cis.
Tiom.
 Biencutendu , le ",141270,Code,LOC,MISC,141274,", c'est la conscience mo--
Aer"
"ode, c'est la conscience mo--
",141301,Aerne,LOC,PER,141306,".
 Oui. Anonyine et d. tisques"
les uns sont toujours prets a ,141924,Commettre,PER,,141933," rous les
actes contraires d l"
"rvent de socleau Vean
d'Or.
- ",142812,Certes,LOC,,142818,", lesclavage est général , e"
"caparer toute la terre, d Mo-
",143023,Mopoliser,PER,MISC,143032," toutes les valeurs, d dsservi"
"emblable,
et les Mtopistes du ",143359,Socialisine,PER,,143370," la parachevent. Mais ld
tenta"
" ne réussirait pas, et
Yoici ",143461,pourquoi,PER,,143469, . il y a toute une catégorie
", et même étymologiquement.
",143823,Nold,MISC,PER,143827,", Cd ne veut pas dire : une se"
"tés ordindires, une sorte de ",144413,Bachi,PER,,144418," Bourout
Au capitalisme. C'est"
"néralement la signilication, ",145332,Comlne,PER,LOC,145338," on
ignore la raison d'ètre d"
diate de la mise en train des ,146049,Mduvdises,PER,,146058," machines
Gouvernementales, un"
 qui lui enlève la notion de ,146434,Charmo,PER,MISC,146440,".
higue enchainemnent de l'org"
comtne un bouc emissdire pour ,147790,Assurer,PER,,147797," d ld
loiune sanction indispen"
"ne la nécessire de l'audace.
",148639,Leciel,PER,LOC,148645," même, dit l'evangile, appart"
e ravissent. Violenti rapiunt ,148741,Illnd,PER,,148746,". Cue penser
vous de cette pro"
"y a de plus Curieux,
Cest que ",149241,Cerespect,PER,LOC,149250, qu'il ressent de moins en moi
écédents. larcins. II n'y A ,150765,Gunne,PER,MISC,150770,"
opinion publique, voyervous :"
"voyervous : C'est celle de la
",150819,Bourse,PER,LOC,150825, : clle donne sd cote tous les
"t come si clle vous avai
dit. ",151256,JLu,PER,,151259, risquerds Cette somine dans u
squerds Cette somine dans une ,151292,Cnireprise,PER,,151302,"
Quelconque, et tula perdras, "
" vetus presque sufhsatninent, ",151668,Compen,PER,LOC,151674,".
sent l'absence des joies qu'"
erspecrive était emgageante. ,151922,Méanmoins,PER,LOC,151932,", clle
ne m'attirait pas. J'é"
"r dans l'ombre oule
leter aux ",152168,Chiens,PER,LOC,152174,". D'ailleurs, je n'avais pas l"
"ddinner dsubir routes les in-
",152952,Ruences,PER,,152959," passageres.
omiereon  ris, s'"
"etre un volerir, et rien guun
",154212,Voleur,PER,,154218,"...
Pourquoi. rien qu'un voleu"
"ialite. W'en faites pas unc.
 ",154741,Soit,LOC,,154745,. Je vouldis dire quil y a deu
"rament. Moi, je pretère les-
",154993,Croquerie,MISC,LOC,155002,", pour la mêtne cause, mais j"
"différents peuples, et leurs
",155307,Codes,PER,,155312,", comparer aussi leurs régime"
"Pcatete de ces eds pres, e t. ",155393,Ames,MISC,,155397," de iases ne e
est préférabl"
ne sont point une Sanvegarde. ,155662,Jusquici,PER,MISC,155670,", vous
n'aver commis qu'un wol"
"presgue enfantine, grace d un ",155763,Concours,PER,,155771," de
Circonstarces Cxtraordindi"
" un Concours de
Circonstarces ",155789,Cxtraordindires,PER,,155804,", vous n'aver méme pas
ttéso"
"e ne m'y tie pas.
 Etsurtout, ",155975,Souvener,PER,LOC,155983," vous bien qu'il faut évitee
"
" C'est mon avis.
LE VOLEUR

  ",156354,Legenre,PER,LOC,156361," de vie que vous choisisscr, d"
"ines pour un csprit indépen.
",156511,Aant,MISC,,156515,. Carrière accidentéc! Vous 
"ie ne serd peutetre pas très
",156743,Gaie,MISC,ORG,156747,", Ct ne Serd point, surement, "
"r, le boulet de leur origine
 ",157611,Comine,PER,LOC,157617, vous Vous Cinporter. Mle pouv
"eur origine
 Comine vous Vous ",157628,Cinporter,PER,ORG,157637,". Mle pouver.vouS
lire tranqui"
" ? Votre brusque dt-
rivée a ",157932,Bruzelles,PER,LOC,157941,", quand j y reléchis, me lais"
"uses femelles et des
poupées ",158380,Convaincues,PER,LOC,158391,", des lemmnes auréolécs d'in"
", enrubannées de jeunesse et ",158462,Reuries,PER,MISC,158469," de jupons
Clairs ---
 Vous en"
"jeunesse et Reuries de jupons
",158480,Clairs,PER,MISC,158486," ---
 Vous en aurer, dit lesac"
cing toutan plus pour aller A ,159420,Notrei,PER,MISC,159426,"
Trender vous. Je mnets ces di"
"uestion n'est pas milre , les ",159720,Belges,PER,LOC,159726,"
J viendront, n'en douter pas,"
"'est pas milre , les Belges
J ",159729,viendront,PER,,159738,", n'en douter pas, ct je crois"
"es ils
feront ld conquète de ",159861,la,PER,,159863," Suisse, pour créer un port
a"
"sse, pour créer un port
a ld ",159897,Chaux.de,LOC,,159905," Tonds, Seulement, il faut att"
" le dis. A present, en route, ",160815,Chantonne,PER,,160824,"
i Issacat en prenantsonchapea"
"d coré, en ettet: en face de ",160960,la,PER,,160962," Bourse. Cest
l'heure de l'ape"
"oré, en ettet: en face de la ",160963,Bourse,PER,LOC,160969,". Cest
l'heure de l'aperirif e"
", plongé dans la lecture dun
",161639,Journal,PER,MISC,161646,", nous autorise d l'investir ,"
"aussitot, je me
poste sur son ",161707,Ranc,LOC,PER,161711, gauche et Lssacar lui fait fa
"uid
80
LE VOLEDE
---
dis.je a ",161827,Issacar,PER,MISC,161834, des que le garcon nous d muni
" le moins dans ses mains
SAnS ",162100,Tache,LOC,PER,162105,".
 Quclle singulière idéc vo"
ande avec des moustaches d la ,162504,Veldsquer,PER,MISC,162513,",
le front déprimé, ride com"
"moustaches d la Veldsquer,
le ",162518,front,PER,,162523," déprimé, ride comme par lha"
"e, les doigts épais, courts, ",162600,Cruels,PER,MISC,162606,", Écartes Comme
pour légoutt"
" autre chose de
ea vie: et la ",162743,Chaisc,PER,MISC,162749," libre perd sa liberte.
 Monsi"
"ustriel, jai ap-
pris par ML. ",162834,Essdcar,PER,,162841, Comibien vous etes désireux 
"'avis de notre ho
horable ami ",163153,M.,PER,,163155," Lssacar, et je suis heureux q"
" le moins possible. Mon Dien)
",163557,Mton,MISC,,163561, Dieu ! pourvu que ga ne dure 
mexposer estiracé de main de ,164106,maitre,PER,,164112,", ct je dois
Arouer que vous m"
"oi
quil cn soit, je puis vous ",164938,Assurer,PER,MISC,164945,", Monsicur, que vo5
paroles on"
"n soit, je puis vous Assurer, ",164947,Monsicur,PER,MISC,164955,", que vo5
paroles ontfait ld p"
d plus gran de impression sur ,165012,M.,PER,,165014," Ran-
Aal. Je conndis MI. Rand"
"n sur M. Ran-
Aal. Je conndis ",165036,MI,PER,,165038,". Randal. Il est peu cxpansif,"
"sur M. Ran-
Aal. Je conndis MI",165038,.,PER,,165039," Randal. Il est peu cxpansif, "
"r M. Ran-
Aal. Je conndis MI. ",165040,Randal,PER,,165046,". Il est peu cxpansif, Comme
t"
"on... Il ne sagit p2s
ici des ",165703,Bitumes,LOC,,165710, du Marocou du percement du Ca
" sagit p2s
ici des Bitumes du ",165714,Marocou,LOC,,165721," du percement du Caucase,
 Sav"
es du Marocou du percement du ,165738,Caucase,PER,LOC,165745,",
 Savervous. C'est une affair"
" cn d pour moi.
- Oui, ditil, ",165973,M.,PER,,165975, Randal d certaines raisons qu
" comine la votre. Il me les
d ",166125,Chpostes,LOC,MISC,166133, et je vais yous les. traduire
" nous lap-
prend. Id science, ",166702,Monsicur,PER,MISC,166710,"! Id midindccuvre est
pour rie"
"profundis ! Ju sais, les bati
",168342,Ments,PER,,168347," Sont AsSures.
 Cest une grand"
"consolation, dir lssacar. Mal
",168409,Reureusemnent,PER,ORG,168422,", Cette union que produisentsi"
"ves, dont Vidée seule
etraye ",168580,M.,PER,,168582," Randal.
Oni, disje, obéissan"
"mais fait de tort dux capitd
 ",168786,Vistes,PER,,168792,", au contraire. Voulervous que"
", partont. Le capitaliste, le ",168985,Manufacturier,PER,ORG,168998,"
encombré par la surproductio"
"ction se relait par la greve.
",169054,Mest,LOC,PER,169058, curicuy que vous ne vous ch s
"personne n y trouve d redire.
",169160,Saver,PER,,169165," rous pourguoi , C'est parce q"
"ion socidle...
Coup de pied d'",169668,Issacar,PER,MISC,169675,". Silence. Second coup de
pied"
"on qui prendrait
d'assaut les ",169892,Banques,PER,LOC,169899, et dilapiderait les Epaignes 
"dilapiderait les Epaignes des
",169933,Gens,MISC,,169937," laboricur et éconornes, qui "
"
capitauy des honnètes gens. ",170016,Celd,LOC,PER,170020," n'est quere probable
en Belgi"
" Celd n'est quere probable
en ",170045,Belgique,PER,LOC,170053,", nous avons la garde civigrie"
"e pas
Confier soml argent aux ",170225,Banques,PER,LOC,170232," et de le garder Cher
 50I. C'"
"our
Yous demander i Acjenner, ",171391,M.,PER,,171393," Randal et moi.

 LE VOLEUR
 L"
"e fera plaisir, afhirme Vin-.
",171474,Austriel,PER,LOC,171482, : ou ne trdite bien les affai
" commpliments, absolument en-
",171829,Chante,PER,MISC,171835," de Lui.
- Pourquoimavervousim"
" oi tout, méme les plus vils
",172068,Sentiments,PER,MISC,172078,", perd de sa force et se déco"
" eu beal
tremper son gilet de ",172876,Ranclle,LOC,MISC,172883," dans le sang des misé
rables"
. Ah ! lironie anglaise: a Le ,173214,Chien,PER,MISC,173219,",
pour arriver d ses hns, se r"
"sur la table
pOur iLrinuier d ",173675,Lssacar,PER,,173682,":
 Alons nous en dici, et cond"
" mne faire connditre ce Soi.
 ",173830,Volontiers,PER,,173840,", répond lssacar, mais il est"
"il, de vous présentermon
Ami ",174003,Roger,PER,,174008," Voisin, dontvous désirer si "
".
 Je suis vrainent cnchante, ",174178,Monsicur,PER,LOC,174186,"... Permet-
termoi sculement u"
"s, dordindire, on m'ap-
pelle ",174304,Roger,PER,,174309," la Tlonte..
72
 EEIN CIPE
Mli"
"ger la flonte ct moi, dans la ",174436,Vule,PER,LOC,174440,"
de Darbrock, nous venons de f"
"ien, d cet hotel
d.
 Oui, dit ",174608,Roger,PER,,174613," la Honte, ducun woleur chic
h"
"r chic
he descend ailleurs, a ",174665,Biuzelles,PER,LOC,174674," ; cxcepté quand les
affaires"
" de nous donner du
Monsieur ? ",175065,Donc,LOC,,175069,", Rogetld Tlonte me tutoie et "
"te me tutoie et je
lappelle : ",175113,Rogerla,PER,,175120,"-flonte, tout court, comme on "
"te, tout court, comme on dit.
",175155,Monsieur,PER,,175163," Thiers.
Nous voici arrives, d"
es femnelles d'éléphants en ,175596,Couches,PER,LOC,175603,",
Nous montons l'escalier d la"
"uses dont la dernière, quand ",175690,Roger,PER,,175695," d Ouver
ne porte du quatricin"
" Vous en aurier eté quittes, ",177383,Issacar,PER,MISC,177390," et toi, pou
aller déjenner c"
"vait de-
vine juste ! Il a le ",177690,Rair,LOC,ORG,177694,", cehuild. C'est dommage
qu'il"
"oi.
Louc, nous ne pouvons pas ",177799,Corninencer,PER,MISC,177810," avaut une
heure au moins... L"
"r avaut une
heure au moins... ",177839,Liens,PER,MISC,177844,", pourtuer le temps, je vais
t"
"tun
Qudrt, Cous les soirs.
Er ",178012,Rogerld,PER,,178019," Tlonte dessine, sur une feuil"
"née d'un Casque d meche. Les
",178271,Reurs,PER,MISC,178276,", Cétait bon pour la Crèce, "
"ngagé dans les équipages
de ",179516,la,PER,,179518," Rotte.
 Etquand tu es revenu,"
"gé dans les équipages
de la ",179519,Rotte,PER,LOC,179524,".
 Etquand tu es revenu, iu te"
"ue lorsque tu étdis parti ?
 ",179617,Exactement,MISC,,179627,. Mes parents ne mne rudoyaien
"entendre qu'il n'était Guere
",179715,Convenable,PER,,179725,", ni meme honnête, de rester "
"ènes et taisdit parler delle
",179935,Comine,PER,LOC,179941," d'une actrice d'avenir, mes p"
tre obstacle d sd vocation et ,180145,Commer,PER,ORG,180151,"
edient a cnetre fiers, in pet"
"iers, in petto, quand son nom ",180199,Lgurdi,PER,MISC,180205,"
Sui le journdl, quant a md pl"
"ces, comine je l'aitne
encore ",180861,Aujourdhu,PER,ORG,180870,".
LE VOLETE
92
Quoi d'étrange"
"dis pas si tu l'en cs apergu, ",181207,Continue,PER,,181215,"
Roger, mais les toiles des gr"
té et de la Beante contre la ,182097,Eaideur,PER,,182104,"
et la Servitude , et l'homme,"
"ions. Moi, jen suis une. Jai
 ",184002,Thorieur,MISC,PER,184010, de l'esclavage ct ld passion 
"assces d bord des Md
wires de ",184116,lEtat,MISC,LOC,184121," ne m'avdient pas donné, comm"
riteaux qui déclarent que la ,184480,Chasse,PER,MISC,184486," Cs
réscrvée, Ct sans Craint"
"oché une toile de
Lorenro di ",184786,Credi,PER,,184791,", une Vierge qui me plaisait b"
"e désho-
horent et les Cuido ",185216,Reni,PER,,185220," qui l'encombrent, et que
l'ad"
"che avdicirt plaidé en sd fa
",188553,Veur,PER,,188557,. Ju vois que lhonnéteté ser
"t tout de meme i
quelque ch a'",188617,Ecait,PER,,188622," pas compabste 3
 Ouelle plais"
"ngés contre des banknotes dl
",188801,Glaises,PER,LOC,188808,"... Aujourdhui, mes parents so"
"uitré Paris , ils tiennent a ",188896,Vichy,PER,LOC,188901," un
hotel quils ont acheté et"
"eté et qui leur rapporte pas
",188954,Mdl,LOC,PER,188957,".
""
LE VOLEUE:
95
 Etcette bru"
"rte pas
Mdl.
""
LE VOLEUE:
95
 ",188976,Etcette,PER,MISC,188983, brusque prospérité n'a pas 
"fait un héritage , un
Vvieux ",189153,Chanoine,PER,,189161, lui avait laissé en mourant 
"lle ma dit
Quclle prierait le ",190171,Bon,PER,,190174," Dieu pour moi deux fois par
J"
"ma dit
Quclle prierait le Bon ",190175,Dieu,MISC,,190179," pour moi deux fois par
JONI.
"
"utre sceur, clle est
Encoredu ",190266,COuvent,LOC,,190273," .
 Won, clle cn est soitic un"
"ois mes parents
installés à ",190336,Vichy,PER,LOC,190341,". Mais, un beaui jour, Broussa"
"̀ Vichy. Mais, un beaui jour, ",190364,Broussaille,PER,,190375," -
ele ne s'appelle pas Brouss"
"n glissant mes pieds dans
les ",191816,Chaussons,PER,MISC,191825,", nous ne ferons pas de bruit "
"ferons pas de bruit pour des-
",191865,Cendre,PER,LOC,191871,".
Descendre! dit Roger la tlon"
" Hous ne descendons pas, nous ",191956,Montons,PER,LOC,191963,".
Il soufle la bougie,. ouvre "
"re la petite. fenetre de la
. ",192020,Chammbre,PER,MISC,192028,", Cnjambe la barre dappui et d"
"a barre dappui et disparait d
",192069,Gauche,PER,ORG,192075,", Sur le toit.
Je le suis. Mou"
s pris troptot. Ces garces de ,192381,Servantes,LOC,,192390,"
n'en knissentpas de se deshab"
nt pas longuies d s'endormir. ,192484,Moscyons,PER,,192492," nous Un
peu.
 LE VCLEUE
A°
 N"
 de deuilsur une face pale... ,192817,Ettoutesces,PER,,192828," étoiles,
pplus brillantes qu"
"u que Ca, la nuirl Connais tu ",192994,Venise,PER,,193000,",
Non. Ertoid
 Moi non plus, m"
"mporte quoi. Je
m'en moque... ",193285,Liens,PER,MISC,193290,", la lumière vient de s'étei"
 Hous nous promencronssur les ,193706,Candur,PER,MISC,193712," et les
lagunes d gondole que "
eI Wais il faut que j'aille a ,194025,Venise,PER,LOC,194031,".
d'abord : c'est la seulement"
"lyre, depuis Sd
turne jusqu'd ",194303,Mercure,PER,LOC,194310,", frlapalogie entre les dis-
("
"solcil et les divisions de la
",194424,Gammne,PER,LOC,194430," en musigue, de toutes ces not"
inme l'industricl et de sales ,194780,Voleurs,PER,,194787,"
Comme nouS... Cescrait d vous"
"e caisses et de cartons.
 Une ",195833,Chambre,PER,,195840," de débarras, dit Rogeren all"
"Une Chambre de débarras, dit ",195859,Rogeren,PER,,195866," allumant
Sd lanterne sourde ,"
ne Caisse et me fait signe de ,196094,Vimiter,PER,LOC,196101,".
 Ecoutemnoi bien, ine murinu"
"le a forcer... Et pas meme de
",196980,Serrure,PER,LOC,196987," de sireté...
Du bec d'une pi"
"Roger pousse ld porte dont la
",197450,Serrure,PER,LOC,197457," pend d une vis, ct nous entro"
l fracas tu as fait! dis-je d ,197543,Roger,PER,,197548,"-ld Tlonte,
Qui Sourit.
 Mais "
tu as fait! dis-je d Roger-ld ,197552,Tlonte,MISC,,197558,",
Qui Sourit.
 Mais nou: Ga td"
"ire pour caliner mes nerf.
A. ",198235,M.,PER,,198237," Delpich, banquier, 84, rue d'"
" pour caliner mes nerf.
A. M. ",198238,Delpich,PER,,198245,", banquier, 84, rue d'Arlon.
u"
 C'est un jeune serin noummé ,198426,Ceorges,PER,,198433," Randil,
ingénieur de son ét"
n jeune serin noummé Ceorges ,198434,Randil,PER,,198440,",
ingénieur de son état, qui"
"rancs, de quel bois nous
nous ",199208,Chaufons,PER,LOC,199216," en Belgique... W
la lettre ne"
" et quelquetois agréable, de ",199337,Savoi,PER,MISC,199342,"
ce que les autres pensent de "
"it pas ce qui peut arriver.
- ",199490,Apporte,PER,,199497," la lanterne, dit Roger la Tlo"
"r.
- Apporte la lanterne, dit ",199515,Roger,PER,,199520," la Tloute quians
culre le cot"
"c fatal d porter.
Voyons... d ",199664,Gauche,PER,,199670,... d droite... Une pure salet
"roite... Une pure saleté, Ce
",199707,Cottre,PER,LOC,199713, fort ld ; Cd ne vaut pas une 
 travaille dans les Ficher... ,199864,Enlin,PER,LOC,199869,", Cn.
a inoins de mal. Je vais"
gne. Ah! le gredin ! Je me le ,200454,Kgure,PER,LOC,200459,",
endormi du coin de sd femmme"
"hoses ? Je n'ai qu'a rirer ld
",201259,SOnnette,LOC,MISC,201267,"...
 Non, j'aime micux C'aider"
" et donner
untour de clefd la ",202021,Serrure,PER,,202028,". L' ordre avant tout.
Il desc"
"u besoin au reY-deChaulsséc:
",202268,Mne,PER,,202271," Ailumetre lui d Suf.
 Mlainte"
e s'apercevront de rien. Cest ,202541,Monsieur,PER,,202549," lui
méme, lorsquil monterdd "
"d son cabinet avec son troue.
",202607,Seau,MISC,,202611," de Clets, qui découvrird le "
"binet avec son troue.
Seau de ",202615,Clets,PER,,202620,", qui découvrird le pot aux r"
"oprieté, comme je le fais en ",203661,Cemo,PER,LOC,203665,".
Tnenl, cu tne promenant d qu"
"
Supcrbe et nous arrivcrons A ",204145,Cannon,PER,,204151," Street d cing
heures. Hous po"
e et nous arrivcrons A Cannon ,204152,Street,PER,,204158," d cing
heures. Hous pourrons "
"teur, ce coquin qu'on devrait
",204581,Dendre,PER,LOC,204587,".
 Pahs dit Roger, d quoi bon "
 belge et s'allonge deja vers ,204886,Venise,PER,LOC,204892,".
 Ah! Venise, VeniseI soupire"
" flonte
en Sétendant sur Une ",204961,Couchette,PER,LOC,204970,".
I s'endort du sommneil du ju"
ent en gondolesur les Rots du ,205054,Candlarro,PER,LOC,205063,".
N
 DaNS LEGUEI ON APPREND, E"
"
Que nous venons de prendre d ",205226,Canhon,PER,,205232," Bireet, Cest
que si Paternost"
us venons de prendre d Canhon ,205233,Bireet,PER,,205239,", Cest
que si Paternoster nous"
" d Canhon Bireet, Cest
que si ",205253,Paternoster,PER,,205264," nous doune cent mille franes
"
" ne sdis plus
ou, du coté de ",205712,Bourges,PER,LOC,205719," ou de Chatedurouz...
- Etild "
"ou, du coté de Bourges ou de ",205726,Chatedurouz,LOC,MISC,205737,"...
- Etild leve le pied, comm"
"faire entendre raison, sur ce ",206570,Chapitre,PER,MISC,206578,", d
Taternosterd C'est dsse2 f"
idés dans des opérations de ,207173,Bourse,PER,LOC,207179,", et qu'on nen
Tetrouvd pa. Un"
" et qu'on nen
Tetrouvd pa. Un ",207210,Centimle,PER,ORG,207218,".
 Je le crois tacilement. Mld"
"mle.
 Je le crois tacilement. ",207245,Mldis,PER,,207250," je ne vois point,
jusquici, q"
"ternoster avait retiré de S2
",207325,Complaisance,PER,MISC,207337,".
 Sttends un peu. Prois jours"
"rois jours apres sd conddm.
i ",207387,Nation,MISC,ORG,207393,", il fut relaché Clan destine"
"aché Clan destinement.
Quoil ",207435,Mlis,LOC,,207439," en liberte d
 Absolumnent. Le"
"qui, au lieu de Cascader
a ld ",207717,Bourse,PER,LOC,207723,", étaient cmmpilés soigncuse"
sdis pas ce que cétaitque le ,208263,Cure,LOC,,208267,",
J'ai entendu dire que la pet"
e la petite était la Klle de ,208319,Pater,PER,,208324,".
Roster, uneklle qu'il a cue "
"tite était la Klle de Pater.
",208326,Roster,PER,ORG,208332,", uneklle qu'il a cue d'un pre"
"son noire dont, bientot, nous ",208547,Montons,PER,LOC,208554," les-
calier. Au deuxieme éta"
" couvert de papiers se leve d
",209086,Notre,MISC,,209091," cntrce, tend la main a Rogerl"
"
Notre cntrce, tend la main a ",209115,Rogerla,PER,,209122," tlonte etmdc
cueille d'un pro"
"rnosterse déclare
CChante et ",209362,Continue,PER,MISC,209370," .
'espère que votre santé e"
" parle. Une face glabre,
Sa45 ",209604,Couleur,PER,MISC,209611,", un grand ne2, des yeux verdd"
" diminues, semble-til, par de ",209693,Gros,MISC,PER,209697," sourcils
poivre et sel quise "
uise rcjoignent et batrent le ,209752,front,PER,,209757,", une
bouche qui parait avoir "
" une rête d.
faire rire, une ",210116,Kgure,PER,LOC,210121, de cabotin: C'est la. volonte
" titres que nou5
apportons de ",210627,Bruzelles,PER,LOC,210636,", vous alle7 nous donner Votre"
" ne yous croirait pas, ricane ",210840,Paternoster,PER,MISC,210851,"..
 Donnervous donc la peine d"
"ous ćtes
toujours pressé... ",211305,Mlalheureusemnent,PER,,211322,", vous avez été
faire ce cou"
"iers cuxmemes qui me l'appren
",211459,Rent,LOC,ORG,211463,. Ce sont la des placements de
de cette laçonld. Des tas de ,211601,Valeurs,PER,,211608," indus
Tclgles sont souvent en"
" moi. Il leurfaut
des fonds d'",211832,Erats,PER,LOC,211837,", ou des valeurs garanties par"
"ouver pas, ou presque p25, de ",212192,Valeurs,PER,,212199," industrielles
Auxmdins des pa"
"p25, de Valeurs industrielles
",212214,Auxmdins,PER,LOC,212222," des particuliers, l'instabili"
" pos-
Sedent guère qve de la ",212353,Rente,MISC,,212358," ou des Chemins de fer.
Txcell"
guère qve de la Rente ou des ,212366,Chemins,PER,,212373," de fer.
Txcellent pays pour l"
"pline
leS CApitAuN.
 Qui, dit ",212463,Rogerla,PER,,212470," Tlonte. Mais quand on vous
pp"
" Mais quand on vous
pporte du ",212508,Credit,LOC,ORG,212514, foncier ou des cmmprunts de V
"ut
tien pour mes Clients. Ils ",212701,Changeront,PER,LOC,212711," peutetre d'avis
Mn jour, mais"
"ssi
l'opinion du mministre de ",212809,Perse,PER,LOC,212814,", et le premier secré.
taire "
"ond Paternoster,
et inême en ",213048,Extreme,PER,,213055, Orient: le Japon y d pris Gol
 inême en Extreme Orient: le ,213067,Japon,PER,LOC,213072," y d pris Golt
depuis quclques"
depuis quclques années et la ,213117,Chine,PER,LOC,213122," donne de belles
espérances. "
"r, Monsicur, Comne le Progres
",213186,Choisit,PER,ORG,213193,", pour sd marche en avant, les"
"es
rapports des Blancs et des ",213536,Jaunes,PER,ORG,213542," deviennent tous les
jours plu"
" a la poste, pour les valeurs ",214574,Nominatives,PER,MISC,214585,",
nous Opérons, avant livrais"
"aison, un petit travail de la
",214642,Vageou,PER,MISC,214648," de grattage, quelque peu supe"
"ls ont conquis leurs
Grades a ",214817,Oxford,LOC,,214823," ; l'un d'eux, celui qui vous "
"leterre avant
peM... Ah! oui, ",215037,Continve,PER,,215045," Paternoster en poursuivant
co"
"iscours, dit Roger Id-Hlonte.
",216455,Monsieur,PER,,216463," Paternoster, il faut poser vo"
"dit Roger Id-Hlonte.
Monsieur ",216464,Paternoster,PER,,216475,", il faut poser votre candidat"
"es. Mais que nous
OrerVous :
 ",216572,Diable,MISC,,216578," ! votre ton est scc, ricane P"
tent de nouvedux impots... Ia ,216926,Chdine,PER,LOC,216932," sans
tn de l'exploitation rou"
je vous propose : je garde la ,217077,Renie,PER,LOC,217082,", les Chemins de
fer et le Sue"
"pose : je garde la Renie, les ",217088,Chemins,PER,,217095," de
fer et le Suez, je vous re"
" Renie, les Chemins de
fer et ",217106,le,LOC,,217108," Suez, je vous rends toutes le"
"nie, les Chemins de
fer et le ",217109,Suez,LOC,,217113,", je vous rends toutes les val"
 c'est ridicule. Et quant aux ,217297,Valeurs,PER,ORG,217304," in.
Austriclles, que vouleryo"
"d leur propriétaire, répond ",217404,Patet-,PER,MISC,217410,"
Noster. Ligurer voue que yous"
"propriétaire, répond Patet-
",217411,Noster,PER,,217417,. Ligurer voue que yous étes 
"remière tois que
les larrons ",217923,AUront,PER,ORG,217929, rendu service aux honnetes pe
́Réchi en parlant ? derrande ,218295,Roger,PER,,218300,".
Nous me Semmbler bienautorit"
"tiers MArronS
s'appellent les ",218468,Napoleon,MISC,,218476," de la kinance, et un coulis-
"
"unon. Vous me conndisscr, Mon
",218989,Sieur,PER,,218994," Rogerla Tlonte, bien que j'ai"
"Vous me conndisscr, Mon
Sieur ",218995,Rogerla,PER,,219002," Tlonte, bien que j'aie le pla"
" tu ? me demande Roger.
 Fais ",219267,Coinine,PER,,219274," tu voudrds.
 C'est bon, dit R"
s Acquiesgons d'un sourire et ,220069,Paternoster,PER,MISC,220080,", apres
nous avoir compté les"
"voir
de remplir le chêque.
- ",220163,Voild,PER,,220168,", dit-il en nous le tendant. A"
endons l'escalier en silence. ,221070,Notre,MISC,,221075," cat
ROus attend devant la mnd"
micux que ce quenous d donné ,221327,Paternoster,PER,MISC,221338,".
Non, ditRoger, il ne marique"
"itRoger, il ne marique pas, a ",221376,Londres,PER,LOC,221383,",
de gens cxergant le memne me"
" métier que lui, mais c'est
 ",221440,Crapule,PER,ORG,221447, et compagnie. Paternoster est
"VOLEUR
113
Nous voila partis. ",221647,Lecab,PER,MISC,221652," hle tout le long de Piccd.
di"
is. Lecab hle tout le long de ,221673,Piccd,PER,MISC,221678,".
dilly, descend Brompton Road"
"long de Piccd.
dilly, descend ",221695,Brompton,PER,,221703," Roadetsarrère, a Kensington,"
"nd Brompton Roadetsarrère, a ",221722,Kensington,PER,LOC,221732,",
devant Une des petiles mdiso"
"ecur.
omtes Cestenaes, pas ru ",222437,Broussaille,PER,MISC,222448," 2 demande 1i12
 Hon, réponde"
"ntrer se dirige vers
 Nous cn ",222573,Sourian,LOC,,222580,".
 Je suis sure que tu cherche"
"Bon! Jesais qui c'est. Merci.
",222959,Ecoute,MISC,,222965," un pen, dit la grande roussc "
"e du nouveau, je
. Retedisque ",223071,Ga,PER,,223073,".
 Puel noureau ?'Onoid
 Ah l "
" une clientèle de ladies , t
",223580,Comprends,PER,,223589,", c'est ici cotme en France..."
vient pas toujours d interner ,223665,Cu,LOC,,223667,"
pidon dans un cul Cesac, et d"
"tre, du bout du doigt,
Commne ",223814,Mlimi,PER,,223819," Pinson. Du reste, clle peui r"
"u bout du doigt,
Commne Mlimi ",223820,Pinson,PER,,223826,". Du reste, clle peui rester K"
"i rester Klle,
toujours comme ",223876,Mlimi,PER,,223881," Pinson, Car Cest une bonne
Al"
" unescrvante, qui d éténous ",223999,Annoncer,PER,MISC,224007,", revien
nous chercher en cour"
", ditclle, nous
nous Soinines ",224618,Cnnuyces,PER,,224626," d Mourir, toufes SculeS,
 Il "
"nous
nous Soinines Cnnuyces d ",224629,Mourir,PER,,224635,", toufes SculeS,
 Il aurait fa"
"E
225
 A. la bonne heure, dit ",224986,Broussdille,LOC,PER,224997," ; je vois que
 Vous aver des "
 donne l'attrait spécial des ,226064,Reurs,PER,,226069," At
tihciclles, moins fraiches"
", Appelermoi Broussdille
Tout ",226603,Court,PER,LOC,226608,", ou je ne vous pardonne pas d"
"nne pas davoir conl
mence vos ",226659,Compardisons,PER,LOC,226671," par les brunes.
 e tiens d me"
"mpardisons par les brunes.
 e ",226691,tiens,MISC,,226696, d me faire pardonner ; je l'a
"une créature de plaisir, une ",227559,Mature,PER,MISC,227565," fruste ou
laquelle la ridicul"
"ducation du couvent d Glissé
",227629,Comhne,PER,LOC,227635, gissc ld pluie sur une Coupol
"n.
Viron, clle d acheté a un ",228489,Juit,PER,LOC,228493," pour trois cents livres.
de b"
"s mois tombait
avanthier : le ",228798,Juit,PER,LOC,228802, a retuse de renouveler les ck
"uveler les cklets et..
Commne ",228849,Broussdille,PER,,228860,", prise au dépourvil, ne se t"
"des sottises pareilles.
 Hon, ",229287,Sanglotie,PER,,229296," Broussaille : non, je ne le f"
"es pareilles.
 Hon, Sanglotie ",229297,Broussaille,PER,,229308," : non, je ne le ferai
plus ja"
"le dont les larmes se sechent
",229888,Comine,PER,,229894," par cnchantement, je t'en cod"
"s jours, et t
pourras aller d ",230059,Venise,PER,LOC,230065,"... Quand je pense qu'avec ce
"
"e, 1a 6a5... Wais quant d ton ",230384,Juif,PER,MISC,230388,", continve-til
en faisant saur"
 mille francs. C'est le père ,230609,Binocar,PER,,230616,", du
moins ? Oui. Ehl bien, il"
"stropient les temmmnes.
 Etla ",231632,Justice,PER,MISC,231639,", dis je, ne tient guère la b"
"e jezagère , je Citerais des ",232271,Roind,PER,,232276,"
Si je vouldis.
 On pourrait l"
" quel troupeau d'anes, ces le
",233106,Gislateurs,PER,ORG,233116, qui ne savent memne plus nous
qui ne savent memne plus nous ,233147,Montre,PER,,233153,"
Comment on mneurt pour vingt "
"s n'en doutent
point, sois-cn ",233651,Certaine,PER,,233659,". Conclusion...
Conclusion . i"
"is-cn Certaine. Conclusion...
",233675,Conclusion,PER,MISC,233685," . il fautcontinuer. Fh bien, "
ls encombrent les ports de la ,233974,Manche,PER,,233980,". On
les cmbarque sur les navi"
"ne. Je tais gras le Ver
dredi ",234206,Gaint,PER,,234211,", depuis que j'di appris Ca.
 "
"que les riches
Quituent leurs ",234406,Gosses,PER,MISC,234412, mériterdient qu'on leur coup
"raientbicn Tarement reCOMESAR
",235344,Mancuvres,PER,MISC,235353, abortives. Cuant a la bourgeo
tre nom. C'est la bourgeoisie ,235510,aVorteuse,LOC,MISC,235519,".
- Bravo ! Crie Rogerla-flont"
"t la bourgeoisie aVorteuse.
- ",235523,Bravo,PER,,235528, ! Crie Rogerla-flonte. Vilipe
 Bravo ! Crie Rogerla-flonte. ,235552,Vilipendons,PER,,235563," l-.
bourgeoisie ! Nous en avo"
e Rogerla-flonte. Vilipendons ,235564,l-,PER,,235566,".
bourgeoisie ! Nous en avons "
avais mnise cil rapports avec ,235840,Canonnier,LOC,MISC,235849," et qui lui d
i donne de si bo"
 toujours pas de nouvelles de ,236172,Canon,PER,ORG,236177,".
Rier?
Non, depuis plus de de"
"rs pas de nouvelles de Canon.
",236179,Rier,LOC,PER,236183,"?
Non, depuis plus de deuxans."
estquil s'était échappé de ,236262,Cazenne,PER,LOC,236269,", il 7 de
sis mois... On dit q"
"Tout d lait désolé... Mais, ",236837,tiens,MISC,,236842," ! pourquoi n'ireis tul
pas, t"
"ons le train
ensemble pour la ",237167,Ville,PER,LOC,237172,".Lumière. Hous nous levons,
R"
"tut cmporté
par l'inezorable ",237499,Juit,PER,,237503, et a qui clle a otlert l'hosp
ent sur la paille la sceur de ,237640,Roger,LOC,PER,237645," Id.
i Hlonte, il pourra. bien"
"euy.
Broussaille et Idd sont. ",237732,Venues,PER,,237738," nous voir Aujourdhui,
Vers un"
"ouhdits n'avdient point été
",237812,Vains,PER,LOC,237817, et clles avdient parfaiteinen
"e vous invite en Camarade.
Se ",239633,Me,PER,,239635,", de lenei Pare laae, Li 140, "
er un dentiste américain. Si ,239829,saint,PER,,239834," Vin-
cent de Paule vivait cnc"
"dithcile quesaint Vincent.
de ",239998,Paul,LOC,PER,240002,", ct je promets de me laisser "
"s... J'ai pourtant inon
Grand ",240254,Manteau,PER,,240261,"...
 Ah! moi qui oublidis... J"
"ai justement un bod -
Sans ma ",240322,Valise,PER,,240328,".
- Unbodd
Oui... Le voild.
- "
".
- Unbodd
Oui... Le voild.
- ",240358,Vraiment,PER,,240366,", il est beau. Mais comment I."
"de la haute, vous aver tout a ",241438,Craindre,PER,LOC,241446,", Ccsont
des detraquées, ener"
"e, vous aver tout a Craindre, ",241448,Ccsont,PER,LOC,241454,"
des detraquées, enervées pa"
"ui ne leur code;
tent ricn.
- ",241693,Eist,MISC,,241697," Ce que tucrois vraiment, Idd,"
'airecu tant de contessions I ,241943,Ecoute,LOC,,241949," . Si tu pouvais
ecrire sur to"
lais cnsuite faire un tour au ,242110,Bois,MISC,LOC,242114," et sur le boule.
Vard, les fa"
"y d quinre ans, oure.
wait de ",242462,Capoul,PER,LOC,242468,", aujourd'hui, on asoif de Car"
"oul, aujourd'hui, on asoif de ",242495,Cartonche,LOC,,242504,".
Wn voleur, Mladame ! Un vrai"
"oches , tu es, comme rouisles
",243447,Voleurs,PER,MISC,243454,", toujours pret d le dépenser"
".. Je te dis la mauvaise aven
",243614,Nure,MISC,LOC,243618,", Mais C'est la bonne.
 Je n'e"
"te raconterais lhis-
toire de ",243978,Canonnier,LOC,MISC,243987,", ce serd pour une autre fois."
oduit net. P2s unsou de plus. ,244213,Dailleurs,PER,,244222,", c'est le
priy. Flle cssayerd"
"e entre, dit quelques mnts d. ",244870,IAd,LOC,PER,244873," et Se
 retire.
 Elle, est la,"
"́, mais Convaincy.
 Pourtant, ",245387,Continue,PER,,245395,"-t.Clle, si l'on conndissait l"
"vaincy.
 Pourtant, Continue-t.",245398,Clle,LOC,,245402,", si l'on conndissait les
i Ca"
"beauicouy moins promprs.
 Ah! ",245753,Monsicur,PER,,245761,", si vous savier quel plaisir
"
"nt, aujourdhui... Vous savez, ",246032,Monsicur,PER,MISC,246040,", pour
quoi j'ai demandé a fa"
"
le bord, me direr-vous ? Ah! ",246345,Monsieur,PER,,246353,", que je vou
Arais ne l'avoir "
t cominent celd s'est passé. ,246570,Mon,PER,,246573," oncle, un
frère de mnon pèr"
minent celd s'est passé. Mon ,246574,oncle,PER,MISC,246579,", un
frère de mnon père, s'e"
"t une demi heure. On
Voyait l'",247587,Acropole,PER,LOC,247595,", dans le fond. C'est admirabl"
ous ayons les mémes gouts... ,248138,Bret,LOC,PER,248142,", quand Ma tante,
la sceur de "
"mmne, quand clle
meut dit : A ",248278,Rence,PER,LOC,248283,", il faut me rirer de la si, j"
"le, clle parle ! Une voix mal ",248685,Soutenue,PER,,248693,", fe
brile, qui passc sans tra"
"poncine
la parole rapide. Des ",249091,Gestes,PER,,249097," hativement ebauchés,
heurté"
" qu'une Mdscarade opulente et
",249330,Stupide,PER,LOC,249337,". Cette femme, une jolie petit"
" minuscuile, wdive comme urie
",249876,Reur,PER,LOC,249880, et ouvragée conline un bijou
"a la mode.
Vous aurier été, ",250094,Mladamne,PER,LOC,250102,", cn fort bonne compagnie
a co"
"je vous dit tout, comime d un ",250495,Confesieur,PER,MISC,250505,"...
Mais vous ne commprener pa"
"as dans quel état d'affole..
",250564,Ment,LOC,,250568, nous nous trouvons quand le m
" raison donner au monde . Son
",251657,Maris,PER,LOC,251662, Ga ne compte plus... Ah! si l
" pour cd. Et après, quand on
",252012,Voudrait,PER,,252020," en avoir, il est trop tard..."
" pou.
ver le demander a lda : ",252089,Clle,LOC,MISC,252093," m'a Vrle pleurer bien des
foi"
"m'a mise en
rapports avec Ml. ",252351,Canonnier,LOC,MISC,252360,". Elle a di vous le direi
Qui."
"is d qucl saint mne vouer. Un
",252909,Russe,PER,LOC,252914,", qui m'avait promis monts et "
" manqué de parole. Un Russe, ",252993,Monsieur,PER,,253001,"!...
Aprés ga, il tallait rir"
"m'avait presque décidée, et ",253364,M.,PER,,253366," Canonnier m
Convaincue, Ecoui"
"vait presque décidée, et M. ",253367,Canonnier,PER,,253376," m
Convaincue, Ecouier, Monsic"
"et M. Canonnier m
Convaincue, ",253391,Ecouier,LOC,PER,253398,", Monsicur : on peut dire de l"
"onnier m
Convaincue, Ecouier, ",253400,Monsicur,PER,MISC,253408," : on peut dire de luii
ce qu'"
". Vue
intelligence, un. tact, ",253506,Mne,PER,,253509," Laçon si originale de roir
 "
"é..
ingés. W'attribuer qu'a ",253794,lhonneur,MISC,,253802," de sd Conndissance
le peu dé"
"
Je m'incline protondément.
 ",253952,Comine,PER,,253958," on voit bien, continuet-clle,"
rssont la modestie meine. ML. ,255083,Canonnier,PER,MISC,255092," était
Coinme vous, il na jam"
"e meine. ML. Canonnier était
",255100,Coinme,PER,MISC,255106," vous, il na jamdis rien voulu"
ertissernents que m'a donnés ,255527,IAd,PER,MISC,255530,". Hon,
Madame, ce n'est pas le"
"éricus ne vous proposerd dd-
",255637,Vantage,PER,,255644,. Je métonne méine que Canon
ntage. Je métonne méine que ,255669,Canonnier,LOC,MISC,255678," dit pu
wous offrir ce que vou"
"es,
avec des dessous savants, ",256687,Reurs,PER,,256692," et bonbons... Je Me
Suis d pe"
"écadence.
 C'etait l'avis de ",259632,Canonnier,LOC,,259641," , il disdit aussi que
la cout"
"ndications qu'elle te donners
",260572,Seront,PER,,260578," Cxcellentes.
Tlles lont été"
"ons qu'elle te donners
Seront ",260579,Cxcellentes,PER,ORG,260590,".
Tlles lont été, en ekfet. "
"antauz deux villas, Roget-
la ",260807,Lonte,PER,LOC,260812, ayant amene d mnon dide trois
"ent la vertu, d présent,
Qui ",261343,Cst,PER,,261346," LECOmpensee.
 Naturellemient,"
"ésent,
Qui Cst LECOmpensee.
 ",261361,Naturellemient,PER,,261375,", m'a tcllc répondu, les temp"
", l'autre jour,
que les prix, ",261686,Comine,PER,,261692," les liquides, tendent vers le"
"la belle, parec et pommponnte
",261928,Comine,PER,LOC,261934," une princesse de fécrie, Gra"
"pareilles, peutetre,
ou descs ",262096,Victimes,PER,,262104,"...
Souhaits ridicules, désir"
scieux differents : passer de ,262887,Belgique,MISC,LOC,262895," en Suicse,
l'Allemagne en Hol"
rents : passer de Belgique en ,262899,Suicse,PER,LOC,262905,",
l'Allemagne en Hollande et d"
"ur cxemmple, oi en Serdistu a ",263614,Vheure,PER,,263620,"
qu'il est? o Ouestion grave d"
"lamentable
histoire de Claude ",264067,Cueuy,PER,,264072,". Je n'ai jamdis volé mon
pai"
"usckcepet, et méme Comme set
",266291,Vante,PER,,266296,", aln délever l'entant qu'il "
n de la pauvresse -- était d ,266702,Cetle,PER,MISC,266707," époque
en service chez un Cl"
orte de chez lui. LI kr plus. ,266917,Dieu,MISC,,266921," pour
Suivancliniquiré des pe"
 envoyer!... Je voudrais etre ,267906,Morte,PER,,267911,"...
 - Lencr, dis.je, voici en"
" Je voudrais etre Morte...
 - ",267918,Lencr,PER,,267923,", dis.je, voici encore un peu "
i je moyen de vous donnet une ,268052,Occupation,PER,MISC,268062,",
bien que vous n'ayer p2s. de"
nullement quclle commette ule ,268673,Maladresse,PER,MISC,268683,"
Tlle s'est pas mal requinquce"
"pour lui, quand il sortira de ",269318,Centrale,PER,LOC,269326,",
le plus d'argent possible. E"
"Elle découpe, sur des photo.
",269385,Graphies,PER,,269393,", portraits de grandes dames, "
" s'aban-
donnant au Cygne, de ",269567,Dianes,LOC,PER,269573," du bain, de Dandés
sous la p"
 tres demandes par Certainres ,269695,Mdison,PER,,269701,"
de Saint-John's Wood. Tlle mi"
"ainres Mdison
de Saint-John's ",269718,Wood,MISC,,269722,. Tlle mi'a montre l'autre jou
" tres
encitante, Vraiment, en ",269832,Venus,PER,,269837," Callipyge.
Si Annie d des loi"
"encitante, Vraiment, en Venus ",269838,Callipyge,PER,,269847,".
Si Annie d des loisirs, je n"
" taut que je vous dise, ecrit ",270091,Bussy,PER,,270096," Rabutin d Sd
Ccousine, ce que"
"ise, ecrit Bussy Rabutin d Sd
",270110,Ccousine,PER,,270118,", ce que M. de Turenne ma cont"
"Rabutin d Sd
Ccousine, ce que ",270127,M.,PER,,270129, de Turenne ma conté avoir ou
"n d Sd
Ccousine, ce que M. de ",270133,Turenne,MISC,,270140," ma conté avoir oui
dire au l"
"nge m'a réjouie, répond ld
 ",270426,Marguise,PER,,270434,". Je crois, ma foi, qu'il disa"
"emoi
selles viennent me voir. ",271186,Jolies,PER,,271192," ? Ailleurs, je ne sais
240
LE"
es viennent me voir. Jolies ? ,271195,Ailleurs,PER,,271203,", je ne sais
240
LE VOLEUR

pa"
"n na pas d s'Occuper des toi.
",271437,Settes,LOC,PER,271443,".
W'aije jamdis éprouvéle de"
'apporter un télégrdinme. u ,271776,Lencr,PER,,271781,"-vous pret pore
demain. I Oucs"
ours l'air d'ètre entrain de ,272249,sécher,LOC,,272256,". Jel
sais un Toinan, lun de c"
"s bons romans anglais, relle.
",272317,Mentassommants,PER,MISC,272331,", Mdis oil lesentiment de la t"
"glais, relle.
Mentassommants, ",272333,Mdis,LOC,,272337, oil lesentiment de la tamille
"onree et
a Mai Suà C̀lie des ",272823,Sseiee,PER,ORG,272829," erai ceure rerc 3
1H.
I DE QU"
"matique de sd puissante
hgure ",273131,Osscusc,LOC,,273138," et olivatre, encadrée de che"
"ne. Oui, Cétait bien l'abbé ",273375,Iamnargelle,LOC,,273386,".
 Tlel bonjout, cher Monsicur"
"it bien l'abbé Iamnargelle.
 ",273389,Tlel,MISC,,273393," bonjout, cher Monsicur, me di"
"nargelle.
 Tlel bonjout, cher ",273408,Monsicur,PER,LOC,273416,", me diril de sd
Voiz protonde"
", d'ou sorter-vous ? n
Mafoi, ",273592,monsieur,PER,,273600," l'abbe, répondis je, j'en di"
"er-vous ? n
Mafoi, monsieur l'",273603,abbe,PER,,273607,", répondis je, j'en difor-
te"
"d quel heureus hasard je dois
",274260,Thonneur,MISC,LOC,274268," de votre visite.
 Le hasard n"
" longtemps et jattendais une.
",274602,Occasion,MISC,,274610," propice...
 Que vous a Lourni"
"s sdis gre de m'en avertir. E
",274919,Ceraitil,PER,LOC,274927, indiscret de vous demander de
"... Et vous aver bien, jimnd-
",275482,Gine,LOC,PER,275486,", Quelque occupation serieuse "
"riré. Le
temps ne vous d pas ",275895,Mangue,PER,MISC,275901,", par Consequent, pour
vous ra"
r notre entrevue d la gare du ,275966,Mord,LOC,,275970,", d
Paris, le jour oil vous Et"
r oil vous Etes parti pour la ,276017,Belgi,PER,LOC,276022,"
Quei
- Ce n'est pas le temmps"
"vous di parle, ce matinld, de
",276325,Cettematheureuse,PER,LOC,276341," famille Montareuil...
Je nere"
", de
Cettematheureuse famille ",276350,Montareuil,PER,LOC,276360,"...
Je nerépondis pas, sd vis"
"il, si du-
Tement éprouvécs ",276735,Vous,MISC,,276739," rappelervous, Cher Mlonsicur,"
"́prouvécs Vous rappelervous, ",276754,Cher,LOC,,276758," Mlonsicur,
l'importance du vo"
"poussdit jusqu'd Londres...
- ",277008,Monsieur,PER,,277016," l'abbé, dis je, j'ai peine a"
"e je
n'ai aucun goit pour les ",277804,Lables,PER,LOC,277810,". Ft puis, écoutez. jai
un pi"
ant. Mais je ne chante pas. - ,277920,Nous,MISC,,277924," Compte
De2:
 Prés facilement"
 hnesses ne m'est étrangere. ,278073,Mldis,PER,,278078," Vous vous
méprener sur mes s"
", puisque vous sembler le dé
",278357,Sirer,LOC,MISC,278362,. Vous étes un voleur. - Ne p
"ster pas, Cest
In métier pas ",278426,Comine,PER,,278432," un autre. - Je disais. Vous
e"
"r... Moi aussl.
ourguoi pas ? ",278504,Croyer,PER,LOC,278510," vous avoir le monopoe
du camb"
" je vous demander pourguoid
- ",278890,Lant,LOC,,278894," que vous voudrer, mais je vou"
"raconter des histoires, ct je ",279026,tiens,MISC,,279031," d Gardet
Secrets les motits d"
"ou simplement pour de..
Venir ",279751,riche,LOC,,279756,".
 Bon, dis je, je supposerdi "
" Croirdis pas, aprés tout. L'",280357,Eglise,PER,ORG,280363," n'a jamnidis
beaucoup pratiqu"
"le descente dans linfamie, du ",280796,Roi,PER,,280799,"-Soleil
Au Roi Prudhomme ! Je "
"ns linfamie, du Roi-Soleil
Au ",280810,Roi,MISC,PER,280813, Prudhomme ! Je vais vous cite
"it Lélémaque, sur
la Perire ",280983,Place,MISC,,280988,", a Versailles, est auijourd'h"
"r gu'on la mise au-dessous
Au ",281179,Gros,MISC,,281183, numéro. Hous somimes d l'ép
"ce, paraitil. Etje croisquils
",281283,Cont,PER,,281287,", e. aut éloquence de Cairot:"
"ls
Cont, e. aut éloquence de ",281310,Cairot,PER,LOC,281316,": Enrichieser ous1
d
246
LE VO"
"tianisme, quisemble faire des ",281842,Mdmnours,PER,MISC,281850," a lhomme
et lui dire : u Lu p"
lle qui lui dit simplement. a ,282426,Sois,MISC,LOC,282430," )n
Voila la morale. Flle n'a "
" publique,
quoi qu'en dise le ",282557,Code,LOC,MISC,282561,"... Vous vouler peutêtre
parl"
"t sur la nier, ct ousallumait
",283561,Vincendie,PER,MISC,283570,".
 Vous ne parler pasmdl, pour"
"us
entraine, du lieu detre un ",283852,Rotteur,PER,LOC,283859,". Je ne suis pas le
ocul... Le"
ue tout acte crimincl est une ,284271,Lenetre,PER,MISC,284278," Ouverte
auis le Mmellieur due"
"t une Lenetre Ouverte
auis le ",284295,Mmellieur,PER,,284304," due case onte e e es aucele
s"
"dance des produirs. Et l'onse
",284777,Waint,MISC,,284782, du voleur ! Mais chaque fois 
"itquelque chose, un bijou, un ",284866,Chapeaul,PER,LOC,284874,", un ob-
Jet d'art ou une culo"
"oyens.
Production excedant la ",285074,Consomnmation,MISC,,285087," ! Surproduc.
tionl Mais le vo"
"nConséquence
7.18
LE VOLEUR
 ",285240,Etquantaux,MISC,LOC,285250, billets de banque qu'il retir
té a entreindre le deuxième ,285730,Comman,PER,,285736,".
dement, ct je vous di prépa"
"ront pas grande différence.
 ",286338,Encllet,LOC,PER,286345,". UInvol de titres ?
 Pour ld "
vous ne faites jaindis aucuil ,287539,Mauvdis,PER,,287546," Coup
ici, en Angleterre ?
 Ja"
"is Coup
ici, en Angleterre ?
 ",287574,Jamais,PER,,287580,". D'abord, parce que l'hospita"
"disent les midale classes An-
",287818,Glaises,PER,ORG,287825,", parce qu'ils écrssent lindi"
"i
eclaté depuis vingt an5... ",288390,Lener,PER,MISC,288395,", il y a a Londres un
mmusce q"
ue je n'aipas visité ; c'est ,288455,Bethnal,PER,,288462,"-Creen Mlu.
Seumn. Le sol en e"
aipas visité ; c'est Bethnal-,288463,Creen,PER,,288468," Mlu.
Seumn. Le sol en est rec"
" partout... Quel monde,
i Mon ",288939,Dicu,MISC,PER,288943,"
700
LE VOLEUN
Au moment ou il"
" ce Mauen ee
fait la noce, la ",289566,bère,MISC,,289571," et sale noce. C'est triste , "
"triste , Mais
Qc voulervous ? ",289622,Certains,PER,,289630," hommes s'efforcent d'etre
pir"
"ind cousine,
ajOntai je... Ma ",289858,Cousine,PER,,289865," Charlotte ....
L'embarras de "
"ine,
ajOntai je... Ma Cousine ",289866,Charlotte,PER,,289875," ....
L'embarras de l'abbé pa"
"il par répondre sans me re
i ",289973,Barder,PER,MISC,289979,", mais tout est sans doute pou"
vais passer mon apres midi au ,291503,Jardin,PER,,291509," Toolo-
Sique, pour tuer le te"
"t, d travers les barreaun des ",291720,Cages,PER,,291725,", inson.
ciduts de la curiosit"
"ur est interdit de dépenser.
",292262,Douloureur,PER,LOC,292272, spectacle que celui de ces et
" que celui de ces etres ener-
",292312,Siques,PER,LOC,292318, et Cruels condamnés a macher
"c yeun duvreRets métalliques
",293089,Desroleurs,PER,,293099," et desbrigands, tous ces gale"
es et d les enfermer dans des ,293472,Cages,PER,MISC,293477,".
Alles sont tres heurcuses. L"
"oires immondes. Demdin,
clles ",293748,Seront,PER,,293754," plus heureuses, cucore. Je le"
"heures, Suf le
terre plein de ",294396,la,PER,,294398," Bourse, d droite. C'est bien "
"res, Suf le
terre plein de la ",294399,Bourse,PER,LOC,294405,", d droite. C'est bien ; jy se"
gardée par un polichinelle d ,294634,Manteal,PER,,294641,"
Youge, d chapesu pointu, a la"
"par un polichinelle d Manteal
",294642,Youge,PER,,294647,", d chapesu pointu, a la Banqu"
"Youge, d chapesu pointu, a la ",294672,Banque,MISC,,294678," de France de
 tendue par des "
Aussid placer mentalemnent la ,294788,Bourse,PER,,294794," de Paris, bd5-
tionnée de ca"
 jette un coup d'acil sur les ,295199,Citoyens,MISC,ORG,295207," qui
s'agitent sous le périst"
agitent sous le péristyle de ,295244,la,PER,,295246," Bourse et sur les
marches , e"
tent sous le péristyle de la ,295247,Bourse,PER,LOC,295253," et sur les
marches , et les r"
 qui pérorent bruyarinent ct ,296335,Gesticulent,LOC,MISC,296346,". Ils
Nontrien du fauve, certa"
"̀re vue. Ah! je voudrais bien
",296623,Connditre,MISC,LOC,296632," un Crimindliste...
 Ga viendr"
"je voudrais bien
Connditre un ",296636,Crimindliste,PER,LOC,296648,"...
 Ga viendra! dit la Voix.
"
"x qui le fréquen.
tent.
- Ed ",297391,Bourse,PER,,297397," cst une institution, Comme lf"
"quelle repose le principe des
",297869,Gouvernements,PER,,297882,. Je ne suis pointun moraliste
" de leur action com
binee. Le ",298145,Code,LOC,MISC,298149, a l'audace de fournir la solu
"oups et, surtont lorsquon est
",298799,Voleur,PER,,298805," ou escroc, porter habit de de"
 l'abdomnen Reuri d'une belle ,300360,Cchaine,PER,LOC,300367," a brcloques, un
de ces bons b"
"e supérioricé, fredonne, le ",300954,Chapednl,PER,MISC,300962," rond
Sur l'orcille, tandis qu"
"x du crépe qu'ils lui ven-
i ",301963,Aront,PER,MISC,301968," pour éviter la faillite, ils"
"'instaille dans mou coin, mne ",302086,Rattant,PER,,302093," du dou
espoir que mnes deux c"
"i en conversation avec
MOl.
i ",302214,Vaine,PER,,302219, espérance! Le Monsicur jovia
"ais,
dans ma vic. J'ai eté d ",302727,Boulogne,PER,LOC,302735,", une fois, pendant
un mois, i"
"ois, il y d tamt d'Anglais, d ",302789,Boulogne,PER,LOC,302797,",
  Jesuis pas du toutun Angla"
"..
 Parfaitement, approuve le ",303425,Monsicur,PER,,303433," jorial qui
voit qu'il n'y a d"
"Y SOTL.
 Ne trouver.vous pas, ",303584,Mlonsicur,PER,LOC,303593,", demandetil en
Se tournant ve"
"ndetil en
Se tournant vers le ",303629,Monsicur,PER,,303637," triste, qu'il y A quelque
cho"
"'il y A quelque
chose de tres ",303678,Ratteur,PER,LOC,303685," pour nous dans cet cmmpresse
"
" S1, Certainemnent, repond le ",303788,Monsicur,PER,,303796," triste durie
woix lugubre.
- "
"Si, certainemnent, répond le ",304112,Monsieur,PER,,304120," triste d'une
Voix lugubre.
 L"
"s sagc... Me penser.
Vous pas ",304476,Comune,PER,,304482," moid
 Si, certainemnent, rép"
"Si, certainemnent, répond le ",304519,Monsieur,PER,,304527," triste
d'une voix lugubre.
 -"
"Si, certaincinent, répond le ",304826,Monsieur,PER,,304834," triste
d'une vois lugubre.
 J"
"dées Concordent,
continue le ",304922,Monsicur,PER,,304930, jorial. Votre Approbation m'e
"iservd
teuT.
 Oh! oh lfait le ",305270,Monsieur,PER,,305278," triste.
 Wiplus ni moins, con"
" Wiplus ni moins, continue le ",305317,Monsicur,PER,,305325," jorid.
Je suis socialiste en "
"nir d
 Pastres bich, avoue le ",305596,Monsieur,PER,,305604," triste.
 C'est que je n'aipoi"
"t étranger qui dort dans son
",306081,Coin,LOC,PER,306085,", Continuetil plus bas, cet Am"
"
 Si, certainement, repond le ",306341,Monsiceur,PER,MISC,306350," triste
l'une voix lugubre, ta"
"se en leur faveur.
ui, dit le ",307142,Monsieur,PER,,307150," triste, on devrait bien
faire"
"chagère beaucoup, répond le ",307254,Monsieur,PER,,307262," j0
vial. Ed plus grande parti"
"ivre en richards, manger de l
",307623,Viande,PER,LOC,307629,", boire du vin, et même de l'"
 qu'il faudrait faire quelque ,307992,Chos,MISC,,307996,"
pourle peuple. Ce qui manque "
"'ane den Eaiement, répond le ",308268,Monsieur,PER,,308276," viete
 Cequilait défaut a la"
"viete
 Cequilait défaut a la ",308307,Chambre,PER,ORG,308314,", Monsieur, cest
un philanthro"
"cun...
- Du pain ? demande le ",308417,Monsieur,PER,,308425," triste. Ahce
Serdit si ocaus
"
Du pain ? demande le Monsieur ,308426,triste,PER,,308432,". Ahce
Serdit si ocaus
i Non, "
"rmanent pour le bou fonction.
",309721,Nemcnt,PER,LOC,309727," de la Societé, seraientrctir"
"lis, soit en France,
soit dux ",309895,Colonies,PER,LOC,309903," ; Id Question est a étudier,"
"voix fsaflinement, répond le ",311296,Monsieur,PER,,311304," trisre d'une
 Il est bien cla"
"s cxpocc. Ces tètes, Monsieur",311474,",",PER,,311475," i
faudrait les faire tomber! "
 car clle étoutterait le bon ,311585,Grsin,PER,,311590,"..
Saver vous, Monsieur, quell"
"e étoutterait le bon Grsin..
",311593,Saver,PER,,311598," vous, Monsieur, quelle est la"
"n Grsin..
Saver vous, Monsieur",311613,",",PER,,311614, quelle est la principale caul
" devrait jamdis
 faire grace, ",311869,Monsieur,PER,MISC,311877,! Il y va dusalut de la Sociè
"n ne guillotine pas asse7i
le ",311965,Momieu,PER,LOC,311971, uiste ne tapoe be de sévesie
"atiquement.
Mathematiquement, ",312239,Monsicur,PER,MISC,312247,"! II conviendrair d'as-
Surer "
" proprière.
 Ah loui, dit le ",312402,Monsicur,PER,,312410," triste. Justement! Oue
chacun"
" !...
 Pas du tout secrie. le ",312601,Monsieur,PER,MISC,312609," jovial. Une
maison ! Un jardi"
"ial. Une
maison ! Un jardin ! ",312643,Jamais,PER,,312649," de la vie! Quils mettent
de l"
" qu'il landrait
créer d leur ",312859,Msage,PER,MISC,312864,", ils en toucheraient les inte"
"mprends pas bien, déclare le ",313189,Monsieur,PER,,313197,"
 Permetier mnoi de vous doune"
"e tous
la petite maison et le ",313322,jardin.dont,PER,,313333," vous parler , ils 7
vivent bi"
nese rcfusent pas grandchose. ,313397,Monsicur,PER,,313405,",
il n'y a pas detres plus ins"
n etre de leurs contrères du ,314148,Centre,PER,LOC,314154,", et ils de
Viendront aussi in"
"ntrères du Centre, et ils de
",314166,Viendront,PER,,314175, aussi intraitables. Ces gens 
"r triste en hochant la tête.
",314753,Maonsiente,PER,,314763," doria aite de dan unais, a de"
"́e Vins
truction obligatoire. ",315048,Croyer,MISC,LOC,315054," vous que ce soit sans in
tent"
"s malfaiteurs, je ne dis pas. ",315294,Etencore,MISC,ORG,315302,"!
Mais, a cdré de 5a, quel bi"
"'importe quoil Pendant
qu'ils ",315740,liront,PER,,315746,", ils nesongeront point d Agir"
"ild la trilogie...
Du papier, ",316291,Monsicur,PER,MISC,316299,", du papier !...
le Monsicur t"
", Monsicur, du papier !...
le ",316319,Monsicur,PER,,316327, triste ferme les yeux et semb
 dux dernières phrases de ce ,316460,Mauvdis,PER,ORG,316467,"
Samaritain. Au fond, il n'a p"
es oil clignotent des becs de ,316841,ga2,PER,ORG,316844,", oil
veillent des lanternes r"
"moi aussi.
Vne cxclamation du ",317008,Monsicur,PER,,317016," jovial mne réveille.
 Ah! sa"
x... Hous scrons d H. dans un ,317424,Guart,PER,MISC,317429,"
theure... Vous aver ld une bi"
" province, mdl
Eclairée, dux ",318126,Mdisons,PER,,318133," Closes, et oul je n'ai jamdis"
"e, mdl
Eclairée, dux Mdisons ",318134,Closes,PER,,318140,", et oul je n'ai jamdis mis
le"
"rendrer la guatrieme rue d...
",318418,Gauche,PER,ORG,318424, : je prends la quatrieme rue 
"nsuite sur ulle grande place, ",318630,la,MISC,,318632," place des
fribundus, que vous"
"iments contigus, le Palais de ",318735,Justice,PER,,318742," et ld
Prison. Mly voici, tout"
lace en laissant le Palais de ,318838,Justice,PER,,318845," derrière
wous, et rous vous "
" lumière aux fenetres. Le Mi
",319168,Mieca,PER,MISC,319173, de Lemresés (Seumentes Laost
"ence. Le voleur, entant de 1d ",320362,Nature,PER,MISC,320368,", Sdit
airer la présence de s"
es contemiporsins civilisés. ,320428,Mille,PER,,320433,"
LE VOLEUE
167
indices, imperc"
"
indices, imperceptibles a la ",320477,Vertn,PER,LOC,320482," planant sur les plus
hautsomm"
"sieur. Ln face, d
droite ou d ",321381,Gauche,PER,ORG,321387, : L'abbé a négligé de m'en
"e,
les bijoux de Madame et de ",322173,Mademoiselle,PER,,322185,", il sera
inutile de rien cher"
"ertaines actions au.
canal de ",322841,Sucz,MISC,,322845,", qui iront dire bonjour a cel"
"caise dont le chifftre ferait
",323047,Coucher,PER,,323054," Paternoster, en face d'un lot"
sse2 disposé d me traiter de ,323497,Vandale,PER,MISC,323504,". Allons, nn.
peu de philosoph"
"cer une serrure, c'est briser
",323572,Mne,PER,,323575," idole.
 Quelle heure est-il? "
 Il est allé en pelerinage d ,323893,Notre,MISC,,323898,"
Dame de je ne sdis quoi, avec"
"t allé en pelerinage d Notre
",323899,Dame,MISC,,323903," de je ne sdis quoi, avec sd f"
" J'ouvre la première
porte d ",324211,Gauche,LOC,ORG,324217,", dans le vestibule. Une salic"
ille sur la table. II y a des ,324691,Voleurs,PER,,324698,"
quiremnettent tout en ordre, "
"t le perron par l'escalier de
",327087,Gauche,PER,ORG,327093,", je me retourne et je me diri"
"t je me dirige vers la grande
",327141,place,MISC,,327146,. Tlle est noire de monde cett
"oire de monde cette place !
i ",327188,Flle,LOC,,327192, est noire de monde et quelque
"outenu, par les deux dides
de ",327971,lexécuteur,MISC,,327982, ; les regards invinciblement 
"ut de
forme - Je bourredu. Le ",328201,Monsicur,PER,,328209," triste de la mui
dernière.
l"
"t dégoutante.
abOnination...
",328440,Devantmoi,PER,,328449,", une femme se trouve mdl, bat"
"nsporter, de l'autre coré de ",328586,la,PER,,328588," place, Cher un
pharmacien don"
"orter, de l'autre coré de la ",328589,place,MISC,,328594,", Cher un
pharmacien dont ld b"
"ng minutes plus tard, je suis
",328816,Cu,LOC,,328818," Toute pour Paris.
Vn journal "
" d ce matin. Un pauvre hère, ",328977,Chasse,PER,MISC,328983,", pour
avoir pris part d une g"
" un verdict implacable, et la ",329871,Coure,PER,ORG,329876,"
avdit prononcé la sentence d"
"ur exécuter la Sentence qui.
",330470,Condamnne,PER,LOC,330479, d mnort cet afamné d qui lon
"Réchis, plusje trouve que le ",331509,monsieur,PER,,331517,"
jovial avait raison. On ne gu"
"T POSTICRES
Je trouve l'abbé ",331666,Eamnargelle,LOC,,331677," cher lui, rue du Bac, au
deuz"
"'abté a fait son apparition.
",331920,Mninstant,PER,,331929," apres.
 Alors, tout s'est bie"
"ors, tout s'est bien passé ? ",331970,Jant,PER,,331974," mieuy...
Voyons, je vais fair"
dis que j'ouvre mnon sac. Ed! ,332139,Mlettons,PER,,332147,"
tousnos trésors ld dessus..."
"rier point... Et qu'estce
Que ",332315,Cestque,LOC,,332322," Ga. Des Couverts ?
 Ahloui, u"
" qu'estce
Que Cestque Ga. Des ",332331,Couverts,PER,,332339," ?
 Ahloui, un petit cadeauque"
"tion, hein ? Ah! rendermoi ld
",332716,Clet,MISC,,332720," de la mdison, sac d papier! I"
"in ? Ah! rendermoi ld
Clet de ",332724,la,PER,,332726," mdison, sac d papier! Il faut"
" que je la ren
woie cesoir... ",332786,Mlerci,PER,MISC,332792,. Je vais m'occuper de réalic
́e de commnencer son roman en ,333139,Marchan,PER,LOC,333146,"
 Sur. les traces du voleur in"
"it point de pocle, et si per.
",336415,Sonne,PER,LOC,336420, ne Consentait d sc laisser fr
"e... Je leur di entendu recoi
",336745,Mander,PER,,336751," le caline et le sang.-troid, "
"u jujube de la rhéro.
tique. ",337350,Undutre,PER,,337357,", Croquemnort cxpansif, grand "
"grand pretse
 de l'église de ",337411,Rarl,LOC,PER,337415," Wary, orateur nasillard et pu"
ombien d'autres ?... Lous le5 ,337695,Autie,LOC,,337700,".
Jai ln leur Tittérature -- "
"t d'accommoder les
Trestes du ",337763,Capital,PER,LOC,337770,". - On y tranche, règle, déc"
"jaunes, une dme d
la Fouquier ",339107,Linville,PER,,339115,", ct qui bat sd femmme pourse
"
"que
commne une inachine... Id ",339458,Nourriture,PER,,339468," dun adulte,
ainsi que je vous"
"quivalent a la force de vingt
",339743,Gustre,PER,LOC,339749," homnmes, la journée moyenne "
" un ouvrier laborieuy, sobre, ",340292,Calme,PER,MISC,340297,", qui se
aonne beaucoup de mal"
"eres cnnemis les anarchistes,
",341144,Croyer,MISC,LOC,341150, vous que cette propagande pro
" propagande prohite au gouver
",341195,Nementd,PER,LOC,341202,"
 Hon, sarcinent. Le gouvernem"
"arcinent. Le gouvernement, si ",341240,Mduvais,PER,MISC,341247,"
quilsoit, se déciderait sans"
e Roger.ldHlonte m'a appele a ,341648,Rouen,PER,LOC,341653,":
il s'agissdit d'une taze ext"
"l'avenir , ils conndissent
le ",342245,Secret,LOC,,342251," du Futur, et peut etre...
Mai"
" ils conndissent
le Secret du ",342255,Futur,PER,,342260,", et peut etre...
Mais pourguo"
"tant... Wssont
tant quil laut ",342610,Choisir,PER,,342617,".
80
E VOLEPE
J'ai fait mon ch"
́bralité soldatesque d rendu ,342730,sicélèbre,PER,,342741," ;
eet Talinasco, dont le dern"
"erlivre a fait tant de bruit.
",342802,Cher,LOC,,342806," Balon, pour Commencer.
Il mer"
"ontond a Chague
instant, moi, ",343515,Balon,PER,,343520," le psycholoque, avec M. Talon"
"i, Balon le psycholoque, avec ",343542,M.,PER,,343544," Talonle
Sociologue. Qu y voul"
"Balon le psycholoque, avec M. ",343545,Talonle,PER,,343552,"
Sociologue. Qu y vouler-Yous "
"le cervelle il doit avoir, ce ",344003,Balom,PER,LOC,344008,"! Eije
ne crois pas trouver Ml"
"es compliments, 1é-
pond.il. ",344192,Contenter,PER,,344201, vous de dire que Cest une Cuv
"chers! Brrr I5.
E. VOIEUE
282
",344552,Noncer,PER,LOC,344558, ce mot la. Comme on voir bien
"e la Cause, anachorète de la ",344909,Socidle,PER,,344916,",
moine du Progres, confesseur"
"de lharmonie nécessdire, des ",345343,Salsikis,PER,LOC,345351,",
blancs au dedans et noirs de"
"t de progres et de li
berté.
",345734,Vietrugale,PER,,345744,", méthode de travail simpliki"
"e ne vous cn diraient pas da-
",346111,Vantage,PER,MISC,346118,".
ussi, Gatient, ce que fait B"
"ses peintures - i ld
Colle. - ",346470,Peplus,PER,LOC,346476,", c'est un couveur. Il mijote "
" une fois de plus, quelldéc;
",346640,Marche,LOC,PER,346646,. Certains écutmeurs ne Scton
"de l'excellence des théories
",347080,AMarchistes,MISC,ORG,347091,. Il me le déclare hautement.
"le, semblent saupor
arées de ",347196,salpè̂tre,LOC,,347206,". Balon, 1ui, a force de s'abr"
"de
Qiere de masfence Bulonuis ",347272,Euis,LOC,,347276," e orce es è tuenutaiete
Crè"
"sdis pa5 trop Comtment
dire : ",347758,Petit,PER,,347763,", noucux, des genoux qui font "
"ougri, du.
porte manteau pour ",348073,Culs,LOC,PER,348077,". de. jatte.
Comme jai cu rais"
" suis quun homine de
Scicnce, ",348811,Souvener,PER,LOC,348819,-vous cn. Je puis donc vous di
"t justement ce que je voulais
",349016,Savoir,PER,MISC,349022,"... Enkin, malgré tout, Cest "
"ès que j'arriverai cher lui.
",349380,Riens,PER,LOC,349385," ljy suis.
Sa temme vient mouv"
"rle,
Re serd que passagere...
",349710,Lalmasco,PER,LOC,349718,", qui pourtant est un libertai"
"u sonne, permettermoi d'aller ",350854,Ouvrir,LOC,MISC,350860,".
Talmasco descend. Toutd coup"
" notre temps d nous quereller
",351870,Cnlre,LOC,PER,351875," Rous, Rous durions Coutiniér"
" temps d nous quereller
Cnlre ",351876,Rous,LOC,,351880,", Rous durions Coutiniéret d "
"une encore. Cetre fois, c'est ",352113,Mine,LOC,MISC,352117," Talmascs
 Peutetre aussi, con"
" atroces fracasse
l'escalier. ",352385,Cesont,PER,LOC,352391, les compagnes des compagnons 
"altndsco, lui reprocher ceci,
",352479,Celd,LOC,PER,352483,", et un tas d'et caterd. Le pr"
" hurler dans la rue. Htme 7al
",352644,Masco,PER,,352649," Feinonte, tout en larmes.
 Ba"
"mes.
 Bah! ce n'est rien, dit ",352701,Lalmasco,LOC,PER,352709,", un simple
malentendu. Les co"
"ontinue a char-
 Tonnet, sans ",353330,Clet,MISC,PER,353334," de la, Scandéc par les sangl"
dsser pénible. Je me leve et ,353474,Laltmasco,PER,MISC,353483,"
me dit, au moment ou je le qu"
dre de lAnarchie doit être : ,353560,Bonne,PER,,353565,"
Volonté et Fraternite.
Qui, "
".. Evideminent... Mais,
Mais, ",353646,Mdis,LOC,PER,353650,"...
Vn soir, j'ai rencontré u"
"'ai rencontré un anarchiste.
",353694,Cestun,PER,,353700," irimardeut, qui ne fait pas g"
e de croire a la diviniré de ,354815,lEtat,LOC,,354820,",
mais les masses terrorisées"
"le des splendeurs tu
tures du ",355506,Ouart,PER,LOC,355511," Erat, cxistant par luimeie Ct"
" splendeurs tu
tures du Ouart ",355512,Erat,PER,,355516,", cxistant par luimeie Ct tral"
"rues, qui passionne des lieux ",355678,Cominuns,PER,LOC,355686," plus
Mes que les vicille lune"
"urs, semindires de dupes, md.
",356016,Gasins,PER,LOC,356022, d'accessoires de la inaison V
"nt lIndividualiré,
Commne on ",357354,Coimprend,PER,,357363, la victoire dékinirive de la
ur culte du pouvoir absolu de ,357596,lEtat,LOC,,357601,",
d leur glorification du cito"
"t cessé avec l'existence de.
",358254,IIndividu,PER,MISC,358263,", tous les progres accomplis p"
"les spoliations, d toutes les
",358639,Corruptions,PER,LOC,358650,. Etilarrive que la machine ad
"times de l'arbitrdire gouver-
",359268,Remental,PER,LOC,359276, avaient pris le parti d'agir 
"s misères, il n'y aurait
pas ",359384,Cu,LOC,,359386,", apres ce désastre cetteinig"
"l'approbation universelle qui
",359595,Auraitsalue,LOC,PER,359606,", par exemple, l'exécution d'"
"s... Ah! clle est ten-
tante, ",359916,Ccrtes,PER,ORG,359922,", la conquete des pouvoirs pui"
et ces sans patrie feront des ,360162,Saluts,PER,,360168,"
audrapean, ces sas respect pr"
"schrists de Bon-
 Nat.
Alons, ",360413,la,PER,,360415, Bourgeoisie peut dormir tranq
"rists de Bon-
 Nat.
Alons, la ",360416,Bourgeoisie,PER,LOC,360427," peut dormir tranquille, clle
"
quoidi je eté me mneler la ?',360629,Estce,LOC,PER,360634," que celd Mere-
Garde, moi, ce"
"ler la ?'Estce que celd Mere-
",360650,Garde,MISC,,360655,", moi, ce que penvent dire ct "
je voulais te parler. J'avais ,361978,Vinten,PER,MISC,361984,".
tention de Te demander un co"
" celd, tu t'en repentirais.
- ",362082,Naturellement,PER,,362095,: et ca ne mempécherdit pas d
"uy J Oui j Fh! bien, Écoute.
",362180,Jairecuhier,PER,,362191, unclettre de Canonnier. Il es
"ute.
Jairecuhier unclettre de ",362205,Canonnier,LOC,,362214,". Il estaux frats-
Duis...
Apr"
"e Canonnier. Il estaux frats-
",362233,Duis,MISC,LOC,362237,"...
Après s'être échappé d"
"ravaun forcés,
d'abord ? --
 ",362416,Condamne,PER,MISC,362424, ! s'écrie ldd : il n'a jamai
st un deschets d'ceuvre de la ,362666,Répr,PER,,362671,".
blique, siclle n'avait pascr"
clle n'avait pascrée le Pari ,362713,Mutuel,PER,ORG,362719,", ce serait
lesen.
 Alors, tus"
"de
lenvoyer finir ses jours d ",362917,Cayenne,PER,LOC,362924," ou a la Nouvelle.
Caledonie.
"
r ses jours d Cayenne ou a la ,362933,Nouvelle,PER,LOC,362941,".
Caledonie.
 Certainemnent. L"
" me fait l'effet de traiterle
",363285,Voleur,PER,,363291,", Clair de lune de lhonnète h"
" l'effet de traiterle
Voleur, ",363293,Clair,PER,,363298, de lune de lhonnète horme ac
"ctuel,
Comme le precepteur du ",363357,Dauphin,PER,LOC,363364," traitait antrefois le
compagn"
"Je ne cherche pas a disculper
",363583,Canonnier,LOC,MISC,363592," , c'est un voleur de premier "
"t un voleur de premier ordre, ",363629,Dien,MISC,PER,363633,"
Senl, sil existe, connait le "
"lout longremps, lorsqu'il tut
",363797,Soupconne,PER,LOC,363806, d'avoir comnmis un vol perpet
" de sesarnis, attorney a Hew-
",364198,Jork,PER,MISC,364202,. Mais on n'avait aucune preuv
" l'aientendu dire, a toi ou a ",365412,Roger,PER,,365417," ldHonte.
 Flle a dix ncutans,"
"y a une
Vvingtaine d'années, ",365617,Canonnier,LOC,MISC,365626,", qui n'en avdit guete
que vin"
"ie
Gouvernante, au service de ",365796,M.,PER,,365798," de BoisCréault, le E2
meux p"
"Gouvernante, au service de M. ",365799,de,PER,,365801," BoisCréault, le E2
meux proc"
"e, bébète mais
très jolie. ",365939,Canonnier,LOC,MISC,365948," s'drnusa a lui faire la cour,"
"ui gardd la jeune femme d
Son ",366735,Service,PER,ORG,366742,", méne apres qu'clle cut mis "
"ster d
Ses derniers mornents. ",367455,Wime,LOC,,367459," de Bois Créault, emue de
cco"
es derniers mornents. Wime de ,367463,Bois,LOC,,367467," Créault, emue de
ccompassion"
"
ne fut donnéc du procès de ",367796,Canonnier,LOC,MISC,367805,", il fut juge,
condamné et re"
loin en loin. L'aimnet clle ? ,368016,Canonnier,LOC,MISC,368025," l'affirme et
prétend, de son"
"s
D25.
 J'ai entendu dire que ",368178,Canonnier,LOC,MISC,368187," érait riche.
 Prés riche. S"
" fois cusemble, d la messe de
",368866,Saint,PER,,368871, Thilippe du Roule ou dux prem
"la messe de
Saint Thilippe du ",368884,Roule,PER,,368889," ou dux premières. Mon
cher, "
" les lartnes mn'cn Vendientdu
",369018,Yeuy,MISC,LOC,369022,". Klelene estsijolie, et Htme "
", probablement ?
 Si. Un ils, ",369346,M.,PER,,369348," Armand de Bois-Créault. Un
j"
" ans, environ.
-Due fait-il3
 ",369432,Rien,MISC,,369436,. Il est ofhcier de réserve. 
"ventson nom
Aans les journaux ",369554,Mondains,PER,ORG,369562,".
Itir ---
E VOLEUR
 Is sontri"
"m
Aans les journaux Mondains.
",369564,Itir,LOC,,369568," ---
E VOLEUR
 Is sontriches, "
"d? J'aurais pense
Quun ancien ",369817,Iagistrat,PER,,369826,"...
 Tune conndis pas ces gens"
"ce, ou quelque chose dans ce.
",370377,Genre,PER,,370382," Id, une cenvre qui ferd sensa"
"ire d travers les ages. W Les
",370489,Journauz,PER,LOC,370497, ont deja dit plusicurs fois q
" la commission
dont te charge ",370703,Canonnier,LOC,MISC,370712," )
 Tu ne l'imaginerais jamnsi"
"d'abominable dans ce que fait
",371275,Canonnier,LOC,,371284, d Engager sa Klle i payer de 
" dans ce que fait
Canonnier d ",371287,Engager,PER,,371294, sa Klle i payer de la plus no
"gne...
Je sdis bien que, pour ",371808,Canonnier,PER,MISC,371817,", tous les sentiments
ordinair"
"aire, dis je, Cequete demande ",372062,Canonnier,LOC,MISC,372071,".
 Mlais.
 I tant le faire san"
"erds
pas beaucoup Cette apres ",373000,midi,LOC,,373004,". Iu rencontreras un
jeune hot"
"us, tes yeuy couleur d'eau de ",373788,Seine,PER,LOC,373793," et td grande
Carbe noire
 Qua"
"e presente
l'hommine derobe.
 ",374086,Monsicur,PER,,374094," le protesseur Mlachin, Crimin"
bles le tribut de son activire,374895,",",PER,,374896," Edoudrd Monrareuil
s'est déc"
"es le tribut de son activire, ",374897,Edoudrd,PER,,374904," Monrareuil
s'est décidé d a"
"ses modernes. I.
a fondé une ",375056,Revue,PER,MISC,375061,".
 Ed u Revue Pénitentiaire. "
" I.
a fondé une Revue.
 Ed u ",375069,Revue,PER,,375074, Pénitentiaire. y Wen avez-vo
" intellecruel français.
 Ah! ",375335,Monsieur,PER,,375343,", déclare le criminaliste, vo"
"obligés de sy abonner et, le
",375810,Seront,PER,,375816, contraints de les imiter. Wle
" dira : a Si vous n'ètes p25
",376235,Sages,PER,MISC,376240,", nous Vous conddinnerons a li"
Vous conddinnerons a lire. la ,376277,Revue,PER,,376282," que
lisentvos grrdiens. "" Ah!"
"lerer sur leur masse, pendant
",376663,Jeur,PER,,376667," incarceration, ld somnme nece"
"e d un abonne
inentannuela la ",376732,Revne,PER,LOC,376737,".
LE VOLEUE
199
- C'est presqu"
"istere nous ont pro-
mis leur ",376866,Concours,PER,MISC,376874,", en principe, ce n'est plus g"
", dit le criminaliste,
que la ",377002,Revrie,PER,LOC,377008, n'est point lue a l'air libre
"orte cn soitous les elernents
",378040,Auctimre,PER,,378048,", autant vaudrait répéter la"
" peut toujours facilement re.
",379345,Connditre,PER,LOC,379354,". Ainsi, vous, Monsieur - peri"
"t re.
Connditre. Ainsi, vous, ",379369,Monsieur,PER,,379377," - perinetiermoi
de faire une "
"ition invraisemblable -- Vous
",379443,Voudrier,MISC,PER,379451, cComunettre des actes répré
"raisemblable -- Vous
Voudrier ",379452,cComunettre,MISC,,379463, des actes répréhensibles qu
"imincl sans pied
préhensile. ",379772,Ersi,LOC,,379776, yous avicr le pied préhensil
"e, aujourdhui, c'est celle du ",380106,Voleur,PER,MISC,380112,", il est
Vrai qu'clle les cont"
"Nous vous parlons ld, mne dit ",380203,Montareuil,PER,LOC,380213,", de.
 Choses qui ne doivent p"
"urs, prisque M. le protesseur
",380575,Machin,PER,,380581, parlair rout a l'heure de la 
mpétucus et désordonnés du ,381012,Reuve,PER,LOC,381017," d
l'esprit humain sans guide "
"lois sages, aux bientaisantes ",381120,Mcsufes,PER,,381127,"
qui en renferment l'activité"
"hoses est aussi grandiose que
",381410,Neuve,PER,LOC,381415,. Cette comparaison entre les 
"cest
Superbe... Permetter moi ",381538,Monsicur,PER,,381546,", de vous félici
tet... Mldis"
" pourricrvous pas engager Mon
",381664,Sieur,PER,,381669, votreamid nous donner un arti
our le prochain numéro de la ,381753,Rerne,PER,LOC,381758,") Un Ar
ricle dans lequel il d"
"captivant ?
 Fn cfet, répond ",381893,Montareuil,PER,LOC,381903,". Pourquoi, mon
cher Randal, n"
"rse. - Moi, rédacteur A la u ",382145,Revue,PER,,382150," Déniten
tiaire n! Hon, c'est"
" Moi, rédacteur A la u Revue ",382151,Déniten,PER,,382159,"
tiaire n! Hon, c'est trop dro"
"le! Il ne manquerdit
plus que ",382219,Roger,PER,,382224, la Honte pour faire le Courri
"ire le Courrier de
londres et ",382271,Canonnier,LOC,MISC,382280," pour envoyer des Correspon.
d"
ue... Mais le criminaliste et ,382355,Monta,PER,,382360,"
rrenilont les yeux lixés sur"
ra dans 1d collaboration a la ,382515,Revue,PER,ORG,382520,"
Mne belle dose dironie, qui n"
"s 1d collaboration a la Revue
",382521,Mne,PER,,382524," belle dose dironie, qui ne me"
" que ceserdit un peu long...
 ",383221,Pentetre,PER,LOC,383229,". Du reste, je ne demanderdi p"
" un chet dceuvre. Le prochain
",383511,Muméro,PER,,383518, de la. Revue sera d'un intér
"e. Le prochain
Muméro de la. ",383526,Revue,PER,,383531, sera d'un intéret supéricur
era d'un intéret supéricur. ,383563,Jy,PER,MISC,383565,"
publie, pour mon compte, une "
"un bon conp de seringue.
Ia a ",384181,Rerne,MISC,,384186," Pénitentiaire o A parul, et "
"is quelques aRecdotes , June, ",384724,Cntye,PER,MISC,384729,"
autres, d'un crimincl invéte"
"tant fait.
par les Anglais du ",385252,Métropolitan,PER,,385265," Railway. Je demon
trais que l"
 les Anglais du Métropolitan ,385266,Railway,PER,,385273,". Je demon
trais que le Manque"
"ailway. Je demon
trais que le ",385297,Manque,LOC,,385303," de conscience qu'on peut si
S"
"uvent, hélas ! reprocher aux ",385364,Belges,PER,LOC,385370,", ne saurait etre
imputé qu'a"
ssais par un cloge pompeux du ,386222,maitre,PER,,386228," Lom.
broso, oil je merais en "
"ndre la peine
de le deknie. a ",386416,Emitons,PER,LOC,386423," le, disais je en retminant.
l"
"ence
des sendarmes, ces anges ",386671,Gardiens,MISC,,386679," de lacivilisation. Ni
En vér"
"de nombreuses
lettres, toutes ",386832,Ratteuses,PER,LOC,386841,. Tne scule est blessante pour
uclle voyage sans son mari et ,387070,Guun,PER,,387074,"
Monsieur sympathique s est in"
"d'une
wisite : celle de Jules ",387222,Mouratet,PER,,387230,", un de mes camarades
de colle"
"ire. - I est a la rère de
la ",387519,Direction,MISC,ORG,387528," des Douriemes Provisoires, un"
" la rère de
la Direction des ",387533,Douriemes,MISC,,387542," Provisoires, une nouvelle
Dir"
s qu'avec un retard de quatre ,387770,Oucing,PER,MISC,387776,"
mois. Ah1 il a de la chance. "
"ouratet! Le voild, i
Son age, ",387837,Directeur,MISC,,387846," des Douriemes Provisoires, et"
"ild, i
Son age, Directeur des ",387851,Douriemes,MISC,,387860," Provisoires, et,
même, ilser"
"rinire,
ou simplement jusqu'a ",388273,Piques,PER,LOC,388279,". Tleureux Gaillard,
Nous dino"
ment jusqu'a Piques. Tleureux ,388290,Gaillard,PER,,388298,",
Nous dinons ensemmble du cab"
"́rieur est ravissarit, ct Hme ",388740,Mouratet,PER,,388748," cst
une des temmes les micuy "
"n. des
Choses, d Cette pauvre ",389501,Republiquel,PER,,389512," Mlais n'estce pas
encore le m"
"
encore le meilleur régime I ",389560,Westce,PER,,389566," pas le gouver
hement par tous"
"pour tous ! On va meme jusqud
",389630,Vaecuser,PER,,389638, d'anstériré. Calomnie pure)
", sans ton article dans cette
",390142,Revue,PER,,390147," de Montareail, je n'aurais pr"
"n article dans cette
Revue de ",390151,Montareail,PER,,390161,", je n'aurais prs su ou allett"
"s les grands di-
tistes de la ",390492,Rendissance,PER,LOC,390503,". Léonard de Vinci, par
exemm"
apres midi entières dans les ,390626,Galeries,PER,LOC,390634,",
Cher Durand.Ruel et ailleurs"
" entières dans les Galeries,
",390636,Cher,LOC,,390640, Durand.Ruel et ailleurs. Ouan
"iete pasi
Me ePue mele le oee ",390961,Metela,PER,,390967,",
il tautque tu en juges, cat "
"t les quelques semdines quetu
",391076,Consens,PER,,391083, d passet d Paris. Mld femmtne
"user, sous des prerextes quet
",391286,Congues,PER,LOC,391293,", j'airne inicux aller au Cirq"
"n ?
- Qui, d apres Aemain.
Je ",391476,tiens,MISC,,391481," parole. Et me voild montant, "
"omptueuse maison
du boulevard ",391589,Malesherbes,LOC,,391600,".
Je ne suis pas plutot annonc"
"ine cu le temps de
iclever le ",391820,front,PER,,391825, qu'un éclat de rire me répo
"ur, que votre érade, dams 
a ",391906,Revue,PER,,391911, Pénitentiaire s m'a donc amu
"ticle toutdtait au
sérieux : ",392400,Monmari,PER,LOC,392407," m en a deja grondéc, mais..."
"rouver une parole,
tandis que ",392551,Rence,PER,MISC,392556, - Car c'est clle . Vd recevoi
"plus visiblement quelle, d Sd ",392863,place,MISC,,392868,".
Son rire, peut etre nerveuy "
"te, tres spirituelle et très
",393239,Gaie,MISC,ORG,393243,. Je n'aime rien tant que la g
"ront le monde. A)
mon palivre ",393487,Mouratet,PER,ORG,393495,", je comprends que tout tait
r"
"t intéressante, cette perite
",393943,Rence,PER,MISC,393948, quitire si joliment sa réver
souplesse sur la crompe de sd ,394325,Monture,PER,,394332,", apres
avoir creve le cerceau"
"Ce Aimusant, une soirée cher ",394408,Mouratet,PER,ORG,394416,", Comme
.i, Comme Gd. C'est ds"
"utés et des fonc.
tionndires ",394915,Ranques,PER,LOC,394922," de leurs Epouses legitimes, u"
"é de fréquenter, le jour de ",395149,Jugement,PER,,395157," dernier,
dans la valléc de J"
"inthe !... Quelle dèche, mon ",395458,Empereur,PER,,395466,"!
Je voudrais bien parler a Re"
" semblant de lecouter
Tout en ",395765,Causant,PER,LOC,395772,. On croird que nous discutons
" l'on ne voit pas caal
Palais ",396502,Royal,PER,,396507,"..
 Moinon plus, disje, je ne "
"voit pas caal
Palais Royal..
 ",396511,Moinon,PER,,396517," plus, disje, je ne pensdis gu"
 retrouver ce soir en Maddine ,396605,Morl,PER,,396609,"
ratet. Je m'y attendais si pe"
Cier et lui demander un autre ,396991,Morcedul,PER,MISC,396999,", la a Marche
des Monts Carpat"
"ander un autre Morcedul, la a ",397006,Marche,PER,,397012,"
des Monts Carpathes. n.
lle r"
"tre Morcedul, la a Marche
des ",397017,Monts,PER,,397022," Carpathes. n.
lle revient une"
"rcedul, la a Marche
des Monts ",397023,Carpathes,PER,,397032,". n.
lle revient une minute ap"
"ui fait valoir son Charine
de ",397149,Parisienne,PER,LOC,397159,".
 Ga y est. Je lai si dit qu'"
"it qu'il érait le Strauss de
",397213,Lemain,LOC,PER,397219,. Pourquoi pas l'Ofenbach d'hi
oi pas l'Ofenbach d'hier ?... ,397257,Ecouter,PER,,397264,",
j'ai beaucoup de choses d vo"
"and plaisir, djoutetclle plus ",397625,b25,PER,LOC,397628,", 27-
porter une pincetnonscig"
" pas rout de suite, cehri ld.
",398287,Pentetre,PER,LOC,398295, qu'il nous laisserait trangui
"e cachet du Directeur des Dou
",398581,Liemes,MISC,,398587, Provisoires ! Cest peu probab
nnent des mains souverines du ,398735,Peuple,LOC,,398741,".
Le Peuple, Citoyens ! Et nou"
"ains souverines du Peuple.
Le ",398746,Peuple,LOC,ORG,398752,", Citoyens ! Et nous oscrions,"
"verines du Peuple.
Le Peuple, ",398754,Citoyens,MISC,ORG,398762," ! Et nous oscrions, nous, les"
"ens qui mentourent pouvdient,
",399015,Egure,PER,MISC,399020, Surtout la vertucuse indignat
"e indignation de Mourdtet,
Ce ",399070,Mouratet,PER,ORG,399078, qui vit au milien du luxe pay
"car la bétise seule est sans
",399266,Crcuse,PER,LOC,399272,", pourtant...
 Pouttant, Mourd"
"rcuse, pourtant...
 Pouttant, ",399297,Mourdtet,PER,ORG,399305," se donne du mal, lui aussi,
p"
bien. Mlais l'en blamerai je? ,399637,Dieu,MISC,,399641," m'en garde.
Il ne faut point "
" Lusaie de e iae ete  a Leent
",399858,J',PER,,399860,"i apporté la pince, et Renée"
",
aas maste d Lareles aune de ",399994,Maleouts,PER,,400002,"
LE VOLEUR:
 22
n peuple et de"
n clles linconstance de leurs ,400444,Conjoints,PER,,400453,".
 Cestplutot le poids de l'ex"
"e le
dit l'axiorne si vrai de ",402284,Bussy,PER,,402289," Rabutin, vole par Wd
poléon."
"ips, non
plus, que je suis un ",402385,Foleur,PER,LOC,402391,".
Voici bientot deux mois que "
"a coup, jela
reconnais. C'est ",403903,Mlargot,PER,LOC,403910,", Wlarquerite, l'ancienne femm"
"ela
reconnais. C'est Mlargot, ",403912,Wlarquerite,PER,LOC,403923,", l'ancienne femme
de Chamlbre"
"rquerite, l'ancienne femme
de ",403945,Chamlbre,LOC,PER,403953, de Mi oneuit este en ce prèc
 je suis fort heureux de voir ,404163,Mlargot,PER,MISC,404170,". Je
lui explique que mes oecu"
"ue... ? J'en achéterais bien
",404461,Mne,PER,LOC,404464,", on perd tant de temps avec l"
"is pu découvrir
les auteurs, ",404829,Clle,LOC,,404833, n'A pul arriver a trouver une
"iver a trouver une noU
Vêlle ",404875,place,MISC,,404880,". Flle d cu beaucoup de mal, l"
"trouver une noU
Vêlle place. ",404882,Flle,LOC,,404886," d cu beaucoup de mal, la pauv"
", lancée dans le monde
de la ",405140,Galanterie,MISC,,405150,. Depnis clle n'a pas cu d se 
"ir dans leurs Echos le nom
de ",405397,Marguerire,LOC,,405407," de Vaucouleurs. Thl bien, mon"
"couleurs. Thl bien, mon cher,
",405444,Marguerite,PER,,405454," de Vaucouleurs, c'est moi.
Ce"
"par Courbassol, le dépure de
",405586,Malenvers,PER,,405595,. La connais ) C'est lui qui m
"aires. Jolis, hein ? Zu
eais, ",405694,Courbdssol,PER,MISC,405704, sera ministre lundi ou mardi.
deson porteteuille. Je vais a ,406043,Malenvers,PER,,406052," avec
lui, naturellement... Tu"
"e qui me forcerd d Ves-
 terd ",406278,Malenvers,PER,,406287,", et tu y demeuteras, toi auss"
"ue de ruiner des immbéciles, ",407142,kniront,PER,,407149,"
peutetre, d force de. demoral"
"agne:
NTU
A AVENTURES DE DEUX ",407486,VOLEURS,PER,,407493,", D'UN CADAPRE ETES.
D'UNE JOL"
"tes oul Aspirant d y
Entrer.. ",407991,Courbdssol,PER,,408001," est dans le train, et son col"
"us. d'une cocotte, et
Suftout ",408201,Margot,PER,,408207,. Une partic de Vamne de la Fr
" de Vamne de la France,
QuOi
 ",408249,Malenvers,PER,MISC,408258,"! Malenvers !.-.
On descend. I"
"e la France,
QuOi
 Malenvers! ",408260,Malenvers,PER,,408269," !.-.
On descend. Ia ville Csr"
itures l) attendent devant la ,408771,Gare,MISC,LOC,408775,"
lie n'ai jamdis Vu une gare p"
"as Scules d attendre devant l
",408867,Gare,MISC,LOC,408871,. Il y A aussi M. le maire Ran
gens qui n'ignorent point que ,409337,Courbassolal,PER,LOC,409349,"
pouvoir, Cela signitie. Epura"
" tres médaillee, exécure la ",409499,Mlarseillaise,PER,LOC,409512," ; et
au dernier soupir du tro"
"nage auz grandes
qualités de ",409742,Courbassol,PER,LOC,409752,", d ses talents supérieurs qu"
"ejournest peut eire pas loin, ",410086,Messicurs,PER,MISC,410095,"! -i
la tete du gouvernement.
"
"dire. Id fanfare re-
prend la ",411072,Marseillaise,PER,MISC,411084," et la foule hurle.
 Vive la R"
"e et la foule hurle.
 Vive la ",411113,Republique,PER,,411123,", Vive Courbsssol...
les voiru"
"un
tapecul.
Allons, il F a de ",411637,la,PER,,411639," place pour tout le monde. On
"
"ace pour tout le monde. On
de ",411672,Case,LOC,PER,411676,", on Sinstalle. : fracs du mai"
"tout le monde. On
de Case, on ",411681,Sinstalle,LOC,PER,411690,. : fracs du maire et des adjo
"ciclles des députés. et des
",411781,Costumes,PER,,411789," de voyage des journalistes, t"
"obes surannées
des damnes de ",411903,Malenvers,PER,,411912,". Les représentants du peu.
p"
. Je lis sd prolession sur Sd ,412655,Kgure,PER,LOC,412660,".
Cest un mouchard. Ei moi, po"
"nt pour le correspondant dune
",413122,Garctte,PER,,413129, etrangere qui cherche toutes 
", d titre
d'agent électoral, ",413615,avectont,PER,,413623," l'enthousiasmne de Circons
ta"
"es
etages supéricurs, aln de ",414038,Secouer,PER,LOC,414045," d leur dise la pons.
sière d"
" qui je viens de demander une
",414223,Chambre,PER,ORG,414230,".
RE VOLEDE.
229.
-. Non, Mons"
" du soif, quand nos voyageurs ",414327,Seront,PER,,414333," partis, Ce -
Sera différent,"
".. Pourtant,
Ljoute tclle, si ",414525,Monsieur,PER,,414533, vouldit repasser Vers les cin
"s kini)
 Mettons sept heures, ",414854,Monsicur,PER,MISC,414862,". Asept heures,
je vous proret"
"int
prendre mon repas dans la ",415037,Srande,PER,MISC,415043," salle, qui esf re
Servée... "
" salle, qui esf re
Servée... ",415073,Ccla,LOC,PER,415077, m'est indifférent. Mon couve
"mis
Jans une petite pièce, d ",415144,Gauche,PER,ORG,415150,", a coté du bureau de
T'hotel"
"t. de mon pardessus, je vois. ",415267,Mlargot,PER,MISC,415274,"
descendre lescalier, son bouq"
lair d'etudici le langage des ,415363,Reurs,PER,,415368,". Courbassol.
est fort cmpress"
". Non. D'ailleurs, je n'en ai
",415934,Cnre,LOC,MISC,415938,. Je nesuis pas venu ici prole
nferme dans un étui pas plus ,416125,Sros,LOC,ORG,416129," qu'un porte
Cattes. Je dejeun"
"tui pas plus Sros qu'un porte
",416142,Cattes,LOC,ORG,416148,. Je dejeune rapidement. Le br
"ampagne, pour passer
l'après ",416326,midi,LOC,,416330,".
Cestune bonne idéc. Jy vais"
"̀s midi.
Cestune bonne idéc. ",416353,Jy,PER,,416355," vais.
J'ai dépasse les derni"
hoinme qui ne comprend plusla ,417316,Nature,PER,,417322," et
ne sdit inéme plus ld voi"
"n por.
wait y vider le Palais ",418098,Bourbom,PER,,418105,", tout de meme, Me
fois pour t"
"Palais Bourbom, tout de meme, ",418121,Me,PER,,418123,"
fois pour toutes
q------
IE V"
",
asept heures et demie, a la ",418357,Tlalle,MISC,LOC,418363," aux Plumes, et ses
alaires, p"
"sonne d qui m'adresser, quand
",418677,Jarrive,PER,LOC,418684, au Sabot d'Or. Lous les emmpl
"eux lit de
fer, dans Un Coin, ",419288,Garni,PER,MISC,419293," d'un mauvais matelas , des
Ca"
". Pour rien, probablement. Et ",419523,Margot,PER,LOC,419529,", ce.
soir... Lant pis ; j'y s"
isposition du bureau.. Lout d ,419810,Vheure,PER,,419816,", peutêtre...
Mais un grand b"
"ils vont déposer
Sur lelit.
 ",420306,Dieul,MISC,PER,420311, que C'estlourd1 dixlhdtelier 
scrait hini avant septheures. ,420845,Mousne,PER,,420851," la déclarerons
 Que demain m"
"er celle 12...
RE VOLEDE
223
 ",421743,La,PER,,421745, Chambre de mamman sanglote Ch
"celle 12...
RE VOLEDE
223
 La ",421746,Chambre,PER,,421753, de mamman sanglote Chotelièr
"on ! Qnc faire ?... J'entends
",422543,Thotelier,MISC,PER,422552," et sa femme qui s'en vont, ct"
"dor. Id
 porte souvre , c'est ",423111,Annette,PER,MISC,423118,".
 Thi bien, dit-clle d Jerdme"
".
Jamnais de la vie! s'Écrie ",423804,Annetre,LOC,MISC,423811,". Je te conndis:
tu ine ferais"
"tu bien te renir tranquille , ",423964,Devant,PER,,423970," u
mortl si c'est permis... Al"
"embrassant... Pourtant, Si Ce
",424078,Monsieur,PER,,424086, qui d demandé une chambre re
ontent les cscaliers qudtre d ,424212,Gudtre,PER,,424218,".
Alons ! les choses tournent "
"ais , uncrète bd-
Sance, dun ",425109,Cheveus,PER,LOC,425116," noirs, dux Moustaches curées"
"t verS moi.
LE VOLEUR
 
225.
 ",425326,Bonsoir,PER,,425333,", cher Monsicur. Comment vous "
" VOLEUR
 
225.
 Bonsoir, cher ",425340,Monsicur,PER,MISC,425348,". Comment vous porier
vous ! D"
"rien d craindre. Je map
Delle ",425938,Canonnier,LOC,,425947,".
vons, Canonnierl C'est vous,"
"Je map
Delle Canonnier.
vons, ",425955,Canonnierl,PER,MISC,425965," C'est vous, Canonnier.... Ces"
"
vons, Canonnierl C'est vous, ",425978,Canonnier,LOC,MISC,425987,".... Cest
 ui, moi mé̂me en p"
"tendais pas d
te rencontrer a ",426294,Malenvers,PER,,426303,". Le hasard est un Grand
maitr"
"nvers. Le hasard est un Grand
",426328,maitre,PER,,426334,". Ah l j'ai bien ri, en moimei"
"de temps.
- Au contraire, dit ",426783,Canonnier,LOC,MISC,426792,". Ne nous pressons
Rds. Attend"
"u'elle a dutrimer, la malheu.
",427249,Teuse,PER,LOC,427254,", et faire de saletés, et dir"
eurs héritiers jettent leurs ,427558,Cadavres,PER,MISC,427566,", pour cent
sous, dans l boite"
e pouvoiren partir. Iu vas me ,428142,Comprendre,PER,MISC,428152,".
l'ai quitte les Erats. Uuis,"
x licues environ au dessus de ,428352,Malenvers,PER,MISC,428361,", et
1y. attendais depuis deux"
"s , ce sont de veritables son
",428723,ticières,PER,,428732,". Dureste, l'absurde réseaul "
" coup icid
 Qui, subitemnent, ",430019,Cornme,PER,,430025," d toi. C'est Asse7 Cu
ricur, "
"nt, Cornme d toi. C'est Asse7 ",430045,Cu,LOC,,430047,"
ricur, mdis C'est comme Gd. A"
"ber, mais nouS
Verrons Cncore ",430508,Asser,PER,,430513," Clair.
Mous SOrtons, jetant t"
"ais nouS
Verrons Cncore Asser ",430514,Clair,PER,,430519,".
Mous SOrtons, jetant tous le"
"ous voici devant le bureau
de ",430733,Thotel,MISC,PER,430739,. I2 porte n'en est pas fermé
"est pas ferméc d clet. C'est
",430785,Charmant,PER,MISC,430793,"! Nous cntrons.
 Lebureaul, bo"
"ntrons.
 Lebureaul, bon, fait ",430831,Canonier,LOC,PER,430839,". Et qu'estce que
c'est que ce"
"u
travail, il n'y d que Cd... ",431061,Tiens,MISC,,431066,", tu as un outilamé.
Ticain, "
"ir... Voyons, toi, Vd dans la ",431559,Chammbre,PER,MISC,431567," et mets le
Secrétaire d 1d q"
" niicini d Paris, d Cause des ",432097,numéros,PER,,432105,".
Ouantd lor, nous n'avons pas"
". Ettoi, qu'dstu
TTOMved
 Des ",432396,Valeurs,PER,ORG,432403,". Les voici.
 Bien. Je vais le"
"cmporter, puisque tu restes i
",432465,Malenvers,PER,MISC,432474,. Flles partiront pour Londres
"orel, sont appuyés contre le ",432959,Mur,LOC,MISC,432962,".
Canounier en prend un, arrac"
"es papiers.
 A merveille, dit ",433181,Canonnier,LOC,MISC,433190," en boutonnantson
Gilet. Je fi"
"it Canonnier en boutonnantson
",433208,Gilet,MISC,,433213,. Je fis Concurrence d M. le m
"n
Gilet. Je fis Concurrence d ",433236,M.,PER,,433238," le maire, intérieure.
ment :"
"tte til. Hon,
pas du tout. Je ",433387,Raire,LOC,MISC,433392, l'argent. Je pense que nous n
"e dis
que je sens l'atgent... ",433552,Tiens,MISC,LOC,433557,", Id.
i Ise dirige vers ld che"
"n !... Des billets de mille , ",433778,Marette,PER,LOC,433785," ..
Quatre, cing.., Hent, dix."
"oute la monndie blanche, fait
",434092,Canonnier,LOC,MISC,434101, el passant devant ld Caisse f
"obscurci. Hous nous dirigeons
",434476,Versld,PER,LOC,434482, Grande place et nous avons la
"eu d'artifice ? de
mande je a ",435199,Canonnier,LOC,,435208, comine nous quittons la grand
"omine nous quittons la grande
",435240,place,MISC,,435245,".
 Je pensais qu'il estfort he"
" 24
Tontbientot. Le mnaire de ",435652,Chicago,PER,LOC,435659,", pendant la terrible
confagra"
itants impuissante devant les ,435772,Rammes,PER,MISC,435778,", s'écridit
en un acces de vo"
" vienne
dire, d présent, que ",435863,Chicago,PER,LOC,435870," n'est pas la premiere
Ville d"
"r the fun of the.
thing ?
 En ",436294,Europe,PER,LOC,436300,", on n'en cstpas ld.
 Pas cnco"
"avards, 12 dedans , Mur-
mure ",437093,Canonnier,LOC,,437102,", ils. vont étre gaves, bient"
" qucique chosc de
Grand, sans ",437313,Joute,PER,LOC,437318,. Pas un des sacripans gouvern
s preuves... Ct qui aurait le ,437595,Courage,PER,MISC,437602,"
et la force de prendre ca a l"
"a dix
heures, Sur la place du ",437886,Carrouscl,PER,LOC,437895,", devant le monu
ment de Cambe"
"ouscl, devant le monu
ment de ",437920,Cambettd,LOC,PER,437928,. Convenu . Bien. Je te quitre
"le, songeant a ce que m'a dit ",438199,Canonnier,LOC,MISC,438208,", a cequil
mm'a laissé entend"
", plutot, un grand magasin de ",439140,recéleur,PER,,439149," dont
toutesles marchandises v"
"ain espoir de tromper les dr-
",439321,Gousins,PER,LOC,439328, sur la destivation de l'immeu
"e étiquerée R. F., un buste
",439639,Couronne,PER,,439647, de lauriers - coupés au bois
"cuver un vin tres lourd : Jes
",439796,Citoyens,MISC,PER,439804, de Malenverstendent leurs orc
"cot qui mesure du madapolamn, ",440369,Courbdssol,PER,MISC,440379," parle,
Varle, parle...


AE V"
", parle...


AE VOLEUR
235
Sa ",440422,Loure,PER,LOC,440427, : Ah! je ne sdis pas! Je n'en
" RobertMlacaire, ni méine en ",441308,Bertrarid,PER,LOC,441317,",
mais en Courbassol. Id voix "
"urbassol. Id voix est lourde, ",441359,Monotone,PER,LOC,441367,",
fausse, peurcuse, une voix d"
"ermsis, dejd, daccomplir leur ",441906,Ceuvre,PER,LOC,441912," ne
taste, leurs satellices, q"
"is cette inondation réaction
",442141,Maire,MISC,PER,442146,", Citoyens, a mis le teu aux p"
"e inondation réaction
Maire, ",442148,Citoyens,MISC,ORG,442156,", a mis le teu aux poudres ! E"
"di la conviction prolonde, la ",442231,Chambre,PER,ORG,442238," va montrer
par son votequ'cll"
"ée ctsublime,
a la face de l'",442555,Enrope,PER,LOC,442561,")
Alors, C'est du délire. Des"
"l les propriétaires, par une ",442826,Marche,PER,,442832,"
forcée, les ont précìdés "
"il Au se
COMTS :..-
Ouy AIIl. ",443143,Ouyatild,MISC,PER,443151," demandent Courbissol,
Machina"
"uyatild demandent Courbissol,
",443174,Machinard,PER,LOC,443183, et plusicurs autres en se pre
ouc! Ahl les coquins I... Mon ,443437,Dieu,MISC,,443441,".
que masregt itachinard et pi"
"achinard et piusieurs, antres ",443487,Cont,PER,,443491,".
Heuvoir les consolations, ac"
"accucillies par les jurons de
",443549,Thotelier,MISC,PER,443558, et les sanglots de l'hoteliè
tre dans le bureau de lhotel. ,444607,Mlargot,PER,LOC,444614,", dssise d
eoté de lhorelièr"
bac I Un kiosque d journauy J ,444994,Enlin,PER,,444999,",
dites... Je Suis Sd maitress"
"ent le vieux.
portefeuilleque ",445237,Canonnier,LOC,MISC,445246, a decouvertderrière la place
anonnier a decouvertderrière ,445268,la,PER,,445270," place.
iAhl Monsieur, que nou"
"uvertderrière la place.
iAhl ",445283,Monsieur,PER,MISC,445291,", que nous avons du malheur?
m"
t il comme je lui demande une ,445355,Chambre,PER,MISC,445362,". C'est
affreux ! C'est. Epouv"
"ambre. C'est
affreux ! C'est. ",445387,Epouvantable,PER,MISC,445399," I... Et ces coquins de
Sendar"
"sation... Donner le numero
lA ",445590,Monsieur,PER,,445598,", ordonnetil d Annette qui vie"
". Donner le numero
lA Monsieur",445598,",",PER,,445599, ordonnetil d Annette qui vien
"ero
lA Monsieur, ordonnetil d ",445613,Annette,PER,,445620," qui vient d'ax
rivei avec une"
"n
prison prérentive, vous et ",445821,Jerdine,PER,LOC,445828,", je lui ferai donner
de mes n"
"i donner
de mes nouvelles par ",445871,M.,PER,,445873," Courbasedl...
Annette, tout e"
"ouvelles par M. Courbasedl...
",445888,Annette,PER,MISC,445895,", tout en larmnes, me conduit "
" deux mots, depris hiet soir. ",446543,Duestce,PER,ORG,446550," que t
fais, t0I2... Ah! oui, "
renr) - Toutes les valeurs de ,447017,la,PER,,447019," vieille
Etaient dans le secre"
"tes les valeurs de la vieille
",447028,Etaient,PER,,447035," dans le secrétaire, et, conu"
"Ml
lenvem. Le coup etait wnal ",447326,Momte,PER,,447331,", A wom Aris, A
entin, le mari"
" coup etait wnal Momte, A wom ",447339,Aris,LOC,,447343,", A
entin, le mari et la femne"
"mne qui s'Absemtent cnsemble.
",447400,Vhetel,PER,LOC,447406," coimpletement Abandomme, est "
"tique vous tre i tye
aVer des ",447596,Jens,PER,,447600," pareils I...
E MlAypUt pOTSSE"
"es
becs de gA2 de la place du ",447786,Carrousel,PER,LOC,447795,". Dix heures un
quart. J'atten"
"ix heures un
quart. J'attends ",447828,Canonnier,LOC,MISC,447837," depuis vingt minutes, et
Je n"
"iqne
qui s'erige au milien de ",448440,la,PER,,448442," place, le monument de
 Cambet"
"e, cette colonne Ven-
dome de ",448525,la,MISC,,448527, Deroute ! Cette pierre d diqu
"cette colonne Ven-
dome de la ",448528,Deroute,MISC,,448535, ! Cette pierre d diquiser les
"ris déclouée
de la porte du ",448763,Crenier,LOC,,448770," d'Abondance - qui n'a pluls
b"
"re heures, ct toujours pas de ",448873,Canon,PER,ORG,448878,"
nicr. C'est embétant ; j'aur"
"les
Soirs pendant un mois sur ",449019,la,PER,,449021," place du Carrousel. Jii
recu,"
"
Soirs pendant un mois sur la ",449022,place,PER,,449027," du Carrousel. Jii
recu, en re"
ndant un mois sur la place du ,449031,Carrousel,PER,,449040,". Jii
recu, en rentrantcher mo"
"du
coré de ceux de la rue de ",449279,Rivoli,LOC,,449285,", je n'aperçois pas
mon homnm"
", devant le ministère des Fi
",449405,Mances,PER,ORG,449411,", et lastatue de pierre du Cra"
engeur désigne la trouee des ,449495,Vosges,PER,,449501," - i
Nouest.
ANons nous cn. De"
"igne la trouee des Vosges - i
",449506,Nouest,PER,,449512,".
ANons nous cn. Demain, jirai"
"e, vers une
heure de l'après-",449835,midi,LOC,,449839,".
Ah. Sécriet clle dès qu'el"
" sa aille ! Et depuis quandd
 ",450015,Depuis,LOC,,450021," hier soir, répond Canonnier "
" le croit mendce..
. Qui, dit ",450960,Canonnier,LOC,MISC,450969,". Je lui avais appris dans
md "
"mment cela
Onsavait, continue ",451279,Canonnier,LOC,MISC,451288,", que cétait pour
Venir cherc"
 faisait surveiller lhotel de ,451564,M.,PER,,451566," de
Bois.-Créault, ou demenra"
uis plusieurs jours devant la ,451723,Mdison,PER,,451729,"
Sétait mis d la suivre. Flle"
"t-clled
 Je te crois, répond ",452012,Canonnier,LOC,,452021,". Si tu Veux voir
lindividu, v"
" mouchard.
 Commentl s'écrie ",452331,Canonnier,LOC,MISC,452340,", ce n'est pas...
240
LE VOLEU"
"lleure des preuves... Mais, d'",452522,Abord,PER,LOC,452527,",
qu'ds tu l'intention de fair"
"relèqne.
- Firdi peutêtre a ",452849,Londres,PER,LOC,452856," , mais ca dépend. Oi
yd tu, "
rai avec flélene le train de ,453511,Bel,PER,,453514,"
Sique, cette apresmidi meirie"
"tte le mo
ment ou lhonune que ",453785,Canonnier,PER,MISC,453794," prend pour un
mouchard aurd l"
mouchard aurd le dos tourné. ,453839,Voild,PER,,453844,". Je 5or5, je re
monte un bout"
"re
monte un bout de la rue, i ",453888,Gauche,PER,ORG,453894,", je ld traverse, et
je me tro"
"averse, et
je me trouve ner d ",453934,Rezavec,PER,LOC,453941," l'indiridu, qui vieni de
SE L"
"le, Comment rous porter Vous, ",454070,Esacr,PER,,454075,"
 Commment! c'est vousI S'écr"
" je ne m'attendais.
Quere...
 ",454202,Moinon,PER,,454208," plus, ct jesuis bien heureux "
"nouvelles réciproques tout d
",454397,Notre,MISC,LOC,454402," diSC.
e regrette besucoup d'e"
oiqui yous trouve dans la rue ,454714,Saint,PER,,454719," Llonoré, le
ner en l'air, ri"
yous trouve dans la rue Saint ,454720,Llonoré,PER,,454728,", le
ner en l'air, rinant un s"
"s le seul au
Gourd'hui.
 Non, ",455970,Certes,LOC,,455976,. Le nombre des gens aurquels 
"un pol.
yoir qu'on apporte en ",456242,Maissant,PER,MISC,456250," de concevoir lucide.
inent ce"
s incommplets. C'est cher les ,456423,Juits,PER,,456428," -
Surtout qu'ils se rencontre"
"iecte, quoi
quon en dise. Les ",456668,Juits,PER,,456673," - celd peut vous paraitre
etr"
"trange, mais C'est vrai - les ",456731,Juits,PER,,456736," sont absolumient
dépaysés d"
"isation actuelle. Ce sont des
",456808,Jens,LOC,PER,456812,. qui vivent dans un monde qu'
"nce de la kmance et
Ccelle de ",458105,Spinord,LOC,PER,458112," vivant a Ia flaye, sur le Spu"
" lait -- a polir des vertes.
 ",458238,Erces,PER,,458243," loraelites qui ont, d'apres v"
" tendances de leur tacc... ?
 ",458338,Clssont,PER,,458345," hommbreux. Tas un parmni eux,"
"ns leurs.
wangs des hornines. ",458659,Coinmne,PER,,458666," Eassalle, il s'y trouve
Cucor"
".
wangs des hornines. Coinmne ",458667,Eassalle,PER,,458675,", il s'y trouve
Cucore plus so"
"antelersuy
Mne croix d'ot, le ",459903,Ranc,LOC,PER,459907," perce, la. tète couronnee
de"
" ! Cornme du supplicie du Col
",460046,Gothd,PER,LOC,460051,", nous lui disons : u Sauve to"
"soif, au bout du glaive de la ",460191,Loil,LOC,,460195,"
 Et, dites moi, lssacar, n'av"
"ère a dé-
missionne hier.
- ",460419,Certes,LOC,,460425,. Les carnelots se sont charge
séricuy... Vous me direz que ,460714,Cour-,MISC,,460719,"
bassol ne l'est guère non pl"
"ntdu pou
Voir, sous un Rot de ",460948,Cynisine,PER,,460956," politique, d'indifférence
au"
"de a l'epuration génerale du
",461349,Dersonnel,MISC,PER,461358,. C'est décidé. On nettoie l
"i s' est approprié des docu-
",462079,Menls,PER,,462084, Compromettants pour de hauts 
"un grandgeste din-
lignation. ",462236,Commenr,PER,,462243," Essacar, vous en cies la!...
"
"geste din-
lignation. Commenr ",462244,Essacar,PER,,462251,", vous en cies la!...
Vous fai"
" Socièré actuelle, C'est un ",462968,Monstre,PER,,462975,"..
Ven ae (conde co ces Alse L"
" : C'estune raison dêtre.
le ",463192,Juil,PER,LOC,463196,... Figurervous une caravanc q
"tion dans la phy.
Siologie de ",463599,Vhumanire,PER,,463608,".
J'ai fait durer le déjenner"
Essacar davantage. Wimporte : ,463746,Canonnier,LOC,,463755," et sa bille
ont pul mnettre l"
"́jd, sans
doute, d la grre du ",463842,Mord,LOC,MISC,463846,". Il faudra que je prennele
tr"
"udra que je prennele
train de ",463883,Bruzelles,PER,LOC,463892," cesoir, et que je les décide"
"s, omnibus, hacres, fardiers, ",464070,Catnions,PER,LOC,464078,", nous arrete
an bord du trort"
 ? Ove taire ?... Courir d la ,464674,Gare,MISC,,464678," :... Cest
inutile. Le train s"
"suis conrdineugui
aurait dide ",465074,Canonnier,LOC,,465083," d echapper, si je lui drdis d"
"renme le trainl ce soir, pour ",465364,Me,PER,,465366," Croiser, en Toul,
AVET CChII "
"me le trainl ce soir, pour Me ",465367,Croiser,PER,MISC,465374,", en Toul,
AVET CChII QILI FAI"
"ul,
AVET CChII QILI FAIREMCIA ",465411,Caowi,PER,,465416,"...
AE VOLEUE
247
Jesuis navre"
"point de ne pouvoir te
mir en ",465492,place,MISC,,465497,. Il m' est impossible de rest
"sser faire.
Je dine donc cher ",465974,Mlargot,PER,LOC,465981,", et meme, j'aurdilarge-
ment "
" mne trompe avecune aetrice ;
",466229,Jelesdis,PER,LOC,466237,. Un hommemarie ! C'estdégout
ppeler. Midis qui veuy tul qu',466614,onprenne,PER,,466622,",
mon arnis Reléchis un peu. "
"peut con
her un portetenille. ",466743,Liens,PER,,466748,", tu ne connais rien a ces.
cc"
". Madaine cst toute
SCulE.
 - ",467528,Voyons,PER,,467534,", voyons, md perite, c'est inu"
"s, on frappe d'id porte de ld
",467702,Chambre,PER,ORG,467709,".
 Mon cher amni, vous étes l"
"dermoi,
Sacredie ! C'est moi, ",467781,Machinard,PER,LOC,467790,".
 Réponds, murinure Margot, "
"edie ! C'est moi, Machinard.
 ",467793,Réponds,PER,LOC,467801,", murinure Margot, sans 5a, i1"
"achinard.
 Réponds, murinure ",467812,Margot,PER,LOC,467818,", sans 5a, i1s ne
s'en iront p"
"rrt 5.--
 Bien, bien, répond ",467980,Mtachinard,PER,LOC,467990,". C'est tont ce
que je voulais"
"seil
et le porteteuille de la ",468195,Justice,PER,MISC,468202,". Je compte sur votre
ehactitu"
"ervous bien de me reservet
 a ",468444,Marine,PER,ORG,468450,".
 Tlumrrr 5.--
 Etmes congrat"
"en pas de me désigner pour
l'",468567,Agricnlrure,PER,,468578,".
 Tlummrrr .--
a 
LE VOlEUR
2"
d leurs pas qui s'éloignent. ,468657,Margot,PER,,468663,"
de tord de rire, et moi je sa"
"faire de
moiun ministre de la ",468888,Justice,PER,,468895,")
 Etpuis, apres J dit Margot "
"oiun ministre de la Justice)
 ",468898,Etpuis,PER,LOC,468904,", apres J dit Margot quirit cn"
"Justice)
 Etpuis, apres J dit ",468918,Margot,PER,,468924," quirit cncore. Pour-
quoi pas"
"va être heureux, Courbassol. ",469422,Mlinistre,PER,LOC,469431,"
de la Justice ! Ouel honneur!"
", Courbassol. Mlinistre
de la ",469438,Justice,PER,MISC,469445, ! Ouel honneur! - Quel honneu
" - Quel honneur
même pour la ",469491,Justice,PER,MISC,469498,", cat enkin Courbassol n'est
p"
encorcque l'avant dernier des ,469566,Courbdssols,PER,MISC,469577,"...
Je mne hate de rentrer che"
"up, md traversé lecer
Vesul. ",469746,Canonnier,LOC,,469755," d cté arrèté, c'est certai"
"es plus qu'i une demiheure de
",469898,Bruselles,MISC,,469907, ct le voyagent qui me fait ta
" étre riche, je me pelinets, ",470483,Cont,PER,LOC,470487,".
au moins, de le supposer. So"
"te, ne m'em donne pas Vavan
e ",470806,Ceadene,PER,,470813," ele Malbehe, non 18 a
---
--
"
"donne pas Vavan
e Ceadene ele ",470818,Malbehe,PER,,470825,", non 18 a
---
--
IE VOIEUE
25"
rable vicillard -- mhais pour ,470957,Vimbiber,PER,LOC,470965,"
de quelques goutres d'un liqu"
"désespèrés pour ouvrir les
",472149,Veny,MISC,LOC,472153,. Il est temmps. Je tourne la 
"s mon appari
tion a lhotel du ",472437,Roi,PER,,472440," Salomon.
 Ah! monsieur Randal"
"a lhotel du Roi Salomon.
 Ah! ",472455,monsieur,PER,,472463, Randal.! s'écrie lhdrelière
"une Charinante jeune hlle...
 ",472611,Etpuis,PER,LOC,472617,", et puis!... W. Canonnier, l'"
"le...
 Etpuis, et puis!... W. ",472634,Canonnier,LOC,MISC,472643,", l'aver-vous Vud
 M. Canonnie"
"anonnier, l'aver-vous Vud
 M. ",472665,Canonnier,LOC,,472674," ? Je crois bien, que je l'ai "
"venger d moitie, me faire une ",473079,Lausse,PER,ORG,473085,"
peur sans nuire a lhoimme que"
" ld porte qu'onmd
indiquée.
 ",473200,Enlin,PER,LOC,473205," ! Cesttoi, dit Canonnier qui "
"iquée.
 Enlin ! Cesttoi, dit ",473221,Canonnier,LOC,MISC,473230," qui vient mo.
Vrir. Je Commen"
"ler cher moi, toi
etta klle.
 ",473754,Lues,PER,LOC,473758, bien aimable : je pense dussi
"s a la consigne de la gare du
",473958,Nord,LOC,,473962, et j'ai telégraphie a Latern
"u
Nord et j'ai telégraphie a ",473986,Laternoster,PER,,473997," de Garder la Vd
leur des titr"
ici directement et j'ai même ,474683,Apporte,PER,,474690,"
Ma Valisc...
 Les valises, tu"
"ment et j'ai même Apporte
Ma ",474694,Valisc,PER,,474700,"...
 Les valises, tu veux dire"
"lises, tu veux dire.
 Si tu y ",474741,tiens,MISC,,474746," , quoique la petite ne soit e"
"quelles sont tes intentions ?
",475810,Celd,LOC,PER,475814,", mon cher, c'est compliqué. "
́ pour pouvoir se conduire cn ,476066,Saul,LOC,MISC,476070,".
Vage, Ct qui aurdit assc2 é"
"hrase.
 D'autre patt, reprend ",476692,Canonnier,LOC,MISC,476701,", il faur une
femmejeune, joli"
"ur clle: mais je sais quelles
",476935,Seront,PER,,476941, bientot ses convictions. Oucl
e pour le sentir et pour voir ,477148,Clair,PER,LOC,477153,",
tout d'un coup, des que je l"
"et, continuetil comme la Set.
",477260,Vante,PER,MISC,477265, se retire pour aller chercher
ses proiets ? J'entrevois une ,477887,Combindison,PER,,477898," Grandiose et
basse, Chimériq"
"
lgesonge au sort d'un ami de ",478555,Roger,PER,,478560,"-ld Honte, qi
LE VOLEUE
255
i "
"elle. Malgré la masse de
des ",478929,Cheveur,PER,LOC,478936,", d'un superbe blond aux relet"
"les que .-
Je lui ai rendues, ",480272,Canonnier,LOC,MISC,480281," a déclare qu'il etair très
"
"oussormes misd
Table.
-- Hon, ",480375,Monsicur,PER,MISC,480383,", répond flélène d une ques"
"agi. J'ai été
u deux tois d ",480489,Bieppe,PER,LOC,480495,", trois fois a Dinard, une foi"
"x tois d Bieppe, trois fois a ",480510,Dinard,PER,LOC,480516,", une fois d
256
LE. VOLEUE
Wi"
"56
LE. VOLEUE
Wice etant Mont ",480560,Dore,MISC,LOC,480564,". Voili tout. Wlais, iaintenan"
" as raison de l'espérer, dit ",480669,Canonnier,LOC,MISC,480678,", Nou
partirons demain ipatin "
"e temps de sen
Apercevoir, en ",480851,Marchant,PER,MISC,480859," vite.
 Fst ce votre avis, mon"
Songent qu'au nivellemnent de ,481033,la,LOC,,481035," Suisse.
 Etces ntopistes poli"
"u nivellemnent de la Suisse.
 ",481045,Etces,PER,,481050," ntopistes politiques , dis je"
"y te
constitudt le roysume de ",481274,Dologne,MISC,LOC,481281,". Les Alsaciens se
taient rent"
"ous
pas soutenu dus5i, Comtne ",481519,Ecrivain,PER,,481527,", des theses un pen
Paradowale"
"i ln dernièrement, dans la a ",481594,Revrie,MISC,LOC,481600,".
Pénitentiaire n, un article"
rticle de vousintirule : a Ld ,481654,Klep,MISC,PER,481658,".
tomanie devant la machine d "
"nt paraitre telles en France, ",481801,Made,LOC,PER,481805,".
moiselle, dis je ckfrontemen"
sais donc l'anglais ? demande ,481964,Canonnier,LOC,MISC,481973,".
 Asser bien, père. Je lis C"
"r le meme toM.
Canonnier fait ",482542,la,PER,,482544," Grimace.
 L'instruction est u"
"e meme toM.
Canonnier fait la ",482545,Grimace,PER,MISC,482552,".
 L'instruction est une belle"
"n donne
auz jeunes personnes, ",482672,Surtout,LOC,,482679,". Flle les mnet Mer
Vveilleuse"
"uz jeunes personnes, Surtout. ",482681,Flle,LOC,,482685," les mnet Mer
Vveilleusement e"
"pas de systeme infaillible...
",482812,Rinsi,PER,,482817,", une de mes anlies de couvent"
cédé a des entrainements... ,483024,Certains,PER,,483032,"
hommes mnanquent tellement de"
"
 Le loup n'y est jamais, dit ",483389,Canonnier,LOC,MISC,483398," , il est
dans la bergerie, en"
"e pa5, dssure audacicusemient
",483666,Canonnier,LOC,MISC,483675,. Dieu mercil il y a cncore de
"re audacicusemient
Canonnier. ",483677,Dieu,MISC,,483681, mercil il y a cncore des gens
eutEtre... I doit exister une ,484246,Certaine,PER,,484254,":
Soine de souffrance, pourtan"
"rtant, puisque les pauivres -
",484310,Sesont,PER,,484316, révoltés d plusicurs tepris
"c les déshérités, s'écrie ",484582,Canonnier,LOC,MISC,484591,"
quioublie son role, ce ne ser"
"s lui, tu crois d la force ?
 ",484963,Mon,MISC,,484966," Dieu! mon cnlant, repond Cano"
" Mon Dieu! mon cnlant, repond ",484992,Canonnier,PER,,485001,",
16...56...
- C'est le droit "
" etre
encore dans le salon de ",485234,Ntme,MISC,,485238," de Bois-Créault, on
J parlai"
core dans le salon de Ntme de ,485242,Bois,MISC,,485246,"-Créault, on
J parlait comine"
 strict ; je ne regretterien. ,485413,Mdis,LOC,PER,485417," mon
existence etair tellement"
"r tellement délicieuse, cher ",485466,Wtme,MISC,,485470," de
Bois.Crtaulr ! Je ne manqu"
"ent délicieuse, cher Wtme de
",485474,Bois,MISC,,485478,.Crtaulr ! Je ne manqudis pas 
"élicieuse, cher Wtme de
Bois.",485479,Crtaulr,PER,,485486, ! Je ne manqudis pas une prem
"tain de son père..
 Je vois, ",485742,Mlademoisclle,LOC,MISC,485755,", que vous étier fort o
cupé"
"r lire, par czemple ?
amnt de ",485869,Mreere,PER,MISC,485875," de ers ane u dmel
LE VOLEDE
A"
" sont des hommes d'ordre, dit ",486207,Canonnier,LOC,MISC,486216,":
ils veulent mettre les pauvr"
"iacut ous en
i poseedent, dir ",486809,Canonnier,LOC,MISC,486818,".
.
259
 Etqu'estce que c'est "
"ue c'est que Vargent, pered
- ",486869,Demande,PER,,486876," a Randdl.
 Non, Mademoiselle,"
"ue Vargent, pered
- Demande a ",486879,Randdl,PER,LOC,486885,".
 Non, Mademoiselle, ne mne l"
"red
- Demande a Randdl.
 Non, ",486893,Mademoiselle,PER,MISC,486905,", ne mne le demander pas.
Je n"
"
ntrer, ditil.
260
 LE VOIEUR
",487613,Etquatrehommes,MISC,,487627,", le chapeausur latè̂te, font"
"fontirrup.
tion dans lesalon. ",487683,Mous,MISC,,487687," nouslevons Touslestrois, Lun
"
"es, qui tient un papier de la ",487756,Main,LOC,,487760," Gauche et
dont la mnain droit"
ui tient un papier de la Main ,487761,Gauche,PER,ORG,487767," et
dont la mnain droite, dans"
" d'un pisiolet, s'approche de ",487866,Canonnier,LOC,MISC,487875,".
 Vouséteslenommé Canonnier"
"Canonnier.
 Vouséteslenommé ",487896,Canonnier,LOC,,487905,", Jean François..
J'aiun mand"
" Vouséteslenommé Canonnier, ",487907,Jean,LOC,,487911," François..
J'aiun mandat d'a"
"s bras du père dHlélene.
a. ",488079,Gaaie,PER,LOC,488084,", a  s Leme, ene les n
Ah! oui"
"̀re dHlélene.
a. Gaaie, a  s ",488091,Leme,LOC,PER,488095,", ene les n
Ah! oui, il doit c"
"
Jamdis dans les marecages de ",488467,Cayenne,PER,LOC,488474,". Mais ilsdiiqu
estinutile de "
" de aase dtate e e e ae e a 
 ",488913,Entrer,PER,,488919,", ditclle.
Cest le mouchard, c"
"i, ilsalue obséquiensement.
 ",489028,Mademoisclle,PER,LOC,489040,", je suis chargé d'une missio"
"de colere.
Non, certainement, ",489264,Mlademoisclle,LOC,MISC,489277,", mais...
hihien, je vousprie "
" ce mandat.
a ----
RUIS
ENTIN ",489385,SEULS,PER,,489390," :...
Après le départ du pol"
" était certainement faite en
",489988,Jeur,PER,LOC,489992, nom: mais comment l'accueille
"ment l'accueillerdientils ? F
",490036,Berait,PER,,490042,"-clle, mieme, retourner cher l"
"ésous d tommpre le
SilenCe.
 ",490305,Mademoiselle,PER,,490317,", dis-je pendant qu'elle sembl"
"mpt.
LE VOLEUR
----
 D'abord, ",490477,Monsicur,PER,,490485,", je vous cn pric, veuilley
me"
"it que la faire
SORAriT.
Non, ",490807,Mademoiselle,PER,MISC,490819,", il n'y a rien a tenrer en
La"
"le, il n'y a rien a tenrer en
",490847,Laveur,PER,LOC,490853," de votre pere, du moins pour "
" votre pere, du moins pour le ",490886,Moment,LOC,MISC,490892,".
Rien, dbsolument rien. Plus "
"u présentd.
-- Certainement, ",491171,Mademoiselle,PER,MISC,491183," ; je n'ai point
Thonneur d'et"
"es quelles soient, et
si vous ",491424,Croyer,PER,LOC,491430, que je puisse vous etre Utilc
"ppréhender
de retourner cher ",491731,Mre,PER,,491734," de Bois-Creault, vous penser
"
"suis bien renscigne. Son kls, ",492323,M.,PER,,492325," Armand de Bois-
Créault, n'a"
"randes guides. Ouantd
 Mme de ",492458,Bois,MISC,,492462,"-Créault, C'est une femme don"
"eoide ment
Je sursaute sur Md ",492770,Chdisc,PER,MISC,492776,".
Vne...?
 Oui, vous aver bien"
"écie... Je vous prie
encore, ",493000,Monsicur,PER,MISC,493008,", de ne poini vous tormaliser "
"s n'ignoricr rien de mon cxis
",493412,Tegefiaciae,MISC,LOC,493423," et Hélene poursuit .
 Mon pe"
e était au service de Hme de ,493593,Bois,MISC,,493597,"-Créaull
et que je mne trouva"
"omment oi
Ce Malheur survint. ",493682,Wtme,MISC,,493686," de Bois-Créault résolut de
"
"i
Ce Malheur survint. Wtme de ",493690,Bois,MISC,,493694,"-Créault résolut de
ne plus "
" comme sd fille et qu'elle
1. ",493874,Mceruois,PER,,493882, e rite Aarue ue oupsiegre e d
" ue oupsiegre e de ue e l e
. ",493925,Vavaie,PER,,493931, d per dres quiee aue cuanee e
"r
 
264
LE VOLEDR
cher Mme de ",493998,Bois,MISC,,494002,"-Créaul, jétais jolie, dmusa"
". Vous avez entendu parler de
",494250,Barrord,PER,MISC,494257,"
 Le premier président a la C"
"d
 Le premier président a la ",494286,Cour,MISC,ORG,494290," des Complicd
Tions ?
 Tuimeme"
mier président a la Cour des ,494295,Complicd,PER,,494303,"
Tions ?
 Tuimeme. Depuis troi"
"és des voleurs... De
puis... ",494795,Depuis,PER,,494801,", j'ai tout subisans rien dire"
e de la haine et du dégout ; ,496197,Mtme,LOC,,496201," de Bois-Créault
aussi, d la "
"e, mais p2s dssc7. Ils ne le
 ",496683,Seront,PER,,496689, jamndis dsscT. Le hls dépens
"ettrait d sec les
caves de la ",496806,Banque,LOC,ORG,496812,. Et sa mère en est tolle ; c
... Ahl j'ai da couter cher d ,497001,Barrot,PER,,497007,".
 Mais, dis je, M. de BoisCre"
"cher d Barrot.
 Mais, dis je, ",497024,M.,PER,,497026," de BoisCréault, le père, ne"
" rien ? C'estinconcevable...
 ",497113,Luis,LOC,PER,497117, S'écrie flélene en se levan
 d essayé de mettre le feu d ,498041,Choiel,PER,LOC,498047,",
le lendemain. Isennuie tant,"
"n premier président que j'ai
",499529,Volé,MISC,,499534,?... Comine Cest Ratteur pour 
"ue j'ai
Volé?... Comine Cest ",499551,Ratteur,PER,,499558," pour Mon Amour
Propre
 Vousne"
"ait
un voleur. Penservous que ",500227,Mtme,LOC,,500231," de Bois-Créault me
l'avait l"
"ni
histration qui la fourre d ",501484,Saint,PER,,501489," lardre d Som gré.
Ctje vous "
"re d Saint lardre d Som gré.
",501509,Ctje,LOC,,501513," vous y ferais crever, d Sdint"
"uand clle vous a dit que vous
",502231,Retrouverier,PER,,502243, personne pret a s'intéresser
"
porté en quitrant lhotel de ",502515,Bois,MISC,,502519," Creaulr. Hime Idd
m'a donné "
est toutce que je possède au ,502626,Monde,PER,ORG,502631,".
 Non, vous posséder davanta"
"ntage. Votre père est
riche. ",502688,Mlalheureuscinent,PER,LOC,502705,", sd fortune est en Amerique
e"
"ne ferai rien
Glisser dans es ",504045,Manches,PER,,504052,".
 Si vous vouler, répond fle"
"cn que nous ne
trouverons p2s ",504167,Grandchose,PER,MISC,504177,".
lPas Grandchose, en cfet. De"
"ire davantage pour le moment.
",504851,Ecouter,PER,,504858, - et elle frappe sur les papi
"ant ; je nai
Qu'd mnettre mon ",505900,Chapean,PER,LOC,505907,".
Attender! Il est nécessdire"
orie doen nuedecte e Poatense ,506311,Ponrte,MISC,,506317," Lacietiese
Le faire dans un i"
 en veuve d'un coloncl tue an ,507210,Lonliin,LOC,PER,507217,"
 et tous les papiers nécessd"
"es , on nele.
LE VOLEUR
272
i ",507622,Shivra,LOC,MISC,507628," sans doute pa5... Lener, flel"
" basse, l'air déconlit.
 Ahs ",508003,monsieur,PER,,508011," Randal, dicil, quel malheur)
"
"'air déconlit.
 Ahs monsieur ",508012,Randal,PER,,508018,", dicil, quel malheur)
Vne arr"
"lque chose de spécial contre
",508401,M.,PER,,508403," Canonnier, SaveT-VouS...
 Ne "
" tout de suite. Ah
joubliais. ",508613,M.,PER,,508615," Roger vient d'Atriver...
 Rog"
"iver...
 Rogerla Tlonte
 Oui, ",508663,Monsicur,PER,,508671," Randdl.
 Dites lui qu'il mont"
"Rogerla Tlonte
 Oui, Monsicur ",508672,Randdl,PER,,508678,".
 Dites lui qu'il monte immed"
"temnent. Cest lui
Qui fera md ",508740,Course,PER,MISC,508746,".
 Ahs gémit Chorelier, la la"
"ce dans cing mi
MuICS.
 Bien, ",509060,monsieur,PER,,509068," Handal, commptersur inoi, pou"
". Il entre, la bouche
pleine, ",509236,la,PER,,509238," Serviette autour ducon.
272
 "
"l entre, la bouche
pleine, la ",509239,Serviette,PER,,509248," autour ducon.
272
 LE VOLEUR
"
"que W.
faisdis donc a Paris ? ",509391,Broussaille,PER,,509402," disdit qu'on lavait
nomme jug"
"e prix... Lt, dis donc, il en ",509465,Cst,PER,LOC,509468," arrivé,
des histoires !... C"
"ri
Vant... Ju sdis, il y A un ",509617,Lameuy,PER,LOC,509623," coup d risquer.
C'estpourgd q"
"ose
tout de suite. La Klle de ",509774,Canonnier,LOC,,509783," est en danger ic
et je veuy l"
"devant Chotel:
 Deuz, répond ",509899,Rogerla,PER,,509906,"-flonte: je les di Vus,
ils mo"
"de chaque coté de la porte.
 ",509983,Bon,PER,,509986,". Lu vas aller a Ixelles, rue "
"a porte.
 Bon. Lu vas aller a ",510003,Ixelles,MISC,LOC,510010,", rue Clementine,
tusdis:
 Par"
". Lu vas aller a Ixelles, rue ",510016,Clementine,PER,LOC,510026,",
tusdis:
 Parblen,
 Les rouss"
stil : Heufheures. Previens l',510360,Anglaise,PER,LOC,510368,"
que je serdi. Cher clle vers "
"iens l'Anglaise
que je serdi. ",510383,Cher,LOC,PER,510387, clle vers onre heures et demi
do Cangube Aaie la fe ríe le ,510530,Me,PER,,510532," Coupes mn
I descend lescalier"
Cangube Aaie la fe ríe le Me ,510533,Coupes,PER,MISC,510539," mn
I descend lescalier en Cou"
"pes mn
I descend lescalier en ",510566,Courant,PER,MISC,510573,".
 Fhl bien, dis je a Tlélene"
" mon plan : je vais exiger de
",510803,Mme,PER,,510806," de BoisCréault, sous la mena"
"envoie son kls me demander Md
",510902,Main,LOC,MISC,510906,".
 Son kls! Vous marier avecso"
"iquet, come les cocottes, ou.
",511392,Mdis,LOC,,511396, je ne veuw pas etre une cocot
"soin d'un nom, d'un vrai
nom. ",511502,Jesuis,PER,,511508, Mlle Canonnier. Il faut que j
"un nom, d'un vrai
nom. Jesuis ",511509,Mlle,PER,,511513, Canonnier. Il faut que je soi
"m, d'un vrai
nom. Jesuis Mlle ",511514,Canonnier,PER,,511523,". Il faut que je sois Hime de
"
". Il faut que je sois Hime de
",511553,Bois,MISC,LOC,511557,. Ctéault. - He me dites pas 
"me dites pas que cesgensl re-
",511604,Luseront,PER,LOC,511612,. Il n'Oserontpasrcfuser. IIn 
"esse de robe, et Surtout Bay-
",511863,Totl,MISC,PER,511867,"... Barrot! II faut qu'ilsoit,"
"able... Ohl soyer tranquille,
",512135,Continue,PER,,512143," flelene, ce n'est que le mari"
 d'état civil qu'il me faut. ,512227,M.,PER,,512229," Armand de
Bois. Créault ne S"
"te etrangère et auzqucls son
",512597,Corps,PER,LOC,512602,", inéine, ne participe que pa"
", car il serd certain, après
",513311,Celd,LOC,PER,513315,", Que Mme de Bois Créault ne "
"erd certain, après
Celd, Que ",513321,Mme,PER,,513324, de Bois Créault ne le ferd p
Bois Créault ne le ferd plus ,513358,Chanter,PER,MISC,513365,".
 En cffet, murmyre Klélene "
s que je passerai a lhotel de ,513603,Bois,MISC,,513607,"-Créaul.
 Vous n'y resterer q"
mne linterdisent. Je resterai ,514055,Mtme,LOC,,514059," de Bois-
Créault, honnète e"
qu'on n'écrit pas. Davervous ,514275,Sils,MISC,,514279," Re
pourraient point tirer par"
"ni... Maintenant, descendons,
",515530,Relène,MISC,LOC,515537," , il est nenfheures et demie "
" nous
escorter. Iwelles est d ",516285,Gauche,LOC,ORG,516291,". Je prends a droite.
 Nous so"
"ond de train, Kile comtne une ",516785,Reche,PER,,516790,". Leslan-
ternes du hacre para"
" semble
woir toutinon averir, ",517654,Coutalheure,PER,MISC,517665,", quand nous pas
sions d toute"
"e, d inesure que j'avancerdi. ",517947,Me,PER,,517949,"
Denser yous pas que ce serd h"
"d inesure que j'avancerdi. Me
",517950,Denser,MISC,PER,517956, yous pas que ce serd horrible
"s netes pas tait pour etre un
",518561,Voleur,PER,MISC,518567,", Vous aver assc2 d'argent pou"
"le..
 Nayer pas dinguiétude, ",519813,monsieur,PER,,519821," Randal,
me dir cette veuve de"
"8
LE VOLEUE
pourrai vous etes ",520102,Mtile,PER,,520107,... Je n'oublierai pas Quc vou
"ice.
En rentrant d l'hetel du ",520186,Roi,PER,,520189," Salomon, j'aperçois
les deux"
i m'attend en accuinulant des ,520501,Croquis,PER,,520508," Sur un dl
buin quil d acheté"
"cn passant, dans les Caleries
",520570,Baint,PER,,520575, Tlubert. Jout d cté pour le 
" Jout d cté pour le mieuz.
- ",520614,Chouette,PER,,520622,", dit Roger. Lu me raconteras "
"e coup est d faire, non pas a ",520749,Bruzelles,MISC,LOC,520758,", mais.
a Louvain. C'est Stép"
"lques démarches
cesjours-ci. ",521184,Ftmeine,PER,LOC,521191,", Comme j'ai quelquun a voir
d"
"'un camdrade, C'est
Sacré... ",521458,Bonsoir,PER,,521465,".
C'est surtout pourreléchir "
"ue je veux me retirei
Aans ma ",521526,Chambre,PER,,521533,. Mais le sommmcil a bien vite
 Je vais Commencer par lhotel ,521866,Mten,LOC,,521870,".
Velle.
J'ai ld main heureuse"
".
Je lui fais passer md Catte
",522011,Georges,PER,,522018," Randal
INGENIEUE
Collaborateu"
" fais passer md Catte
Georges ",522019,Randal,PER,,522025,"
INGENIEUE
Collaborateur a la "
"
INGENIEUE
Collaborateur a la ",522055,Revrie,MISC,,522061," Pénitentiaire
----
NUTS
COMB"
"t
SAr.
 e conndis beaucoup un ",522616,M.,PER,,522618," Randdl...
 M. Urbain Randal: "
"dis beaucoup un M. Randdl...
 ",522630,M.,PER,,522632, Urbain Randal: C'est mon oncl
" beaucoup un M. Randdl...
 M. ",522633,Urbain,PER,,522639, Randal: C'est mon oncle. Je s
"up un M. Randdl...
 M. Urbain ",522640,Randal,PER,,522646,": C'est mon oncle. Je saisen
e"
"ncle. Je saisen
eket, Monsieur",522689,",",PER,,522690, qu'il a lhonneur d'etre de Vo
"l m'oktrait.
dans s2 villa de ",522855,Maisons,PER,LOC,522862,".Lahtie et jaurais eu ceridi
M"
"yé vers vous par
Mhe Helène ",523559,Canonnier,LOC,,523568,".
Barrot ne répond point. Son"
"neur, d'être très lie avec.
",523816,M.,PER,,523818," Canonnier, nousnous soimes re"
"ccadéc.
 Je conndissais donc ",524246,M.,PER,,524248," Canonnier. Mais je
n'avis jam"
"USARE
Du moins, disje avec un ",524576,Geste,PER,,524581," presque épis-
copdl, telle e"
"116.
282
LE VOIEUR.
ooccuper, ",524737,Monsicur,PER,MISC,524745,", et qui vous laisse ignorer b"
ons exécutées au noim de ld ,524825,Justice,PER,,524832,",
Vous d Certaineinent permis "
"nent permis d'apprendre Comen
",524880,M.,PER,,524882," Canonnier fut ravi, hier soir"
"mnent pénible..
Mue flelène ",525001,Canonnier,LOC,,525010,", restée scule, avecmoi, m'av"
" sd personne, mais Cucore
Nne ",525258,Certaine,PER,,525266, quantité de lettres fort int
"e les épaules.
 Récllement, ",525404,Monsieur,LOC,PER,525412," ? Mlisérable ?... Ditesmoi
d"
"e presentais A Vous au Hom
de ",525850,Mle,PER,,525853," Canonnier, et pas au mien. Ce"
"esentais A Vous au Hom
de Mle ",525854,Canonnier,PER,,525863,", et pas au mien. Ce nsst pds "
"lélène ré.
Clame de lui.
- ",526296,Mtle,LOC,,526300," Canonnier, dis-je, n'a point "
"̀ne ré.
Clame de lui.
- Mtle ",526301,Canonnier,PER,,526310,", dis-je, n'a point de positio"
" Thl bien... Lener, Monsieuy,
",526568,Continuetil,PER,LOC,526579," étendant ld main, joublie ce"
" se faire
entendre. Kelas! la ",528036,Justice,PER,MISC,528043," est ouverte a tous. Leres
tau"
"Paillard aussi... F1 puis, la ",528108,Justice,PER,MISC,528115,", les lois..
Des mots, des mot"
" son siege et lon rend sd sii
",528932,Marre,PER,,528937,", Ch disant pourquoi.
En venan"
"totp0s.
sible : et a ottrir d ",529197,Mle,PER,,529200, Canonnier relle sommme quelle
"0s.
sible : et a ottrir d Mle ",529201,Canonnier,PER,,529210," relle sommme quelle
Aurait pu"
"e dire, Mon.
Sicur, Que Mtlle ",529401,Canonier,PER,,529409, désire se creer une position
"us ave
Soixante an5, mon cher ",529770,Monsicur,PER,MISC,529778,", dont quarante de
magistratur"
", votresacrifice expiatoire ? ",530063,Diable,MISC,,530069,"
il n'est pas dur. A moins que"
"gi
avecbonte, vous rester des ",530852,Egoistes,LOC,MISC,530860,", vous aver bedu.
vouloir fait"
"ouve, hier soir, lorsquon cst
",531191,Venll,PER,LOC,531196," arrèter son pere, sur Vos or"
"simples...
Rien ne se repare, ",531797,Monsicur,PER,MISC,531805,", ct rien ne se pardonne.
On p"
" fatique ou par dégout, mais ",531985,Onne,MISC,LOC,531989,"
pardonne pas. On ne pardonne "
"ne pardonne jamais... Voyons,
",532037,Monsicur,PER,MISC,532045,. Me Canonnier désire se mari
"e jamais... Voyons,
Monsicur. ",532047,Me,PER,,532049, Canonnier désire se marier c
"amais... Voyons,
Monsicur. Me ",532050,Canonnier,PER,,532059," désire se marier ci clle
You"
viter un scandale. C'est avec ,532332,M.,PER,,532334," Armand de Bois-
Créaultque m"
"aultque mad...
286
LE VOLEUE
 ",532385,Jamais,PER,,532391, ! sécrie Barrot qui se leve 
"6
LE VOLEUE
 Jamais ! sécrie ",532402,Barrot,PER,,532408," qui se leve en hiappant
la ta"
"Vous entender? Id
Mais :...
- ",532551,Coiine,PER,,532557," vous voudrer, dis je tres tra"
"c., Ctc., So4t prévus
par le ",533080,Code,LOC,MISC,533084,", je crois : Ouelle kgureterer"
"e kgureterervous du pro.
Ces, ",533132,Monsieurd,PER,MISC,533141," :
 Barrotne répond pas. Appu"
"e par l'angoisse, Id Sucur au ",533232,front,PER,,533237,", il kiye surmoi
Ses yeuy haga"
"et
tain que réclarne de vous ",533532,Mfte,LOC,,533536," Canonnier :
 Je l'aime l'crie"
in que réclarne de vous Mfte ,533537,Canonnier,LOC,MISC,533546," :
 Je l'aime l'crie Barrot, J"
"gdit dlors comme cille men me
",535006,Nace,MISC,LOC,535010, aujourdhui... Cette crainte d
"! Je l'aime d cn
mourir, d en ",535228,Crerer,PER,MISC,535234,", ld, Corie une bete...
Il se "
"..
Il se laisse tomber sur la ",535285,Chdise,PER,LOC,535291,", cache sd tète dans
Ses mdin"
"d formules dont le coeur. fut
",535584,Ecrase,PER,LOC,535590, sous les sgualides grimoires 
"mble, vous pourrer dire d
Mle ",536017,Canonnier,LOC,MISC,536026, que je ferai selon son désir
"ferai selon son désir et que
",536064,Virdivoir,PER,ORG,536073,", des ce soir, Htme de BoisCre"
" Htme de BoisCréault. Vousne
",536117,Youler,PER,,536123," pas, sans doute, me donner l'"
"te, me donner l'adresse de
Me ",536167,Canonnier,LOC,MISC,536176, ? Hon. Bien. C'est donc sous 
" I Ajoute til anxicuscinent.
 ",536383,Mon,PER,,536386," Dienl Monsicur, dis je en sou"
"joute til anxicuscinent.
 Mon ",536387,Dienl,PER,,536392," Monsicur, dis je en souriant,"
"til anxicuscinent.
 Mon Dienl ",536393,Monsicur,PER,,536401,", dis je en souriant, vous
You"
entendrer d cesnjet avec Hfle ,536463,Canonnier,LOC,PER,536472," quand
elle serd Htme de Bois."
"rnière, saluée par les Rons ",537097,Rons,MISC,PER,537101," de
l'orchestre, duy Applaudis"
"issemnents du parterre et des
",537159,Paleries,PER,LOC,537167,".
Je l'ai mise an courant de c"
"a écouté avec le plus grand
",537277,Caline,PER,LOC,537283,", Sans Manifester ducune emoti"
"it des occasions ou les faire
",538619,Raitre,PER,LOC,538625,", demcurer perpétuellement su"
"end fremir, toute sd grace de
",539455,Reur,PER,LOC,539459," printanière, la splendeur tr"
"Ouclle joie on
eprenree Mar d ",540049,Eois,LOC,,540053," Cicauly se somt décidés au
"
" décidés au
maridge. Parbleu",540099,!,MISC,,540100," Canonnier, de Mards ou il se
"
"écidés au
maridge. Parbleu! ",540101,Canonnier,LOC,,540110,", de Mards ou il se
trouve, d "
"ridge. Parbleu! Canonnier, de ",540115,Mards,PER,MISC,540120," ou il se
trouve, d donné son"
" a dit flélene ch pleurant :
",540245,Croyer,PER,LOC,540251, vous que. Rous pourtons. le f
"e mo
Ment venl.
u'a pu penser ",540472,Canonnier,LOC,MISC,540481," du mariage de sa kille ?.
Je "
"e donner de mes nouvelles prr
",541030,Mtme,LOC,PER,541034, Tda : et si par hasard j'avai
"laches:
Flle me tend la mais, ",541231,Monte,PER,LOC,541236," dans la voiture qui
lattend e"
"rand trot. Flle. Va retrouver
",541311,Mtme,LOC,,541315, de Bois. Créanilt qui est ve
"t. Flle. Va retrouver
Mtme de ",541319,Bois,MISC,,541323,. Créanilt qui est venue ce m
"venir. la. rejoindre d
lhotel ",541481,Mengelle,PER,,541489,. Elle serd ce soir a Paris...
"u'elle a évoqué en moi. des
",541729,Sentiments,PER,,541739, et des souvenirs que j'avais 
"eunesse qu'on m'avdit
mise en ",542031,Cage,LOC,MISC,542035,. Fr clle vient de se presente
"oir, Ce serd le cambriolage d ",542256,Louvdin,LOC,MISC,542263,", avec Ro.
Per la flonte, sur "
"sayee, ct vous avicrraison,
a ",542950,Bruvelles,PER,MISC,542959," , je suis tres forte. Si vous"
"erier pas Cnnuye,
non plus. Oh",543125,!,MISC,,543126, la cérémonie n'a rien cu de
"é de citations latines, du
u ",544042,Requisitoire,PER,,544054, d travers les Ages ! o Aurier
"ses, et des mensonges.
et des ",544208,Mensonges,PER,MISC,544217, ! - Il en pleuvait. Penser si
"C'est fait. Je suis
Madame de ",544318,Bois,MISC,,544322,-Créault. L'église le procla
"ie femme - Id femine
forte de ",544795,lEvangile,LOC,MISC,544804,", mon cher. - Ft, tener, pou
v"
"us écrire, un roman
des plus ",545168,Curicus,PER,LOC,545175,", des plus birarres et des plu"
"ulée
robc blanche une de ces ",545340,Reurs,PER,,545345," d'oranger, symmbole de
purcte"
"itions ne me manquent pa5, au
",546030,Moins,PER,LOC,546035," pour Comtencer. 
Je jette les"
"e manquent pa5, au
Moins pour ",546041,Comtencer,PER,LOC,546050,". 
Je jette les lettres dans U"
" Un tiroir, ct je ramasse ld.
",546108,Reur,PER,LOC,546112, d'oranger qui vient de tomber
"uts de chitfons poissés de
. ",546324,Colle,LOC,,546329, - Saleté . on inet gd sous g
"des noyes
Auy murailles de la ",546711,Morgue,PER,,546717,", ces débris de choses vé.
C"
"nt ai
Présent... Je lance la ",547033,Reur,PER,LOC,547037," dans le ten qu'Annie vient
d'"
"et lugubre combe d'un ciel b2
",547196,Comine,PER,LOC,547202," une voute de cave, lueur de S"
"e une voute de cave, lueur de ",547231,Soupirdil,PER,,547240," agoni
Jantsans reRets dans la"
"uis un mois, depuis que nous,
",547406,Sommes,MISC,LOC,547412," revenus de Belgique, Roger ld"
"s que nous,
Sommes revenus de ",547424,Belgique,MISC,LOC,547432,", Roger ld Tlonte et
inoi, apr"
"revenus de Belgique, Roger ld ",547443,Tlonte,MISC,,547449," et
inoi, après aroir fourni "
rnalistes de Louvain. Tristel ,547551,Vristel,PER,,547558,"...
on, lélène n'est plus la"
issi inezorables que la hart. ,549240,Libre,PER,,549245," Autant guiil
désirera Vetre,"
 j'écarte les suggestions de ,550314,Roger,PER,,550319,"-l
flonte qui voudrait m'emmne"
"Prendsa pluime desarcasme, de ",550769,Composer,PER,,550777," AR SCTmOn,
un scrmnon oul il "
"ut etre.
Non, je n'irai pas d ",550962,Venise,PER,LOC,550968,". Tant pis pour Roger.
 la Flo"
il attendra. Je n'irais pas a ,551034,Venise,PER,LOC,551040," memesi
jetais sur d'y trouver"
rder jeterson annedu dans les ,551138,Rots,MISC,LOC,551142," de l'Adris.
tique. J'aime mie"
son annedu dans les Rots de l',551148,Adris,PER,MISC,551153,".
tique. J'aime mieuy passer m"
"lle.
tlle venuc. Qui est ld ? ",551279,Broussaille,LOC,PER,551290,". Près bien.
Afaire conchue.
"
"nneteté l'abandonne n, a dit
",551680,Jean,PER,,551684," Jacques, et c'est dssc7 juste"
"cux habi
Tués du caté de la ",552348,Mlairie,PER,LOC,552355,", cn province . rentiers d
Cer"
"bi
tudes ct leurs manlics. Je ",552549,tiens,MISC,,552554," commpre des unes et des
autre"
"ouillent dans ces
repaires du ",553179,Crime,PER,,553184," cosmopolite, tous les vices s"
"s rouges. Ce sont
les Crandes ",553498,Assises,PER,,553505, de l'immoralité tenues dans 
"ans les
oussols de la tour de ",553561,Babel,PER,LOC,553566,".
Enteressant ? Certainement. "
"s dans les Couloirs
du Calais ",553787,Bourbon,PER,,553794,", cette apresmidi, que je n'en"
 comtme Dandin et cocus comme ,554085,Mtarc,PER,,554090,"
Aurèle. Lgnominie d'un coré"
"́rence, cntre une orgie bouf-
",554539,Geoise,PER,LOC,554545, et une ripaille d'escarpes : 
" les regarde, ces souteneurs. ",555102,Mon,PER,,555105," Dicul ce.ne
Sont pas du tout "
 histoires qu'dime a débiter ,555532,le,PER,,555534," monsieur qu
paye a la marchan"
stoires qu'dime a débiter le ,555535,monsieur,PER,,555543," qu
paye a la marchande d'amno"
archande d'amnour. II parle a ,555588,Ccur,LOC,PER,555592," Ouvct,
ce monsieur ld. Secret"
nde d'amnour. II parle a Ccur ,555593,Ouvct,PER,,555598,",
ce monsieur ld. Secrets de f"
"ur. II parle a Ccur Ouvct,
ce ",555603,monsieur,PER,,555611, ld. Secrets de famille et d'a
"nti
tnents et ses sensations, ",555737,Ctses,PER,,555742," Charmes particuliers et
ses d"
"vre tout a la prostituée. le
",555826,Marlou,PER,,555832,", Confident naturel de ces con"
"sthetiques , et il caresse
ed ",555993,Maitresse,PER,,556002, pour lui faire oublier les re
 Ils Se sont mis au diapason: ,556373,Leurs,PER,,556378," femmes
Vayent leur dot après"
", rien ne les sépare plus, d
",557595,Veeil,PER,LOC,557600," nu, ducommun des mortels. Ce "
retuse de la remplacer parune ,558609,Danoise,LOC,,558616,". Je veux avoi
le temps de ple"
" avoi
le temps de plenrer mes ",558655,Veuves,PER,MISC,558661,".
i Pleurs de commande ! Larme"
is vous prener bien la Vie de ,558802,Bohene,PER,,558808,".
 Au sericur, Ct vouls mouill"
"ouchoirs quand
Muserte quicte ",558877,Rodolphe,PER,,558885,", d tous les coins de page,
po"
" chez des banlguiers,
Lorsque ",558972,Mlimilache,PER,,558982, Mlarcel sous des prétextes q
"anlguiers,
Lorsque Mlimilache ",558983,Mlarcel,PER,,558990," sous des prétextes quinen
So"
tre peau comine la tunigve du ,559879,Centaure,PER,,559887,"..
- C'estbien fait, me dit Pa"
"ller cher-
e
1.
LE VOLEUR
302
",560168,Cher,LOC,,560172, des Reurs blenes dans le ruis
"-
e
1.
LE VOLEUR
302
Cher des ",560177,Reurs,PER,,560182, blenes dans le ruisscau aulic
" Ma
lu mes articles dans la u ",560459,Revue,PER,,560464," Pénitentiaire n et pré.
ten"
" que m'a faites ce
malheureux ",560929,Canonnier,LOC,MISC,560938,". Mais je ne me ke pas a Pa
 t"
'un pingre!... C'est un Lurc. ,561160,Bientot,PER,LOC,561167,", on ne
pourra plus rien faire"
i di meublé pres de Waterloo ,561889,Road,LOC,,561893,", ou
clle vit fort satisfaite."
"e. Je passe pour un bon papd,
",561951,Veuf,LOC,PER,561955," et pas très riche, point ezi"
 : et vous passersur Waterloo ,562266,Bridge,PER,,562272,",.
un pont qui ne sappelle pas"
"ernel sac qui contient souven
",562377,Maclortune,PER,LOC,562387,. Un de ces soirs vous Serer a
" ne ld
cherche p2s. Lourner d ",562694,Gauche,PER,ORG,562700,", tournez a droite,
wous étes"
ut du fossé -- Oudubout dune ,562816,Corde,PER,,562821,".
Roger la Tlonte ne pense pas"
" sur ses gonds.
Me voici dans ",563563,la,LOC,,563565, place. Il y fait noir commme 
"r ses gonds.
Me voici dans la ",563566,place,MISC,,563571,". Il y fait noir commme dans
T"
". Oui... Won. Pourtant... Si, ",563696,Guelqunn,PER,MISC,563704,"
est cache ici, j'en mettrais "
umner md lanterne. Flommme de ,563955,Dien,MISC,,563959,", yestui
Cestarcoup de pistole"
"istolet qui me répond, comme
",564013,Jenfamine,PER,LOC,564022," une allminette.
a e --

L.E V"
"ute md force.
Mais lhomme. de ",564242,Dieu,MISC,PER,564246," cst sur. mes talons, Criant,
"
"pas Un Cherin transversdl, un ",564561,Gudi,MISC,,564565," Seulerient,
tout au bout... I"
" ! J'approche du qudl. II nyd
",564710,Versonne,PER,,564718," devant moi, heureusement... S"
"avcc... Ah! non! Pas jouer ce
",565016,Jeuld,PER,LOC,565021, ; Ca coute trop cher i Un cou
"...
Hon lLhomine au pardessus ",565492,Couleur,PER,,565499," muraille s'est
mis a Courir d"
"i. Je suis ereinte, d bour de
",565571,Jonfle,PER,,565577,". Il m'atteint, il estsur moi."
"énebres, lhomme au
pardessus ",566216,Couleur,PER,,566223," muraille et moi.
tener, done "
 (aress ait i en trottant ane ,566282,Alamete,PER,MISC,566289,".
Nous montons. TIn étage. De"
"te.
Nous montons. TIn étage. ",566317,Deuretages,PER,LOC,566327,".
 Attender mnoiici, me dit il"
"sl
woix dune femme.
 Cestrois ",566456,Bonsoir,PER,,566463,". Qu y avait il donc, dans la "
"lui, dont je ne
arviens pas d ",566565,Sdisir,LOC,PER,566571," un inot. Ga ne fait rien, cet"
"̧ant d'inventer une
histoire, ",567389,Egure,PER,MISC,567394," toi...
aivès des Me eceice  "
"oire, Egure toi...
aivès des ",567413,Me,PER,,567415," eceice  deme e, eurorile Eeem"
"emae 
LE VOLEUR
 305
Taitnous ",567485,Cntendre,PER,,567493,", et cest inutile. Je lui ai d"
endae ter baceau demain eoit. ,567740,Drie,MISC,PER,567744,".
12, reste cher mnoi, cest pl"
"on lui
d presenté cointne un ",568121,Conspirateur,PER,LOC,568133,".  Il est entendu
que je. Couc"
" mdis qui est
absente pour le ",568267,Moment,LOC,MISC,568273,".
Albertm y a conduit, dans ce"
" tenu d rester Français, re-
",569136,Venant,PER,LOC,569142," en Belgique et hnissant, avec"
"te cxistence humble et terme, ",570319,Mdis,LOC,MISC,570323,"
.Q'illumine pourtant, commne "
"leur bonheur...
leur bonheur! ",570751,Estil,PER,,570756," récl, ce bonheur ld J Estil
"
" Estil récl, ce bonheur ld J ",570780,Estil,PER,MISC,570785,"
possible, Sculernent, avec un"
" une vie besogneuse, faite
u. ",570842,Souci,LOC,,570847," du lendemain, des humiliation"
es chagrins qui l'assaillent. ,571344,Ennuis,PER,,571350," vrilgaires, Chd
LE VOLEDR
307"
"vrilgaires, Chd
LE VOLEDR
307
",571381,Grins,PER,,571386," prosaiques, mais Crucls, tout"
"ques, mais Crucls, tout aussi ",571423,Louloureun,PER,LOC,571433,"
que les plus grandes souttran"
" dont ils ne sont qu'd moitie
",571537,Aupes,PER,LOC,571542,", d fond. Leurs bdisers dévor"
" qui voudrdient les crisper..
",571748,Caleriens,PER,ORG,571757," par conviction, tous les deux"
"l2
misère ; ct pas d'arnour. ",572042,Jamndis,PER,,572049,". Jamdis.
Pauvre Albert!... Vo"
e ; ct pas d'arnour. Jamndis. ,572051,Jamdis,PER,MISC,572057,".
Pauvre Albert!... Voilique j"
"ses, que je voudrais oublier. ",572234,Jy,PER,,572236," pat-
 Viendrai peutetre, avec"
"je voudrais oublier. Jy pat-
 ",572243,Viendrai,PER,LOC,572251," peutetre, avec le temps. Fnki"
"flonte et de l'aciom
fagner d ",572533,Venise,PER,LOC,572539,. Je l'attends justement ce so
"on entant - A notre cnfant...
",574843,Notre,MISC,,574848," enfant!... Elle est ld, a cot"
" Annie, lui d prepare dans
ma ",574950,Chambre,PER,ORG,574957,". Une jolie petite klle, blond"
"ant ! Ia pauvreté et les cha
",575460,Grins,PER,LOC,575465, n'ont pas cncore mis leur mar
"lent de l'éclat étrange des
",575568,Jeur,PER,,575572," désespères, l'éclat vit et"
robe noire d'ouvrière... AhI ,575724,Dien,MISC,,575728," de Dicu!...
 Ea voici. Elle r"
re d'ouvrière... AhI Dien de ,575732,Dicu,MISC,,575736,"!...
 Ea voici. Elle rentre, t"
 j'ai vu qu'elle soulfrait de ,576125,Mauy,LOC,,576129,"
 de tete, que son front érai"
", d Cyd.
 mine attentivemnent ",576445,la,PER,,576447," petite, n'a tien voulul presc"
" Cyd.
 mine attentivemnent la ",576448,petite,PER,,576454,", n'a tien voulul prescrire,
n"
"séla
nuit dans. les transes. ",576838,Iliet,PER,LOC,576843,", clle n'allaitfpas micuy ;
Cl"
"'ancienne temme de chambre de
",577197,Mme,PER,,577200, Montarenil. . Flle ne savait 
" Mais, ce matin, cllea
Acuune ",578313,Crise,PER,,578318,: Une Crise qui na pas dure bi
"atin, cllea
Acuune Crise: Une ",578324,Crise,PER,,578329," qui na pas dure bien long
Com"
"bien long
Commoe aeet ̀ aui a ",578376,Merlne,PER,MISC,578382," a de  e  
 IIy d longtemps, d"
"s, toid...
Je savais, oOUl... ",578670,Mdis,LOC,,578674," Conunentaurdis je pu de.
Vine"
" pas. Ouas-
tu pensé de moi)
",578955,JJe,PER,,578958," neveun pas te le dire, et je "
"e au bout dun instant et cn
i ",579096,Changeant,PER,MISC,579105," de tou, que je mesuisalariné"
"t Charlotte, ce nest. pas td. ",579436,Mditresse,PER,,579445,"
quiest revenue d toi, mdis la"
"ur ma hlle non. plus, mdis... ",579593,Voyons,PER,,579599,",
Georges, regarde mnoi. Pourq"
"nnes, et un grand frisson tne ",580296,Secoue,PER,MISC,580302,".
 Qu'as tu3 demande-t-clle, a"
"ttristée et se mépre.
Nant, ",580362,Naturellement,PER,LOC,580375,", sur ld Cause de mon emotion."
"mière idée, et de l'appeler ",580489,Ceorgette,PER,LOC,580498,". Mais, Hlelène,
c'est un jol"
" feu... il faut l'entretenir, ",580894,Carl,LOC,PER,580898,"
nuit est froide.
 Demain mati"
"e.
Cin ?
 Qui, Certainemnent. ",580989,Demdin,PER,,580995," matin ou plurotce
Tatin, Car "
"uante
MinuICS.
 Et c'estlundi ",581090,Noel,MISC,,581094,", dit Charlotte en soupirant.
"
"t Charlotte en soupirant.
Mon ",581128,Bieu,MISC,MISC,581132, ! pourvu que mnes craintes ai
"s craintes aient été folles
",581179,Bonsoir,PER,,581186,"...
Fllese retire, ferme douce"
"ser des plaintes monotones et
",582543,Maraaleman,PER,ORG,582553,", bob0... Maman... Tobo...
Cha"
"otones et
Maraaleman, bob0... ",582563,Maman,PER,,582568,"... Tobo...
Charlotte la prend"
"ce.
lfaut couper les cheveus, ",583370,Appliquer,PER,,583379," un vesica
. toire sur la nugu"
"gue, poser de la glace sur le ",583437,front,PER,,583442,"...
st.ce la memingite ?
Dui, "
"nte... Quatre vingts...
Cent.
",584735,Ledocteursortet,PER,,584750," Charlotte, immédiaterent, en"
"ngts...
Cent.
Ledocteursortet ",584751,Charlotte,PER,,584760,", immédiaterent, entre
Aans l"
"erchertout desuite, dit Chat-
",585108,Jotte,PER,,585113,".
 Oui, Mais..-
Maisquoi. JDis"
"it Chat-
Jotte.
 Oui, Mais..-
",585129,Maisquoi,PER,,585137,". JDisl Ouoid.
 Ce spécialist"
"otte.
 Oui, Mais..-
Maisquoi. ",585139,JDisl,PER,,585144," Ouoid.
 Ce spécialiste veut "
" Oui, Mais..-
Maisquoi. JDisl ",585145,Ouoid,PER,,585150,".
 Ce spécialiste veut etre p"
" etre payé d'avance... Ane
i ",585203,Grosse,PER,,585209, somme : et je n'di pas d'arge
"as
l'argent cherroi.
 Je fais ",585861,Comine,PER,,585867," tour le mnonde, c'est Thabitu"
 personne dispose d cscompter ,586145,Mics,LOC,MISC,586149,"
 papiers. Les cominerçanis d"
"saille. Je me
fais Conduire a ",587244,Hensington,PER,,587254,". Pourvu quclle soit cher.
 cl"
" soit cher.
 clle
Flle y est. ",587299,Rapidement,PER,,587309,", je la mets au courant des
Ch"
"
 Ahl quel malheur ! s écrie ",587525,Broussaille,PER,ORG,587536,". Si j'avais
pusavoir !... Ili"
" dire qu'elle ests
malade!... ",587728,Liens,PER,MISC,587733,", voild tout ce quejai ici : Q"
"ante livres, metne cent. Cing ",588037,Mirutes,PER,MISC,588044,", poue
m'habiller, je pars, et"
cocher l'adresse du bureau de ,588976,Paternoster,PER,LOC,588987,". Je me suis
SOuvenu, Subiteme"
" marche
aussi bien le jour de ",589316,Paques,PER,MISC,589322," que cehui de la Prinire.
lles"
"nt... Six
heures moins deux a ",589474,Saint-Pauls,PER,MISC,589485,"... Mais, du coin de
Qucen Vic"
"uls... Mais, du coin de
Qucen ",589512,Victorid,PER,,589520, Street et de la petite rue oi
"is, du coin de
Qucen Victorid ",589521,Street,PER,,589527, et de la petite rue oil trakq
"que j'ai peur de
aborder Oui, ",589945,Jenipe,PER,MISC,589951,".
Pil ine refusait ce que je v"
"me dont
jai besoin... Ahs bon ",590456,Dieu,MISC,,590460," I... Wais, pourtant, si je
ne"
" payer si cher ne pourra rien
",590707,Ccontre,PER,LOC,590714," le mal, maispent. Ctrequ'illa"
"e, si clle mneurt... Ahl jene
",590922,Rense,PER,,590927," pas i revenir au bien, comme "
"s p2s. Je le suis de loin,
le ",591722,Guette,PER,LOC,591728, comme le fauve doit épier sd
" froid, etsc bom.
bardant dea ",591955,Merry,PER,,591960," Christmnds n, dux voitures de"
", etsc bom.
bardant dea Merry ",591961,Christmnds,PER,,591971," n, dux voitures degri
et deho"
"eurs des numeros spéciaus de
",592043,Gournanx,PER,,592051," illustrés, auK chluminures d"
"lustrés, auK chluminures des ",592084,Cartes,LOC,MISC,592090," sym.
boliques , au7 festons d"
"ill, Flect Srreet, Strand, à ",592249,Merry,PER,,592254," Christ
Mas W..
Je viens de tr"
" W..
Je viens de traverser la ",592295,Jarnise,PER,LOC,592302," ct, sur les traces de
Paterno"
"nel sac, Je
descends Waterloo ",592396,Road,LOC,,592400,". Brusquement, il tourne i
dro"
"c, Je
descends Waterloo Road. ",592402,Brusquement,PER,,592413,", il tourne i
droite et dispar"
oin. de la rue et de Waterloo ,592908,Road,LOC,,592912,", a l'en
droit d'ou j'ai vu Pa"
" faut, le sac que porte Pater
",594020,ROSICT,PER,,594026,".
. Les trois policemen prépo"
"posés d la garde de Vaterloo
",594084,Bridge,PER,LOC,594090, se sont repliés a l'entrée 
"ettent d Sc manger Cntre cuK.
",595195,Devant,MISC,,595201," Sornerset flouse, je saute da"
"piraterie qui caracterisentsi
",595799,Tace,MISC,LOC,595803,". Bonne affaire)
 Lenc2, vicil"
"octeur Scoundrel, dans
Tarley ",595929,Street,PER,,595935,", donner lui ga d'avance et ra"
"s yeux egares.
 Qu'astu fait, ",596398,Ceorges,PER,ORG,596405," ? mne demandetclle
d'une voix"
"eter ses brds autour du
CON.
 ",597123,Pardonne,PER,,597131," mnoi, me dit-elle pendant que"
"st assoupic, pour
le moinent, ",597620,Indis,PER,ORG,597625, si tu avais Vu ces crises... 
"ais Vu ces crises... Viens ld
",597664,Voir,MISC,,597668,".
Ah! c'est ettrayant... Mais "
"ucles blondes,
hnes comme des ",597956,Rocons,PER,LOC,597962," de soic , et un cercle noir
C"
arlet... Comme clle d Grandi! ,598137,Regarde,PER,,598144,". On croirait.
quclle a trois "
"etient d Sonner joyeusement.
 ",598390,Noel,MISC,,598394,! dit Charlotte en se laissant
"fre! Oh)
C'est afreuN...
Qui, ",598511,Noel,MISC,PER,598515,", sainte journée. Jour de pai"
"de veau au blanc dTspagne.
 - ",598718,Monsieur,PER,,598726,", mne ditil, j'ai prévenu Vot"
"dais cent
livres. Aujourdhui, ",598838,Noel,MISC,PER,598842,", yous Comprener... Ell
m'a re"
"in.
 Vraimentd
 Sur lhonneur, ",599886,Monsieur,PER,MISC,599894," ! dit-il en frappant de
la ma"
"venue
i muctte ne laisse plus ",600529,Echapper,PER,ORG,600537," que des plaintes inar-
ticule"
"ette cniant que son étreinte
",601171,Rerechaufierd,PER,ORG,601184," plus... Elle reprend:
 ese eo"
"t
on l'a trouvé sur Waterloo ",602151,Bridge,PER,,602157,", la nuit de Noël,
 Ce pauvre"
" sins doute, de le jeter dans
",602504,Ccette,PER,,602510, Lamise qui charrie tant de ca
"oute, de le jeter dans
Ccette ",602511,Lamise,PER,,602517, qui charrie tant de cadavres.
"i, avec une large blessure du ",602596,front,PER,,602601,", l'assassin
avair da lui frap"
"s lorsque je suis arrivé, le ",602815,Jendemdin,PER,LOC,602824," , il a cu la
force, pourtant,"
"avait arreté sur le pont,
la ",603061,Lgure,PER,LOC,603066, cn sang. C'étair le coupible
i Caternoster et son agonie a ,603226,Aure,MISC,LOC,603230,"
près de trois jours. L'enque"
"loient les
malfaiteurs ? Er l'",603865,Eglise,PER,,603871," j'Assassinat et vol, vol et
a"
nétre leur chair d'un gerine ,604731,Mieurtrier,PER,,604741,". Ileureun.
Mais ils soufficnt"
"ent d la vrille du sucets, du ",604900,Momento,PER,,604907,"
lcurs reves vont se réaliser"
"s proies
SOnt taTes et que la ",605554,Chasse,PER,,605560, est pénible  Fi clle ne Se..
"d Opérer
dans cette forer de ",605670,Tondy,MISC,LOC,605675," oi fout ripaille les hyènes
"
ni leshommnes. y Je pensdis d ,606370,Celd,LOC,MISC,606374,", AUssl,
cematin de Noil oil j"
"dis d Celd, AUssl,
cematin de ",606394,Noil,LOC,,606398, oil je me suis mis en roure d
"LE VOLETE
327 --
- Le sort de ",606490,Paternoster,PER,,606501," ne mémeut pas Cnorie.
ment, "
"... Mais si ce n'était
pasun ",606935,saint,PER,,606940,", c'était un hoimine, ce qui "
"́ qui nous refuse le bonheur, ",608363,Mous,MISC,,608367," Soinmes
328
 LE VOLEUR
ailssi"
"ctes qu'on Accomplit, sdns la ",608655,Conception,PER,,608665," de
leursrésultats, le fait n"
", hors d
rêve meme . dans le ",608857,Cauchemnar,PER,LOC,608867,". :- Jesonge a cet
homline que"
meme . dans le Cauchemnar. :- ,608872,Jesonge,PER,LOC,608879," a cet
homline que j'ai assail"
"ec Uhe ielle douleur, dans la ",608988,Chambre,PER,ORG,608995,", l,
i coté ; je songe d la l"
"de tempsen
 et
LE TOLEUE
49
- ",610292,Mon,MISC,,610295, Dieu! s'écrie Charlotte. Est
"uy brillant d'un feu intense, ",610701,Eclatant,PER,,610709," dune
expression d'énergie ar"
"isser passer:
 Lu te trompes, ",610899,Ccorges,PER,LOC,610906,", je raisonne autremient
Aujou"
"s ld vie, toi qui prétendsld
",612982,Connaitre,PER,LOC,612991, . Corninent ds tul pu croire 
", je veux étre diméc, Chdt-
",613683,Rellcmnent,PER,,613693,", bestialement, si ton Amnour "
"c. Qui, je
prétère G2....
i ",614013,Flle,LOC,PER,614017, s'interrompt n instant et con
"i, je n'airien d leur envier. ",614657,Estce,PER,,614662," parce que
 e suis pruvre . Ma"
"tituéc pour etre aimée d'un
",615009,Voleur,PER,,615015,"....
 Lais toi, tais. toi! lui"
"aimécconine je l'aurais dil,
",615127,Charlotre,PER,LOC,615136,", mais je n'ai jamndis dime qu"
"artis, le soit méme, pour le ",615386,midi,LOC,,615390,"
de la France. Nous y avons pa"
"ir, que ce soit leur souvenir
",615721,Seul,MISC,,615725, qui passe devant mes yeuy ava
"aivoulu con
duire Charlorte a ",616056,Monte-,PER,,616062," Carlo, qu'elle n'avait jamais"
" con
duire Charlorte a Monte- ",616063,Carlo,PER,,616068,", qu'elle n'avait jamais
WU. M"
"is
WU. Moi, je le conndis, le ",616120,Casino,PER,,616126," célèbre. Je lui ii
Tendu vi"
 crainte du retour inopine du ,617044,maitre,PER,,617050,". C'est i
sible et pitoyable. "
" les pierreries, les criules
 ",617236,Chauives,PER,LOC,617244, et les oripeauy . Ia perplesi
" de personnages couvain.
cuS, ",617680,Atis,MISC,,617684," des Martingales, dévots de s"
 ceil ou continue a briller l',617820,Eclair,PER,,617826," de la foi, teure
Argent s éc"
"moyennes.i
Ttpuis, chosc tres ",617920,Comique,LOC,,617927,", les rages violentes et les
d"
"our des jurons grotesques, le
",618123,Cravates,LOC,MISC,618131," de travers, les plastrons de "
" le noir, soit avec le rouge. ",618324,Beaucoup,LOC,,618332," de noir
et besucoup de rouge,"
"tendnt, sante, bondit avec Un ",618483,Enervant,PER,,618491," Clicclac
de
E VOLEUE
333
 Sur"
"ante, bondit avec Un Enervant ",618492,Clicclac,PER,,618500,"
de
E VOLEUE
333
 Sur le réro"
"ues sous pour mAtuscY,
dis.je ",618724,a,PER,,618725, Charlotte. He veuw tu pas jou
"harlotte me cdisir le brds.
- ",619037,Viens,PER,,619042,", viens, mne ditclle d'une voi"
" Le trouves tu mal
 Un peu... ",619372,Viens,PER,MISC,619377,", je len pric...
Elle s'appuie"
"rôle d'idée! Enkin, si tu y ",620115,tiens,MISC,,620120,"...
19.
334
LE VOLEUE

 Ju nem"
"rois oul quatre perits Coups,
",620996,Rooer,PER,,621001,"-la Tlonte ct moi, qui n'étai"
"quatre perits Coups,
Rooer-la ",621005,Tlonte,MISC,,621011," ct moi, qui n'étaient vraime"
e a fait de vains ckorts pour ,621557,Mditriser,PER,MISC,621566,",
l'a sdisie et comine affolé"
"is pris tu pourias te
dirc... ",622970,Liens,PER,MISC,622975,", tu ine mnettrais cn colère,"
"u bateau que jai pris d Sdint
",623368,Malo,LOC,,623372,", tout scul, Rogerla- Tlonte e"
"pris d Sdint
Malo, tout scul, ",623385,Rogerla-,PER,,623393," Tlonte etant parti pour
Borde"
"erla- Tlonte etant parti pour
",623418,Bordeaux,PER,LOC,623426, unc tois le coup fait a Orlé
"rléans. Oui, C'est
iinschse. ",623482,Charlotre,PER,,623491, doiterre dérorće d'angoisse
"des
denouemnents tragiques.
- ",624335,Madatne,PER,LOC,624342, se meurt de peur quand vous n
"ns,
et je v'Aurai besoinni de ",625380,Canonnier,LOC,MISC,625389," ni de Caternoster.
pour m'aid"
".
Dans deux heures je serai d ",625698,Southdimpton,PER,LOC,625710,", Ct Ce
soir d Londres. C'est "
nd i md porte. Annie vient in',626233,Ouvri,LOC,PER,626238,".
 Bonsoir, Annic. Madame est "
"porte. Annie vient in'Ouvri.
 ",626241,Bonsoir,PER,,626248,", Annic. Madame est li haut ?
"
" Annic. Madame est li haut ?
 ",626279,Mousieur,PER,LOC,626287,"... Je... Monsieur...
Sa Lgure"
"rvous parler, 2 l
An, nomn de ",626636,Dien,MISC,LOC,626640," ? Ouest Madame ?.
 Flle est p"
"́chire l'enveloppe.
u........ ",626829,Notre,MISC,,626834, vie i tous Acux serait un Mar
" bientot
QUinre anS :
Ah! dit ",628362,Broussaille,PER,,628373," tres tranguillement. C'est
qu"
" viens de
passer huit jours a ",628525,Vichy,PER,LOC,628530,". Jy serais meme restée plus
"
"Tulalie n'avait pas éré ldi
",628612,Mldis,PER,,628617," avce ses Seftnons, ses cffort"
"s parents
tiennent un hotel a ",628810,Vichy,PER,LOC,628815," 
Qui, ton frère me l'a appri"
"leurs aflaires ont prospére, ",628957,Rogeret,PER,,628964,"
i moinous les avous didés un"
"superbe, un des plus beaux
de ",629079,Vichy,PER,LOC,629084,", Choret Jeanne d'Arc.
 Ah lou"
"be, un des plus beaux
de Vichy",629084,",",PER,,629085," Choret Jeanne d'Arc.
 Ah loui"
", un des plus beaux
de Vichy, ",629086,Choret,PER,,629092," Jeanne d'Arc.
 Ah loui, je vo"
"s plus beaux
de Vichy, Choret ",629093,Jeanne,PER,,629099," d'Arc.
 Ah loui, je vois gd ,"
"de cocorte de Paris, MfeNe... ",629345,Metle,PER,MISC,629350,"... je ne me
souviens plus du "
"al (eaie ene 
Oui, C'est gd : ",629499,VUrbain,PER,,629506," Randdl.
C'est mon oricle, dis"
" ene 
Oui, C'est gd : VUrbain ",629507,Randdl,PER,,629513,".
C'est mon oricle, disje ; al"
 vais me iettre en route pour ,630316,Vichy,PER,LOC,630321,"
Ce soit, cmmpoigner mon oncle"
" a mna fureur, d'écouier les
",632388,Mensonges,PER,,632397, sans ricn dire et de mnettre 
"logiqnes. Aux Si-
migrees des ",633699,Lartufes,PER,LOC,633707," de la civilisation, aux Conto"
"imal pent seul répondre. Un.
",633851,Geste,PER,,633856," de fauve, terrible et muet, l"
"in, environ, guand jar
tive a ",634390,Vichy,PER,LOC,634395,. Un train quitte la gare du m
"e traverse le quai.
 Bonjour, ",634531,Mon,PER,,634534," Reveu:
C'estune femme... - Ma"
"averse le quai.
 Bonjour, Mon ",634535,Reveu,PER,MISC,634540,":
C'estune femme... - Margot! "
"on Reveu:
C'estune femme... - ",634562,Margot,PER,,634568,"! c'est Margor!-.
 342
LE VOLE"
"e réverence et un gid.
CicuK ",634662,SOurire,LOC,,634669,".
 Dis mnoidoncbonjour, Comme "
"'abandonner, et jesuis comtme ",634979,Calypso,PER,,634986,". Luvoisque
 j'ai fait des pro"
"t. W'estce pas, que cest Ca l'",635316,Embetant,PER,,635324,", Si
etais arrivé hicr, scule"
"e
depuis février, cing moisI ",635943,Joutes,PER,,635949," mes dmies en
eraiemt Clonne a"
"d portéses plures, ce pigcon ",636316,Voyageur,PER,MISC,636324,". Lol-
jours par voies et par "
". Lol-
jours par voies et par ",636354,Chemins,PER,LOC,636361,". Mous l'appelons se
Juif-Frra"
"r Chemins. Mous l'appelons se
",636382,Juif,LOC,,636386,-Frrant. Ilne se plait nulle p
" nous roulons vers la ville.
 ",636957,Ecoute,PER,,636963,", dit Margot enfrappant des ma"
"ins. Je de.
Vine la vérité. ",637023,Lon,LOC,,637026, oncle est parti parce que tu 
il te déteste tant ! reprend ,637196,Margot,PER,MISC,637202,". I
fant dire, dussi, que tu l"
que tu lui as joue de vilains ,637254,Cours,PER,MISC,637259,".
 Séduire sa Alle...
 Coinme"
"oir la:
 mais je pensais que, ",637482,Mtue,PER,,637486," Charlotie t'avais mis aui
Cou"
"viens dêtre venu
avec elle a ",637578,Monte,PER,,637583,"-Carlo, vers la tin de Thiver "
"dêtre venu
avec elle a Monte-",637584,Carlo,PER,,637589,", vers la tin de Thiver der
 n"
"d le diable y serait
 Jusdie, ",638813,cContinue,PER,,638822," Mlargot, il ne s'est livré a"
"e y serait
 Jusdie, cContinue ",638823,Mlargot,PER,,638830,", il ne s'est livré a au.
Cui"
"es villes d'eauy avec des co-
",639240,Cottes,PER,ORG,639246,", pour placer des billets de b"
es conhances et de Toutes les ,639547,bontés,MISC,,639554," . pourcd... Des
Elsquijettent"
" peine en te racontant cad de
",639827,Mande,PER,,639832," Mlargot. Pardonnemoi, je neme"
" en te racontant cad de
Mande ",639833,Mlargot,PER,,639840,". Pardonnemoi, je neme doutais"
"e peurpss.
. Jesuisattendue a ",640462,Cussct,PER,LOC,640468,", je suistrès demandée en ce"
"drai vers dix ou onre heures.
",640550,Liens,PER,MISC,640555,", voicilhorel Jeanne d'Arc, ou"
"re heures.
Liens, voicilhorel ",640569,Jeanne,PER,,640575," d'Arc, ou jhabite, prends-y
 "
"Cestbien drôle, tout cd! dit ",641064,Mlargot,PER,MISC,641071," comme li
voiture s'arrête de"
".
aa es Cai Le fus aee son om
",641473,Lssont,PER,ORG,641479," récllemnenr charinants, ces "
" ces propriétaires de
Thorel ",641534,Jeanne,PER,,641540, d'Arc. Ils ontéré enchanré
" de leurs entants,
Surtout de ",641649,Roger,LOC,PER,641654, qu'ils n'ont pss Vu depuis pl
" cxcusée, Certainemient, dit ",641925,Mme,PER,,641928," Voisin ; clle
aurait éte si "
"oi, je ne suis pas faché de
 ",642096,Lavoir,PER,LOC,642102, point a affronter les sermons
"ais
Aussi bien de la vendre a ",642296,Dien,MISC,LOC,642300,".
fas avant déjenner, pourtan"
"urs de faim. Kleureu
Seinent, ",642412,Mme,PER,,642415," Voisin vient nous arrachet, s"
"e dévore ; et
les prrents de ",642579,Roger,PER,,642584, la flonte ont le bon esprit d
"dhypocrisie , très paternel,
",643024,Surtout,LOC,,643031,". Ed mère, qui a du être for"
"telligence.
ous darmge devau, ",643411,Sian,MISC,,643415," e fuiats , 0ue bient Dormer
-"
"marchentclles d peu pres? de
 ",643777,Mande,PER,,643782," M. Voisin.
- Qui, Monsieur, p"
"ntclles d peu pres? de
 Mande ",643783,M.,PER,,643785," Voisin.
- Qui, Monsieur, pas "
" Monsieur, mne dit Hme Voisin
",644274,Comine,PER,LOC,644280, un Gargon vient chercher son 
" mne dit Hme Voisin
Comine un ",644284,Gargon,PER,LOC,644290," vient chercher son Mari, un i"
"ri, un ins-
tant apres quon d ",644342,Servi,PER,,644347," le caté, voyer.vous, nous
So"
"e comment clle d plumé un pi
",645096,Seon,LOC,PER,645100,", je ris avec clle. Tulalic vi"
"ligieuses.
Du reste, voyer la ",645925,Mature,PER,LOC,645931,": Certains animaun Se Bour
ris"
"s.
Du reste, voyer la Mature: ",645933,Certains,PER,,645941," animaun Se Bour
rissent de ch"
"n, et les
inondations, et les ",646242,Maladics,PER,MISC,646250,", et toutes sorres de Réaus.
"
"qui m'inquiète, d.
propos de ",646558,Broussaille,LOC,PER,646569," et de Roger, c'est leur Sante"
"rt, de porter.
toujours de la ",647627,Ranclle,PER,LOC,647634, : une Ruxion de poitrine csts
"
toujours de la Ranclle : une ",647641,Ruxion,PER,MISC,647647," de poitrine csts
vire attrape"
"propos, c'est votre parent, c
",647715,M.,PER,,647717, Randal qui est si riche et qu
"n
nêtes. gens. In voleur a l'",648030,amnéricaine,PER,,648042,", peutetre ? Il y
d tant de ge"
"tte
dame qu'il a amenéc ici, ",648139,Mthe,MISC,,648143," de Vaucouleurs, qui V2
regret"
" qu'il a amenéc ici, Mthe de ",648147,Vaucouleurs,PER,,648158,", qui V2
regretier son départ"
"d porte ouvre dals
lesalon de ",648425,Mthe,LOC,,648429, de Vaucouleurs ; ceserd plus 
 de Vaucouleurs ; ceserd plus ,648459,Comimode,PER,MISC,648467,"
pour yous deux. Je l'aime bea"
"li
Verte, n'est CCpas ?... Je ",648704,Crois,PER,LOC,648709,", Monsicur, que rielMe
peut vo"
"restés intègres, que de Co-
",649412,Cortes,PER,ORG,649418, qui turent des Courtisanes et
" de Co-
Cortes qui turent des ",649434,Courtisanes,PER,,649445," et que d'épouses qui
restere"
"arnaisld peinc. Ea vie, Voyez-",649733,Vons,PER,,649737,",
c'est comme une baraque de l"
"it verre de
Chartreuse :
Non. ",650193,Mme,PER,,650196," Voisin s'échaule un peul, et"
"ire
faire un tour au parc: et ",650325,M.,PER,,650327," Voisin, que je rencontre
uans"
"es arbres sans Md.
Gesté. Le ",650984,Casino,PER,,650990," 1d bas, tout au bout, le Kios"
"sino 1d bas, tout au bout, le ",651016,Kiosque,PER,,651023," i
iusique, d Coté, ou grince"
"hypotyposes,
ailrous plait -- ",651491,Mdis,LOC,PER,651495, pour reRéchir. ReRéchissons
"s pas jusqu ou iraient mes ie
",651584,Rexions,PER,LOC,651591," si je ne me trouvdis, tout d'"
"p, devant
l'abbé Eamargelle. ",651657,Rencontre,PER,,651666," bizarre, inattendue,
presque "
" sais. jai
l'air de me nommer ",652513,Gaston,PER,MISC,652519,", mdis c'est moitout de
même."
" Chasser les
eaillouz avec md ",652615,Canne,PER,,652620,", dans des directions diverses"
ans le fracas occasionné par ,653840,Vinfeinal,PER,,653849,"
i Orchestre, la bas, quitermi"
"s occasionné par Vinfeinal
i ",653852,Orchestre,PER,,653861,", la bas, quitermine avec rage"
"330
 LE VOLEUE
eymphonie d ld ",653937,Gloire,PER,,653943," de la Discorde. II m'avair.
s"
"E
eymphonie d ld Gloire de la ",653950,Discorde,MISC,,653958,". II m'avair.
semmble tont d'a"
" piston, mais je ml'aperçois ",654120,Mdinteuan,PER,LOC,654129,"
que c'est le tambour Jui memn"
"mne qui avait tort et que.
la ",654187,Rite,LOC,ORG,654191,", le violon. le trombone, la c"
" d la base de tous les grands
",655213,Centiments,PER,,655223,", sdns Cxcepter l'ainour. Mais"
"ser
Sans trève. - Le droit ! ",657186,Oueitil,PER,ORG,657193,", sans la force d
Et questil, "
"bé en portantun doigt d
 son ",657789,front,PER,,657794,. Paralysie générale ou suic
"u
etes voug descendud
Athoret ",658279,Jeanne,PER,,658285," d'Arc.
 Fxcellente idéc que "
"rs.
Question d'affaires, vous ",658527,cComprenct,LOC,MISC,658537,".
 Quelles affaires 3
 Lejeu. "
"mprenct.
 Quelles affaires 3
 ",658560,Lejeu,PER,,658565,". Depuis quinre jours, je tien"
"in a lhorel.
Saint-Vincent de ",660961,Paul,LOC,,660965,". Je vous présenterai, de vou"
" vicige, tinn
ble de nouilles ",661171,saint,PER,,661176," Joseph, creme terresainte et
"
"e, tinn
ble de nouilles saint ",661177,Joseph,PER,,661183,", creme terresainte et
Chateau"
" creme terresainte et
Chateau ",661214,Celeste,PER,,661221,... Je déménagerdi après le
passerdi encore une semaine a ,661310,Vichy,PER,LOC,661315,".
après quoi, mon retour a Pa"
"mon retour a Paris s'impose.
 ",661360,Gnebonne,PER,,661368," Ceuvre 
 Justement. Je m'occu"
"r a Paris s'impose.
 Gnebonne ",661369,Ceuvre,PER,,661375," 
 Justement. Je m'occupe de l"
r les klles-mères aux abois. ,661462,Entreprise,PER,,661472," pr.
triotique autant que char"
"s. Mes circulaires ct mes de
 ",661687,Marches,PER,,661694, ont produit le meilleur ctlet
" Vous conndisser, je croisi.
 ",661866,Mme,PER,,661869," Boileau. Won, pas du tout.
 M"
"e Boileau. Won, pas du tout.
 ",661898,Mtme,PER,LOC,661902," Ida Boilcau, rue Baint Hlonor"
". Won, pas du tout.
 Mtme Ida ",661907,Boilcau,PER,,661914,", rue Baint Hlonoré ?
Quoi! C"
"t Hlonoré ?
Quoi! Commentl.
 ",661954,Mon,MISC,,661957," Dieu! ricane l'abbt, ne faite"
"uis
trouve a droite se noinme ",662501,Mouratet,PER,ORG,662509,", cest un de mes
Aimis, et la "
" ne me rappelle pas...
 C'est ",662622,M.,PER,,662624," Armand de Bois-Créault, dit "
"le pas...
 C'est M. Armand de ",662635,Bois,MISC,,662639,"-Créault, dit l'abbé ;
iiles"
"́e de se séparer de lui.
 la ",662770,Connaisser,PER,,662780, vous3 demandé je anxicusemen
"épond l'abbé. Flle habie
la ",662963,Belgique,MISC,LOC,662971, et je n'ai jamnais cu lhonncu
"ait, autant vous l'avoyrx, je
",663291,Conndistoutesonhistoire,PER,LOC,663314," et je n'ignore pas, non plus,"
" plus,
celle de la famille de ",663368,Bois,MISC,,663372,"-Créault.
llcest édikiante.
"
"t.
llcest édikiante.
 Mme de ",663410,Bois,MISC,,663414,". Créault aimait son kls, dir"
" pour luioui
tuer pour lui... ",663579,Ecouter,PER,,663586,": Nous sommes tous Malades,
dr"
... Ecouter: Nous sommes tous ,663605,Malades,PER,MISC,663612,",
driat
IE VOLEUE
357.
Anjourd"
"s
SOMlIReS Conddinnes par une ",663775,Mordle,PER,LOC,663781," Surannee d passer
de létat n"
"ie , forcée, douloureuse, in
",664365,Mense,PER,,664370, - inunense Comine la sottise 
"loureuse, in
Mense - inunense ",664382,Comine,PER,,664388," la sottise dont clle emane.
 "
". Vous me direr que le cas de
",664520,Mme,PER,,664523, de Bois-Créaulr est un cas C
"me direr que le cas de
Mme de ",664527,Bois,MISC,,664531,-Créaulr est un cas Cxception
"onndissdit la vie réelle des
",665324,Victimes,PER,MISC,665332,", si la contession ne lui avai"
" dignité. Flle vd passer de.
",665809,Vant,MISC,PER,665813, nous. L'abbé se leve et salu
"ve et salue duin grand coupde
",665863,Chapean,LOC,,665870,", fort Cloquent. Id jeune femm"
"me répond d'une
inclindison. ",665929,Graciense,PER,LOC,665938,".
 Cette damne estréclleinent"
" del
ConndItre.
 Flle va a la ",666123,Crande,PER,,666129," Giille, dit l'abbé commel
Sa"
"de Giille, dit l'abbé commel
",666157,Saur,MISC,PER,666161," de Rogerla flonte disparait, "
re le hiosque d musique et le ,666241,Casino,PER,MISC,666247,". J'ai fort en
vied'y aller au"
"i pus, répond l'abbé cnse.
 ",666384,Levant,PER,LOC,666390,". Dabord, jose d peine me l'av"
"épond l'abbé cnse.
 Levant. ",666392,Dabord,PER,LOC,666398,", jose d peine me l'avouer d m"
"sentiments de l'amour, Comine ",666480,Ceu,PER,,666483,"
de la religion, perdent leur "
"e du momient oi sappro.
cheni ",666628,Mouratet,PER,,666636, et les deux adultères qui l'
"deux adultères qui l'accompd
",666674,Gent,MISC,LOC,666678,. - L'adultère femnelle pouss
"able de
prendre sd place a la ",667481,Direction,MISC,ORG,667490," des Douriemes Provi
foires. I"
e sd place a la Direction des ,667495,Douriemes,MISC,,667504," Provi
foires. I es Douriemes "
" Douriemes Provi
foires. I es ",667524,Douriemes,MISC,,667533," Provisoires demandent d Etre
"
iemes Provisoires demandent d ,667558,Etre,MISC,,667562,"
et -----
LE VOLEUE
359
habile"
"poserd ca cundidature
dans la ",667807,Bievre,PER,LOC,667813,. Candidature progressiste qui
"a cundidature
dans la Bievre. ",667815,Candidature,PER,,667826," progressiste qui serd
Soutenu"
"idature progressiste qui serd
",667849,Soutenue,PER,,667857, Comine il convient par les po
"rogressiste qui serd
Soutenue ",667858,Comine,PER,,667864, il convient par les pouvoirs 
"nt serdit-il
aAmissible, sans ",668505,Celd,LOC,PER,668509,", qu'il fht seul d ne pas voir"
"manderai des ex.
plications d ",668664,Rence,PER,MISC,668669,", si l'occasion s'en presente."
"n tour de pare, ces messicuss ",668993,Viendront,PER,,669002,".
Nous ietrouver quand la chan"
"uralet We se
doute de rien d
 ",669702,Luis,LOC,,669706, Derien du tout. Absolument de
"t We se
doute de rien d
 Luis ",669707,Derien,MISC,PER,669713," du tout. Absolument de rien, "
"e teumle jalouse,
 Ohssécrie ",670376,Renee,PER,,670381,", connnent durait cile pl ed-
"
depris le cotnmicncement de l',670505,Ammee,PER,LOC,670510,".
VVoyons, Ajoute.t clle encom"
" Cing. Hor, pas plus de cing.
",670620,Rinsi,PER,,670625,"... Arinand nou commpris, bien"
"́nérations, coimme disait... ",670939,Moliere,PER,MISC,670946,". Con
Prener Yous des Choses p"
" Consultant Mon
portetenille. ",672004,Voics,PER,ORG,672009,".
 Bon, dit-clle en glissant l"
u cotsage ; je vousrendrai ca ,672095,Iardi,PER,,672100,". Ou, plautot...
Lonnermoi yot"
"us diuse, lexistenci que vous
",672649,MCMCT,PER,MISC,672654,":
 Enormement! jesuis fite pou"
"e je he suis ćloquente
qu'en ",673150,Chemise,LOC,MISC,673157,. C'est md robe de protesseur.
"ler vous instruire. Vous dé-
",673254,Ciderer,PER,MISC,673261,"-Vous :
Pane Aucundoute.
 Jous"
"oi le
tnot. des carottes a la ",673555,Vichy,PER,LOC,673560,".
Mais clle apergoit son mari "
"on.
 Je reprochais vivcment d ",673834,ML,PER,MISC,673836,". Randal de n'étre
pas vens a"
 Je reprochais vivcment d ML. ,673838,Randal,PER,,673844," de n'étre
pas vens a Paris C"
"eveuf
pas manquei de parole a ",674180,Marquerite,PER,,674190," de Vaucouleurs.
RRTIS
DARSE B"
" que
j'avais faite aux Époux ",674321,Mouratet,PER,,674329,", a Vichy. J'ai quitte
londres"
" faite aux Époux Mouratet, a ",674333,Vichy,PER,LOC,674338,". J'ai quitte
londres pour Par"
"is passec les bras
 croisés. ",674894,Linaction,MISC,LOC,674903, n'est.pas monfair. Elle me pe
"ive ses
plus innocents five d'",675948,Cloch,PER,MISC,675953,", ererigedit qu'elle lui rendi"
"res Retrissant la conduite de
",677302,Rence,PER,LOC,677307,"...: - Des lettres écrites, p"
" Je serdi députè avant
deux ",678337,Miois,PER,LOC,678342,", songes y. Celit immpose des "
"la maison , on l'arait
TMavec ",678868,Rence,PER,,678873,... Mlais je lui ai fait compr
"en
la correction en personnc. ",679000,Depuis,PER,,679006," deux mois, il nd
vu Renéc qu"
"
pas brouillé avec Ariand de ",679263,Bois,MISC,,679267,"-Créault, du moins ?
 Pas du "
 de pied en cap. Que veux-tu? ,679545,Cesontdes,PER,,679554," Choses
que je n'aime pas beau"
"quent. - C'estvrai,
arépondu ",679951,Mouratet,PER,ORG,679959,", la larmne a Veeil : et j'ai "
"épondu Mouratet, la larmne a ",679973,Veeil,PER,LOC,679978," : et j'ai commis
Ane autre so"
"e, moi, je serdi déquisé en ",680096,Barbe,PER,,680101,"-Bleuc, n
Cette fois, j'ai ri "
", je serdi déquisé en Barbe-",680102,Bleuc,PER,,680107,", n
Cette fois, j'ai ri sans m"
" stupide idiot...
Monsieur et ",680590,Mladamne,PER,MISC,680598," ne sont pas cucore prè̂ts,
 "
"r, dans le salon du boulevard
",680730,Milesherbes,PER,,680741,".
Cestbon. Je prends. un journ"
"out d fait, Ct que Renée,
en ",680901,Costumhe,PER,LOC,680909, de pierrette mnoins le chapea
"il je
9 ^ire -
LE VOLEDUE
367
",681314,Scrdi,PER,LOC,681319,. Je serai dans une loge - you
"ne mne sourit pas du tout. Ce
",682501,Resont,PER,LOC,682507, pas les Scrupules quime géne
"bras Autour.
Au Cou.
 Voyons, ",683213,Sros,LOC,ORG,683217,. béte! Puisque je vous dis q
"vous saver. C'est CA que
Yous ",683586,Craignier,LOC,PER,683595,", p2s I W'ayer prs peur. J'en "
2s I W'ayer prs peur. J'en di ,683628,Assez,PER,,683633,",
des liens sacres, Ct prolane"
"ce que vous voudrer, vous
tne ",683746,Gariercr,PER,ORG,683754," un jour, ou ulil mcis, oul pa"
"ais on verrd. En tous Cis,
la ",684003,Situation,MISC,,684012," Change.
 Je croyais, dis.jes "
"voyer demain a Londres, a mon
",684280,Adressc,PER,LOC,684287,". Et quant d vous, soyer cher "
"rien.
 A. la bonne heure, dit ",684395,Rence,PER,MISC,684400,". Vous etes senti
Comme tout. "
"r, au fond de l'appartement.
 ",684585,Voild,PER,,684590," Barbe Bleue, ditclle. Anne, M"
"fond de l'appartement.
 Voild ",684591,Barbe,PER,,684596," Bleue, ditclle. Anne, MA Scue"
"e l'appartement.
 Voild Barbe ",684597,Bleue,PER,,684602,", ditclle. Anne, MA Scue
AANE."
"artiste, ducune
culuininure d'",685102,Epinal,PER,,685108,", si grandiose que l'ait faite"
 atroce que l'ait plaquée la ,685181,Machine,PER,,685188,", ne
pourraient donner lidée "
"e
pourraient donner lidée du ",685221,Barbe,LOC,,685226,".Bleue que jai.
derant moi. C'"
"dant d'un charuier, Mais
on d ",685559,Suttont,PER,ORG,685566, la scusstion d'instincts afic
ch! S'écrie le directeur des ,685901,Bouriemes,PER,,685910,"
Proricoires, ravi de l'effet "
"s retraites ourrieres, quc l2
",686283,Chambre,PER,ORG,686290," va discurer.
 Flle ne le vote"
"uves tu ? demande Mouratet.
- ",686752,Detace,MISC,,686758,", cd va bicnl, voyons de dos.
"
" habit, comme moi,
Sembetant, ",687176,Conmeinoi,PER,LOC,687185,", et venus la sans Savoir pour"
"tes, mensouges des dentelles, ",687318,Malines,PER,LOC,687325,",
picrreries et cailloux du Hh"
"ux du Hhin, bijoux de prix et
",687377,Costumes,PER,,687385," Soimptueux, on ne sdit pas bi"
m'attendais d trouver sous le ,687921,Masque,PER,LOC,687927,"
qui m cst appitu. Du reste, t"
"e, tel mdsque, posésur relle
",687983,Kgure,PER,LOC,687988,", n'a pas du tout le meme dspe"
ratet fait scnsation. Dans un ,688680,Couloir,PER,LOC,688687,", une
 
LE VOLEUR
371
bande sy"
emimes. Il repond madisement. ,688805,Rence,PER,MISC,688810,",
quis est eloignée insensibl"
A. Conndissance d'une. petite ,689167,terine,PER,,689173," extraordinaire.
Lu ne regrcti"
sje : elle était la il n'y a ,689403,Guun,PER,,689407,"
instant, clle a da tourner d "
"
instant, clle a da tourner d ",689437,Gauche,LOC,ORG,689443,"... Hon, dlors,
Cest d droite."
"i Sans treve.
. Ah!. monsicur ",689761,Barbe,PER,,689766,". Blere, s'écrie la Dinde,
qu"
"treve.
. Ah!. monsicur Barbe. ",689768,Blere,PER,,689773,", s'écrie la Dinde,
que vous "
"cur Barbe. Blere, s'écrie la ",689787,Dinde,PER,LOC,689792,",
que vous m'aver fait peur!
M"
" L1s sont tout de suite tres.
",689874,Camarades,PER,,689883,", 12 Dinde et lui. J'di cu la "
" I Sd conversation.
ous uisse ",690269,Masosende,PER,,690278," orsrer ble ge, outeaie rele, "
" ble ge, outeaie rele, aue
la ",690315,Dinde,PER,,690320, idisse tomber son éventail. 
"no noir s'est approchée de
i ",690476,Mouiater,PER,,690484,", loi parte al'oreille. Le dom"
"die
Le domino noir.
Ahl dirla ",690865,Dinde,PER,,690870,", ce n'est pas grand. chose, d"
"ns doute, un bateau qu'on lui ",690949,Monte,PER,LOC,690954,".
Onraconte tant de blagues, i"
"drais bien saroir Ce
que fuit ",691052,Mouraiet,PER,MISC,691060,", tout de même. Je prends le "
"tion parvient d mes orcilles.
",691261,Jeme,PER,,691265," précipite.
 Mais des gardes "
"orte d'une loge, ont
cmpoigne ",691391,Mouratet,PER,ORG,691399,". Par la porte entr'ouverte, j"
"cevoir deux corps etendus, uu ",691480,Corps,PER,,691485,"
 Lhomme, unl corps defemm. ve"
"ge qu'il vient de retermer..
 ",691735,Circuler,PER,,691743,", Mlessieurs, nous ditil d moi"
"ient de retermer..
 Circuler, ",691745,Mlessieurs,PER,LOC,691755,", nous ditil d moi et a quel
q"
"l d moi et a quel
ques autres ",691796,Curicn,PER,LOC,691802," , n'attirer pas la foule.
 De"
"aie 
 pétards et deux ddmnes ",692034,Sesont,PER,LOC,692040,". trouvées Mal.
Je m'approche"
", n'estce pas : Ah! les cocus
",692367,Assassins,PER,MISC,692376,", Monsicur !... Lencr, ou cnle"
"as : Ah! les cocus
Assassins, ",692378,Monsicur,PER,MISC,692386," !... Lencr, ou cnlève les ca"
"Unl cscalier dérobé. Voyer, ",692569,Cestfait,PER,ORG,692577,". Le
public ne. s' est pour di"
ur dinsi dire apercu de rien. ,692632,Regar,PER,,692637,"
der ces gensquirient et qui p"
" l'amphichestre, ceite perire ",693043,Rence,PER,MISC,693048,", folle et
dépravée comtine "
"! oh! ohl Il ne vou-
lait pas ",693618,Etre,MISC,,693622, cocu! Et les jurés qui l'acq
"ion. J'écoute, sans cuavoir.
",694268,Vair,PER,LOC,694272,".
374
LE VOLEUE
 Oui, dit un j"
"erte
entière - et quidéfend ",695283,IHonncur,LOC,MISC,695291," du Honl...
Ahl misère!... St"
"d ricn, ct je n'ai pas wisite
",696111,Mouratet,PER,,696119, paref que Mouratet.me dégout
"me touche en aucune facon. Je
",696213,Resuis,PER,MISC,696219, passentimental. C'estun déla
"unc loge, C4 unc Conversation
",696534,Criminclle,LOC,,696544,. Je vais etre appelé incessd
"ossible, ne point
gonner d la ",697062,Justice,PER,,697069, l'occasion de contemmpler Mou
" en vais d'un pas léger cher
",697303,Marguerite,PER,,697313," de Vaucouleurs, cat je sais q"
" Vaucouleurs, cat je sais quc ",697346,Margotd,PER,MISC,697353,"
repris pied dans la politique"
"pelé
la semaine dernière au ",697436,ministère,PER,,697446,", n'a de nourciturien 
a lui r"
 respectée jusqu'alt dernier ,697681,Moment,PER,MISC,697687,",
Soit contre un houne que je "
" le faut, et
méme tres bien. ",697867,Margot,PER,,697873," m' écoute cn pleurant , Ct,
"
"main, je reçois un billet de ",698107,Mirgot,PER,,698113," qui
mannonce que les choses v"
"tère. Je pencire dans ce mo.
",698273,Rumentalheure,PER,,698286," indiquée, jai une conversati"
fort sur ines articles d la u ,698403,Revues,PER,,698409," de Montareuil, et
M'annonce q"
nes articles d la u Revues de ,698413,Montareuil,PER,LOC,698423,", et
M'annonce que je suis cha"
"almatic, mais pour
Druvelles.
",699168,Beaucoup,LOC,,699176," de gens, d Md place, resterdi"
"s cn route pou
la capitale du ",699503,Brabant,PER,LOC,699510,".
A Brusclles, je parcours les"
"
rète. Enréalité, c'est un ",700303,Mouton,PER,MISC,700309,". Il m'avoue qu'il cst
bacheli"
"res avoir fait pler.
Ter ines ",702026,Conteinporains,PER,,702040," je parviens a les Amuscr, j'a"
"aient Ces apritudes, innécs, ",703307,Chercun,PER,MISC,703314,"
et chez mnoi, avant quelles c"
st de. par la puissance de la ,703568,routine,PER,,703575," lche, Aurdient
produits ces a"
"utales, legales ou illicices, ",703898,bienfaisantes,PER,,703911," ou nuisibles,
les actions hum"
lesquels il roule ses Rots... ,704293,Ilcxiste,PER,LOC,704301,", je le sais, un
Certain péda"
"chemmple. Mon, je ne suis p2s
",705338,Sentimental,PER,,705349,. (Voir plus haut). Taut pis p
"rtuaires désertées, Chfants ",705752,Martyrs,PER,,705759,", pros-
tituées par force, pr"
"ement de son fils ; puis, que ",706999,Mtmi,LOC,PER,707003," yeuve flé.
a r-
LE VOLEUR
38"
".
a r-
LE VOLEUR
382
lène de ",707044,Bois,MISC,LOC,707048,.Créault s'est portée partie
" pitoyable sur le corps de ce
",707251,MAlhcureuh,PER,MISC,707261," etre, Cette exploitation de S"
"coup d'honncu.
Jai inventé l'",707652,Ecluse,PER,,707658," d renversement. Ce n'est, i v"
"h
hique de md découverte, je ",707937,tiens,MISC,,707942," cependaut d cn
donner un lég"
"eet uela rouvronspas! s Ecrie
",708090,Rogerldflonte,PER,,708103, qui entre sans s'etre fait au
"
Mis dScc.
e vois 52, dis je. ",708856,Mdis,LOC,,708860," ce coktrefort, qui scrd
    p"
"pris
sd place. I serd absent, ",709255,Maturclement,PER,MISC,709267,", dans trois:
Jours, mais dici"
"nt, Maturclement, dans trois:
",709281,Jours,PER,,709286,", mais dici la, il monte la ga"
"jours sur Chonneteré des Cd-
",709609,Mailles,PER,,709616,. Er leur désappointement est
" qui est impossible est impos
",709743,Sible,PER,LOC,709748,. Il fardra que je me contente
"écrire.
 A tou dise, tépond ",709897,Roget,PER,,709902,". Alors, d Quand t.
 Voudrds.
"
"ond Roget. Alors, d Quand t.
 ",709923,Voudrds,PER,,709930,".
 Etil descend lescalier en C"
"s.
 Etil descend lescalier en ",709959,Chanrant,PER,LOC,709967," .
Selle entant de Venise
Au s"
"en Chanrant .
Selle entant de ",709986,Venise,PER,LOC,709992,"
Au sourire MogHeur,
i Il faut"
"e entant de Venise
Au sourire ",710004,MogHeur,PER,ORG,710011,",
i Il faut que je te dise...
"
"isonçer ce
Nom.la I... Ah! a ",710109,Vichy,PER,LOC,710114,", par l'abbe lamiargelle. Oui,"
"e... il me semble... Oh
Je me ",710200,Souviens,MISC,,710208," :
Je vais prendre une lidsse "
"lé, et quiporte l'adresse de ",710549,Delpich,LOC,,710556,". - C'est
Parlait...
Quelle he"
pres qudi vous prépaiercy Md ,710774,Valise,PER,MISC,710780,". Je pars Ce
soir d neuf heure"
"tendu. Waintendnt,
Écouter : ",710901,Voici,PER,,710906, un iélégramlne que vousirer
"sirer porter du
Post oface de ",710961,Charing,PER,,710968,"-Cross, demain, d sept heures
"
"rter du
Post oface de Charing-",710969,Cross,PER,,710974,", demain, d sept heures
Ausoir"
" trace les Mots sUivanltS .
a ",711130,Delpich,MISC,PER,711137,", 84, rue d'Arlon, Bruzelles. "
"vanltS .
a Delpich, 84, rue d'",711149,Arlon,PER,LOC,711154,", Bruzelles. - Vener.
tondres "
"'en face du n° 84 de la rue
a'",711348,Arlon,PER,LOC,711353,", d Bruxelles, se trouve un ca"
"
Sagerqui Vd spporter ausicur ",711705,Dclpich,MISC,,711712," la dépèche dont
j'di remis "
"s , du premier les buicaux de ",712097,Delpich-,PER,LOC,712105,"
les bureaux. sculement, Car j"
ns une affaire d'attentat aun ,712777,Maeurs,PER,,712783,".
Je le laisse s'éloigner dan"
"acre
mmne que vient dequitler ",713329,Delpich,LOC,PER,713336,". Id porte cst cn-
Corc Ouvert"
"ler Delpich. Id porte cst cn-
",713355,Corc,MISC,,713359," Ouverte, taut micun. Jeinonte"
"portant ces mots : Cabinet
du ",713635,Directeur,PER,,713644,". Ed seconde fois, deux ou tro"
"ttes, on me prend miesure. Je ",714290,tiens,MISC,,714295," i
 déposer des arthes malgre"
le d'une de mes Chaussures... ,714573,Lencr,PER,,714578,", re
Parder..
 Ah! Sécrie le "
r une fois ! Des imbéciles s',714679,Amuscnt,PER,,714686," d Semnes des
Clous dans les r"
" et je m'évertue...
Tnkn, le ",715099,Clou,LOC,,715103, estarraché - et jaipris une 
"la maison est une Maison bien
",715651,Tenue,PER,MISC,715656,", confortable, désireuse de p"
c ces mnessicurs je nairicn d ,716353,Craindre,PER,LOC,716361,",
pourune fois... Du moment qu"
"mension de
lascrrure, On d la ",716431,Clet,LOC,,716435,". Regarder conune ces deuxIi
S"
"en di pourcing minutes.
 Ah ! ",716738,monsieur,PER,,716746," Randal, s'écrie lhotelier, j"
"us
woir pour deviner que vous ",716863,Ctes,MISC,PER,716867," un faineux lapin, Sauf
Votre "
er une ou.-deux boutcilles de ,717699,Cham,PER,LOC,717703,".
pagne pour cclébrer a l'ava"
"oir des sentiments religicux, ",717846,monsieur,PER,,717854," Randal.
C'esttellement néces"
"up A faire la muit prochaine,
",718335,Avenue,PER,,718341," Louise, un flollandais dont j"
"ire la muit prochaine,
Avenue ",718342,Louise,PER,,718348,", un flollandais dont j'ignore"
 n'avais pasété ala gare du ,719525,Mord,LOC,,719529,"?... Non, le vrai, C'est
qucjd"
"ich, méhant commne il doit l'",719914,Etre,MISC,LOC,719918," et pris i
l'imnproviste, n'au"
"de
lesabandonner acux mémes. ",720070,Etpuis,PER,LOC,720076,", le réléordmmed
aei
.
""
RE "
ne double porte capitonnee de ,720495,Cuir,LOC,,720499,". vert et
jemnetrouve dansune "
une grandepiece... Ehibien... ,720555,Javais,PER,,720561,"
devine juste avant d'entrer. "
" tapi la quand il m'd entendu
",721470,Venir,PER,LOC,721475,", et il doit trembler de peur "
éposé sur. le buredul... Un ,721990,Ciseaut,PER,,721997," de menuisiet,
n cisedu rout n"
"cid Elle est bonne, celle-la! ",722344,Aulieu,LOC,PER,722350," de Mon aven
ture d'Anrers, c'"
J' di rencontre ce mdthcureux ,722448,Canonnier,PER,,722457," qui va recoi
Tencer. Sculemen"
"tends d du
bruit, d un cri... ",722942,Ricn,LOC,PER,722946,". J'avance un peul, Ma lantern"
"pelle.
ce que m'a dit l'abbé ",723452,Eamargelle,PER,LOC,723462,", a Vichy, du sujet
desrelatio"
"m'a dit l'abbé Eamargelle, a ",723466,Vichy,PER,LOC,723471,", du sujet
desrelations d'affa"
"et
desrelations d'affaires de ",723509,Mme,PER,,723512," Helène de Bois-Créault
avec"
"s-Créault
avec le tratiqueur ",723557,Delpich,LOC,,723564,". In un clin d'ocil, toute
une"
n suis sarI c'est la tille de ,723696,Caroi,PER,,723701,"
nicr qui est la, je sais comm"
"Mes genoun
Cnciansce , Ordce1 ",724122,Parpitie,PER,,724130,", ne me tuer pas....
Du draine"
" faut prendre une iécision.
 ",724460,Wadaine,PER,,724467,", dis je d'une voix rude, votr"
"re vic est
i entre vos mains. ",724526,Cesser,PER,,724532," de pleurer, s'il vous plait, "
"a peine de vous dsscoir, pour ",724657,Changer,PER,MISC,724664,".
Tener, voici une chaise... M"
"faites ici d pareille
HeMTC.
 ",724781,Jesuis,PER,,724787," madaine Delpich, inurmure cet"
" bulreau pendant son
AbsCnCE.
",724932,Biratre,PER,LOC,724939, ! Er cette tentative d'etfrac
"vic2... Si je vous Aisdis...
 ",725389,Diresmoi,PER,LOC,725397,". Mais, d'abord, laisser moi a"
" qui est fait. Aller, Madame. ",725523,Racontermoi,PER,,725534,"
pourquoi vous voulicy forcer "
"nte. Vingtcing dn5, cnvicoil, ",726705,Brasse,PER,LOC,726711,",
blonde, ronde. Un Rubens, pr"
"il, Brasse,
blonde, ronde. Un ",726731,Rubens,MISC,PER,726737,", presque. Torse en Reur,
hinc"
" Un Rubens, presque. Torse en ",726757,Reur,PER,LOC,726761,",
hinches de bacchante, carnat"
"
rait faire des affaires avec ",727149,Shyloch,PER,MISC,727156," , unc livre de chaie
en moins"
"t récl. Elle l'afhirme.
Qui, ",727328,Mousieur,PER,LOC,727336,", je suis au supplice depuis n"
"s cuces lettres, seulement... ",727414,Cesoi,PER,LOC,727419,",
je m'étais résolue a les e"
"et et j'avais été acheter M
",727531,Coutilsavant,PER,MISC,727543, de venir. Mlais je sis si Mal
" Je
la console de Mon micur.
 ",727930,Voyons,PER,,727936,", Bladamne, calinervous. Vous "
"es tiroirs sont ouverts, Mimc ",728639,Dclpich,MISC,PER,728646," fouille dans
les papiers, et "
"nés, bou5
pour les Criminels ",728844,Conservateurs,PER,,728857,". J'di inventé quelque
chose "
"rte de moule i base de gtycé
",728933,rine,PER,,728937,", ch forme d'assictie d soupe,"
"te, et loM d dinsi raicon du.
",729206,Cottre,PER,LOC,729212,". fort le plus solide, sans fu"
"anque, très peu de valeurs - ",729546,Delpich,PER,,729553,", 5d
Luite étant prémédité"
"es banlinotes tiennent pen
de ",729733,place,MISC,,729738,. Aller! dans mnon sr. C'est u
" sr. C'est uncallaire faite.
 ",729786,Mme,PER,,729789," Delpich, qui a hni de remuer "
"e de
i moi et me regarde avec ",729916,Admiration,MISC,PER,729926,".
Ie
394
LE VOLPUR
- C'est un "
"n métier que vous faires la,
",729996,Monsicur,PER,LOC,730004,", me dit-clle. Mais comine ces"
" la main.
 Connment! s'écrie ",730170,Mme,PER,,730173," Delpich, vous parten
déja! D"
... d présent que vous maver ,730329,Compromise,PER,MISC,730339,"...
 Commpromise ! dis je, leg"
" legerement interloqué et
en ",730395,Comlnencant,PER,LOC,730406, d mne demander s'il me Siti A
"ti Auss
f facile de sortir de ",730462,la,PER,,730464, place qu'il m'a étéaisé d'
"Auss
f facile de sortir de la ",730465,place,PER,,730470, qu'il m'a étéaisé d'y cntr
"il m'a étéaisé d'y cntrer.
",730504,Compromise,PER,MISC,730514,"
'exagère peut Etrcul peul, r"
"trcul peul, reprend.clle enmi
",730561,Maudant,PER,LOC,730568,". Mais, Vraiment, je ne sdis q"
"r au loin, sans parents, sins
",731175,Anlis,PER,LOC,731180,", sans Argent... SAns ArGent.."
"s Argent... SAns ArGent...
Je ",731215,Comprends,PER,,731224,. Je commence mêine a douteru
"urtant... En tous Cas, il est ",731527,Cldi,LOC,PER,731531,"
que je suis mlis d contributi"
"anque qui ne vous seront peut
",731751,Etre,MISC,,731755," pas inutiles,..
LE VOLEUR
395"
" avec un homine
Qui sdurd ine ",732114,Comprendre,PER,,732124,". Mous sommmes sirarcment
Comp"
"nnée! Vous etes mon
Sauveur, ",732524,Mon,PER,,732527," Sauveur
Tlle se rapproche de "
"me dune femmme et deviner
Son ",732818,Cacur,PER,MISC,732823,. Mais dites.le moifranchement
" peur ! Vous le re.
Gretter ? ",733446,Dites,LOC,,733451, que vous le regretter. Faites
"n, je crois. Et puis, la Chd-
",733578,Jeur,PER,LOC,733582, du travail... Mais Wlichelet 
". Faut voir...
396
LE VOLEUE
 ",733672,Ecoute,PER,MISC,733678,", me dit Geneviève, une demih"
"iève, une demiheure.
apres - ",733722,Clle,LOC,,733726," se nomme Cereviève, jai appr"
 lui donne nne. adresse . Une ,733967,Eausse,PER,LOC,733973," adresse:
Durand, Onford Strec"
". Une Eausse adresse:
Durand, ",733991,Onford,PER,,733997," Strect, Londres.
 Durand ? de"
"resse:
Durand, Onford Strect, ",734006,Londres,PER,LOC,734013,".
 Durand ? demandetclle en co"
"Oimneil du juste, a lhorel du ",734631,Roi,PER,,734634," Falomon, lorsque
des coups vi"
"́s d md porte mne réveillent
",734707,Cu,LOC,,734709," Sursdut.
Cestitnoseu ld Honte"
"enlin honnétemnent, daller a ",735561,Venise,PER,LOC,735567,",
par cyemple, etc. Une phrase"
"phrase qu'il prononce dun
ton ",735621,Convaincu,PER,MISC,735630,", Surtout, me démontre qu'il "
"ste a Bruxelles pour quelques
",736183,Jours,PER,,736188,". D'abord, je veus voir comnen"
"urneront les
Choses. Puis, je ",736252,tiens,MISC,,736257, d avoir les vetements que jai
" C'est bien fait. J'en veun
d ",736833,Delpich,MISC,,736840,. Sa temme m'a miordu la langu
"sut
lendemain de mon retour d ",737413,Londres,PER,LOC,737420,", Genevieve a fait
irruption c"
dire que tu ascu l'iaudact de ,737857,MA5,PER,MISC,737860,".
Surcr, Chsuite, que tu te no"
"que tu ascu l'iaudact de MA5.
",737862,Surcr,PER,MISC,737867,", Chsuite, que tu te nommdis D"
"trois.
Semdines que Benevieve ",738570,Est,LOC,,738573," venue me surprendre.
C'est tr"
"nt ellene
peut triompher qu'd ",738770,Certains,PER,,738778," Morncnts, psycholo.
Siques si"
"
peut triompher qu'd Certains ",738779,Morncnts,PER,,738787,", psycholo.
Siques si lon J. t"
"ire des letires de od
mère ? ",738859,Simple,PER,,738865, invention. Les mauvdis traite
" jamais maltraite
ed temme... ",739022,Liens,PER,,739027,", d propos de Delpich, nous av"
"d temme... Liens, d propos de ",739041,Delpich,LOC,PER,739048,", nous avons
appris hici qu'il"
" ou dutrc chose, et que Gene.
",739445,Vieve,PER,LOC,739450, a lintention de mettre le sie
"enue tout d'un coup, je ne le
",739550,Garamtis,PER,MISC,739558, pa5. L'idéc de réaliser ses
"dus dans ld
bruie des désirs ",739724,Vagues,PER,,739730,", taniot S'afhrmant Sans
les c"
"rcn
lation. Je ne veuz pas la ",740243,Contrarier,PER,LOC,740253," , qu'elle se lance.
400
 LE V"
"erieve dans un perit
hotel de ",740784,la,PER,,740786," rue Berlior, et moidutre part"
"eve dans un perit
hotel de la ",740787,rue,PER,,740790," Berlior, et moidutre part. Pr"
"dans un perit
hotel de la rue ",740791,Berlior,PER,LOC,740798,", et moidutre part. Pres con-
"
s tout de suite. Cenevieve de ,741137,Prabant,PER,,741144,".
C'estcomme ga qu'on l'appell"
ejamdis sortir qu'en voiture. ,742002,Place,MISC,LOC,742007," Au
honnétes femmes qui vont "
"rçue.
deux ou trois fois, du ",742087,Bois,MISC,LOC,742091,". Flle est ires bien, vrai
Men"
"ois. Flle est ires bien, vrai
",742118,Ment,LOC,,742122,. Besucoup de chic. Un grand c
"s été i droite et d gauche, ",742693,Cene,PER,LOC,742697,"
vievectmoi. Lantot ensemble, "
"et d gauche, Cene
vievectmoi. ",742710,Lantot,PER,LOC,742716," ensemble, tamtot sépares. Je"
"crcmmple, clle est a Aix les-
",742892,Bains,PER,,742897,". Moi, je suis a Royan. Je ne "
"ix les-
Bains. Moi, je suis a ",742914,Royan,PER,LOC,742919,". Je ne pourrais dire
exacteme"
"mdismoi, je Rane
Sur la Grand ",743006,Conge,LOC,,743011,. J'obcerve quelques familles 
"bcerve quelques familles bsur
",743046,Reoises,PER,LOC,743053, quiregardent la marée descen
"eci, celd, que Ceneviève est ",744152,Milade,PER,LOC,744158,", pur
402
-d
LE VOlEUE
exemmpl"
"lle
Consent d l'accompagner a ",745172,Vienne,PER,LOC,745178,":
 Tul'as peutetre pu sortir d"
"om
quc roI. I sappelle Urbain ",745683,Randal,PER,,745689,". W. serail-il pas
Tou parent "
"-
- Jant pis.
LE VOLETE
 403
 ",746155,Erje,MISC,LOC,746159, crois qu'il n'en d pas pour l
"l n'en d pas pour lougtemps.
 ",746200,Jantmieuz,PER,,746209,".
 Tuas l'air de lui en vouloi"
'air de lui en vouloir. Lu me ,746248,Taconteras,MISC,PER,746258,"
pourguoi, pas I En attendant,"
"ur l'avertir de mon départ.
 ",746421,Ecris,LOC,,746426, lui avec des larmes dans la v
"lle, i peine inéldricolique,
",747473,Bete,MISC,,747477, et sale . Commie toutes les r
"vingtquatre heures d Rix les-
",747883,Bains,PER,,747888,", et je suis parti pour Londre"
"
Bains, et je suis parti pour ",747912,Londres,PER,LOC,747919,". Cette rencontre
inopince de "
"e rencontre
inopince de mnon. ",747955,oncle,PER,,747960,", si vicilli, si Casse, si pre"
". Je ne
pourrais audlyser ces ",748065,Sentiments,PER,MISC,748075,", mdis je mne Suis rap.
belé "
" mne Suis rap.
belé avec une ",748114,Certaine,PER,,748122," Emnotion lépoque oi nos rap
"
"is que mon
Concle est du plus ",748768,b25,PER,LOC,748771,", qu'un dénouement fatal cst
"
"'il ne veut pas crever seull,
",749096,Comlne,PER,LOC,749102," un Chien.
 Atilpeur de la mno"
"rends nore de la date. Flier, ",749427,Cétair,PER,LOC,749434," le 12. Cest
. Ce chifre qu'il"
"d porte, restee
entr'ouverte, ",750490,Iaissc,PER,LOC,750496, passct les rales du moribond 
". C'est Htme Delpich)
Liens ! ",750900,tiens,MISC,,750905, !... Mais je devine : Ce camb
"iolage qui
Et tant de bruir a ",750966,Bruzclles,PER,LOC,750975,"... Racontermoi donc
Thistoire"
j'aikni. Ce parivre Delpich ! ,751267,Enkin,PER,,751272,".:. Fortuna vitred
eSt. Da mé"
it l'abbé. Je le voydis dans ,751758,Votye,PER,MISC,751763,"
poche, d travers l'étokte de"
a tout . La part a reserver d ,751857,Mte,PER,,751860," Charlotte, prr
ereuiple, si l"
Mi conviction est qu'clle est ,752081,Morte,PER,LOC,752086,",
Voyer vous, Mldis si, par bo"
"u'clle est Morte,
Voyer vous, ",752100,Mldis,PER,MISC,752105," si, par bonheut, je me trompd"
éront pas fott élevés. Mon ,752849,oncle,PER,,752854," de
mande a etre conduit au Ch"
"e, n'en douier. pis, et
 vous ",753048,Épargneid,LOC,,753058, guelqrie billets de batique. 
"us plaisanier. Un cnterrement
",753215,Civil,PER,MISC,753220,", s'il vous plait.
- Ahl ah! a"
"ent l'oreiller, est emaciće, ",753687,Couleur,PER,,753694," de aire:
 Etles marires sont "
"e le drap, rien ne bat plus a ",753855,la,PER,,753857," place du cieuir,
12 main est "
"e drap, rien ne bat plus a la ",753858,place,PER,,753863," du cieuir,
12 main est froide"
"st incoi

408
-a---
 E VOLEUR
",754539,Venant,PER,LOC,754545,", et, dinsi quon la dit, la mo"
"ous. bien,
uclle cut déplu d ",754659,Certains,PER,,754667," Gtecs, Cst presque unSyi
bole"
", je sonne les domes-
tiques. ",755139,Mous,MISC,,755143, sommes d genoun devant le lit
"
moi, mais clle est si béte! ",755582,Rien,MISC,,755586," de 1cl comme con
Solation...
"
"ent décèdé sans toutes Ces
",755781,Chosesld,PER,MISC,755789,".
Le notaire de mon oncle, Mt."
"ve
le lendemain dans l'après ",755865,midi,LOC,,755869,". Le testament semble
l'étonn"
"ir.
 Je suis heureux de voir, ",755958,Monsicur,PER,MISC,755966,", mne dit-il, que
wotre oncle "
"avant de mourir a demcilleurs
",756037,Sentiments,PER,MISC,756047,. J'avais en mon étude un tes
 Toute sd fortune a llnstitut ,756174,Pasteur,PER,,756181,", il se trouve an-
nule de ple"
", i
faut respecter toutes les ",756385,Convicrions,PER,LOC,756396,".
 LE VOLEDE
409
 'apprends qu"
"ordnordouest au sud.sudcst.
i ",756564,Beaucoup,PER,,756572, d'othciers ministéricls ont 
́lancoliquement vers le Père ,756737,Lachaisc,PER,,756745,". Duelques
Voitures Sculement,"
"ans la première
avec l'abbé ",756826,Lamaigelle,LOC,,756836, qui d endosse des habits civi
"e,
Cematin, clle m'a fait une ",757164,Scene,PER,MISC,757169,".
C'est honteux, m'a tclle aut"
ce a l'immortaliré de l'ime. ,758133,Me,PER,,758135,"
Siter Cd, Quand vous aurcr le"
"vert, laissant apercevoir ses ",758260,Casts,PER,LOC,758265,", les unes
pleines, les autres"
"t
1iC.
 Qui, répond l'abbé. ",759030,Etsi,LOC,,759034," vous youlei connditre
Sd Chan"
"!.:. Voyous, que
Jouc.t-ondux ",759388,Varietes,PER,,759396,", ce soir
I va étre dix heure"
 cxactes de cetexcellent abbe ,759872,Lamargelle,LOC,,759882,". Mlais
j'entends résonner le"
'entends résonner le timbre. ,759921,Voici,PER,,759926," Genevieve, clle
entre dans le"
ds résonner le timbre. Voici ,759927,Genevieve,PER,MISC,759936,", clle
entre dans le salon. Je"
"es. L'avteur de md perte est
 ",760604,M.,PER,,760606, CeorgesRandal. Ilse dit votre
"rétaire, il a pris tout lar-
",761367,Sent,LOC,PER,761371," et, hélas !.lei lettres de m"
"i lettres de mi mère... Ici, ",761417,Mionsieur,PER,LOC,761426,"
l'abbé. il faiit que je vous"
"ans unl tiroir
de son bureau. ",761721,M.,PER,,761723," Raridal les a découvertes, C"
" unl tiroir
de son bureau. M. ",761724,Raridal,PER,LOC,761731," les a découvertes, Ct, du5-
"
"'il en pouvait rirer. Sous
la ",761821,Menace,PER,MISC,761827," de toutapprendred mon père, "
"lle cxistence

922i
LE VOLEUR
",762261,M.,PER,,762263, Randal mn'a fait mener depuis
". C'estabsolument
etfrayant ! ",762424,M.,PER,,762426, Randal est un misérable et s
"uscinent l'abbé. Due
faire I ",763218,Mon,LOC,,763221," Dieu, Eclairer nous... Voici "
"nent l'abbé. Due
faire I Mon ",763222,Dieu,MISC,,763226,", Eclairer nous... Voici ce qu"
"'abbé. Due
faire I Mon Dieu, ",763228,Eclairer,PER,,763236," nous... Voici ce qu'il taut
f"
" Je vais mem.
ployer a livrer ",763333,M.,PER,,763335, Randal a la justice après lu
"evieve avec
fcul, je suis une ",763743,Croyanle,PER,LOC,763751,", monsicur l'abbe.
 Eh I bien,"
"dison de retraite oil
je vous ",763995,Conduirdis,PER,LOC,764005,", oil vous serier trés bicn, "
"existence ?
aoi mu anlerie de ",764149,Merileie,PER,,764157," Demetle rene aesai  e
1
..
.
"
" ?
aoi mu anlerie de Merileie ",764158,Demetle,PER,,764165," rene aesai  e
1
..
.
"".
1""
.
"
"la reconduire.
 J'ai promis a ",764427,M.,PER,,764429, Randal d'aller le voir auijoa
"rreterVous Sur
votre chemin d ",764731,Saint,PER,,764736," Thomas d'Aquin, et entender
l"
"Vous Sur
votre chemin d Saint ",764737,Thomas,PER,,764743," d'Aquin, et entender
ld messe"
nisées ; clle est hallucinec ,765416,Come,MISC,,765420,"
elles : clle a leur méchance"
" la, tout est en ercès et en ",765788,Contrastes,LOC,MISC,765798," , la folie
Sous toutes ses fo"
"orité des malhicureuses qui.
",766185,Euiie,PER,MISC,766190," 
424
TE VOLEUR
s5y enfermenit"
solue d abandonner le mmonde: ,766948,Bdistu,PER,LOC,766954," con-
mient j'ai passe la mnat"
"ee d'En prières, a l'églisc ",767016,Saint-,LOC,,767022,"
Frienne du Mont, oil repose 1"
" prières, a l'églisc Saint-
",767023,Frienne,PER,,767030," du Mont, oil repose 1na bienh"
"a l'églisc Saint-
Frienne du ",767034,Mont,LOC,,767038,", oil repose 1na bienhenreuise"
" repose 1na bienhenreuise pd-
",767073,Tionne,MISC,LOC,767079,. Cestl que Dien m'a parlé. I
" Je prierai pour toi, pour (d
",767344,Conversioi,PER,LOC,767354,". Oui, je renonce d Batan, d S"
"Conversioi. Oui, je renonce d ",767374,Batan,PER,LOC,767379,", d Ses poimpes...
 Je m'y opp"
"ne
devait pas s'embèter avec ",767582,Dalild,MISC,LOC,767588,", chaqire fois qu'elle
avait t"
i ne m'affecte pas plus que l',767905,Evénc,LOC,ORG,767911,".
meni le plus banal de monl c"
"me inscnsibilisé, d certains ",768114,Mornents,PER,ORG,768122,", ctsans
aucune waisoi. Tt je "
"cédait di
 
LE VOLEDR
ap25
i ",768204,Somincil,PER,,768212,", a l'abbe qui doit venirmi'ap"
"hien. C'estun hommme quia des
",768618,Sentiments,PER,,768628, religicun tres pronoucés et 
"lui. Si jaindis nous nous ic-
",768730,Voyons,PER,,768736,. nous scrons bons ainis. Du m
"a même tacilité. Ia liberte
",769117,Gontelle,PER,LOC,769125," jouit maintenant, Ct qui l'af"
" pour faire obeir a la loi di
",770176,Wine,PER,MISC,770180,", sément l'épouvante dans no"
". Wolite confidere hominibus,
",770753,Riaux,PER,LOC,770758, femmes repentantes... Combien
" par Bruxclles. Vous my iroi.
",771029,Vercu,PER,LOC,771034,. J'y vais apres demain et j y
que j'ai volés a droite et d ,771327,Gariche,LOC,,771334,", que
j'di conserves sans mém"
" Ca n'en knit pas. Fnkin, Mte ",771825,Tabel,MISC,PER,771830,".Lion vient
de m'annoncer qu'i"
"ute, cntre dufres
la villa de ",772289,Maisons,PER,,772296," Lafftte, la fortune de mon om"
"re dufres
la villa de Maisons ",772297,Lafftte,PER,,772304,", la fortune de mon omcle
iont"
. Lerapport m'a fait songer d ,773156,Montareuil,PER,LOC,773166,",
Que j'ai été voir. Il m'a "
"lui plus rien
donner poursd u ",773242,Revue,PER,,773247," y, quise vend très bien, Mdi"
"ndre leur scbile, mendier une ",774377,Laveur,PER,LOC,774383,"
ou uMe aumone, oui, ils parai"
"attager les sentimenis de ses
",774653,Yoisins,PER,LOC,774660,". Son bedu visage, tres séric"
"nt
lcursregards dansle vague. ",775052,Mdis,LOC,,775056,", moi, je le reconndis.
C'est "
"elle mère. Ahl pir
tié....
 ",775372,Cestmnon,PER,LOC,775380, tour. L'huissier m'introduit 
".
le Courbassol que j'ai vu a ",775500,Malenvers,PER,,775509,", le mêmere.
 Sard fuyant, la"
"ravail de tout premier ordre, ",775791,Monsicuy,PER,,775799,"
Vous avezrendu, en lecrivant,"
n. Je sdis beaucoup de gré a ,775899,Mtne,MISC,PER,775903," de
Vaucouleurs, dont la famil"
" choses, car yotre merite
est ",776134,Jeceux,PER,MISC,776140, qui ne peuvent passer inaperc
"passer inapercus. Couver-
er, ",776186,Cestchoisir,PER,ORG,776197,". Et nous, qui sommnes placés"
"afhrmne Courbassol.
fhl bien, ",776861,Monsicur,PER,MISC,776869,", j'ai pense quil ne vous dép"
"nt dc
tuellement vacants a la ",777037,Chambre,PER,ORG,777044,", ct si vous vous dé.
cidier "
"s tel ou telarron-
discement, ",777133,Candidature,PER,,777144," vraiment democratique, cest
a"
mnot de moi d mon colleque de ,778025,Iinstruction,PER,,778037," Ou
blique...
it d5.
 Hon, non"
"u
blique...
it d5.
 Hon, non, ",778069,Mazds,PER,LOC,778074,", si lon ytient, mais pas Cd. "
 point oublier sesreceptions. ,778203,Mtme,PER,,778207," Cour-
bassol, assure t il, Se"
t oublier sesreceptions. Mtme ,778208,Cour-,PER,,778213,"
bassol, assure t il, Serd Cha"
"rs, pour
Quoi existe t il des ",778709,Compagnies,PER,,778719," d'Assurance contre le
 vold'O"
"etourne donc tes poches, pour
",779720,Noir,MISC,ORG,779724,".
 Si tu veux. Liens, des pros"
"ches, pour
Noir.
 Si tu veux. ",779739,Liens,PER,,779744,", des prospectus, des immprime"
"-- Tu peur tout oser, répond ",780412,Rogerla,PER,,780419," Tlonte. Le
principal, C'est q"
"LE VOLEDE
bientot partir pour ",780583,Venise,PER,LOC,780589,". Mon dssocie s' Occuperd de
 "
"is tuqui
c'est, mon dssocie ? ",780689,Devine,PER,MISC,780695,"... Lu ne pourisis jamndis ,
j"
"
Paris, Cans l'atrestation de ",781072,Canonniet,PER,ORG,781081,".
.. Ln roletres avouable, ré"
"sque vous.
marcrrencontre rue ",781319,Baint,PER,,781324," Honore et aver tantinsiste
po"
"r tantinsiste
pour m'eminener ",781368,Aejcuner,PER,ORG,781376,", Pasuninstant. Si je vous
di "
" d'opérer l'arrestd-
tion de ",781675,Canonnier,LOC,,781684, d la grre du Hord et je l'ai 
"rontière. Pourquoietes-
vous ",781782,restés,MISC,,781789, d Bruvelles I... Si Vous. avi
 Bruvelles I... Si Vous. avie ,781821,Cu,LOC,,781823," conbance
en moi, Cher monsieu"
"ous. avie Cu conbance
en moi, ",781841,Cher,PER,LOC,781845," monsieur Handdl, rien de ce q"
"avie Cu conbance
en moi, Cher ",781846,monsieur,PER,,781854," Handdl, rien de ce qui s Cst
"
"auteur primcipal decet épou.
",782160,Vantablecrime,PER,LOC,782173," quia indigne le monde entier,"
"einent odicux d vous-meme que
",782263,Yous,MISC,PER,782267, avex Abandonne l'admninistrat
"cux d vous-meme que
Yous avex ",782273,Abandonne,PER,,782282," l'admninistration.
 Je ne veu"
"rien discuter, Tepond lssacdr ",782343,Merve,PER,,782348,".
Semlent. Vousignorerles caus"
"-
 LE VolEUR
423
 a Oui, j'en ",782549,dieu,MISC,,782553," a Paris.
.- Alois, voussaverq"
rqu'ilest cncore au dépot de ,782611,Vile,MISC,,782615,"
de Ré, on retarde autantque "
"t cncore au dépot de Vile
de ",782619,Ré,PER,,782622,", on retarde autantque possibl"
"iinformé ct vous tiendrai
Au ",782843,Courant,LOC,MISC,782850,". Je vous Serdi meme utile, si"
"e que vous voudrer, mais soye
",782945,Convaincu,PER,,782954, de ceci: Torsque j'di dit d u
éc d'Annic pleure comnme Une ,783189,Madeleine,PER,,783198," parceque
je viens de lui anno"
"
 Ju devrais venir avec moi a ",783497,Venise,PER,LOC,783503,", me di
Roger la florite qui m"
"peuy pas, Ifautque
 j'aille a ",783649,Bruixelles,PER,MISC,783659," , pour porter a l'abbé Ldmar"
", et que peut etre...
Ćdue.-
",784505,Coujours,MISC,,784513," peutetre !..
d^t ---
RRIS
SI "
e voyais le pli de lironie se ,785157,Crcuser,PER,,785164," d ses levres,
et j'avais soif"
"n tort, je l'avoule, Ct Comme ",786119,Vousdrer,PER,LOC,786127,"
Cu raisom de traiter ainsi qu"
"e l'avoule, Ct Comme Vousdrer
",786128,Cu,LOC,,786130, raisom de traiter ainsi quell
"́ressante, je ve dis pas.
Des ",786360,le,PER,,786362," premier jour, on s'aperçoit "
"i je répondu, pronongant les
",787993,Mots,LOC,,787997," Comleen ievC.
 Vous n'en save"
"répondu, pronongant les
Mots ",787998,Comleen,PER,,788005," ievC.
 Vous n'en saverrien ! "
́nees dans le désert oit les ,788798,Ossements,PER,,788807," blanchissent
Au dessouts du v"
uts du vol noir des vautours: ,788859,Bientot,PER,LOC,788866,", ils Se
tegatdétont avec col"
"s, dans urie grande détresse ",790326,Mordle,PER,,790332,".
J'dipense d vous. J'ai pense"
s désiricr me dire ce matin. ,790493,Mdis,LOC,,790497," Vous
etie2 absent, pout plusi"
" nous le savons. Pourtant,
ne ",791000,Croyer,MISC,LOC,791006," pas... Ecouter, si wous aver "
"s. Pourtant,
ne Croyer pas... ",791014,Ecouter,PER,MISC,791021,", si wous aver jatmdis besoin
"
"ies savaient s'y prendrce...
 ",791577,Conline,PER,LOC,791584, dit la chanson. Lit les homtm
"COMME TOUTES IES
CONCLUSIONS
 ",791760,Mafoi,PER,,791765,", dit l'abbé lamargelle comme"
"ous ache.
 vons de dejenner a ",791827,Thdrel,MISC,,791833," du Roi Salomon, on ne
mange p"
"bstinence. n Miles voluptés,
",792077,Cormine,PER,MISC,792084," c'est male et voluptueun, de "
"dans l'existence ? Continuez.
",792798,Contenter,PER,,792807, vous de vivre pour vivre. I2 
"rent les hygienistes, est une ",792879,Lentative,PER,LOC,792888," du systeine
pour Saccommoder "
".-Achors
de nous, le crime en ",793310,Vantun,PER,,793316," dutre. Et quelle lumière
il "
"e
les gareriers a la solde de ",793695,Prudhomune,PER,LOC,793705,", le sens de cet
incident  Il "
tion n'est pas Sculernent une ,794242,Doctrine,PER,MISC,794250,", mais
une Vie, la marche de l"
" ou dedélirs de
Aroit comun. ",794436,Malheureuseinent,PER,ORG,794452,", il ne sufht pas
dètre un cr"
"t le moi commmun dont
parlait ",794689,JeanJacques,PER,MISC,794700,. Flle n'a plus qu'une face. F
"lle le mnasque .
inenteuir du ",794820,scépticisine,PER,,794833,". Ia raison d'etre contempo.
r"
 Mehsonge ! s'écrie l'abbé. ,795262,Motre,PER,LOC,795267," époque est une.
époque d'ac"
"nt. I humianité le commprend
",795339,Vaguemneni,PER,LOC,795349,", et c'est pourcela qu'elle d "
"niscle de force.
i Jesus, dit ",796109,saint,PER,,796114," Augustin, a perfectionné l'e"
" de force.
i Jesus, dit saint ",796115,Augustin,PER,,796123,", a perfectionné l'escld
ve. "
" lignorance et de I
peur s.:. ",796488,Etcetre,PER,,796495," kguie dit Christ, si veule, s"
"roix, Ceuf quitravaillent?... ",797474,Motre,PER,LOC,797479,"
monde cEcidental les traine c"
on geste s'clargit ct sd voix ,799008,Coune,PER,,799013,".
 Mesidées ! Laseule idec. V"
"es labourées par la douleur, ",799502,Cerveaux,PER,MISC,799510,".
déchirés par l'angoisse, v"
" si
longtemps que la Parole a ",799752,Cesst,MISC,,799757," d'etre un Fairsque
 le Verbe "
"ans !... Pourtant, j'espère. ",799881,Motre,PER,LOC,799886,"
epoque est tellement abiecte,"
"tendre. - Un apotre
Serait un ",800227,Individu,PER,MISC,800235,", l'abord - Iadividu qui a dis"
"x et un monde nouveaul s'Epd-
",800536,Nouird,PER,LOC,800542," sous ses pas. C'en serd hni, "
"en serd hni, de cet imminense
",800589,Couvent,LOC,,800596, de la Bottise mcurtriere dont
", de cet imminense
Couvent de ",800600,la,PER,,800602, Bottise mcurtriere dont les M
"e cet imminense
Couvent de la ",800603,Bottise,PER,,800610," mcurtriere dont les Murs, Eta"
"vore :
de ce monastère de la ",800784,Renonciation,MISC,,800796," Derpéruelle oil
lhumanire, l"
" que leur Providence, qui est ",801253,lHrat,PER,ORG,801258,", entre
baille le guichet par "
"ps, clle
laisse apercevoir la ",801342,Manne,PER,MISC,801347,", d moins qu'elle neprétère
"
uy battauts la grande porte - ,801419,Celle,PER,,801424," qui.
Ccconduit a l'abattoir. "
"l'abattoir. - Oui, le jour ou ",801472,Individu,PER,,801480,"
reparditrd, rehiant les pacte"
" dalle oil sont gravés leurs
",801596,Droits,PER,ORG,801602," , le jour ou lIndividu, laiss"
"rnier jour, bagne des
Peuples ",802149,Rois,PER,,802153, oil les hommes ne sont memne 
"uples et mornes -, on derniet
",802359,Jont,PER,LOC,802363,", civilisation du despotisine "
nt sdns doute de commettre de ,803442,Mouvedux,PER,LOC,803450," vols...
Mlisere...
L'abbé m'"
",.
je ne puis pas la trouver. ",804032,Ceserd,PER,MISC,804038," pour une autre fois.,
on Ceuv"
"serd pour une autre fois.,
on ",804064,Ceuvre,PER,LOC,804070, demcurerd donc sdns conclusio
"ts de thédtre, épilogues de ",804204,Lctions,LOC,ORG,804211,", on.
ii dimle Gd, je le sais "
"Qui, je vais le mettre 12. On ",805456,Cutiliserd,PER,LOC,805466," pour allumer
le teu. Ou bien "
".
D
311--
aint Amand (Cher).- ",805770,Imprimerie,PER,,805780," Bbsffifh iteres.
3
d
D M
Ai
M"
int Amand (Cher).- Imprimerie ,805781,Bbsffifh,PER,,805789," iteres.
3
d
D M
Ai
M
M 
N
 < "
" < s m 

D.


D


2
D
.""
 a   ",805846,a,LOC,,805847,
