Gauche,Début,Texte,Label_modele,Label_spacy,Fin,Droit
"te. le voleur. roman
ICeorges ",139,Darien,PER,,145,". 1898.
I les contenus accessi"
"Callicd en haute détinition,
",2846,Contacter,PER,LOC,2855,"
utilisation Commnercialelabnt"
"GES. DARICN,
 
l1
esg

---
DE
",3108,ROMAN,PER,,3113,"

 t^ere 
DE
 
I
IE
2
s
. 1421"
"RIS
LA FONTAIRE.
T F l F7
P.. ",3284,V.,PER,,3286," STOCK, EDITEUR
Aancionne Uibr"
"ous les pays, y compris .
 la ",3493,Suede,PER,,3498," at la. Hoivige.
-

Mai d 
 du"
" y compris .
 la Suede at la. ",3506,Hoivige,PER,ORG,3513,".
-

Mai d 
 du te

83
A 
245 "
"e, y compris la Suéile cl in ",3710,Norrege,PER,,3717,".
Ce volnmeia ele déposé au "
"en novembre 1897.
A LA HIEHIE ",3830,LIBRAIRIE,PER,,3839,"
N°
1.a
DU MÉME AUTEUE
Fas le"
" d'Afrique, roinan, I volume.
",3951,L.os,LOC,,3955," Chapons, pièce en un acte, r"
"ibre i
len collaboratioi avec ",4042,M.,PER,,4044," Lucien Descaves), I brochure,"
"e i
len collaboratioi avec M. ",4045,Lucien,PER,,4051," Descaves), I brochure,
Pour p"
" paraitre prochainement :
J.d ",4109,Malhonnete,PER,,4119," Homino, romdn.
⁋l aété tire"
"S DARIENS
8
a Aa
E VIE,
-
 aL ",4338,ROAA,PER,ORG,4342,"
5 
1
I eS

.......les voleurs"
"

I
I
PARIS
LA FoyralnE. A
D. ",4447,V.,PER,,4449," SrOCH, EDITEUE
(Ancienne Libr"
"alnE. A
D. V. SrOCH, EDITEUE
(",4466,Ancienne,PER,,4474," Librairie Piesse et Stoch)
8,"
"e mourir. Un dadd. Je n'avais
",5623,Jamais,PER,,5629, vu de roi. Quel est le Répub
ieur est sans doute un ami de ,6140,M.,PER,,6142," Kandal,
me dit l'hotetiere co"
 même prénom : il s'appelle ,6606,Cicorges,PER,LOC,6614,",
ccomme vous savez - Cieoroes"
"Cicorges,
ccomme vous savez - ",6636,Cieoroes,PER,,6644,". Randal. - Fh! bien,
huisque "
rs jours. C'est la plus belle ,6821,Cham,PER,,6825,"
bre de la maison, ali.bremier"
"ce pas ? l'airu des dames.
me ",6941,la,PER,,6943, rélenir quelquefois deux moi
" des betises 52
facilement...
",7335,Duets,PER,,7340, messieurs ! Duelle saison ? D
" fouvez pa5
AVANTPROFOS
VII
a ",8031,Loujours,PER,MISC,8039, les mettre dans U0s poches ; 
"ui est dans le coin, la
C'est ",8269,la,PER,,8271, valise de M. Randal : il n'a 
"e coin, la
C'est la valise de ",8282,M.,PER,,8284, Randal : il n'a pas voulu l'e
"sse5
 Pas le moins du monde.
 ",8530,J',PER,,8532,espère que Monsieur sera sati
"e que contenait la valise de.
",8986,M.,PER,,8988," Randal. Curiosité malsdine,."
 valise : elle n'étuit point ,9325,fermée,PER,,9332," d
Cle. les courroies Seules l"
"
 dont je n'avais pas achevé ",10202,la,PER,,10204," lectwire, ni même le re-
met"
p. dans une maison pareille - ,10598,Mne,PER,,10601,"
maison ou l'on était si bien"
"́ la
lecture des mémoires de ",10861,M.,PER,,10863," Randal . L'appellerai-je
Mons"
"omment faire? Le renvoyer
bar ",11146,la.poste,PER,,11154," ? Empossible, mon départ pre"
e ces soir5 a ces messieurs n ,11407,Me,PER,,11409," Ca556
ront le nez, dans un co"
"is si yy re
iourne et qu'on m'",11756,observe,PER,,11763,", si l'on vient à remarquer m"
"luimême m'en donne le
moren. ",12133,Lequel,LOC,,12139, ? Vous le verrez. Mais je vie
" tente vainement
de récrire. ",12799,J',PER,,12801,aurais été si heureux d'éte
"ngeres5e5
een cubsdelampe ! - ",13082,J',PER,,13084,"aurais voulu moraliser - Mo
ra"
" comment il écrit, ce Voleur-",13535,la,PER,,13537," ; mes phrases n'en-
ttrent pa"
"5 rAnCunC.
Qne chose qu'on me ",13781,reprochera,PER,,13791,", pourtant - Et avec
raison, j"
 un ancien élè̂ve de lHcole ,13910,Polptechnigue,MISC,,13923,",
par exemple. qui, tout le to"
"lume, aurait dit.
Son fait au ",13991,Voleur,PER,MISC,13997,. Il aurait suffi de le faire 
" cons-
Ctemoi qui ai voté le ",14483,Voleur,PER,MISC,14489,", je ne puis ouere de Retrir.
"
"T. CROTOS.
L. - Aurore.
II. . ",14932,Lecacur,LOC,MISC,14939, d'un houtune vierge cst un Va
"t pas gai
Aans l'ezistence. .
",15095,V.,PER,,15097," - Ou courtaild.
W. - Plein ci"
ombindicons machiaveliques ct ,15789,Jcurs,PER,,15794," réoul
tat5
 280
 Vei--
 PABI"
"y pousse de tous
i Lescotés. ",16589,Mme,PER,,16592, Dubourg d laissé entendre a 
"iale superbe, avec une santé ",16829,Roris,PER,,16834,"
i Sante, vivre seuls J He pas"
"fortune Amassée, ou irdtelle ",17045,JErles,PER,MISC,17051,"
bons exemples a léguer, le f"
" d'attendre davan
D
N
TaGe.
- ",17347,Lecure,PER,LOC,17353," aussi:
 Un des prenliers pré"
"onde le veut, cest
bon.ils en ",17552,Aurontun,PER,LOC,17560,".
.
s. Vont.
Je me presemte : "
"
dele, je fais lhonncur de ma ",18344,Classe,PER,MISC,18350," et la joie de Ma
famille. On "
 qui mne déchire le front et ,19368,m',PER,,19370,"égrd.
tigne les orcilles, ave"
"nre
An5.
 Un bel age! dit mon ",20149,oncle,PER,,20154,". On est dípa
presque un jeun"
parler les grandes personnes. ,20705,J',PER,,20707,"ai été bien élevé...
Des s"
"moire dans tous les coins de.
",20996,Notre,MISC,,21001, mdison de Paris : dans les al
"dans tous les coins de.
Notre ",21002,mdison,PER,,21008, de Paris : dans les allées r
niquets chargés de pavés de ,21784,Reirs,PER,LOC,21789,", de ;
porcelaines utiles et d"
"ndu qui disait a ma mère .
- ",22592,Cesont,PER,,22598," des souteneurs, tusai.
 Jai d"
" plus
Grave. Il m'a fait voir ",22871,Cambertd,PER,LOC,22879,". C'érait au Palais de
Versai"
 se tenait alors l'Assemblée ,22947,Wationdle,PER,,22956,".
La seance élait ouverte qua"
nce élait ouverte quand nous ,22994,Soimtnes,MISC,,23002," Cntrés,
In monsieur chauve, "
"and nous Soimtnes Cntrés,
In ",23015,monsieur,PER,,23023," chauve, forrikie d'un gilet b"
l disait que le mais est tres ,23111,Mauvdis,PER,,23118," pou
les Chevaux. J'di cru que"
"tres Mauvdis pou
les Chevaux. ",23136,J',PER,,23138,"di cru que Cétait Gambeltd.
M"
Chevaux. J'di cru que Cétait ,23157,Gambeltd,PER,,23165,".
Mon père s'est mis cn colar"
"omment! je ne re.
Conndis p2s ",23229,Cammbetta,PER,,23238, ! Il est asscr facile a disti
"parents quand ils le met
tent ",23546,cher,LOC,,23550," les Jésuites, mais qu'il doi"
"uand ils le met
tent cher les ",23555,Jésuites,PER,LOC,23564,", mais qu'il doit leur obéir "
"e tourne vers moi.
 Le voild, ",24758,Cammbetta,PER,LOC,24767," ! Piens, 22, lil
Qui, c'est l"
"ui. Je reconmais son ceil
 la ",24843,place,MISC,,24848," de son ceil. - Il estld, du p"
"ette.
 C'est bien dommage que ",25301,Cambetta,PER,LOC,25309," n'ait pas
parlé, dis je a mo"
"s
parlé, dis je a mon père, ",25348,Comlne,PER,,25354," Mous SortonS.
 La parole est "
"́, dis je a mon père, Comlne ",25355,Mous,MISC,,25359," SortonS.
 La parole est d'arg"
", au moins quelquelois. Et le ",26586,monsieur,PER,,26594,"
4
d

N.
LE VOLEUR
 chauve, en"
"ent justi
hées, ce n'est pas ",27067,Cammbettd,PER,LOC,27076,", ni meme M. Thiers, qui
Syimb"
" n'est pas Cammbettd, ni meme ",27086,M.,PER,,27088," Thiers, qui
Syimbolisent pour"
"ient quitte ld
France dans le ",27273,Kacre,PER,LOC,27278," a Louis Philippe, dont la bla"
"autwui.
Titclle m'a donne une ",28085,petite,PER,,28091," carabine avec laquelle
i on p"
"lles, lait des ligd
Tures auy ",28885,Consonnes,PER,,28894,".
-- Le. Code estformel
i J'é"
"nnes.
-- Le. Code estformel
i ",28920,J',PER,,28922,"écoute C2, plein d'une sombre"
n grandpère et j'ai perdu ma ,29646,Mall,MISC,,29650,"
wdise habitude. Peut etre que"
" estformel, pou
Le5.Ongles.
. ",29718,J',PER,,29720,"ai voulul mlcndssurer, un jour"
"coeur jai posé le volume
Sur ",30410,la,PER,,30412, table rustique du berceau ! A
" lis le
Contrat de louage, le ",31533,Régime,MISC,LOC,31540," dotal, beaucoup d'autres
chos"
" m'arnuse pas, certai
nement: ",32416,Mldis,PER,MISC,32421, Ca m'intéresserait sans ducu
"si
lon me laissait continuer. ",32490,Lelle,PER,LOC,32495," est, du moins, mon
opinion. O"
"Cd..
Ttilpose son doigtsur la ",32806,Mdrge,PER,LOC,32811,".
i Pres veré, je fermne brus"
"pose son doigtsur la Mdrge.
i ",32815,Pres,MISC,,32819," veré, je fermne brusquement "
fermne brusquement le volume. ,32860,Moni,LOC,,32864,"
Grand perc Sourit Cncore.
 Il"
"nt le volume. Moni
Grand perc ",32876,Sourit,PER,,32882," Cncore.
 Il faut avoir des é"
"terd de la Bociete.
Bon, bon. ",33034,Mous,MISC,,33038," verrons Cd.
J'aiun dutte SOuv"
"'aiun dutte SOuvcnir, CuCOTC.
",33082,M.,PER,,33084, Dubourg est un ami de la fami
les domestiques. I pardit que ,33775,M.,PER,,33777," Dubourg s'est
malconduit... L"
"r devant
Mol.
 Dubourg peutse ",33995,Ratter,PER,,34001," d'avoir de la chance,
ditil a"
"xte, Échapper du Chatiment.
 ",34277,Jamais,PER,,34283,", dit ma mère. Mais on dura c"
"ard 2
Sond9e.
 Belle excuse ! ",34348,Raison,PER,,34354," de plus pour n'avoir pas
depi"
"uis des annécs, peut
etre... ",34492,Conndis,PER,,34499, tu rien de plus irmmoral : Et
"ien de plus irmmoral : Et mon
",34534,Sicurfouille,LOC,,34546, d pleines mains dans les cais
"nmesous l'Emmpire ,Comme
Sous ",34647,Louis,LOC,,34652," KV I... Et, quand on le prend"
"our Dubourg, s0is
tranguille. ",35128,J',PER,,35130,"ai donné des ordres, ici. Et "
" son journdl, je vois arriver
",35441,M.,PER,,35443," Dubourg. Id domestique, par b"
"ut ce quil a a dire, ct je me ",35742,lève,PER,,35747," pou
m'cn aller. Mon père me "
"ère me rclient par le brds.
 ",35799,Reste,PER,,35804," la
 M. Dubourg parle depuisci"
"lient par le brds.
 Reste la
 ",35809,M.,PER,,35811, Dubourg parle depuiscing minu
"épondrien.
Rien, pas un Mot.
",36032,M.,PER,,36034, Dubourg continue. Il dit que 
"ne l'ercuse
pas d présent... ",36524,Mdis,MISC,PER,36528, qu'il avait espèré qu'on co
"us importuner plus longtemps, ",36941,M.,PER,,36943," Randal: je vais
Yous quittet."
"n ld.
Adicu, Monsieur.
alors, ",37132,M.,PER,,37134, Dubourg est parti. Il s'en co
s général. Je nesuis pas un ,39036,Canere,PER,,39042," -- nou,
Cc'esttrop diflicile "
"sit sloria mundi, soupire mon ",39248,oncle,PER,,39253,", quii
ne sait pas le latin, m"
"asque du7 passants.
Cest mnon ",39408,oncle,PER,,39413,", d présent, qui veille sur m"
" présent, qui veille sur mes
",39446,Jennesannees,PER,MISC,39458,". Mles parents sont morts, ct "
"rts, ct il m'a été :
Conné ",39510,Comline,PER,,39517," THICNE.
- Une tutelle parcill"
"nées et transformées cn ran
",40752,Ccunes,PER,,40758,", ne gernierdient point des ha"
"
 'argent que mes parents ont ",40889,Arnasse,PER,ORG,40896,", et qu'ils m'ont
légue, je n"
"la liberté. J'aime Var
Sent. ",41379,J',PER,,41381,ai vu la joie orqucilleuse de 
"́c me supplicie.
Je. hdis mon ",41871,oncle,PER,,41876, : je le hais d'une haine terr
"ant i moi que le bandit a la
 ",42199,Victime,PER,MISC,42206, qu'il détrousse... Les robes
". Les robes de sa fille, ma
i ",42255,Cousine,PER,,42262," Charlotte, qui commence d por"
"bes de sa fille, ma
i Cousine ",42263,Charlotte,PER,,42272,", qui commence d porter des ju"
" paye, et l'argent qu'il me i
",42367,Lonne,PER,LOC,42372,", toutes les semaines, c'est l"
", cher lui, le dimanche, les
 ",42530,Morceaux,PER,,42538," m'étranglent, j'étoutte de "
"e n'a point donné, par i
SeS ",42972,Comparaisons,PER,,42984," Ciuelles, le contrepoids des "
"́pris.
 Mais ce n'est pas mon ",43322,oncle,PER,,43327," que je méprisc, je
continue "
"Me presente
d Mes semblables. ",44743,J',PER,,44745,aurai du savoir-vivre. Je rega
"noi - et tant pis pour moi
Si ",45559,Cestun,PER,,45565, épouvantail qui gisdit sous 
ébarrasser de la liane qui l',47422,étoutte,PER,,47430," ; il i.
faut une hache pour c"
"Scilavant, ni pardon apres. - ",47806,Jesais,PER,,47812," que les années
que je dois e"
dois encorc passer au collige ,47866,scront,PER,,47872," des années .
perdues pour mo"
"prl l'apprendre tout seul, en
",48180,Quclques,PER,LOC,48188," mois, si j'en avais cu bésoi"
"ement
cclassique. Loin de la. ",48459,J',PER,,48461,"ai pris le parti de ne penser
"
"protesseurs, catjene
Suis p2s ",49502,Comine,PER,,49508, beaucoup d'autres enfants qui
"ds donc cetre Elistoire f
des ",50071,Morts,PER,,50076," - Tout Cd, c'est les procès "
"procès verbaux des.
vicilles ",50128,Morques,PER,,50135, - cette tlistoire des Morts q
Morques - cette tlistoire des ,50158,Morts,PER,LOC,50163," qu'on i
nous cnscigne en déd"
"s des Vivants -
CotIe on nous ",50235,Condainne,PER,MISC,50244," d la gyinnastique affai-
Tlis"
"ivres qui
nous plairaient, et ",51114,Comnme,PER,MISC,51120, il nous plairait... Ouest. Ce
et Comnme il nous plairait... ,51141,Ouest,MISC,LOC,51146,". Ce
Que je sauri, quand je so"
"ce, de cette existence qu'ili
",51434,Me,PER,,51436," ecins copgue se aecdue iaure,"
econs mordles que nous léqud ,51741,la,PER,,51743," sagesse antique. Le
livre de "
"chappe pas le
moins du monde. ",51984,J',PER,,51986,assiste avecunesatisfaction vi
"e déplorable, fut me
ritée. ",52131,J',PER,,52133,"applauilis, comme il convient,"
"u triomphe de César.
lempire ",52244,Rornain,MISC,,52251," sétablit, i md Srande joic ,"
"mpire Rornain sétablit, i md ",52268,Srande,PER,MISC,52274," joic , cétair
nécessdire, u"
etre juste: les invasions des ,52387,Barbares,LOC,MISC,52395," ont
cu du bon, pourquoi pas ?"
 vois cricront éternellement ,52492,Contre,PER,LOC,52498," Cu, Ct
que c'est fortheureny "
ricront éternellement Contre ,52499,Cu,LOC,,52501,", Ct
que c'est fortheureny que"
" Ct
que c'est fortheureny que ",52532,Jeanne,PER,,52538," d'Arc les dit chasses
de Fran"
 i un grain de sable : Que la ,52655,Revolution,MISC,,52665,"
trancaise fut un grand mouvem"
"grand mouvemnent libérateur, ",52713,Mdis,MISC,LOC,52717,"
qu'il faut néaninoins en bli"
"ort Raphael pour
les loges du ",53095,Vatican,PER,LOC,53102,", que j'ignore : MichelAnge,
p"
"'ignore : MichelAnge,
pour le ",53139,Jugement,PER,,53147," Dernier, que je n'ai jamais V"
" MichelAnge,
pour le Jugement ",53148,Dernier,MISC,,53155,", que je n'ai jamais Vil.
Boil"
"l'ave.
nir, n'immporte quand. ",53605,Meme,LOC,,53609," si mes pieds se sont
ecorches"
il faudra qu'on la paye d ind ,53894,place,MISC,,53899," et quon
paye double. Ce n'est"
"nt rendue dpre,. Et mes rages ",54306,Mornes,PER,MISC,54312,", im
placable. Et puis, clle m"
"s des Vaincus.
Des Vaincus... ",54538,J',PER,,54540,"en vois partout. Ces umiversi
"
ère dans la pate sucrée des ,55048,Marottes,PER,LOC,55056,",
dans la poudrerose des dadas"
"emient l'intensite du teytc.
 ",55233,Jescrre,PER,LOC,55240," le texte : je l'etripe , je l"
"l'autre , n'ayer. pas
Neriote ",55336,Mosese,PER,,55342, (d dete minre de eueveeusiée
"e le casque ;'Er le pétase,
 ",55482,Messicurs,PER,MISC,55491, ! Inutile d'aller plus loin..
"ueri, SAt prala biberunt.
Nen ",55590,icter,PER,,55595," plurs, la cour est pleine.
.-"
"leine.
.- Mon ami, me dit mon ",55646,oncle,PER,,55651," quand j'ai quite i
I
-
LE VOL"
"pede libero, avec un dipldmne ",55729,Ratteur,PER,LOC,55736," et fort
utile sous le bras, t"
"rent d.
toi, tu peux choisir. ",55878,Commerce,PER,,55886,", industrie, lirterd-
ture, sc"
"st ouverte dun talents...
Mon ",56046,oncle,PER,MISC,56051," s'amuse un peu, en me disant "
 des yeuz couleur d'acier. Sd ,56179,Ligure,PER,LOC,56185," J Um ta
bleau de ponctuation "
"ellente idéc, dir mon oucle. ",56971,Peutetre,PER,MISC,56979," d5 t
 Taison de ne point te d"
"ation.
Peutètre autre chose, ",57332,Aussl,PER,MISC,57337,". J'ai cu le temps de
 m'en ap"
oule de crimes mne Faudrd-til ,58288,Comiettre,PER,,58297," ?...
Quatorre ans ! Mais Cd p"
aurais micun dime tresser des ,58704,Chaussons,PER,MISC,58713," de 1i
sières que de monter l"
e de monter la garde... On ne ,58760,Me,PER,,58762," Mettrait
pointcn prison sans "
"nieur.
Ou, comment j'ai connu ",59248,ML,PER,MISC,59250,". Essacar, Cest asoc2 diff
Cil"
"r.
Ou, comment j'ai connu ML. ",59252,Essacar,PER,,59259,", Cest asoc2 diff
Cile a dire."
"ujours lui qui fait la votre.
",59419,M.,PER,,59421, Lssacar compte begucoup sur m
"nté
Tesse pas mndl : et nous ",59491,sommes,MISC,,59497," grands amis. Cest
tres bon, u"
" hasard des promnis-
cuités. ",59682,M.,PER,,59684, Issacar est un homnmnc habile
"ont la
Conception dénote une ",59806,Viste,PER,,59811," expérience. Il n'est guere
i"
"ien, iaiscela n'interesse per
",60920,Sonne,PER,LOC,60925, et ne vous assure aucun titre
"oin. Faites vous inge-
nicur. ",61248,Tningenieur,PER,,61259, peuts'occuper de n'immporte q
"illeurs, la qualikication est ",61390,libre,PER,,61395," ; Je pre
mier venu pent se l'"
" demain, faitesvous faire des ",61498,Cartes,MISC,,61504," de
Visite. Creer.yous ingéni"
"s nou5
Cntendons.
Je le sdis. ",61637,Essacar,PER,,61644, d une grande idéc. II veut c
"e belge, d pen de distance de ",61720,la,PER,,61722," frontière
trangaise, un imin"
"oyer, m'a dit lssacar, que ca ",62788,Marche,MISC,,62794,"
Comlmne sur des roulettes. Ia"
"plutot, la directe emanation. ",63747,Jusqu',PER,,63753,"d une cer
tdine époque, le wv"
nent qui n'a plus de base. Ia ,64084,Mordle,PER,LOC,64090,"
doit évoluer, comne tout le "
"correcte devant le
eriterinmn ",64732,Conserve,PER,MISC,64740,", prend les allures d'une pror"
"pas voler. o Et dans
Quicèse ",65060,Megceule,PER,,65068, Cate 1 ue Mosniceies tes e e 
"ai visiré les pré i
toires. ",65565,Monsieur,PER,,65573,", C'estabsolument piteux. Mais"
 iente edesierdoler e tasieud ,66197,Mmreraies,PER,,66206," eo e Seus
d'aujourdhui n'est "
"pas ton corps i,
A dit Esaie. ",66407,Monsicur,PER,,66415,", je ne connais point de parol"
"point de parole
plus haute. - ",66461,Riche,LOC,,66466," ! ne méprise pas ton corps, "
" corps, car ton
corps est unc ",66775,Chose,PER,,66780, qui t'appartient tu ne sdis p
"ment voudrieryous forcer les.
",67349,Massee,PER,,67355," dincliner leuis fronts, si pe"
"orale qui ne repose sur rien, ",67443,Chose,PER,,67448," abstrdite,
ehistant cn soi ct"
"cntegimenter, hivcler, former ",67563,Mne,PER,,67566,"
Societé -- Quel mot dérisoi"
"ique, le condamnneront, je le ",69758,Crains,PER,LOC,69764,", AuK
avortements d perpéruir"
"ce, Symbolisent les ercès de ",70042,la,PER,,70044," Propriete, dévoratrice
d'ell"
"même, dit Proudhon, mais les ",70105,Cheveur,PER,LOC,70112," ne
désirent pas le bien du p"
 orcilles... Mais descendons. ,70680,ISsacdt,PER,MISC,70687,"
boite un peu, cher lui, pourt"
"dément, je crois que l'appui ",70831,gu',PER,,70834,"lsaccar.
Cohtiendra de moi aur"
l me reviendra beaucoup plus. ,71092,Mlais,PER,LOC,71097," je ne suissur
de rienl. Mon o"
"s je ne suissur
de rienl. Mon ",71126,oncle,PER,,71131,", qui me fait une pension depu"
"d
Montareuil, que mnd cousine ",71865,Charlotte,PER,,71874," Va se Marier.
fas un mauvais "
". :
Plutot un peuémèché... ",72638,Peutetre,PER,LOC,72646," que la dékinition.
n'estpas "
paraitique c'est pressé. Mon ,73017,oncle,PER,MISC,73022," rient E
sdns doute d Savoir, "
"ègle, correct, légdl...
Mon ",73474,oncle,PER,MISC,73479,", c'est un hommme d'ordre, une"
"le-
inent. Comme il n'a point ",73971,assc2,PER,,73976," de conkiance en lui
pour se j"
"hevrotante du tauxbonhomine :
",74444,Cllesonne,PER,LOC,74453, comnme le ricanenlent du carn
" de la civilisation, son etat
",74713,Criminci,PER,LOC,74721, latent (qui lui laisse dans l
"
Etavare ? Certaincmnent. Mon ",74993,oncle,PER,,74998," est un avare
tragigue.
Cenest"
"m leurs chevsux plutot que de
",75231,Jeur,PER,LOC,75235, donner une musctte d'avoine. 
"sait bien
que ce n'est pas Sd ",75523,Cassette,PER,MISC,75531," qui d de besux yeux, Car
il s"
" pent creer
et qui peut tuer, ",76229,Conne,PER,,76234, la reincarnation existante et
"doiti
le considerer comine un ",76745,Serviteur,PER,,76754," adroit et Un ines.
sager kdil"
ue chose d'effrayant chez mon ,76985,oncle,PER,,76990,",
CC'est l'absence complete de"
ere : fort jolie surtout. Mon ,77925,oncle,PER,,77930,", le leademain du
 mariage, pr"
" qui metsur
 Le visage de mon ",78365,oncle,PER,,78370,", parfois, Un voile de tristes"
"ent, vers la hn du siècle. - ",78837,Caril,PER,ORG,78842," prés
dit, pour l'avenir, un "
"
des symmboles decrépits qui ",79524,Mdsquent,PER,ORG,79532," mal la seule
Puissance. - Wai"
"gucil et de la luzure, que la ",79796,séniliré,PER,LOC,79806," exd-
Pere en horteur.
N
Mais "
"sseseulement qu'inspire
d mon ",79888,oncle,PER,,79893, cette vision décourageante d
"
etre. Un jour, prochain sans ",80239,Joute,PER,MISC,80244,", il arracherd le.
mdsque. et "
"
jouliscances. Il ne serd pas ",80910,la,PER,,80912," victimne de ses passions,
mai"
"ne de ses passions,
mais leur ",80949,maitre,PER,,80955,", un maitre cxigeant et brutal"
"assions,
mais leur maitre, un ",80960,maitre,PER,,80966," cxigeant et brutal, qui
pouss"
"oismne jusqu'a la prodigalire
",81049,Stupide,PER,MISC,81056,", et qui voudrd, en dépit de "
" avoir pour
son argent... Mon ",81124,oncle,PER,,81129," tne fait souvent Songer au7
b"
aires et tristes du MoyenAgc. ,81200,Combien,PER,,81207,"
Jeutil, derrière la pierre d"
" tristes du MoyenAgc. Combien
",81208,Jeutil,PER,LOC,81214,", derrière la pierre des donj"
"es
et que le sort condamnnd d ",81345,Noyer,PER,,81350," leurs visions hautes
et tragi"
oir réduit d spéculer d'une ,81905,Lacon,MISC,PER,81910," inesquine Sur
les événemnen"
"t lorsquon croit, comme mioil ",82128,oncle,PER,,82133,",
que l'age est proche ou l'au"
"éja, cette autorite, dans un ",82289,Autie,PER,ORG,82294,"
hémisphere, sut le sot nouve"
"l ne
faut pas plaisanter avec ",83731,M.,PER,,83733," Urbain Randal.
Mais Ga, c'est"
pas plaisanter avec M. Urbain ,83741,Randal,MISC,,83747,".
Mais Ga, c'est une règle qu"
"les mécomptes, dénombre les
",84181,Crreurs,PER,MISC,84188,", waigue les illusions, disseq"
s actes. C'estle ingement des ,84277,Morts,PER,MISC,84282,".
les mains dures font craquer"
imés sans doute ct peut etre ,84822,mont,PER,,84826," aimé aussi:
ils disent des c"
"cllerouge, cornés aux coins,
",85173,Jaunis,PER,LOC,85179," par le temps, pleins d'une od"
" net, huit cent mille francs. ",85350,Mlain-,PER,MISC,85356,"
tenant, passons d Md Gestion."
"mnitant de leur
inicuz, tnoM. ",85613,Oncle,PER,MISC,85618, d été conduit a rechercher 
"sses de leurs
débuts , d'Qui ",85879,la,PER,,85881, faute : Auy hommmes qui les d
"e,
Echoue misérablement. Mon ",86163,oncle,PER,,86168," (ou plutot mon d7
Sent) en a "
"re.
mtesepatle detcpuliceades ",86367,Masoses,PER,LOC,86374," ui  itsier auoe e
poir, avec "
"ans la mé̀lée
des capitauy. ",86758,Ilelas,PER,MISC,86764, ! combien de fois les résult
"? Combien de Lois, plutot, la
",86854,Gucule,PER,LOC,86860, toujours béanie de la spécu
"l'aime plus que he l'aime
mon ",87268,oncle,PER,,87273, ! Chaque parole qu'il prononc
"e a la
Gorge et lui crier : A ",87479,Menteur,PER,MISC,87486,"! Voleur! n Cestdu
jourd'hui, "
rge et lui crier : A Menteur! ,87488,Voleur,PER,MISC,87494,"! n Cestdu
jourd'hui, ce jour "
"our
moique ce désastre de la ",88425,Banque,PER,,88431," Turopcenne... Jiii
pense que "
"nce..
Je ne réponds p25. Mon ",89564,oncle,PER,,89569," reprend:
 J'ai donc, anjourdh"
"s.
. Cestpossible, repond mon ",89904,oncle,PER,,89909,". Lis un jour.e
ate du phaiée"
"ae sapées le vin Cort 1ai pe
",90141,Naturellement,PER,,90154,".
 Tu n'as aucune reclamation "
"ilence, c'est linconnu, ct sd
",90709,Mature,PER,MISC,90715, nctveuse ne peut pas supporte
" prs ll veur la braille.
 Mon ",90856,oncle,PER,,90861,", dis je en prenant une plune,"
"ereglement.
Mais il me saisir ",90933,la,PER,,90935," main.
 Attends ! Rappelle toi"
"me saisir la main.
 Attends ! ",90953,Rappelle,PER,,90961," toi qu'en deceptant Aujour-
d"
"quon me fasse grace, moi.
Mon ",91200,oncle,PER,MISC,91205,", ne faites aucune attention d"
"ues lignes que. je signe. Mon
",91370,oncle,PER,,91375, s'est rassis pendant que j'é
"e, il ny a rien
de tel que le ",92058,Respect,MISC,LOC,92065,. J'en di fait l'expérience. 
re vre. Montesquieu d ecrit l',92270,Esprit,PER,,92276,"
des Lois ; il est inutile, n'"
"
micur, il ne reste donc qu'i ",92363,s',PER,,92365,"attacherd leur lettre,
qui mé"
te donc qu'i s'attacherd leur ,92380,lettre,PER,,92386,",
qui ménage bien des alineas"
 bon caeur qu'a boil escient. ,92588,Rappelle,PER,,92596," toi
Que le Petit Poucet A ret"
" escient. Rappelle toi
Que le ",92608,Petit,PER,,92613, Poucet A retrouve son cheinin
". Et je saurdi, dussi,
que le ",92800,Respect,MISC,LOC,92807, est un chat malfaisant et san
 Viendras tu ce soir chez les ,93006,Montarenil,PER,MISC,93016,". me
Lemande mon Oncle.
 Non, "
"es Montarenil. me
Lemande mon ",93033,Oncle,PER,,93038,".
 Non, je ne crois pas.
 Ju l"
"e crois pas.
 Ju le devrais : ",93080,Mme,PER,,93083," Montareuil est Charinante
pou"
" trouvent incoimmodés.
 Oui, ",94079,Monsicur,PER,,94087,"...
N.
Mononcle paile de Vinte"
"coimmodés.
 Oui, Monsicur...
",94091,N.,PER,,94093,"
Mononcle paile de Vintention "
"che dans son
appattement. Mon ",94593,oncle,PER,,94598," est radicus, plein d'atten-
C"
"n-
Care pue moli e qusiure de ",94654,Gooie,PER,MISC,94659,", ad e ie 
m'dsslre, sans rire"
"ous viendren.
Aussi d Maisons ",95365,Lahitte,PER,,95372,", j'espère, monsieur Georges "
"d Maisons Lahitte, j'espère, ",95385,monsieur,PER,,95393," Georges ?
 Non, Wadame, je le"
" Lahitte, j'espère, monsieur ",95394,Georges,PER,,95401," ?
 Non, Wadame, je le regrett"
"is j'ai déjd
expliqué d mon ",95466,oncle,PER,,95471, lesraisons quine me permetten
liqué d mon oncle lesraisons ,95483,quine,PER,,95488," me permettent
pas d'accepter "
"te belle
propriété que inon ",95774,oncle,PER,,95779," d achetée, je crois, par hab"
e meticntla mnort dans lamne. ,95906,J',PER,,95908,"ai même,
peutetre, dautres ra"
er de l'hospitalité de votre ,96026,oncle,PER,,96031,". Hous laissons
Marguerite pou"
 Monsicur ne va pas d Maisons ,96792,Catitte,PER,,96799," de
main, me ditclle dans l'an"
"dun portes, petifesoubrette
- ",96891,Commeautheatre,PER,,96905,", repond-clle enbaissant lesye"
" dire.
J'essaye de convaincre ",97261,Margoi,PER,MISC,97267," de cette grande vérite.
Tlle"
"emble.
I
¥
 OU L'oN Voir BIEN ",97461,Cur,PER,,97464," ToUr Nrs PAs Cal
5
DANS L ERI"
"'une semdine, j'ai trouve mon
",97598,oncle,PER,,97603, dans une colère blene. Mme M
oncle dans une colère blene. ,97628,Mme,PER,,97631," Montareuil, que
j'avdis renco"
"
avaient l'air fort AfRigé.
 ",97888,Mademoisclle,PER,,97900," Charlotte ne se marierd pas, "
"r fort AfRigé.
 Mademoisclle ",97901,Charlotte,PER,,97910," ne se marierd pas, Mnd
 ditlu"
 très malhcureuse. C'est mon ,98037,oncle,PER,,98042," qui.
ie l'apprend, d'une voix"
"nees pues en oulaie damebaue, ",98613,Ceeles,PER,LOC,98619,"
 Desbalayeursontdonne le sign"
"s en oulaie damebaue, Ceeles
 ",98621,Desbalayeursontdonne,PER,LOC,98641," le signdlement de l'un deux,
"
" avecun pardessus vert et une
",98725,Casquette,PER,,98734," NoirC.
 Erlon n'a pas rctrouv"
"personme, cette nuit l2,
Cher ",98874,Mme,PER,,98877," Montareuil .
 Si, Warguerite,"
"2,
Cher Mme Montareuil .
 Si, ",98896,Warguerite,PER,ORG,98906,", la femmne de chambre. Mais c"
"ntant du vol, d peul pres ?.
 ",99172,Qudtre,PER,LOC,99178," cent mille francs, d en croir"
"ent mille francs, d en croire ",99210,Mtme,MISC,LOC,99214," Mon-
tareuil, mnettonsen, Si "
"dait, d mon avis. Si le vieun
",99329,Montarenil,PER,LOC,99339, avait cncore été de ce mond
"ttantd son argent!...
(e Cose ",99445,Hamre,MISC,,99450," aieires, u sosiet e ere s e a"
"coes e
diftérence cxiste:..
 ",99511,Vsurier,PER,LOC,99518,", Le mot est bien Gros. In'd j"
"e
la Digestion. Economnique ; ",99699,Mme,PER,,99702," Montareuil aussi d e
 onjours"
"e tres charitable, ajoute mon ",99765,oncle,PER,,99770," qui ne f
Se Sonvicnt plus de "
" ajoute mon oncle qui ne f
Se ",99783,Sonvicnt,PER,,99791, plus de ce que je lui di ente
bien eté oblige de lui faire ,100189,Conl,MISC,PER,100193,"
prendre qu'une union entre so"
"onsiderable...
 Je pense, moi ",100419,oncle,PER,,100424,", que vous averété un pen
I "
", les
bens qu'elle aimerait.
 ",100731,Peutetre,PER,LOC,100739,". En tous Cds, on peutretrouve"
"
mdinsur les coupables...
Mon ",100913,oncle,PER,,100918," ricane.
les coupables ! ditil"
"ement avec Htme Mon-
tareuil. ",101404,J',PER,,101406,ai pris des renscigncmncnts. J
'ai pris des renscigncmncnts. ,101435,J',PER,,101437,"dieté d la Pie.
fecture, oil "
"te dire son nomn, répond
ion ",102156,oncle,PER,,102161," , il ne l'apprendrait rien. C"
"s la scule, je pense,
dit mon ",102405,oncle,PER,,102410, en haussant les Epaules... Gd
"durait
depuis deny ans. C'ect ",102471,la,PER,,102473," qu'est la bérise. Duune
femm"
uis deny ans. C'ect la qu'est ,102481,la,PER,,102483," bérise. Duune
femme, a n'imm"
"ir.
 Souvent, l'entretenait - ",102635,Maigreinent,PER,,102646,", Cest Vrai; jai-
wu des lettr"
"qu'estce qu'il erair d
 Unpas ",102969,Grandchose,PER,,102979,". Un de ces faux artistes de
o"
"- Avanthier, dans la Seine. - ",103390,Crime,PER,,103395," ou sui-
cide : Crime, certain"
"Seine. - Crime ou sui-
cide : ",103411,Crime,PER,,103416,", certaincmnent. Il n'avait pa"
uiont rerelésonintimitéavec ,103600,Mfine,PER,LOC,103605," Mon-
tareuil.
 Cen'est donc p"
"nements d
 Fhled Pas du tout. ",103698,Atclle,PER,,103704," sculement Songed
Soupconner s"
Pas du tout. Atclle sculement ,103715,Songed,MISC,,103721,"
Soupconner son Armant ? Je ne"
". Mdis pour-
quoi diable, mon ",104292,oncle,PER,,104297,", me raconter yous une pd
rcil"
"pure. Lavérité, je re dis!? ",104494,Me,PER,,104496,"
Prends tu pour un cnlant ? Es"
ur un cnlant ? Est ce que jdi ,104539,Chabirude,PER,LOC,104548,"
d'invenier des contes I' Turi"
ssi bon marché du bien de la ,104799,Caste,PER,LOC,104804,", sacrifient
ses intérêts su"
s centmille francs d'Oui sait ,105064,J',PER,,105066,"Peutetre cntre les
miins de pe"
centmille francs d'Oui sait J',105066,Peutetre,PER,,105074," cntre les
miins de perturbate"
 francs d'Oui sait J'Peutetre ,105075,cntre,PER,,105080," les
miins de perturbateurs pr"
"oins, éparpille lor... C'est ",105449,Abandonner,PER,,105459," le
Arapeau de la civilisation"
sation ; c'est permettre a la ,105513,vieille,PER,,105520,"
barbarie de préraloir contre"
"nicharde, je songeris d cette ",105730,vieille,PER,,105737,"
princesse qui, pendant le pil"
"utionnaire
 Calmner-vous, mon ",106046,oncle,PER,,106051,". D'abord, ces titres,
CeuX qu"
"CUK MEMES...
- EstCe.que Hlme ",106533,Montareuil,PER,,106543," est du courant des
Choses ?
M"
"t du courant des
Choses ?
Mon ",106576,oncle,PER,,106581," tire sd Montre.
 A. lheure ac"
"es
Choses ?
Mon oncle tire sd ",106590,Montre,PER,MISC,106596,".
 A. lheure actuclle, oui. Fl"
"
 Mais que perise relle )
Mon ",107446,oncle,PER,,107451," me regarde avec étonnement.
"
"d'homines d Avervous Vul ces.
",109074,Sourires,PER,MISC,109082, de feimmes narquoises sur des
"leurs. Les paroles
quiles ont ",109249,provoques,PER,,109258," résonnent dans les cerveaux
"
" précoce, celle d'aftections ",109957,Autant,PER,,109963,"
que celle d'argent. Il y a lo"
"riosité de la vie, id
mère, ",110084,Mhorte,PER,,110090," de bonne hcure, na pului incu"
"sans doute, cat Si
Sonffrance ",111169,Etait,MISC,,111174," plus diqui, n'ayant point de "
on beau visage d'un ovdle pur ,113451,Coime,PER,LOC,113456,"
cenr gu'on rère d'entrevoir "
"ur d'ordge,
dans le jardin de ",114112,Maisons,PER,,114119," Lahtte, oil sd robe blanche
f"
"ge,
dans le jardin de Maisons ",114120,Lahtte,PER,,114126,", oil sd robe blanche
fremissa"
"́... ou je suis tombé
a deux ",114318,Genouy,PER,LOC,114324," devant clle, avec des mdins g"
"́ de vierge, plus forte qu'un ",114777,Amnour,PER,LOC,114783," de
temine - Oh! je donnerais "
"ls
dire ce que cest que notre ",115107,Amnour,PER,LOC,115113,", Cest Comme
l'amour de deux e"
"il y A toU
Jours ull fantomne ",115195,cntre,PER,,115200," nous... Ah! les mystericuses
"
"s courts, et.
d'autres ori je ",116139,la,PER,,116141," déteste, il me semble, de to"
"antais, hideuce et vicille,
- ",116401,vieille,PER,,116408,", vieille...
J'ai conscience q"
"ideuce et vicille,
- vieille, ",116410,vieille,PER,,116417,"...
J'ai conscience qu'elle n'"
"si je perrifais s2
eympathie, ",116589,Comnine,PER,LOC,116596, si quelque Chose nous forģai
" réalité de ses
charmes, ne ",117217,mont,PER,,117221, doune que des visions... Celd
e n'est pas son image qui est ,117555,ld,PER,,117557," ; c'est clle-même,
Mlle tout"
"is
56
----
  
E VOIEUE
Iamais ",117713,la,PER,,117715, voir relle que je l'ai revue 
" voir
briller des étoiles. - ",118160,J',PER,,118162,aurais voulu qu'elle nese ré.
"
Oui.
C'est vrai. J'ai vu mon ",119255,oncle,PER,,119260," hier matin. II m'a
écoutésa"
"pposee
regrctter profondement ",120188,Edouaril,PER,MISC,120196,", ct on m'imnagine
Générdlem"
tous cas... - Ilégalement. - ,121094,Soit,MISC,,121098,". C'est ce qu'a tair
Charlotte"
"aitresse.
 7d...I A Crie mnon ",121191,oncle,PER,,121196," ci sursautant, car ilde
Senti"
"riser notre Si
tuation. I Mon ",121390,oncle,PER,,121395," érait blerme, cucore, et sd
"
"
Heure. Ia loi mautorise... - ",121752,Ouil,MISC,PER,121756," A. tout ! Awoler
 la dot de v"
"́ mon
héritage, d moil n Mon ",121849,oncle,PER,MISC,121854," ne s'est pas indigné ; i
Aso"
s vous dire. Il n'y A qu'utne ,122079,Chose,MISC,,122084,"
Que je vemille vous dire, c'e"
"herche de la pd
ternité... I ",122359,J',PER,,122361,ai bondi vers mon oncle et je 
ité... I J'ai bondi vers mon ,122379,oncle,PER,,122384," et je I'aiempoi
Gné par les "
"se sous.
mes pieds et je vous ",122586,jette,PER,,122591," par la fenetre. II y dlong.
t"
" Si je nétais pas Mn. lache, ",122872,Comie,PER,,122877," tous Ceu
qui se laissent pill"
e dot: je ne vous cu di point ,123536,deman,PER,,123541,".
déc. Je ne veus pas que vou"
"u,
même de l'argent que yous ",123619,m',PER,,123621,"avez pris. Si vous aviey
la mo"
"'elle serd heurcuse avec moi, ",123731,mdis,PER,,123735," vous ne vous
Soucier de perso"
"rs
Sans noinl pour clle, pour ",123951,Mroi,MISC,,123955," - Ct pour vous
aussi. i Je in"
" faire. Lu
mes inditférent - ",124204,Comine,PER,,124210," tous les gens qvi ne
Deuvent "
tque ma Klle ne mne donne pas ,124315,licu,PER,,124319," de la renier
purement et simm"
"iant avec
une dot, je ne puis ",124461,la,PER,,124463," donner qu'd un houlthe posse
"
uisses dirc... Lu viens de te ,124741,Comporter,PER,MISC,124750," en Sduvage ;
mnoi, je te parl"
"   p         
 60
 LE VOLEUE
 ",125755,Cliarlotte,PER,LOC,125765, Secoue la tête tristement. E
".
- Dis mnoi ceque tu penses, ",126116,Ceorges,PER,MISC,126123," ! Je ten
Prie, disle moi, si "
"nndis pas. Je ne te vois
pds. ",126501,J',PER,,126503,ai peur... Je devine des Chose
a cesse de vivre de leur vic. ,127000,J',PER,,127002,"ai... Tu sais, le ;
Volcommisc"
"de leur vic. J'ai... Tu sais, ",127017,le,PER,,127019," ;
Volcommischer Moe Montareui"
"it dsscoir sur le divan et me
",127326,Gette,PER,LOC,127331," ses bras autour du con.
 Lu n"
"s... Hon,
non, ne len wd pds. ",127653,Reste,PER,,127658,". Alete miets pas en colère.
"
"me delivre de son etreinte.
i ",128012,Ilfallait,PER,MISC,128021," re détendre, alors, puisque "
i jamnais dit ce que j'aurais ,128685,da,PER,,128687," re dire, je ne
ldi jamdis par"
"ble,
et jen'di jamnais osf... ",128891,J',PER,,128893,"avdis peut...
- Tu.avais peur!"
"u mar-
Chant par la chammbre. ",128978,Peur,MISC,,128982," de guoi? De me dive que
étai"
"icu ne ment empécherait
pas. ",129450,J',PER,,129452,espère que tu ne. me guittetd
a laissé dsse2 d'argent pour ,130148,Me,PER,,130150,"
 permnettre d'agir en larron "
"is je.
Lorsque les voleurs se ",131806,Scront,PER,,131812," multipliés d. tel point
que "
"ui volent avei un décret.
Is ",132168,comprendront,PER,,132180, que ces deux espèces de vole
" par l'autre, et, quand il se
",132262,Scront,PER,,132268, débarrassés des bandits qui
" Meme
-onamaue, Mlais u ce ue ",133227,Merene,PER,,133233," e a i er e
64
LE VOLEUR
  d
Y"
" devient pale, pile comme une ",134004,Morte,PER,LOC,134009," , et.
ies yeuy Sculs, eclatan"
"é ! Vatenl Va
tenf...
Alors, ",134411,Charlotte,PER,,134420," sen Vd, toute droite. Et pend"
" ;
longtemps, Cloue a la meme ",134483,place,MISC,,134488," et comme perrikié,
je Crois "
ou ne mneurt pas comie Gd. Il ,134721,Laut,MISC,PER,134725,"
 vivre. ThI bien, en avant..."
" train poyr Bruvelles, que
ae ",134858,Mehaagsfdur,PER,,134869, l'epaule. je Me rerourne. Ces
"e
ae Mehaagsfdur l'epaule. je ",134883,Me,PER,,134885," rerourne. Cest
 Vous parter e"
"
 Vous parter en voyage, Cher ",134930,monsieur,PER,,134938," ?
a
 LE VolEUR
65
 Qui : pour"
" Vous ne métonner pas, votre ",135059,oncle,PER,,135064," est un
homine dimable et Htue"
" Providence sont insondables.
",135606,M.,PER,,135608, Edouard Montareuil est bien a
" sont insondables.
M. Edouard ",135617,Montareuil,PER,,135627," est bien allecté.
 J'espère"
"rds dans les yeux. Alons )
je ",136288,Crains,PER,MISC,136294, de manquer mon train. Au revo
"ue le train, qui s'est mis cn
",137070,Marche,PER,MISC,137076,", taverse la tristesse des fau"
 : la ceinture de chasters et ,137331,le,PER,,137333," cottre
fort: quand ou songe g"
"ns
wraique le voleur, C'est l'",137926,Arlas,PER,,137931," qui porte le monde
modernesur"
"Accapd
reur, Concussionndire, ",138080,Cambrioleur,PER,LOC,138091,", taussdire ou Cs-
Croc, C'est"
"oite, le larron hors la loi d ",139114,Gauche,LOC,,139120,", et
Jesus la bonté mé̂ine, "
"oirs constitués, du milicul. ",139227,Seule-,LOC,,139233,"
 Ments Quand on a dit cela, o"
"stitués, du milicul. Seule-
 ",139235,Ments,PER,,139240," Quand on a dit cela, ou na p2"
"ue je ne
eroisdu criminclné. ",139821,Cesont,PER,LOC,139827," la des mensonges. Con
Tention"
"corruption engendrée
aoe cec ",140077,Miseucdte,PER,,140086, (e e ansde ui ecnes aese d eo
"t point de doutes d Ce
Sujet. ",140345,M.,PER,,140347, Alphonse Bertillon dssure mem
"oint de doutes d Ce
Sujet. M. ",140348,Alphonse,PER,,140356, Bertillon dssure meme qu'on p
"s étres placé̀s dès leur i
",140451,Jeunesse,PER,,140459, dans Ces conditions qui sont 
"nmes tous plus ou moins, une
 ",140553,Centaine,PER,LOC,140561, d'hommes devenus. ct restés 
"
 Partant donc de cepoint que ",140821,lhonnète,PER,,140830," homme
n'est pas un mnythe, md"
s trouvons en face dune masse ,140924,énorine,PER,,140932," dont
les Cléments, ibsolumen"
"pour base d'apprécis.
Tiom.
 ",141253,Biencutendu,PER,,141264," , le Code, c'est la conscienc"
les uns sont toujours prets a ,141924,Commettre,PER,,141933," rous les
actes contraires d l"
la loi ! Vous saverquelle est ,142572,la,PER,,142574," con.
Sequence d'un parcil ord"
rcil ordre de choses. Egoisme ,142626,Meu-,PER,ORG,142630,"
trier en haut, misère morale"
fort probable. Léducation de ,143276,Chamanite,PER,LOC,143285,"
est dirigée depuis longtemps"
"vers Un but semblable,
et les ",143346,Mtopistes,PER,LOC,143355, du Socialisine la parachevent
"emblable,
et les Mtopistes du ",143359,Socialisine,PER,,143370," la parachevent. Mais ld
tenta"
"re leurs melaits, l'aumone de ",144107,la,PER,,144109," legd-
lite. Je ne dis pas qu'"
"rdindires, une sorte de Bachi ",144419,Bourout,PER,,144426,"
Au capitalisme. C'estun étre"
"néralement la signilication, ",145332,Comlne,PER,LOC,145338," on
ignore la raison d'ètre d"
"bien : Obli-
gation morale. a ",145737,Lerendrd,PER,LOC,145745,", en volant les poules, d S2
m"
"iologique.. Et c'est
faire du ",145968,Crimincl,MISC,ORG,145976, ce qu'il est aussi . unc Coms
diate de la mise en train des ,146049,Mduvdises,MISC,,146058," machines
Gouvernementales, un"
eurun individu possédant une ,146383,Mo-,PER,,146386,"
ralité spéciale qui lui enl"
chainemnent de l'organisation ,146480,capiraliste,PER,,146491,", et
qu'il refuse de sacrifier"
comtne un bouc emissdire pour ,147790,Assurer,PER,,147797," d ld
loiune sanction indispen"
"t cinquante mille
snicides en ",147983,Europe,PER,LOC,147989,", Ct, en france sculement, qua"
"ande, de la pensée a l'acte! ",148479,Plutot,PER,,148485," que de la fran
chir, ils pré"
"ne la nécessire de l'audace.
",148639,Leciel,PER,LOC,148645," même, dit l'evangile, appart"
e ravissent. Violenti rapiunt ,148741,Illnd,PER,,148746,". Cue penser
vous de cette pro"
"y a de plus Curieux,
Cest que ",149241,Cerespect,PER,LOC,149250, qu'il ressent de moins en moi
"le
larron auginente en raison ",149777,Czacte,PER,LOC,149783," du mépris Croissant
pour la "
 vous vouls laisscr pincer du ,150432,Cours,PER,,150437,"
d'un cambriolage. - Sculement"
écédents. larcins. II n'y A ,150765,Gunne,PER,MISC,150770,"
opinion publique, voyervous :"
"urc2 ce qu'on pense de vous.
 ",150964,J',PER,,150966,ai deja eu l'occasion de la co
 des titres avec lesqucls mon ,151107,oncle,PER,,151112," avdit
régle ses comptes de t"
tu chercheras d joindre a tes ,151459,Maigres,PER,,151466,"
revenus ceux d'un deces cmmpl"
" vetus presque sufhsatninent, ",151668,Compen,PER,LOC,151674,".
sent l'absence des joies qu'"
erspecrive était emgageante. ,151922,Méanmoins,PER,LOC,151932,", clle
ne m'attirait pas. J'é"
"oins, clle
ne m'attirait pas. ",151958,J',PER,,151960,"étais assez bien doué, il es"
"s. D'ailleurs, je n'avais pas ",152203,la,PER,,152205," notion
déprimante de l'aveni"
"on de principes, dit lesacar. ",152358,Rien,MISC,,152362," de
iauvais comme les principe"
"ddinner dsubir routes les in-
",152952,Ruences,PER,,152959," passageres.
omiereon  ris, s'"
"pation de notre épo.
qhe est ",154550,la,PER,,154552," division du travail, car on a"
cle tout. Il n'y d que le vol ,154687,quine,PER,,154692," soit pas une
epécialite. W'e"
"uel serd votre chatimient,
et ",155529,Cominent,PER,ORG,155537," vous le subircr, si vous etes"
ne sont point une Sanvegarde. ,155662,Jusquici,PER,MISC,155670,", vous
n'aver commis qu'un wol"
"presgue enfantine, grace d un ",155763,Concours,PER,,155771," de
Circonstarces Cxtraordindi"
"ntine, grace d un Concours de
",155775,Circonstarces,PER,,155788," Cxtraordindires, vous n'aver "
" un Concours de
Circonstarces ",155789,Cxtraordindires,PER,,155804,", vous n'aver méme pas
ttéso"
l'invraisemblable quiarrive ! ,155913,Cependant,PER,,155922,", ne vous
Y her pas.
 Je ne m'"
"e ne m'y tie pas.
 Etsurtout, ",155975,Souvener,PER,LOC,155983," vous bien qu'il faut évitee
"
" pas trop, dit lesacar, CA na
",157090,Jamdis,PER,,157096, rien Val. Contentervous de do
" letrainer, le boulet de leur ",157602,origine,PER,,157609,"
 Comine vous Vous Cinporter. "
"r, le boulet de leur origine
 ",157611,Comine,PER,LOC,157617, vous Vous Cinporter. Mle pouv
"eur origine
 Comine vous Vous ",157628,Cinporter,PER,ORG,157637,". Mle pouver.vouS
lire tranqui"
"
 Comine vous Vous Cinporter. ",157639,Mle,PER,,157642," pouver.vouS
lire tranquilleme"
"uses femelles et des
poupées ",158380,Convaincues,PER,LOC,158391,", des lemmnes auréolécs d'in"
", enrubannées de jeunesse et ",158462,Reuries,PER,MISC,158469," de jupons
Clairs ---
 Vous en"
cing toutan plus pour aller A ,159420,Notrei,PER,MISC,159426,"
Trender vous. Je mnets ces di"
"lque
chose du coté du Congo. ",159612,J',PER,,159614,"ai une idéc...
. Vous ne croy"
"sse, pour créer un port
a ld ",159897,Chaux.de,LOC,,159905," Tonds, Seulement, il faut att"
"glaises,
 Apres.demain matin! ",160687,Mlais,PER,LOC,160692," je ne serdi pas d
 Londres..
"
" le dis. A present, en route, ",160815,Chantonne,PER,,160824,"
i Issacat en prenantsonchapea"
"nes aux Lgures désabusces de
",161135,Contretacteurs,PER,LOC,161149," immpénitents, qui trichent a"
", plongé dans la lecture dun
",161639,Journal,PER,MISC,161646,", nous autorise d l'investir ,"
i la chaise qui teste tibre d ,161792,Pourquid,MISC,,161800,"
80
LE VOLEDE
---
dis.je a Iss"
"ur faire signe a lhonnete in-
",162250,Austriel,PER,LOC,162258, qui vient d'entrer et dont il
d'entrer et dont il d reconmu ,162299,la,PER,,162301," sil
houette dans une glace. L"
" autre chose de
ea vie: et la ",162743,Chaisc,PER,MISC,162749," libre perd sa liberte.
 Monsi"
" industriel, jai ap-
pris par ",162830,ML,PER,MISC,162832,. Essdcar Comibien vous etes d
"ustriel, jai ap-
pris par ML. ",162834,Essdcar,PER,,162841, Comibien vous etes désireux 
" jai ap-
pris par ML. Essdcar ",162842,Comibien,PER,,162850," vous etes désireux de
Ttrouv"
"'avis de notre ho
horable ami ",163153,M.,PER,,163155," Lssacar, et je suis heureux q"
" le moins possible. Mon Dien)
",163557,Mton,PER,,163561, Dieu ! pourvu que ga ne dure 
"E VOIEUR
32
donner des signes ",163737,dimipatience,PER,,163749," ; ils'agite nerveuse.
ment su"
mexposer estiracé de main de ,164106,maitre,PER,,164112,", ct je dois
Arouer que vous m"
"fus.
- Quoiqu'il en soit, dit ",164833,Losacar,PER,,164840," quis aperçoit san
donte que "
"oi
quil cn soit, je puis vous ",164938,Assurer,PER,MISC,164945,", Monsicur, que vo5
paroles on"
"n soit, je puis vous Assurer, ",164947,Monsicur,PER,MISC,164955,", que vo5
paroles ontfait ld p"
d plus gran de impression sur ,165012,M.,PER,,165014," Ran-
Aal. Je conndis MI. Rand"
"n sur M. Ran-
Aal. Je conndis ",165036,MI,PER,,165038,". Randal. Il est peu cxpansif,"
"r M. Ran-
Aal. Je conndis MI. ",165040,Randal,PER,,165046,". Il est peu cxpansif, Comme
t"
" je ne
commprends pas du tout ",165478,la,PER,,165480," signification des coups de
pi"
"
pied qu'lssacar me lancesous ",165537,la,PER,,165539," table - Oh! ohIcest
aller bie"
" sagit p2s
ici des Bitumes du ",165714,Marocou,PER,,165721," du percement du Caucase,
 Sav"
es du Marocou du percement du ,165738,Caucase,PER,LOC,165745,",
 Savervous. C'est une affair"
" cn d pour moi.
- Oui, ditil, ",165973,M.,PER,,165975, Randal d certaines raisons qu
eureux ct nous plus pauvres ? ,166504,Ouelle,LOC,,166510," plaisanteries
Ce que nous leu"
e que nous leur donnerions de ,166556,la,PER,,166558," main Aroile, nous
le leur rep"
" nous
le leur reprendrions de ",166601,la,PER,,166603," main gauche. Il est immpos-
s"
" nous lap-
prend. Id science, ",166702,Monsicur,PER,MISC,166710,"! Id midindccuvre est
pour rie"
" chosc, dit lssacdr.
Mais Mt. ",167201,Randal,LOC,PER,167207,", qui d pour clle tout le tesp"
rnent d ld deuxieme. Mais ces ,167671,Catastrophes,PER,,167683,"
Lonnent d une maison une publ"
terrement en mdsge I Lous les ,168177,Cacurs,PER,,168183,"
reconcilies dans la douleur c"
"profundis ! Ju sais, les bati
",168342,Ments,PER,,168347," Sont AsSures.
 Cest une grand"
"ves, dont Vidée seule
etraye ",168580,M.,PER,,168582," Randal.
Oni, disje, obéissan"
"mais fait de tort dux capitd
 ",168786,Vistes,PER,,168792,", au contraire. Voulervous que"
"'est
nous qui les provoquons. ",168917,En,ORG,,168919," Angleterre, cn France, en
Ame"
", partont. Le capitaliste, le ",168985,Manufacturier,LOC,ORG,168998,"
encombré par la surproductio"
"ion socidle...
Coup de pied d'",169668,Issacar,PER,MISC,169675,". Silence. Second coup de
pied"
"on qui prendrait
d'assaut les ",169892,Banques,PER,LOC,169899, et dilapiderait les Epaignes 
"bable
en Belgique, nous avons ",170066,la,PER,,170068," garde civigrie, ici, Mon
sicu"
"e pas
Confier soml argent aux ",170225,Banques,PER,LOC,170232," et de le garder Cher
 50I. C'"
"Banques et de le garder Cher
 ",170255,50I.,PER,,170259," C'est ce que je fais, SaverVo"
"iel, je garde tout mon
Argent ",170606,cher,LOC,,170610," moict, en Cas de besoin, je s"
"our
Yous demander i Acjenner, ",171391,M.,PER,,171393," Randal et moi.

 LE VOLEUR
 L"
"onne son adresse : 67, rue de ",171764,Darbroek,PER,LOC,171772," ;
et se retire apres force co"
ue penservous du personnage ? ,172009,Cestun,PER,,172015,"
eymbole. A une époque oi tou"
" oi tout, méme les plus vils
",172068,Sentiments,PER,MISC,172078,", perd de sa force et se déco"
ul ne lignore pas. Ah! quelle ,172639,lame,PER,,172643," de
sabre ne vaudrait mille fo"
" eu beal
tremper son gilet de ",172876,Ranclle,PER,MISC,172883," dans le sang des misé
rables"
"paule du jeune
hommne blond.
 ",173952,J',PER,,173954,"ailhonneur, mne ditil, de vous"
".
 Je suis vrainent cnchante, ",174178,Monsicur,PER,LOC,174186,"... Permet-
termoi sculement u"
"ctifcation, mom noin
est bien ",174258,Roger,PER,,174263," Voisin mais, dordindire, on m"
"ger la Tlonte..
72
 EEIN CIPE
",174336,Mlinuit,PER,LOC,174343, sonne au bellroi de la cathé
"lonte..
72
 EEIN CIPE
Mlinuit ",174344,sonne,PER,,174349, au bellroi de la cathédrale 
"lonte ct moi, dans la Vule
de ",174444,Darbrock,MISC,PER,174452,", nous venons de faire nos adi"
ssacar avec lequel nous avons ,174519,dine,PER,,174523," à l'hotel du Roi
Salomon, oi"
"cst
quelquelois obligé de se ",174779,contenter,PER,,174788," de pen, et meme
de trop peu. "
"te, tout court, comme on dit.
",175155,Monsieur,PER,,175163," Thiers.
Nous voici arrives, d"
"ontinue. Les femmes, ici, ont ",175546,le,PER,,175548," pas
leger Comme des femnelles"
" Vous en aurier eté quittes, ",177383,Issacar,PER,MISC,177390," et toi, pou
aller déjenner c"
"r et toi, pou
aller déjenner ",177419,cher,LOC,,177423, lui demain matin et passer li
"nds, j'etais convaincn
que le ",177568,cottre,PER,,177574, fort se trouvait au second et
"vait de-
vine juste ! Il a le ",177690,Rair,MISC,ORG,177694,", cehuild. C'est dommage
qu'il"
"tun
Qudrt, Cous les soirs.
Er ",178012,Rogerld,PER,,178019," Tlonte dessine, sur une feuil"
"caricature très drole du
pon ",178121,Pelche,PER,,178127,", en chemise de muit et bonnet"
"gé dans les équipages
de la ",179519,Rotte,PER,LOC,179524,".
 Etquand tu es revenu, iu te"
"ire ans, clle etait cncore au ",180298,Couvent,PER,LOC,180305," et
(osrétètem aere mcsonar "
" Couvent et
(osrétètem aere ",180327,mcsonar,PER,,180334," de dieus M d lloreces, amis e"
"ces, comine je l'aitne
encore ",180861,Aujourdhu,PER,ORG,180870,".
LE VOLETE
92
Quoi d'étrange"
"dis pas si tu l'en cs apergu, ",181207,Continue,PER,,181215,"
Roger, mais les toiles des gr"
des appels a l'indépendance. ,181404,Cesont,PER,,181410," des cris vi
brants vers la vi"
"
Vois maintenant. c'est vrai. ",181693,Rien,MISC,,181697," de plus antisocial
. Aans le "
té et de la Beante contre la ,182097,Eaideur,PER,,182104,"
et la Servitude , et l'homme,"
"e, dans les tourments de leur ",183558,gchenne,PER,,183565,",
a l'impossibilité des parad"
riteaux qui déclarent que la ,184480,Chasse,PER,MISC,184486," Cs
réscrvée, Ct sans Craint"
"-
pres des fenetres ouvertes. ",184746,J',PER,,184748,"di décroché une toile de
Lor"
dis avecquelle. rapidité les ,185024,Ceuvres,PER,,185031,"
d'art dispardissent inystéri"
issent inystéricusenient des ,185075,Musćes,MISC,,185082," fran
Gais , je suis porté a "
"e désho-
horent et les Cuido ",185216,Reni,MISC,,185220," qui l'encombrent, et que
l'ad"
"e,
d'ailleurs j'etais presse. ",185613,J',PER,,185615,ai déposé doure mille francs
 leurs peines sans salaire et ,186938,leurs,PER,,186943," fatigues
Sansrecompense, tu n"
tion et de sacritice vous ont ,187280,clevés,PER,,187287," tous les
trois, td pauvre mè"
"t tout de meme i
quelque ch a'",188617,Ecait,PER,,188622," pas compabste 3
 Ouelle plais"
"e des banknotes dl
Glaises... ",188812,Aujourdhui,PER,,188822,", mes parents sont très heu
T"
"uitré Paris , ils tiennent a ",188896,Vichy,PER,LOC,188901," un
hotel quils ont acheté et"
"ma dit
Quclle prierait le Bon ",190175,Dieu,MISC,,190179," pour moi deux fois par
JONI.
"
"utre sceur, clle est
Encoredu ",190266,COuvent,LOC,,190273," .
 Won, clle cn est soitic un"
"ois mes parents
installés à ",190336,Vichy,PER,LOC,190341,". Mais, un beaui jour, Broussa"
"̀ Vichy. Mais, un beaui jour, ",190364,Broussaille,PER,,190375," -
ele ne s'appelle pas Brouss"
"re, à roner de aiec dapre la ",190722,Jecau,PER,,190727," que cui donais i
96
LE VOLEDR"
"t
restée depuis.
 Ah. bah l' ",190841,Broussaille,PER,,190852," est d Londres... Et qu'est-
c"
"ogerld tlonte tire sd iontre.
",190939,Qnestce,PER,,190946, qu'elle fait ?... Alheure qu'
"e de chaulssons de lisieres,
 ",191691,Retizons,PER,LOC,191699, vite. nos bottines et mnetton
"ns Cd. Cest
desbons. C'estdes ",191758,Poissy,MISC,LOC,191764,".
Comme Ccld, dis-je en glissa"
"n glissant mes pieds dans
les ",191816,Chaussons,PER,MISC,191825,", nous ne ferons pas de bruit "
"ferons pas de bruit pour des-
",191865,Cendre,PER,LOC,191871,".
Descendre! dit Roger la tlon"
" Hous ne descendons pas, nous ",191956,Montons,PER,LOC,191963,".
Il soufle la bougie,. ouvre "
"re la petite. fenetre de la
. ",192020,Chammbre,PER,MISC,192028,", Cnjambe la barre dappui et d"
"a barre dappui et disparait d
",192069,Gauche,LOC,ORG,192075,", Sur le toit.
Je le suis. Mou"
nous Rous trourons d coté de ,192237,la,PER,,192239," fenetre
d'une mansarde , Ia f"
 de deuilsur une face pale... ,192817,Ettoutesces,LOC,,192828," étoiles,
pplus brillantes qu"
"t le voyage : Ce n'est pas ld
",193458,Mer,PER,,193461," dboire.
 Estce qu'on d le tem"
deviendrais un grand peintre. ,193958,J',PER,,193960,"ai tellement envie
dêtre un p"
"lyre, depuis Sd
turne jusqu'd ",194303,Mercure,PER,LOC,194310,", frlapalogie entre les dis-
("
"sse
pas. Il faut atteindre la ",195017,troisieme,PER,,195026," fenetre.
la troisième fenetr"
"ant , et si l'onglisse - quel
",195252,Sauts,LOC,PER,195257, -- Hous nous Ctammpounons de 
a'la troisieme. Hous y voild. ,195404,Mous,MISC,,195408,"
empoignons nervcuscinent la b"
"e caisses et de cartons.
 Une ",195833,Chambre,PER,,195840," de débarras, dit Rogeren all"
"Une Chambre de débarras, dit ",195859,Rogeren,PER,,195866," allumant
Sd lanterne sourde ,"
" bien, dit Roger. Hous allons ",196863,Commencey,PER,,196872,".
Vne porte d deux battants a "
"n cabinet! Fautil etre
bére! ",196933,Rien,MISC,,196937, de plus facile a forcer... Et
"le a forcer... Et pas meme de
",196980,Serrure,PER,LOC,196987," de sireté...
Du bec d'une pi"
'une pince qu'il a introduite ,197040,cntre,PER,,197045," les
Vantaux, il cherche lendr"
"o-
Londrègne dans la maison. ",197932,J',PER,,197934,"ai posé ld lanterne sourde
Su"
"ire pour caliner mes nerf.
A. ",198235,M.,PER,,198237," Delpich, banquier, 84, rue d'"
manditaire parmnivos Clients. ,198370,J',PER,,198372,"ai dénichel'oisea
Tare. C'est"
 C'est un jeune serin noummé ,198426,Ceorges,PER,,198433," Randil,
ingénieur de son ét"
n jeune serin noummé Ceorges ,198434,Randil,PER,,198440,",
ingénieur de son état, qui"
"rd de l2 potasse. Vous
SaveT, ",198781,Delpich,MISC,PER,198788,", si je me moque de la potdsse"
"rancs, de quel bois nous
nous ",199208,Chaufons,PER,LOC,199216," en Belgique... W
la lettre ne"
"ger la Tloute quians
culre le ",199547,cottre,PER,,199553," fort, au fond de la pièce, e"
"roite... Une pure saleté, Ce
",199707,Cottre,PER,LOC,199713, fort ld ; Cd ne vaut pas une 
gne. Ah! le gredin ! Je me le ,200454,Kgure,PER,LOC,200459,",
endormi du coin de sd femmme"
erciales les philosophes de l',201606,antiquite,PER,,201615,";
des valeurs, actions et obli"
" et donner
untour de clefd la ",202021,Serrure,PER,,202028,". L' ordre avant tout.
Il desc"
"ustricl et la lan.
terne dont ",202224,Rogern,PER,,202230, d pas cu besoin au reY-deChau
"u besoin au reY-deChaulsséc:
",202268,Mne,PER,,202271," Ailumetre lui d Suf.
 Mlainte"
e s'apercevront de rien. Cest ,202541,Monsieur,PER,,202549," lui
méme, lorsquil monterdd "
"binet avec son troue.
Seau de ",202615,Clets,PER,,202620,", qui découvrird le pot aux r"
"oprieté, comme je le fais en ",203661,Cemo,MISC,LOC,203665,".
Tnenl, cu tne promenant d qu"
tne promenant d quatre pattes ,203707,sut,PER,,203710," son toiti
et comme je le ferd"
"m ejus est wsque ad calum...
 ",203910,Ia,PER,,203912," mner est unie comlme AM lac, "
"
Supcrbe et nous arrivcrons A ",204145,Cannon,PER,,204151," Street d cing
heures. Hous po"
e et nous arrivcrons A Cannon ,204152,Street,PER,,204158," d cing
heures. Hous pourrons "
"le franes en oxct
en billets. ",204336,J',PER,,204338,ai bien peur que nous ne tirio
" flonte
en Sétendant sur Une ",204961,Couchette,PER,LOC,204970,".
I s'endort du sommneil du ju"
ent en gondolesur les Rots du ,205054,Candlarro,PER,LOC,205063,".
N
 DaNS LEGUEI ON APPREND, E"
" d Canhon Bireet, Cest
que si ",205253,Paternoster,PER,,205264," nous doune cent mille franes
"
" ne sdis plus
ou, du coté de ",205712,Bourges,MISC,LOC,205719," ou de Chatedurouz...
- Etild "
"ou, du coté de Bourges ou de ",205726,Chatedurouz,PER,MISC,205737,"...
- Etild leve le pied, comm"
"..
 Pastoutdfait. On l'aurait ",205881,Lait,LOC,PER,205885," extrader et il 5e
Tait au bag"
" et qui la cncore ete
depuis. ",206265,Taternoster,PER,,206276, - j'di oublie le nomn qu'il p
e compte ni du ministre ni de ,206406,la,PER,,206408," femme qui
auraient été fort"
"mle.
 Je le crois tacilement. ",207245,Mldis,PER,,207250," je ne vois point,
jusquici, q"
"oint,
jusquici, quel bénehce ",207293,Paternoster,PER,,207304," avait retiré de S2
Complaisa"
"ternoster avait retiré de S2
",207325,Complaisance,PER,MISC,207337,".
 Sttends un peu. Prois jours"
"rois jours apres sd conddm.
i ",207387,Nation,MISC,ORG,207393,", il fut relaché Clan destine"
hoses se passent en france... ,207595,Pater,PER,,207600,"
noster vint doucretrouver a L"
"pilés soigncusement dans les
",207767,Cottres,PER,MISC,207774, d'uncbanque anglaise. Je me r
"pelle l'avoire
Tuarriver ici. ",207836,J',PER,,207838,etais un soir d Victorid Stati
sdis pas ce que cétaitque le ,208263,Cure,ORG,,208267,",
J'ai entendu dire que la pet"
e la petite était la Klle de ,208319,Pater,PER,,208324,".
Roster, uneklle qu'il a cue "
"tite était la Klle de Pater.
",208326,Roster,PER,ORG,208332,", uneklle qu'il a cue d'un pre"
"son noire dont, bientot, nous ",208547,Montons,PER,LOC,208554," les-
calier. Au deuxieme éta"
"rnosterse déclare
CChante et ",209362,Continue,PER,MISC,209370," .
'espère que votre santé e"
"iles, hein ? Lout le monde se ",209465,plaint,PER,,209471," un
peu. Mlais je paric que vo"
"ut le monde se plaint un
peu. ",209480,Mlais,PER,LOC,209485, je paric que vous aver trouve
" parle. Une face glabre,
Sa45 ",209604,Couleur,PER,MISC,209611,", un grand ne2, des yeux verdd"
" une rête d.
faire rire, une ",210116,Kgure,PER,LOC,210121, de cabotin: C'est la. volonte
"
de quatre cent mille francs. ",211035,Mlalheureusemnent,PER,,211052,"...
Ah! dit Roger la flonte av"
"ous ćtes
toujours pressé... ",211305,Mlalheureusemnent,PER,,211322,", vous avez été
faire ce cou"
"iers cuxmemes qui me l'appren
",211459,Rent,LOC,ORG,211463,. Ce sont la des placements de
t la des placements de Belge. ,211501,Jamais,PER,,211507," un
Francais, d lheure actucll"
"p25, de Valeurs industrielles
",212214,Auxmdins,PER,LOC,212222," des particuliers, l'instabili"
"ut
tien pour mes Clients. Ils ",212701,Changeront,PER,LOC,212711," peutetre d'avis
Mn jour, mais"
"asavaut longremps, je crois , ",212773,Cestaussi,PER,LOC,212782,"
l'opinion du mministre de Per"
"secré.
taire de l'ammbassade ",212860,Ortomane,PER,,212868," en tombdit d'accord.
avec moi"
"cer votre papier en.
Orient.
 ",212987,Pourld,MISC,LOC,212993," plus grande partie, répond P"
"d plus grande partie, répond ",213022,Paternoster,PER,,213033,",
et inême en Extreme Orient:"
"ond Paternoster,
et inême en ",213048,Extreme,PER,,213055, Orient: le Japon y d pris Gol
depuis quclques années et la ,213117,Chine,PER,LOC,213122," donne de belles
espérances. "
"es. Voyer, Monsicur, Comne le ",213178,Progres,MISC,,213185,"
Choisit, pour sd marche en av"
"oies les plus
inattendues ! L'",213255,Asiatique,LOC,MISC,213264," qui se rend acquéreur dun
de"
a grandeur de la civilisation ,213490,occidentale,PER,,213501," et les
rapports des Blancs et"
"es
rapports des Blancs et des ",213536,Jaunes,MISC,ORG,213542," deviennent tous les
jours plu"
"out dul-
Cune difhculré a en ",214250,toucher,PER,,214257," les intérets ?
Aucune, on se"
"aleurs du porteur, Celd passe ",214528,Coime,PER,LOC,214533,"
une lettre a la poste, pour l"
" a la poste, pour les valeurs ",214574,Nominatives,PER,MISC,214585,",
nous Opérons, avant livrais"
"ls ont conquis leurs
Grades a ",214817,Oxford,PER,,214823," ; l'un d'eux, celui qui vous "
"iscours, dit Roger Id-Hlonte.
",216455,Monsieur,PER,,216463," Paternoster, il faut poser vo"
"dit Roger Id-Hlonte.
Monsieur ",216464,Paternoster,PER,,216475,", il faut poser votre candidat"
"er.
i. Je vois Gd. Commne les ",216805,Conctionndires,PER,MISC,216819," recucillent
destares avec le "
tent de nouvedux impots... Ia ,216926,Chdine,PER,LOC,216932," sans
tn de l'exploitation rou"
"propriétaire, répond Patet-
",217411,Noster,MISC,,217417,. Ligurer voue que yous étes 
proprietaire. Cene serd pasla ,217892,première,PER,,217901," tois que
les larrons AUront r"
"remière tois que
les larrons ",217923,AUront,PER,ORG,217929, rendu service aux honnetes pe
"ant ? derrande Roger.
Nous me ",218310,Semmbler,MISC,,218318," bienautoritaire, d votre touy"
"tiers MArronS
s'appellent les ",218468,Napoleon,PER,,218476," de la kinance, et un coulis-
"
"iter un chiftre, et il faudra
",218941,Me,PER,,218943, répondre oui ounon. Vous me 
"unon. Vous me conndisscr, Mon
",218989,Sieur,PER,,218994," Rogerla Tlonte, bien que j'ai"
"Vous me conndisscr, Mon
Sieur ",218995,Rogerla,PER,,219002," Tlonte, bien que j'aie le pla"
"Prencr garde d votre caisse.
 ",219382,La,PER,,219384," voild, ma caisse, dit Paterno"
s Acquiesgons d'un sourire et ,220069,Paternoster,PER,MISC,220080,", apres
nous avoir compté les"
"voir
de remplir le chêque.
- ",220163,Voild,PER,,220168,", dit-il en nous le tendant. A"
micux que ce quenous d donné ,221327,Paternoster,PER,MISC,221338,".
Non, ditRoger, il ne marique"
" métier que lui, mais c'est
 ",221440,Crapule,PER,ORG,221447, et compagnie. Paternoster est
"VOLEUR
113
Nous voila partis. ",221647,Lecab,PER,MISC,221652," hle tout le long de Piccd.
di"
"long de Piccd.
dilly, descend ",221695,Brompton,PER,,221703," Roadetsarrère, a Kensington,"
"Allons.y.
Housyallons. Hous y ",222289,sommes,MISC,,222295," ; et ily a méme dix
minulles"
"ecur.
omtes Cestenaes, pas ru ",222437,Broussaille,PER,MISC,222448," 2 demande 1i12
 Hon, réponde"
"ntrer se dirige vers
 Nous cn ",222573,Sourian,PER,,222580,".
 Je suis sure que tu cherche"
"herches ta sccur, dirclle d
i ",222634,Roger,MISC,PER,222639,".
 Oui. Pais-tu ou clle est ?
"
"la grande roussc en le rete-
 ",223008,Rant,MISC,,223012, par le bras. Lu vas apprendre
"
Ger cn Sescendant lescalier. ",223306,Mlais,PER,LOC,223311," nous le Saurons
 bientot. Bro"
vient pas toujours d interner ,223665,Cu,LOC,,223667,"
pidon dans un cul Cesac, et d"
"tre, du bout du doigt,
Commne ",223814,Mlimi,PER,,223819," Pinson. Du reste, clle peui r"
"u bout du doigt,
Commne Mlimi ",223820,Pinson,PER,,223826,". Du reste, clle peui rester K"
"i rester Klle,
toujours comme ",223876,Mlimi,PER,,223881," Pinson, Car Cest une bonne
Al"
"er Klle,
toujours comme Mlimi ",223882,Pinson,PER,,223888,", Car Cest une bonne
Alle.
Nou"
va serrer la main que luiiend ,224375,la,PER,,224377," dame
brune, d laquelle il me "
"blement, se déclare ravie et ",224473,sonne,PER,,224478," pour de.
mander du champagne."
"our de.
mander du champagne.
 ",224510,Quclle,PER,,224516, mauvdise idéc vous avc2 eue 
", ditclle, nous
nous Soinines ",224618,Cnnuyces,PER,,224626," d Mourir, toufes SculeS,
 Il "
"nous
nous Soinines Cnnuyces d ",224629,Mourir,PER,,224635,", toufes SculeS,
 Il aurait fa"
"d Roger, et dailleurs, monami ",224738,Randal,MISC,PER,224744," n'aurdi
pa5 O56,
- Vraiment !"
"arde, pen.
dant qu'on dessert ",225398,la,PER,,225400, table et qu'on apporte le cha
" un peu rouges , ld peau d'un ",225686,éclattrès,PER,,225697," vif
avec Comne un leger nuage"
 donne l'attrait spécial des ,226064,Reurs,MISC,,226069," At
tihciclles, moins fraiches"
" d l'éternelle comparai-
son ",226374,cntre,PER,,226379, ld grace des blondes et ld md
"dra
tien pour avoir attendu.
 ",226495,Mademoiselle,PER,,226507," est restée. du couvent, dit "
 Mademoiselle est restée. du ,226524,couvent,LOC,,226531,", dit Brous
sdille, et il faut"
", Appelermoi Broussdille
Tout ",226603,Court,PER,LOC,226608,", ou je ne vous pardonne pas d"
"nne pas davoir conl
mence vos ",226659,Compardisons,PER,LOC,226671," par les brunes.
 e tiens d me"
aire pardonner ; je l'appelle ,226733,Brous-,MISC,LOC,226739,"
Saille et je la turoierdi mê"
" quelque chose
d'anglais dans ",227046,la,PER,,227048, physionomie : Commme la lèvr
"une créature de plaisir, une ",227559,Mature,PER,MISC,227565," fruste ou
laquelle la ridicul"
"n.
Viron, clle d acheté a un ",228489,Juit,PER,LOC,228493," pour trois cents livres.
de b"
"es pareilles.
 Hon, Sanglotie ",229297,Broussaille,PER,,229308," : non, je ne le ferai
plus ja"
", je ne le ferai
plus jamdis. ",229344,Me,PER,,229346," me gronde pas...
 Mais Roger "
"s mains vides, hein ? Allons,
",229741,Broussaille,LOC,PER,229752,", viens m'cmbrasser et ne pleu"
"ander un mobiliet...
 Ah! dit ",229849,Broussaille,PER,,229860," dont les larmes se sechent
Co"
"le dont les larmes se sechent
",229888,Comine,PER,,229894," par cnchantement, je t'en cod"
"n-
Peradit..
i. Cest bon, dir ",230265,Roger,MISC,PER,230270,". We parlons plus de Gd.
l'ira"
 mille francs. C'est le père ,230609,Binocar,PER,,230616,", du
moins ? Oui. Ehl bien, il"
"lsécrie Idd, fais attention. ",230772,Mle,PER,,230775," wd pas trop
 in, An Mauwais c"
"stropient les temmmnes.
 Etla ",231632,Justice,PER,MISC,231639,", dis je, ne tient guère la b"
"e jezagère , je Citerais des ",232271,Roind,MISC,,232276,"
Si je vouldis.
 On pourrait l"
"goiste et
Aégradante ; c'est ",232581,la,PER,,232583, cruanté de leur science impi
" quel troupeau d'anes, ces le
",233106,Gislateurs,PER,ORG,233116, qui ne savent memne plus nous
qui ne savent memne plus nous ,233147,Montre,PER,,233153,"
Comment on mneurt pour vingt "
"s n'en doutent
point, sois-cn ",233651,Certaine,PER,,233659,". Conclusion...
Conclusion . i"
"Conclusion...
Conclusion . il ",233691,fautcontinuer,MISC,,233704,". Fh bien, on con-
tinuerd, ju"
 ce que cd hnisse. Ce qui est ,233769,Conso-,PER,MISC,233775,"
lant, C'est qu'a mnesure que "
ls encombrent les ports de la ,233974,Manche,PER,,233980,". On
les cmbarque sur les navi"
ue sur les navires qui vont d ,234025,Lerre,MISC,,234030," Weuve,
icondition qu'ils aide"
"ne. Je tais gras le Ver
dredi ",234206,Gaint,PER,,234211,", depuis que j'di appris Ca.
 "
", depuis que j'di appris Ca.
 ",234241,Rien,MISC,,234245, que ca de luxe ! dit Broussai
"ison , pourtant, il faut dire ",234723,la,PER,,234725," vériré .
les klles pauvres,"
"raientbicn Tarement reCOMESAR
",235344,Mancuvres,PER,MISC,235353, abortives. Cuant a la bourgeo
"uant a la bourgeoisie -
C'est ",235396,la,PER,,235398," bourgeoisie avorteuse.
 Atous"
"́rite
 Pas d'autre nom. C'est ",235495,la,PER,,235497," bourgeoisie aVorteuse.
- Brav"
 Bravo ! Crie Rogerla-flonte. ,235552,Vilipendons,PER,,235563," l-.
bourgeoisie ! Nous en avo"
e Rogerla-flonte. Vilipendons ,235564,l-,PER,,235566,".
bourgeoisie ! Nous en avons "
"it, je crois,
nous quisomnmes ",235637,obligés,PER,,235645," d'en vivre.
 Ah. dit Idd, on "
 toujours pas de nouvelles de ,236172,Canon,PER,ORG,236177,".
Rier?
Non, depuis plus de de"
"rs pas de nouvelles de Canon.
",236179,Rier,LOC,PER,236183,"?
Non, depuis plus de deuxans."
estquil s'était échappé de ,236262,Cazenne,PER,LOC,236269,", il 7 de
sis mois... On dit q"
"OLEBR:
722
 Allequid c de la. ",236372,Chancel,PER,,236379," Adoptée par cette farnille
d"
je ne peuk pas aller a Paris. ,236693,J',PER,,236695,"ai promis d
un camharade de lu"
"ourquoi n'ireis tul
pas, toi, ",236876,Randald,LOC,PER,236883,"
 Vers mi pourguois demande Id"
"tut cmporté
par l'inezorable ",237499,Juit,PER,,237503, et a qui clle a otlert l'hosp
"euy.
Broussaille et Idd sont. ",237732,Venues,PER,,237738," nous voir Aujourdhui,
Vers un"
 avdient parfaiteinent dormi. ,237856,Mous,MISC,,237860," avons
Aejeuné cnsemble : apr"
" le spleen, en
Angleterre :
. ",238995,J',PER,,238997,"espere que non, mais je'une la"
"
ne se maintiendrait pas Cing ",239303,MinuteS.,PER,,239311,"
aons onveute d de lerce edmta"
"e vous invite en Camarade.
Se ",239633,Me,PER,,239635,", de lenei Pare laae, Li 140, "
er un dentiste américain. Si ,239829,saint,PER,,239834," Vin-
cent de Paule vivait cnc"
. Les nuits sont glacidles... ,240229,J',PER,,240231,"ai pourtant inon
Grand Manteau"
"
. Lanr CE SE PAIRE CINOUANTE ",240844,MILIE,PER,,240849," PRANCS DE
RENTE SANS ELTVER D"
 instantS avant l'arrivée de ,241022,la,PER,,241024," femme du monde.
 - Pde toutes"
"e, vous aver tout a Craindre, ",241448,Ccsont,PER,LOC,241454,"
des detraquées, enervées pa"
"ui ne leur code;
tent ricn.
- ",241693,Eist,MISC,,241697," Ce que tucrois vraiment, Idd,"
"is vraiment, Idd, quelles sen
",241740,Rarinmnent,LOC,,241750, drssi facilement pour les cri
ur tou chapeaul. u Je suis un ,242004,Volcurn,PER,ORG,242011," en let.
tres visibles sculemn"
vildine histoire... Je te dis ,243597,la,PER,,243599," mauvaise aven
Nure, Mais C'es"
".. Je te dis la mauvaise aven
",243614,Nure,MISC,LOC,243618,", Mais C'est la bonne.
 Je n'e"
"le
-
26.
(E VOLEUR
a trouver. ",243820,J',PER,,243822,di connu des hoinmes rudement 
"te raconterais lhis-
toire de ",243978,Canonnier,LOC,MISC,243987,", ce serd pour une autre fois."
oduit net. P2s unsou de plus. ,244213,Dailleurs,MISC,,244222,", c'est le
priy. Flle cssayerd"
"ilines seuls dans le
i Salon, ",245076,la,PER,,245078," femme du monde et moi.
 Monsi"
"́, mais Convaincy.
 Pourtant, ",245387,Continue,PER,,245395,"-t.Clle, si l'on conndissait l"
"le, si l'on conndissait les
i ",245430,Causes,PER,,245436, quiattirent les gens aupres l
"beauicouy moins promprs.
 Ah! ",245753,Monsicur,PER,,245761,", si vous savier quel plaisir
"
"nt, aujourdhui... Vous savez, ",246032,Monsicur,PER,MISC,246040,", pour
quoi j'ai demandé a fa"
"
le bord, me direr-vous ? Ah! ",246345,Monsieur,PER,,246353,", que je vou
Arais ne l'avoir "
minent celd s'est passé. Mon ,246574,oncle,PER,MISC,246579,", un
frère de mnon père, s'e"
"t tout a fait celd. Bret, mon
",247050,oncle,PER,,247055," me dit : a Renée, il faut me"
"tableau la dessus, au
Balon ! ",247328,Cetie,LOC,,247333, jenne klle... Ah! c'est une C
e jenne klle... Ah! c'est une ,247362,Crecque,PER,LOC,247369," ;
Yous voyer que je comience "
"t une demi heure. On
Voyait l'",247587,Acropole,PER,LOC,247595,", dans le fond. C'est admirabl"
es Anglais aient tout abimé. ,247726,Oucis,PER,MISC,247731," sduvages, Ces
Anglais ! J'en "
"Oucis sduvages, Ces
Anglais ! ",247756,J',PER,,247758,"en aiconnu un, l'année dernie"
"ernière, qui md
Grifté tout ",247813,le,PER,,247815, milien du dos... Fst-ce que v
"us conso-
i ler de la mort de ",248072,Cabanel,MISC,PER,248079,". Je suis bien contente que
no"
"is que
Grince l'indifférence ",248877,agacle,PER,,248883,", et oil semble implorer
une A"
"t
Tout, ou la vie nest qu'une ",249308,Mdscarade,PER,LOC,249317," opulente et
Stupide. Cette fe"
"es, Cette marionnette dont un ",249712,Costume,PER,,249719,"
du matin irés simple, trop s"
" minuscuile, wdive comme urie
",249876,Reur,MISC,LOC,249880, et ouvragée conline un bijou
" comme urie
Reur et ouvragée ",249894,conline,PER,,249901," un bijoul.
 Qui, Monsieur, ou"
"je vous dit tout, comime d un ",250495,Confesieur,PER,MISC,250505,"...
Mais vous ne commprener pa"
"fois, il. y avait des attache
",251052,ments,PER,,251057," vrais, profonds, qui duraient"
"st Enorine.
On n'a même plus ",251328,le,PER,,251330," mérite de l'audace, ou de Vo"
"l n'y avdit pas de
remède... ",252188,J',PER,,252190,"ai eu bien du chagrin, dans ce"
"m'a mise en
rapports avec Ml. ",252351,Canonnier,PER,MISC,252360,". Elle a di vous le direi
Qui."
mon mari. Je ne savais d qucl ,252889,saint,PER,,252894," mne vouer. Un
Russe, qui m'av"
" manqué de parole. Un Russe, ",252993,Monsieur,PER,,253001,"!...
Aprés ga, il tallait rir"
"m'avait presque décidée, et ",253364,M.,PER,,253366," Canonnier m
Convaincue, Ecoui"
"vait presque décidée, et M. ",253367,Canonnier,PER,,253376," m
Convaincue, Ecouier, Monsic"
"onnier m
Convaincue, Ecouier, ",253400,Monsicur,PER,MISC,253408," : on peut dire de luii
ce qu'"
". Vue
intelligence, un. tact, ",253506,Mne,PER,,253509," Laçon si originale de roir
 "
"voir cu des ta5
d'aventures ! ",254527,Raconterm',LOC,MISC,254537,"en une, je vous en prie.
J'ado"
"s. en faisais le récit, vous ",254835,Aurier,MISC,PER,254841,"
Certainement des Cauchemnars,"
"répond Re.
née en souriant. ",255011,Mlais,PER,LOC,255016," vous ne me surprener pa5, les"
t. Mlais vous ne me surprener ,255038,pa5,MISC,,255041,", les
 Voleurssont la modestie"
"ous ne me surprener pa5, les
 ",255048,Voleurssont,PER,LOC,255059, la modestie meine. ML. Canonn
oleurssont la modestie meine. ,255079,ML,PER,MISC,255081,". Canonnier était
Coinme vous"
rssont la modestie meine. ML. ,255083,Canonnier,LOC,MISC,255092," était
Coinme vous, il na jam"
"ous proposerd dd-
Vantage. Je ",255649,métonne,PER,,255657," méine que Canonnier dit pu
w"
"ent ! Ia vie est
Ssi chère ! ",256397,La,PER,,256399," toilette nous ruine, et les h"
"que, brusquemnent, cile darde ",257264,du-,LOC,,257267,"
dacieusement dans les miens.
"
"
1.
233
 Alors, Coujours 33 ? ",257338,Loujours,LOC,MISC,257346," ? Oui?... Et on
dit, dans les"
" bons arnis, j'en suis sulre. ",257521,Mous,MISC,,257525,"
ferons prsser toutes nos Comm"
"e conkance en vous ct je suis
",257628,Convaincue,PER,,257638, que vous ne tne Coimpromettre
e de jhenar que les autres en ,258176,tone,LOC,,258180,"
 C'est la vie. Mlais vous all"
"autres en tone
 C'est la vie. ",258196,Mlais,PER,LOC,258201," vous aller me pretidre pour
u"
"indre, qu'en penses tu, de la ",259030,petite,PER,,259036," femme ? Cen.
tille, hein J' M"
"écadence.
 C'etait l'avis de ",259632,Canonnier,LOC,,259641," , il disdit aussi que
la cout"
"tait l'avis de Canonnier , il ",259647,disdit,PER,,259653," aussi que
la couturière, la "
le n'avait plus personne sous ,260457,la,PER,,260459," main
pour forcer les tiroirs "
"ndications qu'elle te donners
",260572,Seront,PER,,260578," Cxcellentes.
Tlles lont été"
"ons qu'elle te donners
Seront ",260579,Cxcellentes,PER,ORG,260590,".
Tlles lont été, en ekfet. "
"antauz deux villas, Roget-
la ",260807,Lonte,PER,LOC,260812, ayant amene d mnon dide trois
"ent la vertu, d présent,
Qui ",261343,Cst,PER,,261346," LECOmpensee.
 Naturellemient,"
"cllc répondu, les temps
Sonf ",261412,Changes,MISC,PER,261419,", heurcusement. Autrefois, les"
"́quent Alors qu'aU.
jourdhui. ",261628,J',PER,,261630,"eniendais dire d mon mmari, l'"
", l'autre jour,
que les prix, ",261686,Comine,PER,,261692," les liquides, tendent vers le"
"Ses triomphes mnondains,
pour ",261884,la,PER,,261886," voir faire la belle, parec et"
"e, on arrive a desrésultats. ",262785,Aide,MISC,,262789," toi, le
Cicl L'aiderd. Ilfaut"
"sser de Belgique en Suicse,
l'",262909,Allemagne,PER,LOC,262918, en Hollande et d'Angleteire e
"tre. Ilya
longtemps que Henri ",263031,Hleine,PER,,263037," l'a dir. Il n'y a plus en.
Tu"
"le artifice de chetorique, en
",263833,Nne,PER,,263836, Condamnation formclle. - Mais
"rtifice de chetorique, en
Nne ",263837,Condamnation,MISC,,263849, formclle. - Mais je Me mne do
"t d la lamentable
histoire de ",264060,Claude,PER,,264066, Cueuy. Je n'ai jamdis volé m
"lamentable
histoire de Claude ",264067,Cueuy,PER,,264072,". Je n'ai jamdis volé mon
pai"
"'avais menée jusque 1
ne mne ",264348,Convenait,PER,MISC,264357," pas beaucoup; hotels, boardin"
s du milicu de la noirceur de ,265775,la,PER,,265777," misère ; jelui fis
Servir un"
" sd
mère, il avait commis un ",266583,Caux,PER,LOC,266587," ct avait quitte l'An-
feterre"
"le époque
en service chez un ",266735,Clergyman,PER,MISC,266744," reputé pour son ardeuy
phila"
orte de chez lui. LI kr plus. ,266917,Dieu,MISC,,266921," pour
Suivancliniquiré des pe"
" VOLEUR
avec cette ténacité ",267286,Courageuse,PER,,267296," particuliere aux gens
yvertuc"
" Je voudrais etre Morte...
 - ",267918,Lencr,PER,,267923,", dis.je, voici encore un peu "
 mettre cn garde contre votre ,268205,Mangue,PER,,268211," de
rrespectabilire, comme il "
boit pas plus qu'un dixieme d',268463,Anglaise,PER,LOC,268471,", clle
fait de la patisscrie c"
it de la patisscrie comne une ,268510,Allemande,PER,LOC,268519," ; clle est
econoine Comne une"
nullement quclle commette ule ,268673,Maladresse,PER,MISC,268683,"
Tlle s'est pas mal requinquce"
"Elle découpe, sur des photo.
",269385,Graphies,PER,,269393,", portraits de grandes dames, "
"s ouvrages, tres demandes par ",269684,Certainres,PER,,269694," Mdison
de Saint-John's Wood. "
 tres demandes par Certainres ,269695,Mdison,PER,,269701,"
de Saint-John's Wood. Tlle mi"
" taut que je vous dise, ecrit ",270091,Bussy,LOC,,270096," Rabutin d Sd
Ccousine, ce que"
"ise, ecrit Bussy Rabutin d Sd
",270110,Ccousine,PER,,270118,", ce que M. de Turenne ma cont"
"Rabutin d Sd
Ccousine, ce que ",270127,M.,PER,,270129, de Turenne ma conté avoir ou
"emoi
selles viennent me voir. ",271186,Jolies,PER,,271192," ? Ailleurs, je ne sais
240
LE"
out ce qu'elles désirent; et ,271319,la,PER,,271321," femme est
Toujours belle quan"
'apporter un télégrdinme. u ,271776,Lencr,PER,,271781,"-vous pret pore
demain. I Oucs"
"s bons romans anglais, relle.
",272317,Mentassommants,PER,MISC,272331,", Mdis oil lesentiment de la t"
"glais, relle.
Mentassommants, ",272333,Mdis,PER,,272337, oil lesentiment de la tamille
ES QUADRUPEDES ET DE CPRTAINS ,272893,BIPEDES,PER,,272900,"
Cette iète et cette main ét"
"ne. Oui, Cétait bien l'abbé ",273375,Iamnargelle,PER,,273386,".
 Tlel bonjout, cher Monsicur"
"nargelle.
 Tlel bonjout, cher ",273408,Monsicur,PER,LOC,273416,", me diril de sd
Voiz protonde"
", d'ou sorter-vous ? n
Mafoi, ",273592,monsieur,PER,,273600," l'abbe, répondis je, j'en di"
"atten
tions, monsicur l'abbe. ",274181,Asseyer,PER,LOC,274188," vous donc, je vous
prie, ct a"
"́ de minréres.
er d vou5...
 ",274872,Vraiment,PER,,274880, ? Je vous sdis gre de m'en av
"Jai la d'excellents cigares..
",275367,Dermnetter,PER,MISC,275377,"...
 Merci, dit l'abbé en all"
"riré. Le
temps ne vous d pas ",275895,Mangue,PER,MISC,275901,", par Consequent, pour
vous ra"
r notre entrevue d la gare du ,275966,Mord,LOC,,275970,", d
Paris, le jour oil vous Et"
" n'avait pas été
absolument ",276226,fortuite,PER,,276234,". Malgré tout, vous n'avez po"
"as été
absolument fortuite. ",276236,Malgré,PER,,276243," tout, vous n'avez point
coubl"
", de
Cettematheureuse famille ",276350,Montareuil,PER,LOC,276360,"...
Je nerépondis pas, sd vis"
" fenetre.-
 Cette malhcureuse ",276686,Lamille,LOC,PER,276693,", continud.til, si du-
Tement "
"́prouvécs Vous rappelervous, ",276754,Cher,LOC,,276758," Mlonsicur,
l'importance du vo"
"poussdit jusqu'd Londres...
- ",277008,Monsieur,PER,,277016," l'abbé, dis je, j'ai peine a"
 hnesses ne m'est étrangere. ,278073,Mldis,PER,,278078," Vous vous
méprener sur mes s"
méprener sur mes sentiments. ,278119,Soyer,PER,,278124," tranguille ; jene
wienspds vo"
"du fait, puisque vous sembler ",278350,le,PER,,278352," dé
Sirer. Vous étes un vole"
"ster pas, Cest
In métier pas ",278426,Comine,PER,,278432," un autre. - Je disais. Vous
e"
"r... Moi aussl.
ourguoi pas ? ",278504,Croyer,PER,LOC,278510," vous avoir le monopoe
du camb"
"edoutable, bien que
j'aie mis ",278703,la,PER,,278705," mdin d'la pate, plus d'une to"
" je vous demander pourguoid
- ",278890,Lant,PER,,278894," que vous voudrer, mais je vou"
"ons, ve fdites
donc pas cette ",279109,kgure.1d,PER,,279117,". Je suis un contrère, je von"
"hnissonscu, votre méfiance d ",279549,mnou,PER,,279553," égard est enlal-
LE VOLEUR
2"
"vec laquelle je vous fais mes
",280201,Confidences,PER,MISC,280212, devrait etre pour vous le mei
"ois point pourguoi je
ne vous ",280328,Croirdis,PER,MISC,280336," pas, aprés tout. L'Eglise n'"
dhomme ! Je vais vous citerun ,280847,simple,PER,,280853," fait
dont le caractère symmb"
"it Lélémaque, sur
la Perire ",280983,Place,MISC,,280988,", a Versailles, est auijourd'h"
"tianisme, quisemble faire des ",281842,Mdmnours,PER,MISC,281850," a lhomme
et lui dire : u Lu p"
"us vouler peutêtre
parler de ",282597,la,PER,,282599, moralité ? C'est Un succedan
"C'est Un succedane pitoyable.
",282642,Lelle,PER,LOC,282647," quelle est, pourtant, clle d "
"acrée a Mizd5...
 Un voleur! ",283689,murmurd,PER,,283696," l'abbé, les yeux perdus
dans"
"us
entraine, du lieu detre un ",283852,Rotteur,PER,LOC,283859,". Je ne suis pas le
ocul... Le"
"uissants,
iais incommplets... ",283955,Disproportion,MISC,,283968," de Chomme avec
lui memne beau"
ue tout acte crimincl est une ,284271,Lenetre,PER,MISC,284278," Ouverte
auis le Mmellieur due"
"t une Lenetre Ouverte
auis le ",284295,Mmellieur,PER,,284304," due case onte e e es aucele
s"
"itquelque chose, un bijou, un ",284866,Chapeaul,PER,LOC,284874,", un ob-
Jet d'art ou une culo"
ertaines gens que je connais. ,285659,J',PER,,285661,"ai été mis an Courant
de vot"
"Comman.
dement, ct je vous di ",285760,préparé,PER,,285769," une petite expedition....
 Po"
"nn pas. Si c'était possible, ",285882,Croyer,PER,LOC,285888," bien...
Mais il faut opérer "
vous ne faites jaindis aucuil ,287539,Mauvdis,PER,,287546," Coup
ici, en Angleterre ?
 Ja"
"is Coup
ici, en Angleterre ?
 ",287574,Jamais,PER,,287580,". D'abord, parce que l'hospita"
"i
eclaté depuis vingt an5... ",288390,Lener,LOC,MISC,288395,", il y a a Londres un
mmusce q"
aipas visité ; c'est Bethnal-,288463,Creen,PER,,288468," Mlu.
Seumn. Le sol en est rec"
" partout... Quel monde,
i Mon ",288939,Dicu,MISC,PER,288943,"
700
LE VOLEUN
Au moment ou il"
"us pa5 cu de
nouvelles de mon ",289237,oncle,PER,,289242," )
 Qui et non, réponditil du"
rrasse. J'ai appris que votre ,289320,oncle,PER,,289325," avait Eprouvé,
ces temps der"
"triste , Mais
Qc voulervous ? ",289622,Certains,PER,,289630," hommes s'efforcent d'etre
pir"
"ind cousine,
ajOntai je... Ma ",289858,Cousine,PER,,289865," Charlotte ....
L'embarras de "
"ine,
ajOntai je... Ma Cousine ",289866,Charlotte,PER,,289875," ....
L'embarras de l'abbé pa"
".
L'embarras de l'abbé parut ",289909,Augmnenter,PER,MISC,289919,".
 Je nesdis ricn, hinitil par"
vais csperé. Je ne sais pas. ,290690,Cesont,PER,,290696,"
des songes que j'ai faits, to"
"
plustot, un peu plus tard... ",291267,Ci,PER,,291269," je ne veur pas Ran-
Cher.
Je "
vais passer mon apres midi au ,291503,Jardin,PER,,291509," Toolo-
Sique, pour tuer le te"
sser mon apres midi au Jardin ,291510,Toolo-,MISC,,291516,"
Sique, pour tuer le temmps. C"
"t, d travers les barreaun des ",291720,Cages,LOC,,291725,", inson.
ciduts de la curiosit"
"dont le
Souvenir éveille des ",292032,Coleres,LOC,,292039," farouches qui ne s'achevent
 "
"ur est interdit de dépenser.
",292262,Douloureur,PER,LOC,292272, spectacle que celui de ces et
" que celui de ces etres ener-
",292312,Siques,PER,LOC,292318, et Cruels condamnés a macher
"oires immondes. Demdin,
clles ",293748,Seront,MISC,,293754," plus heureuses, cucore. Je le"
"l'endroit indiqné. A quoienn
",294544,Noyer,PER,,294549, ces cing minutes ? A comparer
gardée par un polichinelle d ,294634,Manteal,PER,,294641,"
Youge, d chapesu pointu, a la"
"par un polichinelle d Manteal
",294642,Youge,PER,,294647,", d chapesu pointu, a la Banqu"
"ls chargés. Et
LE VOLEUE
753
",294758,Aussid,PER,LOC,294764, placer mentalemnent la Bourse
"on
cherchait d découvrir les ",295610,Causes,PER,MISC,295616," par lacimple étude des
ckets"
x banques spoliatrices et aux ,295883,Cutreprises,PER,,295894," fraul.
Auleuses, ct qu'en abo"
"libre pour les evolutions des
",296011,Rottes,LOC,PER,296017, qui vont dppuyer les dépréd
"̀re vue. Ah! je voudrais bien
",296623,Connditre,PER,LOC,296632," un Crimindliste...
 Ga viendr"
"je voudrais bien
Connditre un ",296636,Crimindliste,PER,LOC,296648,"...
 Ga viendra! dit la Voix.
"
" Voix.
LES VOVACES PORMENT IA ",296701,JEUNESSE,PER,,296709,"
Tout d'un coup, j'aperçois l"
" me
faisdit plaisir , on vous ",297141,aurait,PER,,297147," pris pour. un psycholo.
S4e.
"
integres traLguants qgui nous ,297970,Ctouren,PER,MISC,297977,"
de manquerde morale : d'aille"
" Combattent sous Ce labarum.
 ",298378,Voild,PER,,298383, un langage que vous n'aver pa
" grand
156
LE VOLEUE
fourgon, ",299560,Convert,PER,MISC,299567," dune bache noire etiquetée.
"
"de ull cmployé, vous
allen a ",299739,N.,PER,,299741," J C'est le train la bas, en t"
"avais jamais ru des wagons de
",299867,Marchandises,PER,,299879," attachés auX Cxpress..
 Il y"
"le train
Se metch mouveinent. ",300081,J',PER,,300083,"aurais prefère etre seul, mai"
"e l'un de l'aurre, a coté de ",300208,la,PER,,300210," portière du
fond. Le premier"
"avoris opulents,
a l'abdomnen ",300342,Reuri,MISC,PER,300347, d'une belle Cchaine a brcloqu
"nts,
a l'abdomnen Reuri d'une ",300354,belle,MISC,,300359," Cchaine a brcloques, un
de ce"
 l'abdomnen Reuri d'une belle ,300360,Cchaine,PER,LOC,300367," a brcloques, un
de ces bons b"
" de la jaquette dont un rubal
",300591,Youge,PER,,300596," cnjolive la boutonnière, la "
"e supérioricé, fredonne, le ",300954,Chapednl,PER,MISC,300962," rond
Sur l'orcille, tandis qu"
"ond
Sur l'orcille, tandis que ",300994,la,PER,,300996," main gauche, plongée dans
le"
"ndi.
lesecond voyagenr est un ",301096,Monsicur,PER,,301104," d'aspect mo.
205c, au teint j"
"onsicur d'aspect mo.
205c, au ",301127,teint,PER,,301132," jaunatre, duy yeux. inquicts,"
"t qualikiés
d-
LE VOLEUR
257
",301518,Me,PER,,301520, Les ouiesadeces duve les dice
"x du crépe qu'ils lui ven-
i ",301963,Aront,PER,MISC,301968," pour éviter la faillite, ils"
ir que mnes deux compagnons n',302135,Aurontpoint,PER,,302146," Vidéc.
Sangrenue de chercher"
"c
MOl.
i Vaine espérance! Le ",302235,Monsicur,PER,,302243," jovial m'en con-
wainctres ra"
"s Frats-
Vnis. Du reste, sans ",303224,Latayette,PER,LOC,303233,"... Et vous détester les
Angl"
"..
 Parfaitement, approuve le ",303425,Monsicur,PER,,303433," jorial qui
voit qu'il n'y a d"
"ndetil en
Se tournant vers le ",303629,Monsicur,PER,,303637," triste, qu'il y A quelque
cho"
"'il y A quelque
chose de tres ",303678,Ratteur,PER,LOC,303685," pour nous dans cet cmmpresse
"
" S1, Certainemnent, repond le ",303788,Monsicur,PER,,303796," triste durie
woix lugubre.
- "
"Si, certainemnent, répond le ",304112,Monsieur,PER,,304120," triste d'une
Voix lugubre.
 L"
" l'avenir
nous réserve! Ah ! ",304381,M.,PER,,304383," Thiers avait bien raison
de d"
ctoire serait au plus sagc... ,304456,Me,PER,,304458," penser.
Vous pas Comune moid
"
"Si, certainemnent, répond le ",304519,Monsieur,PER,,304527," triste
d'une voix lugubre.
 -"
"Si, certaincinent, répond le ",304826,Monsieur,PER,,304834," triste
d'une vois lugubre.
 J"
"dées Concordent,
continue le ",304922,Monsicur,PER,,304930, jorial. Votre Approbation m'e
"iservd
teuT.
 Oh! oh lfait le ",305270,Monsieur,PER,,305278," triste.
 Wiplus ni moins, con"
" Wiplus ni moins, continue le ",305317,Monsicur,PER,,305325," jorid.
Je suis socialiste en "
"nir d
 Pastres bich, avoue le ",305596,Monsieur,PER,,305604," triste.
 C'est que je n'aipoi"
"our de Chumanité cst
naturel ",305925,cher,LOC,,305929," inoi, sans lui, je ne pourrai"
"
 Si, certainement, repond le ",306341,Monsiceur,PER,MISC,306350," triste
l'une voix lugubre, ta"
gement dans les conditions de ,306926,la,PER,,306928," pro-
duction. II y avait, dan"
"se en leur faveur.
ui, dit le ",307142,Monsieur,PER,,307150," triste, on devrait bien
faire"
"chagère beaucoup, répond le ",307254,Monsieur,PER,,307262," j0
vial. Ed plus grande parti"
"de, boire du vin, et même de ",307657,l',PER,,307659,"alcool. L'alcool,
MonsieurI Il"
 qu'il faudrait faire quelque ,307992,Chos,LOC,,307996,"
pourle peuple. Ce qui manque "
"'ane den Eaiement, répond le ",308268,Monsieur,PER,,308276," viete
 Cequilait défaut a la"
"viete
 Cequilait défaut a la ",308307,Chambre,PER,ORG,308314,", Monsieur, cest
un philanthro"
"cun...
- Du pain ? demande le ",308417,Monsieur,PER,,308425," triste. Ahce
Serdit si ocaus
"
es gens qui ont la conscience ,309394,nette,PER,,309399,"
ne redourent point ces choses"
"lis, soit en France,
soit dux ",309895,Colonies,PER,LOC,309903," ; Id Question est a étudier,"
"ll
trelois l'entreprise d'une ",310623,Maison,PER,,310629," centrile, mon argent
ne me ra"
"voix fsaflinement, répond le ",311296,Monsieur,PER,,311304," trisre d'une
 Il est bien cla"
" devrait jamdis
 faire grace, ",311869,Monsieur,PER,MISC,311877,! Il y va dusalut de la Sociè
"n ne guillotine pas asse7i
le ",311965,Momieu,MISC,LOC,311971, uiste ne tapoe be de sévesie
"atiquement.
Mathematiquement, ",312239,Monsicur,PER,MISC,312247,"! II conviendrair d'as-
Surer "
" proprière.
 Ah loui, dit le ",312402,Monsicur,PER,,312410," triste. Justement! Oue
chacun"
" !...
 Pas du tout secrie. le ",312601,Monsieur,PER,MISC,312609," jovial. Une
maison ! Un jardi"
"ial. Une
maison ! Un jardin ! ",312643,Jamais,PER,,312649," de la vie! Quils mettent
de l"
" qu'il landrait
créer d leur ",312859,Msage,PER,MISC,312864,", ils en toucheraient les inte"
"mprends pas bien, déclare le ",313189,Monsieur,PER,,313197,"
 Permetier mnoi de vous doune"
nese rcfusent pas grandchose. ,313397,Monsicur,PER,,313405,",
il n'y a pas detres plus ins"
s patrons. Ils ne sont jdmdis ,313505,Contents,PER,,313513,", bien
qu'ils soient parvenus "
itent valent de lor en barre! ,314101,Donnerleur,PER,,314111,"
le bien etre de leurs contrè"
n etre de leurs contrères du ,314148,Centre,PER,LOC,314154,", et ils de
Viendront aussi in"
"ntrères du Centre, et ils de
",314166,Viendront,PER,,314175, aussi intraitables. Ces gens 
"r triste en hochant la tête.
",314753,Maonsiente,PER,,314763," doria aite de dan unais, a de"
"ement leur per
inertre. C'est ",314986,la,PER,,314988, lecture. Ia République d cre
"́e Vins
truction obligatoire. ",315048,Croyer,PER,LOC,315054," vous que ce soit sans in
tent"
nce d'ange aux déshérités. ,315458,Croyer,PER,LOC,315464,"
vous que si les Frangais d'ar"
orteraient ce quils endurent? ,315564,Ouelle,LOC,,315570,"
plaisanterie , Ce quil faut, "
"'importe quoil Pendant
qu'ils ",315740,liront,PER,,315746,", ils nesongeront point d Agir"
"instruction, comme le service ",316208,miditaire,PER,LOC,316217,".
l'école, la caserne, la bib"
"ild la trilogie...
Du papier, ",316291,Monsicur,PER,MISC,316299,", du papier !...
le Monsicur t"
", Monsicur, du papier !...
le ",316319,Monsicur,PER,,316327, triste ferme les yeux et semb
 dux dernières phrases de ce ,316460,Mauvdis,PER,ORG,316467,"
Samaritain. Au fond, il n'a p"
es oil clignotent des becs de ,316841,ga2,PER,ORG,316844,", oil
veillent des lanternes r"
"moi aussi.
Vne cxclamation du ",317008,Monsicur,PER,,317016," jovial mne réveille.
 Ah! sa"
tre superbe que j'ai volé en ,317308,Suisse,PER,LOC,317314,", il y A trois
MOiS.
estaur de"
t semble jaune i cenx qui ont ,317786,la,PER,,317788," jaunisse.
Pils pouvaient savo"
"saute rapidement sur le qudi.
",318058,Me,PER,,318060, voild dans la ville ;. une vi
" province, mdl
Eclairée, dux ",318126,Mdisons,PER,,318133," Closes, et oul je n'ai jamdis"
"ons que
m'a données l'abbé. ",318246,Voyons,PER,,318252," un peu.
 Vous suivrer, en sor"
"rendrer la guatrieme rue d...
",318418,Gauche,LOC,ORG,318424, : je prends la quatrieme rue 
verer ensuite sur ulle grande ,318623,place,MISC,,318628,", la place des
fribundus, que "
"iments contigus, le Palais de ",318735,Justice,PER,,318742," et ld
Prison. Mly voici, tout"
"ement. Vous traverserer
Cette ",318807,place,MISC,,318812, en laissant le Palais de Just
lace en laissant le Palais de ,318838,Justice,PER,,318845," derrière
wous, et rous vous "
" cngigerer dans une large rue
",318904,Aont,LOC,,318908, lentiée est ornée de deux g
Clées de ter. Je traverse ld ,318986,place,MISC,,318991,", j'aperçois les deux
bornes,"
"emnent, comne cher moi, en le
",319508,Gitime,PER,,319514, proprietaire. Avant de referm
imnent occupé nd pas du tout ,319835,la,PER,,319837," méme
odeur qu'une maison que"
'odorat se développe cher le ,320155,mallaiteur,PER,,320165,", de
quiert une hncsse rcmdrgu"
"ence. Le voleur, entant de 1d ",320362,Nature,PER,MISC,320368,", Sdit
airer la présence de s"
es contemiporsins civilisés. ,320428,Mille,MISC,,320433,"
LE VOLEUE
167
indices, imperc"
"eve, digne anrichammbre d'une ",320854,Maison,PER,MISC,320860," san
doute meublée dans le st"
"sieur. Ln face, d
droite ou d ",321381,Gauche,LOC,ORG,321387, : L'abbé a négligé de m'en
"e,
les bijoux de Madame et de ",322173,Mademoiselle,PER,,322185,", il sera
inutile de rien cher"
"fouiller partoyt.
C'est fait. ",322332,J',PER,,322334,ai fouille partout et ma réco
"caise dont le chifftre ferait
",323047,Coucher,PER,,323054," Paternoster, en face d'un lot"
"nt le chifftre ferait
Coucher ",323055,Paternoster,PER,,323066,", en face d'un lot doser con.
"
sse2 disposé d me traiter de ,323497,Vandale,PER,MISC,323504,". Allons, nn.
peu de philosoph"
"cer une serrure, c'est briser
",323572,Mne,PER,,323575," idole.
 Quelle heure est-il? "
"ure, c'est briser
Mne idole.
 ",323584,Quelle,PER,,323590, heure est-il? A peine deux he
" pas d craindre le retour du
 ",323846,maitre,PER,,323852, de céans. Il est allé en pe
 Il est allé en pelerinage d ,323893,Notre,MISC,,323898,"
Dame de je ne sdis quoi, avec"
" J'ouvre la première
porte d ",324211,Gauche,LOC,ORG,324217,", dans le vestibule. Une salic"
"e.
bulfet et la bouteille sur ",324670,la,PER,,324672," table. II y a des Voleurs
qui"
"e cestmon
rève qui continue. ",326244,J',PER,,326246,"entends des coups sourds, nio-"
"t le perron par l'escalier de
",327087,Gauche,LOC,ORG,327093,", je me retourne et je me diri"
Tlle est noire de monde cette ,327178,place,MISC,,327183," !
i Flle est noire de monde e"
tres dn sominet desquclles se ,327374,sithouette,PER,,327384," un
triangle. un triangle dux "
"ut de
forme - Je bourredu. Le ",328201,Monsicur,PER,,328209," triste de la mui
dernière.
l"
"orter, de l'autre coré de la ",328589,place,MISC,,328594,", Cher un
pharmacien dont ld b"
"ng minutes plus tard, je suis
",328816,Cu,LOC,,328818," Toute pour Paris.
Vn journal "
" d ce matin. Un pauvre hère, ",328977,Chasse,PER,MISC,328983,", pour
avoir pris part d une g"
" un verdict implacable, et la ",329871,Coure,PER,ORG,329876,"
avdit prononcé la sentence d"
"s au bourreaul,
ace miserable ",330254,monsieur,PER,,330262, triste qui désire que tous l
"ur exécuter la Sentence qui.
",330470,Condamnne,PER,LOC,330479, d mnort cet afamné d qui lon
s de deux francs sont en bien ,331104,petit,PER,,331109," uomibre,
et il y a tant dalla"
"Réchis, plusje trouve que le ",331509,monsieur,PER,,331517,"
jovial avait raison. On ne gu"
"T POSTICRES
Je trouve l'abbé ",331666,Eamnargelle,PER,,331677," cher lui, rue du Bac, au
deuz"
"n grise,
d'aspect méprisant. ",331776,J',PER,,331778,ai eté introduit par la serva
dis que j'ouvre mnon sac. Ed! ,332139,Mlettons,PER,,332147,"
tousnos trésors ld dessus..."
" qu'estce
Que Cestque Ga. Des ",332331,Couverts,LOC,,332339," ?
 Ahloui, un petit cadeauque"
"e Cestque Ga. Des Couverts ?
 ",332343,Ahloui,PER,,332349,", un petit cadeauque j'ai a fa"
"dd ces dé
pouilles opimes de ",332462,la,PER,,332464," bourgeoisie.
  Vous aver bien"
" que je la ren
woie cesoir... ",332786,Mlerci,PER,MISC,332792,. Je vais m'occuper de réalic
"s méme le
Pouie depice deams ",333008,las,PER,,333011," peceues, ct ense d esèe de
C"
"que les journauz publient les
",333336,Comptes,PER,ORG,333343, rendus des crimes ! Mais ces 
"t bien ce qu'ils font,
aller! ",333616,Leurs,PER,,333621, comptesrendus ne donnentguere
"t. Aujour
d'hui, quand on est ",334973,las,PER,,334976," et dégouté du mnonde, onch
"
"it point de pocle, et si per.
",336415,Sonne,PER,LOC,336420, ne Consentait d sc laisser fr
"deur d'ignorer
 le travail de ",336708,la,PER,,336710, femme... Je leur di entendu r
"e... Je leur di entendu recoi
",336745,Mander,PER,,336751," le caline et le sang.-troid, "
"d Applaudi cncore plus fort.
 ",337058,J',PER,,337060,ai parle avec quelques uns d'e
"grand pretse
 de l'église de ",337411,Rarl,LOC,PER,337415," Wary, orateur nasillard et pu"
ombien d'autres ?... Lous le5 ,337695,Autie,PER,,337700,".
Jai ln leur Tittérature -- "
"oment oil jen sors. Savervous
",338444,Sculementce,PER,,338455, que cest qu'un homme . Mais p
"ommme ?
 Un homine, C'est une ",338613,mnachine,PER,,338621," qui, au rebours
des dutres, r"
 détense accordé au putois. ,338867,Iransfuge,PER,,338876," de la
tourgeoisie qui pensdit"
"es dents jaunes, une dme d
la ",339098,Fouquier,MISC,,339106," Linville, ct qui bat sd femmm"
"jaunes, une dme d
la Fouquier ",339107,Linville,PER,,339115,", ct qui bat sd femmme pourse
"
"que
commne une inachine... Id ",339458,Nourriture,PER,,339468," dun adulte,
ainsi que je vous"
r pendant vingtquatre heures. ,339684,Comie,PER,,339689,"
un cheval vapeur est équival"
"quivalent a la force de vingt
",339743,Gustre,PER,LOC,339749," homnmes, la journée moyenne "
ent tout ce quils pourront -- ,340144,Pourv,MISC,LOC,340149,"
que jesorte dici et queje n'y"
" un ouvrier laborieuy, sobre, ",340292,Calme,PER,MISC,340297,", qui se
aonne beaucoup de mal"
"eres cnnemis les anarchistes,
",341144,Croyer,PER,LOC,341150, vous que cette propagande pro
" propagande prohite au gouver
",341195,Nementd,PER,LOC,341202,"
 Hon, sarcinent. Le gouvernem"
"arcinent. Le gouvernement, si ",341240,Mduvais,PER,MISC,341247,"
quilsoit, se déciderait sans"
e Roger.ldHlonte m'a appele a ,341648,Rouen,PER,LOC,341653,":
il s'agissdit d'une taze ext"
"nite, ont surement une vision ",342180,nette,PER,,342185,"
des Choses, la prescience de "
"tant... Wssont
tant quil laut ",342610,Choisir,PER,,342617,".
80
E VOLEPE
J'ai fait mon ch"
́bralité soldatesque d rendu ,342730,sicélèbre,PER,,342741," ;
eet Talinasco, dont le dern"
"erlivre a fait tant de bruit.
",342802,Cher,LOC,,342806," Balon, pour Commencer.
Il mer"
"i, Balon le psycholoque, avec ",343542,M.,PER,,343544," Talonle
Sociologue. Qu y voul"
"es compliments, 1é-
pond.il. ",344192,Contenter,PER,,344201, vous de dire que Cest une Cuv
"chers! Brrr I5.
E. VOIEUE
282
",344552,Noncer,PER,LOC,344558, ce mot la. Comme on voir bien
"e la Cause, anachorète de la ",344909,Socidle,PER,,344916,",
moine du Progres, confesseur"
" vigourenses peintures - i ld
",346461,Colle,PER,LOC,346466,". - Peplus, c'est un couveur. "
"s de plus, quelldéc;
Marche. ",346648,Certains,PER,,346656, écutmeurs ne Sctont pas cont
arche. Certains écutmeurs ne ,346671,Sctont,PER,LOC,346677," pas contents,
peut etre. Quil"
"t l'ettroi des
exploiteurs et ",346810,la,PER,,346812," terreur des soudards, cet hom"
 Il me le déclare hautement. ,347122,Certaines,PER,,347131," de
Ses phrases respirent la b"
"vérité, hornine de science, ",347576,Alma,PER,,347580," mater !...
Je voudrais vous l"
me je vous l'ai présenté au ,347676,Mordl,PER,LOC,347681,". Mdis, voild,
C'est bien dith"
ous l'ai présenté au Mordl. ,347683,Mdis,MISC,LOC,347687,", voild,
C'est bien dithicile "
"cile , et je ne sdis pa5 trop ",347742,Comtment,PER,ORG,347750,"
dire : Petit, noucux, des gen"
"sdis pa5 trop Comtment
dire : ",347758,Petit,PER,,347763,", noucux, des genoux qui font "
" suis quun homine de
Scicnce, ",348811,Souvener,MISC,LOC,348819,-vous cn. Je puis donc vous di
"e
montrait plus explicite. Il ",349296,taudra,PER,,349302," que je lui pose des.
question"
"roduit. Ft, une
minule apres, ",349457,Lalindsco,MISC,ORG,349466," apparait en personne. Je lui
"
"acher que lAnarchie traverse
 ",349630,Mne,PER,,349633," crise en ce mnoinent, indis c"
"ntre nous, liber
taires, mais ",350554,cntre,PER,,350559, nous ct Certains groupemients
"er
taires, mais cntre nous ct ",350568,Certains,PER,,350576," groupemients socid
listes que"
"une encore. Cetre fois, c'est ",352113,Mine,LOC,MISC,352117," Talmascs
 Peutetre aussi, con"
"ncore. Cetre fois, c'est Mine ",352118,Talmascs,MISC,,352126,"
 Peutetre aussi, continne Tal"
"re fois, c'est Mine Talmascs
 ",352128,Peutetre,MISC,LOC,352136," aussi, continne Talmdsco, n'a"
"ute ld
patience désirable...
",352245,Mlais,PER,LOC,352250,", sitot ld porte ouverte, en b"
" atroces fracasse
l'escalier. ",352385,Cesont,PER,LOC,352391, les compagnes des compagnons 
" hurler dans la rue. Htme 7al
",352644,Masco,PER,,352649," Feinonte, tout en larmes.
 Ba"
dsser pénible. Je me leve et ,353474,Laltmasco,LOC,MISC,353483,"
me dit, au moment ou je le qu"
"'ai rencontré un anarchiste.
",353694,Cestun,PER,,353700," irimardeut, qui ne fait pas g"
"UREDSES
Alors c'est. cela, le ",355146,spectre,PER,,355153," rouge , cest celd, le
monstre"
"ionne des lieux Cominuns plus
",355692,Mes,PER,,355695," que les vicille lunes, qui sp"
Sd propre mnisère mordle. Ia ,356275,Révolu-,MISC,PER,356283,"
i tion prend l'aspect d'une H"
"es calculs etquid tro-
que le ",356455,Rambeau,MISC,PER,356462, de la liberté contre une lan
"nt lIndividualiré,
Commne on ",357354,Coimprend,PER,,357363, la victoire dékinirive de la
"ecuir.
t lonsonge, duesi, dux ",357472,Cnscigncments,PER,,357485," des philo
sophes du wvine sie"
"n a l'autorité intinie de
LE ",358183,VOLEVR,PER,ORG,358189,"
789
VEiat, l'activité morale"
"t cessé avec l'existence de.
",358254,IIndividu,PER,MISC,358263,", tous les progres accomplis p"
"times de l'arbitrdire gouver-
",359268,Remental,PER,LOC,359276, avaient pris le parti d'agir 
"s misères, il n'y aurait
pas ",359384,Cu,LOC,,359386,", apres ce désastre cetteinig"
" vendettd n'est pas toujours.
",359493,Mne,PER,,359496," mauvdise Chose, apres tout, n"
 un qui vive en anarchiste... ,360062,Lourcd,LOC,,360068,"
tnira dans le porin bourgeois"
et ces sans patrie feront des ,360162,Saluts,LOC,,360168,"
audrapean, ces sas respect pr"
"us les jésuschrists de Bon-
 ",360401,Nat,PER,,360404,".
Alons, la Bourgeoisie peut d"
me mneler la ?'Estce que celd ,360644,Mere-,PER,,360649,"
Garde, moi, ce que penvent di"
"es affdires de
VEtat. y C'est ",360834,Royer-,MISC,LOC,360840," Collard qui a dit cd, etilava"
h ! je devine . tu as revu la ,361636,petite,PER,,361642," femme du
Mnonde...
Renée : H"
"tu as revu la petite femme du
",361652,Mnonde,PER,LOC,361658,"...
Renée : Hon. Je l'ai bien"
elle queje voulais te parler. ,361970,J',PER,,361972,"avais Vinten.
tention de Te de"
" celd, tu t'en repentirais.
- ",362082,Naturellement,PER,,362095,: et ca ne mempécherdit pas d
"uy J Oui j Fh! bien, Écoute.
",362180,Jairecuhier,PER,,362191, unclettre de Canonnier. Il es
".
Après s'être échappé de ",362269,Cayenne,PER,LOC,362276," ;. je sais 5d.
Mais en dchors"
"ce détail, j'ignore tout sur ",362340,Canon,PER,ORG,362345,"
nier. Pourquoi ail été cond"
st un deschets d'ceuvre de la ,362666,Répr,PER,,362671,".
blique, siclle n'avait pascr"
"de
lenvoyer finir ses jours d ",362917,Cayenne,PER,LOC,362924," ou a la Nouvelle.
Caledonie.
"
r ses jours d Cayenne ou a la ,362933,Nouvelle,PER,LOC,362941,".
Caledonie.
 Certainemnent. L"
" l'effet de traiterle
Voleur, ",363293,Clair,PER,,363298, de lune de lhonnète horme ac
"t un voleur de premier ordre, ",363629,Dien,MISC,PER,363633,"
Senl, sil existe, connait le "
"lout longremps, lorsqu'il tut
",363797,Soupconne,PER,LOC,363806, d'avoir comnmis un vol perpet
" haute importance, parait il. ",364072,Canonnier,LOC,MISC,364081," était
bien l'auteur du vol, "
"irée au théatre, il fut mis ",364603,cu,PER,,364605," état d'atres-
tation , on l'"
"dici
deux mois environ, ct me ",365294,Charge,PER,,365300," d'une Commission
 bien délic"
"y a une
Vvingtaine d'années, ",365617,Canonnier,LOC,MISC,365626,", qui n'en avdit guete
que vin"
"ie
Gouvernante, au service de ",365796,M.,PER,,365798," de BoisCréault, le E2
meux p"
 les unions legitimes ; il en ,366563,Aurai,PER,MISC,366568,"
Conclu trois dussi facilemnen"
"ui gardd la jeune femme d
Son ",366735,Service,MISC,ORG,366742,", méne apres qu'clle cut mis "
"pres qu'clle cut mis du monde
",366781,Mneperire,PER,LOC,366790," klle.
 Er Canonnicr, que fais"
" du monde
Mneperire klle.
 Er ",366801,Canonnicr,PER,LOC,366810,", que faisait il pendant ce te"
" ané-
Trisme. Ilélène, que ",367289,Htme,MISC,,367293," de Bois Creault avait invi-
t"
". Ilélène, que Htme de Bois ",367302,Creault,PER,,367309," avait invi-
téed passer ses "
"ster d
Ses derniers mornents. ",367455,Wime,MISC,,367459," de Bois Créault, emue de
cco"
"
ne fut donnéc du procès de ",367796,Canonnier,LOC,MISC,367805,", il fut juge,
condamné et re"
 Sd fortune est en Amérique. ,368245,Mlais,PER,LOC,368250,"
il ne possède pas que de l'a"
"s-Crédutt...
 Certainemnent. ",368678,Hime,MISC,,368682," de Bois-Créault Ia traite
Co"
" fois cusemble, d la messe de
",368866,Saint,PER,,368871, Thilippe du Roule ou dux prem
"la messe de
Saint Thilippe du ",368884,Roule,MISC,,368889," ou dux premières. Mon
cher, "
", probablement ?
 Si. Un ils, ",369346,M.,PER,,369348," Armand de Bois-Créault. Un
j"
"ventson nom
Aans les journaux ",369554,Mondains,PER,ORG,369562,".
Itir ---
E VOLEUR
 Is sontri"
"d? J'aurais pense
Quun ancien ",369817,Iagistrat,PER,,369826,"...
 Tune conndis pas ces gens"
" ld, répond Ida en
Souriant. ",369886,M.,PER,,369888, de Bois Créault est un hommm
". Il ne Se
plait que dans son ",370269,Cabinet,PER,MISC,370276,".
aherche die la pianse (hlose"
" la commission
dont te charge ",370703,Canonnier,LOC,MISC,370712," )
 Tu ne l'imaginerais jamnsi"
 sais pas Comment faire tenir ,371001,la,PER,,371003," lettre
a Heléne
Ahs ma foi, "
" dans ce que fait
Canonnier d ",371287,Engager,PER,,371294, sa Klle i payer de la plus no
" lui préparer une cxis
tence ",371735,faite,PER,,371740, de tous les hasards... Ah ! c
"gne...
Je sdis bien que, pour ",371808,Canonnier,PER,MISC,371817,", tous les sentiments
ordinair"
"u vas faire d présent? me de
",372630,Mande,PER,,372635," Ida après dejenner.
 Unpetit"
"ricn
de micux d faire...
 Si. ",372731,J',PER,,372733,attends queiqu'un tantot. L'ob
riste. En croirai je mes yeux ,373487,J',PER,,373489,"Il est
accompagne de l'hommmne"
" robe s'écourte en redingote
",373654,Noire,PER,LOC,373659,", en redingote a la papd. Ahi "
"2s d 57
tromper, Cest Edouard ",373889,Montareuil,PER,,373899," en personne. I
Vient a moi la"
"du ld pareille, me presente
l'",374069,hommine,PER,,374076," derobe.
 Monsicur le protesse"
"e presente
l'hommine derobe.
 ",374086,Monsicur,PER,,374094," le protesseur Mlachin, Crimin"
"un
Caté.
Et comment se porte ",374313,Mhme,MISC,,374317," Montareuil ? Pas troy
mdl, bi"
"té.
Et comment se porte Mhme ",374318,Montareuil,PER,LOC,374328," ? Pas troy
mdl, bien quelle s"
"ibut de son activire, Edoudrd ",374905,Monrareuil,PER,,374915,"
s'est décidé d agir vigoure"
" I.
a fondé une Revue.
 Ed u ",375069,Revue,PER,,375074, Pénitentiaire. y Wen avez-vo
"fondé une Revue.
 Ed u Revue ",375075,Pénitentiaire,MISC,,375089,". y Wen avez-vous
pas Vu le pr"
" intellecruel français.
 Ah! ",375335,Monsieur,PER,,375343,", déclare le criminaliste, vo"
"
point de vue pécunidire, sd ",375620,Revrie,MISC,LOC,375626," est un Succes,
Grace d certai"
"obligés de sy abonner et, le
",375810,Seront,PER,,375816, contraints de les imiter. Wle
" dira : a Si vous n'ètes p25
",376235,Sages,PER,MISC,376240,", nous Vous conddinnerons a li"
Vous conddinnerons a lire. la ,376277,Revue,PER,,376282," que
lisentvos grrdiens. "" Ah!"
 condition des détenus. Hous ,376490,sommes,MISC,,376496," ConVaincu
qu'une lecture sain"
"lerer sur leur masse, pendant
",376663,Jeur,PER,,376667," incarceration, ld somnme nece"
"e d un abonne
inentannuela la ",376732,Revne,MISC,LOC,376737,".
LE VOLEUE
199
- C'est presqu"
"istere nous ont pro-
mis leur ",376866,Concours,PER,MISC,376874,", en principe, ce n'est plus g"
", dit le criminaliste,
que la ",377002,Revrie,MISC,LOC,377008, n'est point lue a l'air libre
je suis certain qu'a l'aide d',377535,un,MISC,,377537,".
mélange savamninent combine"
"orte cn soitous les elernents
",378040,Auctimre,PER,,378048,", autant vaudrait répéter la"
le pourceau qui soimmeille. y ,378131,Rien,MISC,,378135," de plus in
Sultant pour le ha"
"rable socièré actuelle, les ",378414,Causes,PER,MISC,378420,"
qui pourraient provoquer des "
" peut toujours facilement re.
",379345,Connditre,PER,LOC,379354,". Ainsi, vous, Monsieur - peri"
"t re.
Connditre. Ainsi, vous, ",379369,Monsieur,PER,,379377," - perinetiermoi
de faire une "
"imincl sans pied
préhensile. ",379772,Ersi,MISC,,379776, yous avicr le pied préhensil
"e, aujourdhui, c'est celle du ",380106,Voleur,PER,MISC,380112,", il est
Vrai qu'clle les cont"
"Nous vous parlons ld, mne dit ",380203,Montareuil,PER,LOC,380213,", de.
 Choses qui ne doivent p"
 doivent pas vous étre très ,380263,Lamiliares,PER,,380273,".
En votre qualité d'ingénie"
"ur. Ingénieur civil.
Mais ne ",380423,Croyer,PER,LOC,380429, pas que mes occupations prote
"̀res. Et, d'ailleurs, prisque ",380558,M.,PER,,380560," le protesseur
Machin parlair "
"lois sages, aux bientaisantes ",381120,Mcsufes,PER,,381127,"
qui en renferment l'activité"
"cest
Superbe... Permetter moi ",381538,Monsicur,PER,,381546,", de vous félici
tet... Mldis"
"ntinuetil en se tournant
Vers ",381620,Montareuil,PER,LOC,381630,", ne pourricrvous pas engager "
", pour le prochain numéro de ",381750,la,PER,,381752," Rerne) Un Ar
ricle dans leque"
our le prochain numéro de la ,381753,Rerne,PER,LOC,381758,") Un Ar
ricle dans lequel il d"
"captivant ?
 Fn cfet, répond ",381893,Montareuil,PER,LOC,381903,". Pourquoi, mon
cher Randal, n"
"rse. - Moi, rédacteur A la u ",382145,Revue,PER,,382150," Déniten
tiaire n! Hon, c'est"
ue... Mais le criminaliste et ,382355,Monta,PER,,382360,"
rrenilont les yeux lixés sur"
ra dans 1d collaboration a la ,382515,Revue,PER,ORG,382520,"
Mne belle dose dironie, qui n"
"s 1d collaboration a la Revue
",382521,Mne,PER,,382524," belle dose dironie, qui ne me"
" que ceserdit un peu long...
 ",383221,Pentetre,PER,LOC,383229,". Du reste, je ne demanderdi p"
" un chet dceuvre. Le prochain
",383511,Muméro,PER,,383518, de la. Revue sera d'un intér
"e. Le prochain
Muméro de la. ",383526,Revue,LOC,,383531, sera d'un intéret supéricur
era d'un intéret supéricur. ,383563,Jy,PER,MISC,383565,"
publie, pour mon compte, une "
ndes protestations d'amitié. ,383922,Montareuil,PER,LOC,383932,"
aerppièn e aue e ̀ audaris a"
"un bon conp de seringue.
Ia a ",384181,Rerne,PER,,384186," Pénitentiaire o A parul, et "
"ssi Subites que
forcées. J'y ",384690,Citais,PER,MISC,384696," quelques aRecdotes , June, Cn"
"is quelques aRecdotes , June, ",384724,Cntye,PER,MISC,384729,"
autres, d'un crimincl invéte"
"autais sans Cmibarrds
du plus ",384906,petit,PER,,384911," au plus grand, et jc présent"
" Sur.
leurs réseauy ferrés. ",385143,J',PER,,385145,attribudis la criminalité rel
"tant fait.
par les Anglais du ",385252,Métropolitan,PER,,385265," Railway. Je demon
trais que l"
ssais par un cloge pompeux du ,386222,maitre,PER,,386228," Lom.
broso, oil je merais en "
"ence
des sendarmes, ces anges ",386671,Gardiens,PER,,386679," de lacivilisation. Ni
En vér"
"de nombreuses
lettres, toutes ",386832,Ratteuses,MISC,LOC,386841,. Tne scule est blessante pour
"d'une
wisite : celle de Jules ",387222,Mouratet,PER,,387230,", un de mes camarades
de colle"
" la rère de
la Direction des ",387533,Douriemes,MISC,,387542," Provisoires, une nouvelle
Dir"
"
mois. Ah1 il a de la chance. ",387806,Mouratet,PER,ORG,387814,"! Le voild, i
Son age, Directe"
"ouratet! Le voild, i
Son age, ",387837,Directeur,PER,,387846," des Douriemes Provisoires, et"
"ild, i
Son age, Directeur des ",387851,Douriemes,MISC,,387860," Provisoires, et,
même, ilser"
"rinire,
ou simplement jusqu'a ",388273,Piques,PER,LOC,388279,". Tleureux Gaillard,
Nous dino"
"t, en garçons, bien
Quilsoit ",388361,marie,MISC,,388366,".
 Qui, mnon cher, depuis plus"
"èré avoir a lheure
quil est ",389295,la,PER,,389297," situation que j'occupe.
 Lefa"
"n. des
Choses, d Cette pauvre ",389501,Republiquel,PER,,389512," Mlais n'estce pas
encore le m"
", sans ton article dans cette
",390142,Revue,PER,,390147," de Montareail, je n'aurais pr"
apres midi entières dans les ,390626,Galeries,PER,LOC,390634,",
Cher Durand.Ruel et ailleurs"
" entières dans les Galeries,
",390636,Cher,LOC,,390640, Durand.Ruel et ailleurs. Ouan
"user, sous des prerextes quet
",391286,Congues,PER,LOC,391293,", j'airne inicux aller au Cirq"
"gues, j'airne inicux aller au ",391319,Cirque,PER,LOC,391325," qu'en soirée.
Mais Mouratet "
"omptueuse maison
du boulevard ",391589,Malesherbes,PER,,391600,".
Je ne suis pas plutot annonc"
"d Malesherbes.
Je ne suis pas ",391617,plutot,PER,,391623," annoncé que Mouratet vient
m"
"ur, que votre érade, dams 
a ",391906,Revue,PER,,391911, Pénitentiaire s m'a donc amu
"1
.
LE VOLEDR
 207
avec Vous. ",392297,Certains,PER,,392305, sujets... Vous ne men voudrer
"ticle toutdtait au
sérieux : ",392400,Monmari,PER,LOC,392407," m en a deja grondéc, mais..."
"volontaire aprestout,
d sauve ",392933,la,PER,,392935, situation ; me perinet d'expl
il en mne conduisant dans son ,393137,Cabinet,PER,,393144," tran5
formé en fumoir. Un pe"
us vous entendrez facilement. ,393319,Cestun,PER,,393325,"
Vrai pinson. Parfois legereme"
"ront le monde. A)
mon palivre ",393487,Mouratet,PER,ORG,393495,", je comprends que tout tait
r"
souplesse sur la crompe de sd ,394325,Monture,PER,,394332,", apres
avoir creve le cerceau"
"Ce Aimusant, une soirée cher ",394408,Mouratet,PER,ORG,394416,", Comme
.i, Comme Gd. C'est ds"
"utés et des fonc.
tionndires ",394915,Ranques,PER,LOC,394922," de leurs Epouses legitimes, u"
"é de fréquenter, le jour de ",395149,Jugement,PER,,395157," dernier,
dans la valléc de J"
"st meme pas
une Corinthe !... ",395439,Quelle,PER,,395445," dèche, mon Empereur!
Je voud"
"inthe !... Quelle dèche, mon ",395458,Empereur,PER,,395466,"!
Je voudrais bien parler a Re"
"aperçois qui me fait signe.
 ",395608,Mettervous,PER,,395618," ld, dit clle en me laissant u"
"voit pas caal
Palais Royal..
 ",396511,Moinon,PER,,396517," plus, disje, je ne pensdis gu"
Cier et lui demander un autre ,396991,Morcedul,PER,MISC,396999,", la a Marche
des Monts Carpat"
"ander un autre Morcedul, la a ",397006,Marche,PER,,397012,"
des Monts Carpathes. n.
lle r"
"tre Morcedul, la a Marche
des ",397017,Monts,MISC,,397022," Carpathes. n.
lle revient une"
"ui fait valoir son Charine
de ",397149,Parisienne,PER,LOC,397159,".
 Ga y est. Je lai si dit qu'"
Je lai si dit qu'il érait le ,397202,Strauss,MISC,PER,397209," de
Lemain. Pourquoi pas l'Ofe"
oi pas l'Ofenbach d'hier ?... ,397257,Ecouter,PER,,397264,",
j'ai beaucoup de choses d vo"
nous pourrons cauiser a notre ,397464,disc,PER,,397468,". Lener,.
Venerapres.Gemdin, C"
", je vous
ferai une surprise. ",397809,J',PER,,397811,inviterai les trois personnes 
" pas rout de suite, cehri ld.
",398287,Pentetre,PER,LOC,398295, qu'il nous laisserait trangui
"ains souverines du Peuple.
Le ",398746,Peuple,MISC,ORG,398752,", Citoyens ! Et nous oscrions,"
"nous, les w0.
leurs d fausses ",398813,clets,PER,,398818,", sans investiture et sans man"
bien. Mlais l'en blamerai je? ,399637,Dieu,MISC,,399641," m'en garde.
Il ne faut point "
tenir moins quon n'espérait. ,399801,J',PER,,399803,"ai volé
CEHE SORS.
coton Lusa"
". J'ai volé
CEHE SORS.
coton ",399829,Lusaie,PER,,399835," de e iae ete  a Leent
J'i app"
",
aas maste d Lareles aune de ",399994,Maleouts,PER,,400002,"
LE VOLEUR:
 22
n peuple et de"
n clles linconstance de leurs ,400444,Conjoints,PER,,400453,".
 Cestplutot le poids de l'ex"
"onstance de leurs Conjoints.
 ",400456,Cestplutot,PER,,400466, le poids de l'existence qui p
s en moins d la mdjorité des ,400607,Consciences,MISC,,400618," fé
minines. C'est asscz difh"
t de ses detaillances... Mais ,401764,Croyez,PER,,401770,"-yous quecesoir
charitable, de"
llir : et le seul remède est ,402240,la,PER,,402242," fuite, comme le
dit l'axiorne"
"e le
dit l'axiorne si vrai de ",402284,Bussy,LOC,,402289," Rabutin, vole par Wd
poléon."
"ips, non
plus, que je suis un ",402385,Foleur,PER,LOC,402391,".
Voici bientot deux mois que "
on persil!... Piens I clle me ,403634,salue,MISC,,403639,". Je rends le
Salnt:.. Cuiestc"
"a coup, jela
reconnais. C'est ",403903,Mlargot,PER,LOC,403910,", Wlarquerite, l'ancienne femm"
"ela
reconnais. C'est Mlargot, ",403912,Wlarquerite,PER,LOC,403923,", l'ancienne femme
de Chamlbre"
"C'est Mlargot, Wlarquerite, l'",403927,ancienne,PER,,403935," femme
de Chamlbre de Mi oneui"
" bien contente de
te voif...
 ",404124,Moiaussi,PER,,404132,", je suis fort heureux de voir"
 je suis fort heureux de voir ,404163,Mlargot,PER,MISC,404170,". Je
lui explique que mes oecu"
"ue... ? J'en achéterais bien
",404461,Mne,PER,LOC,404464,", on perd tant de temps avec l"
", lancée dans le monde
de la ",405140,Galanterie,PER,,405150,. Depnis clle n'a pas cu d se 
"ir dans leurs Echos le nom
de ",405397,Marguerire,PER,,405407," de Vaucouleurs. Thl bien, mon"
"par Courbassol, le dépure de
",405586,Malenvers,PER,,405595,. La connais ) C'est lui qui m
in cette paire de solitaires. ,405671,Jolis,PER,MISC,405676,", hein ? Zu
eais, Courbdssol s"
"aires. Jolis, hein ? Zu
eais, ",405694,Courbdssol,PER,MISC,405704, sera ministre lundi ou mardi.
deson porteteuille. Je vais a ,406043,Malenvers,PER,,406052," avec
lui, naturellement... Tu"
"e qui me forcerd d Ves-
 terd ",406278,Malenvers,PER,,406287,", et tu y demeuteras, toi auss"
"Scintiller ses brillants.
Ah! ",406884,Marguerite,PER,,406894, de Vancouleurs I... Lu prends
"ue de ruiner des immbéciles, ",407142,kniront,PER,,407149,"
peutetre, d force de. demoral"
"agne:
NTU
A AVENTURES DE DEUX ",407486,VOLEURS,PER,,407493,", D'UN CADAPRE ETES.
D'UNE JOL"
"URS, D'UN CADAPRE ETES.
D'UNE ",407520,JOLIE,PER,,407525," PEMME.
Si jetais bavard, je s"
"nt les journalistes,
Ca porte ",407758,matheur,PER,,407765,"..
Il y d plusicurs wagons dev"
"tes oul Aspirant d y
Entrer.. ",407991,Courbdssol,PER,,408001," est dans le train, et son col"
"us. d'une cocotte, et
Suftout ",408201,Margot,PER,,408207,. Une partic de Vamne de la Fr
" de Vamne de la France,
QuOi
 ",408249,Malenvers,PER,MISC,408258,"! Malenvers !.-.
On descend. I"
"e la France,
QuOi
 Malenvers! ",408260,Malenvers,PER,,408269," !.-.
On descend. Ia ville Csr"
"re pareille).
les voitures ne ",408831,Sont,MISC,,408835, pas Scules d attendre devant 
"e devant l
Gare. Il y A aussi ",408886,M.,PER,,408888, le maire Ranque de ses adjoin
" tres médaillee, exécure la ",409499,Mlarseillaise,PER,LOC,409512," ; et
au dernier soupir du tro"
"trommbone, W. le mdire, rouge
",409569,Jusqu',PER,,409575,aux orcilles et fort gène par
"e le sourire
Sur les lèvres. ",409693,M.,PER,,409695, lemdire rendhominage auz gran
"ejournest peut eire pas loin, ",410086,Messicurs,PER,MISC,410095,"! -i
la tete du gouvernement.
"
"dire. Id fanfare re-
prend la ",411072,Marseillaise,PER,MISC,411084," et la foule hurle.
 Vive la R"
"tuitement au service
du futur ",411203,ministre,PER,,411211," ct de sd suite, sont prises d"
. Je lis sd prolession sur Sd ,412655,Kgure,PER,LOC,412660,".
Cest un mouchard. Ei moi, po"
"r faire, en qualite
dhote, un ",413714,accucil,PER,,413721, qu'ils ne pourront pas oublie
"t pas oublier. Un
 Lestin est ",413769,préparé,PER,,413778, qui serd servi dans un moment
"de chausée de lhotel, en une ",413898,Srande,PER,LOC,413904," salle
occupte par une ćnorme"
" du soif, quand nos voyageurs ",414327,Seront,PER,,414333," partis, Ce -
Sera différent,"
".. Pourtant,
Ljoute tclle, si ",414525,Monsieur,PER,,414533, vouldit repasser Vers les cin
e crois bicn que j'aurais une ,414604,Chammbre,PER,MISC,414612,"...
 Non, dir lhetelier qui a "
"s kini)
 Mettons sept heures, ",414854,Monsicur,PER,MISC,414862,". Asept heures,
je vous proret"
"ettons sept heures, Monsicur. ",414864,Asept,PER,MISC,414869," heures,
je vous prorets de vo"
us prorets de vous donner une ,414913,Chambre,PER,MISC,414920,". Mlon
sicur d l'intention de "
"int
prendre mon repas dans la ",415037,Srande,PER,MISC,415043," salle, qui esf re
Servée... "
" salle, qui esf re
Servée... ",415073,Ccla,LOC,PER,415077, m'est indifférent. Mon couve
"mis
Jans une petite pièce, d ",415144,Gauche,LOC,ORG,415150,", a coté du bureau de
T'hotel"
"t. de mon pardessus, je vois. ",415267,Mlargot,PER,MISC,415274,"
descendre lescalier, son bouq"
lair d'etudici le langage des ,415363,Reurs,MISC,,415368,". Courbassol.
est fort cmpress"
nferme dans un étui pas plus ,416125,Sros,LOC,ORG,416129," qu'un porte
Cattes. Je dejeun"
"̀s midi.
Cestune bonne idéc. ",416353,Jy,PER,,416355," vais.
J'ai dépasse les derni"
hoinme qui ne comprend plusla ,417316,Nature,PER,,417322," et
ne sdit inéme plus ld voi"
"Palais Bourbom, tout de meme, ",418121,Me,PER,,418123,"
fois pour toutes
q------
IE V"
" voir si je puis, oui ou nou, ",418589,Compter,PER,,418596,"
Sur la chambre qu'on m'd prom"
"sonne d qui m'adresser, quand
",418677,Jarrive,PER,LOC,418684, au Sabot d'Or. Lous les emmpl
" puisque letablisse.
ment est ",418937,désert,PER,,418944,"... Tt puis, tant pis! Id pens"
". Pour rien, probablement. Et ",419523,Margot,PER,LOC,419529,", ce.
soir... Lant pis ; j'y s"
"n, derrière le rideau. Je
my ",419731,place,MISC,,419736, et je cherche d ine rappeler 
"ils vont déposer
Sur lelit.
 ",420306,Dieul,MISC,PER,420311, que C'estlourd1 dixlhdtelier 
"l.
mouillée de larmes.
 Bon. ",420608,Moiaussi,PER,ORG,420616, ; je n'ai qu'd passer mon hab
scrait hini avant septheures. ,420845,Mousne,PER,,420851," la déclarerons
 Que demain m"
 ce Monsieur quid demande une ,421679,Chambre,PER,,421686,"
reriendrd, vous lui donnerer "
"
S04S, Ga fait cing francs... ",421967,Bien,MISC,,421971," entendu, Annette,
Ljoutetil, "
ageur se plaint de lodeur des ,422082,"médicd
",MISC,,422090,"ments, vous lui direz que la c"
" plaint de lodeur des médicd
",422090,ments,PER,,422095,", vous lui direz que la chammb"
ne situation ! Qnc faire ?... ,422533,J',PER,,422535,"entends
Thotelier et sa femme "
"dor. Id
 porte souvre , c'est ",423111,Annette,PER,MISC,423118,".
 Thi bien, dit-clle d Jerdme"
" perdrdi pas une chandelle ro
",423637,MainC.,LOC,,423643,"
 'ai bien envie d'aller avect"
"utres doiestiques non plus...
",423776,Jamnais,PER,LOC,423783, de la vie! s'Écrie Annetre. 
"embrassant... Pourtant, Si Ce
",424078,Monsieur,PER,,424086, qui d demandé une chambre re
 le cadavre qui d parlé !... ,424406,J',PER,,424408,"en suis
slr... Oh l'j'ensuis s"
"emande si je rêve.
Tlal jene ",424738,rève,PER,,424743, qu'i moitie... I2 phrase que 
"ais , uncrète bd-
Sance, dun ",425109,Cheveus,PER,LOC,425116," noirs, dux Moustaches curées"
"icisur ses pieds. Il s'avance
",425288,Lenlement,LOC,PER,425297," verS moi.
LE VOLEUR
 
225.
 B"
" VOLEUR
 
225.
 Bonsoir, cher ",425340,Monsicur,PER,MISC,425348,". Comment vous porier
vous ! D"
"vu mon mouveimnent, et étend ",425717,la,PER,,425719," main.
 N'aie pas peur! Je n'd"
"rien d craindre. Je map
Delle ",425938,Canonnier,LOC,,425947,".
vons, Canonnierl C'est vous,"
"nvers. Le hasard est un Grand
",426328,maitre,PER,,426334,". Ah l j'ai bien ri, en moimei"
"de temps.
- Au contraire, dit ",426783,Canonnier,LOC,MISC,426792,". Ne nous pressons
Rds. Attend"
"m  e  e  
13.
226
LE VOLEUR
- ",427042,Regarde,PER,,427049," moi ce cadavre, ld, ce corps "
"i ce cadavre, ld, ce corps de ",427082,vieille,PER,,427089,"
feiine que ses enfants auraie"
"de monde, pour en arriver la! ",427340,Voild,PER,,427345," des pens
qui détendent la pr"
"ntd
lismne !... Ah. l asser d'",427703,oraison,PER,,427710," funebre. Dis donc, jene
pense"
"e cette boite que tu cs venud
",427843,Malenvers,LOC,MISC,427852," ?
- Hon, Cest une idéc que j"
"elle j'ai rendervous cesoir.
 ",428055,Mes,PER,,428058," félicitations. Moi, je suis "
e pouvoiren partir. Iu vas me ,428142,Comprendre,PER,MISC,428152,".
l'ai quitte les Erats. Uuis,"
"merce qui m'a amené a Baint-
",428262,Maraire,PER,LOC,428269,". De la, je me suis rendu d R."
x licues environ au dessus de ,428352,Malenvers,PER,MISC,428361,", et
1y. attendais depuis deux"
"ccasicn de rentre
A Paris...
 ",428433,Coinmient,PER,,428442,", une Occasion
 Haturellement."
"d passer par Paris, n'a point ",428875,d',PER,,428877,"avine
Taison d'etre que la fac"
"int d'avine
Taison d'etre que ",428901,la,PER,,428903, facilité de l'espionnage. Or
" Ctarréie deux
heures apres. ",429140,J',PER,,429142,ai donc envoye mes bagages a P
" R. l'occasion de
les snivre. ",429296,Certe,PER,,429301," ofcasion, le voyage de Courba"
"de Courbassol
me l'a fournie. ",429352,J',PER,,429354,"ai pris a R., ce matin, le tra"
"nt, Cornme d toi. C'est Asse7 ",430045,Cu,LOC,,430047,"
ricur, mdis C'est comme Gd. A"
"ais nouS
Verrons Cncore Asser ",430514,Clair,PER,,430519,".
Mous SOrtons, jetant tous le"
"S
Verrons Cncore Asser Clair.
",430521,Mous,MISC,,430525," SOrtons, jetant tous les deux"
"est pas ferméc d clet. C'est
",430785,Charmant,PER,MISC,430793,"! Nous cntrons.
 Lebureaul, bo"
"ir... Voyons, toi, Vd dans la ",431559,Chammbre,PER,MISC,431567," et mets le
Secrétaire d 1d q"
"e anquel je mne Suis attaque,
",431807,Canonnier,LOC,MISC,431816, entre dans la chambre avec de
" dans la main gauche et, dans ",431895,la,PER,,431897," main droite,
Son Chapeaul ou "
elui de droite dans md poche. ,432327,Doure,PER,,432332,"
cents francs Chacun, d peu pr"
"cmporter, puisque tu restes i
",432465,Malenvers,PER,MISC,432474,. Flles partiront pour Londres
lenvers. Flles partiront pour ,432497,Londres,PER,LOC,432504," demain md.
tin a l'adresse de"
"es papiers.
 A merveille, dit ",433181,Canonnier,LOC,MISC,433190," en boutonnantson
Gilet. Je fi"
"it Canonnier en boutonnantson
",433208,Gilet,PER,,433213,. Je fis Concurrence d M. le m
"n
Gilet. Je fis Concurrence d ",433236,M.,PER,,433238," le maire, intérieure.
ment :"
"n !... Des billets de mille , ",433778,Marette,PER,LOC,433785," ..
Quatre, cing.., Hent, dix."
"ta poche, et allons-
NONS CT.
",434012,Nousrentrons,PER,LOC,434024," dans le burean.
 Je leur ai l"
" nous dirigeons
Versld Grande ",434490,place,MISC,,434495, et nous avons la joie d'assit
"ore, dune femme coiffée d'un ",435006,Casque,PER,MISC,435012," qui semble
une mitre , ariné"
"eu d'artifice ? de
mande je a ",435199,Canonnier,PER,,435208, comine nous quittons la grand
ctses besoins... IA Societé) ,436579,Cestld,PER,MISC,436585,"
coalition des immpuissances l"
"avards, 12 dedans , Mur-
mure ",437093,Canonnier,LOC,,437102,", ils. vont étre gaves, bient"
biter leurs mnensouges... Ily ,437185,aurait,PER,,437191," tout
de même quelque chose a"
" qucique chosc de
Grand, sans ",437313,Joute,PER,LOC,437318,. Pas un des sacripans gouvern
" qui n'ait, corne lentant de
 ",437401,Spatte,PER,LOC,437407,", un renard qui lui ronge le v"
"ends,
hein ? Tu comprends L.. ",437526,Ouelquun,LOC,,437534," d qui on four
hirdit toutes l"
"ant le monu
ment de Cambettd. ",437930,Convenu,PER,,437937," . Bien. Je te quitre , je
wai"
"le, songeant a ce que m'a dit ",438199,Canonnier,PER,MISC,438208,", a cequil
mm'a laissé entend"
"ait chassé les ven-
deurs du ",438571,Lemple,PER,LOC,438577, . peutêtre qu'ils n'y serdie
"ramene près de la Hlalle
aux ",438678,Plures,MISC,ORG,438684,". J'y entre, car on cn d Ouver"
"rès de la Hlalle
aux Plures. ",438686,J',PER,,438688,"y entre, car on cn d Ouvert le"
délicieuse cloquence de leur ,438875,cher,PER,,438879," dépure.
la Hlalle, éclairé"
"ence de leur cher dépure.
la ",438892,Hlalle,PER,LOC,438898,", éclairée par de grands lus"
"e buste d'ane
bacchante de la ",439601,Courtille,PER,LOC,439610," étiquerée R. F., un buste
C"
"e étiquerée R. F., un buste
",439639,Couronne,PER,,439647, de lauriers - coupés au bois
"ration; et, vers
le milieu de ",440297,la,PER,,440299," table, debout, avec des geste"
"cot qui mesure du madapolamn, ",440369,Courbdssol,PER,MISC,440379," parle,
Varle, parle...


AE V"
", parle...


AE VOLEUR
235
Sa ",440422,Loure,PER,LOC,440427, : Ah! je ne sdis pas! Je n'en
"urbassol. Id voix est lourde, ",441359,Monotone,PER,LOC,441367,",
fausse, peurcuse, une voix d"
"di la conviction prolonde, la ",442231,Chambre,PER,ORG,442238," va montrer
par son votequ'cll"
"l les propriétaires, par une ",442826,Marche,PER,,442832,"
forcée, les ont précìdés "
"mme foniun aflreuy
VACATIRE.
 ",443291,Lener,LOC,PER,443296,", Messieurs, tenerl Regarder l"
"RE.
 Lener, Messieurs, tenerl ",443316,Regarder,PER,,443324," la caisse
Vover lesecrétaire"
ouc! Ahl les coquins I... Mon ,443437,Dieu,MISC,,443441,".
que masregt itachinard et pi"
 brise les nerts et quelle ne ,443921,Serli,MISC,LOC,443926,"
pas enérat de suipporter le "
tre dans le bureau de lhotel. ,444607,Mlargot,PER,LOC,444614,", dssise d
eoté de lhorelièr"
"tce que
je pourrdi pour vous. ",444873,Courbassol,PER,,444883," m'Accorderd ce que
je lui dem"
urrdi pour vous. Courbassol m',444886,Accorderd,PER,,444895," ce que
je lui demanderdi. Oue"
"erd ce que
je lui demanderdi. ",444922,Ouestce,PER,MISC,444929," que vous vouler ? Vn
bureau. "
"cheveuy, de
limain gauche, de ",445186,la,PER,,445188," main droite, il rient le vieu"
"ent le vieux.
portefeuilleque ",445237,Canonnier,LOC,MISC,445246, a decouvertderrière la place
"uvertderrière la place.
iAhl ",445283,Monsieur,PER,MISC,445291,", que nous avons du malheur?
m"
t il comme je lui demande une ,445355,Chambre,PER,MISC,445362,". C'est
affreux ! C'est. Epouv"
"sation... Donner le numero
lA ",445590,Monsieur,PER,,445598,", ordonnetil d Annette qui vie"
"ero
lA Monsieur, ordonnetil d ",445613,Annette,PER,,445620," qui vient d'ax
rivei avec une"
"n
prison prérentive, vous et ",445821,Jerdine,PER,LOC,445828,", je lui ferai donner
de mes n"
"i donner
de mes nouvelles par ",445871,M.,PER,,445873," Courbasedl...
Annette, tout e"
"ouvelles par M. Courbasedl...
",445888,Annette,PER,MISC,445895,", tout en larmnes, me conduit "
st pas celle oil est morte la ,445976,vieille,PER,,445983,"
temme, tant micuy, quoique je"
"ssons... Ah ! i
propos, tu me ",446729,slis,PER,,446733, pas la vérire sur le vol d'h
"de la ferine, une ricille qui ",446912,Etait,PER,,446917," Morte
Jans l'apres mici.. Lec"
r) - Toutes les valeurs de la ,447020,vieille,PER,,447027,"
Etaient dans le secrétaire, "
"Ml
lenvem. Le coup etait wnal ",447326,Momte,PER,,447331,", A wom Aris, A
entin, le mari"
"EATRE.
 uelles Cumailles I la ",447511,larmille,PER,,447519," wa leur Eaire u.
Wroris. Vix "
"tique vous tre i tye
aVer des ",447596,Jens,LOC,,447600," pareils I...
E MlAypUt pOTSSE"
"es
becs de gA2 de la place du ",447786,Carrousel,PER,LOC,447795,". Dix heures un
quart. J'atten"
"rrousel. Dix heures un
quart. ",447818,J',PER,,447820,attends Canonnier depuis vingt
"re. Il n'est quère exact...
 ",447917,Pallume,PER,LOC,447924, un cigare ct je m'amnuse d de
te en traversant cette grande ,448078,place,MISC,,448083,"
a laquelle la disparition des"
"de laine, enfourche A cru une ",448723,Chaure,PER,LOC,448729," souris déclouée
de la porte"
"ris déclouée
de la porte du ",448763,Crenier,LOC,,448770," d'Abondance - qui n'a pluls
b"
"re heures, ct toujours pas de ",448873,Canon,PER,ORG,448878,"
nicr. C'est embétant ; j'aur"
"les
Soirs pendant un mois sur ",449019,la,PER,,449021," place du Carrousel. Jii
recu,"
ndant un mois sur la place du ,449031,Carrousel,PER,,449040,". Jii
recu, en rentrantcher mo"
"du
coré de ceux de la rue de ",449279,Rivoli,MISC,,449285,", je n'aperçois pas
mon homnm"
", devant le ministère des Fi
",449405,Mances,PER,ORG,449411,", et lastatue de pierre du Cra"
"igne la trouee des Vosges - i
",449506,Nouest,PER,,449512,".
ANons nous cn. Demain, jirai"
"dd
 Depuis hier soir, répond ",450041,Canonnier,LOC,,450050," qui d re.
connu ma voix et qu"
 faisait surveiller lhotel de ,451564,M.,PER,,451566," de
Bois.-Créault, ou demenra"
uis plusieurs jours devant la ,451723,Mdison,PER,,451729,"
Sétait mis d la suivre. Flle"
"t-clled
 Je te crois, répond ",452012,Canonnier,PER,,452021,". Si tu Veux voir
lindividu, v"
"ois, répond Canonnier. Si tu ",452029,Veux,PER,,452033," voir
lindividu, viens ici...
"
" mouchard.
 Commentl s'écrie ",452331,Canonnier,LOC,MISC,452340,", ce n'est pas...
240
LE VOLEU"
"si le gouverne.
mentirançais ",452764,la,PER,,452766," demande, car tu nes pas conda"
"endre
 et l'emmener arec moi. ",453358,Regarde,PER,,453365,". par la tenetre. Vne
fois que"
"tte le mo
ment ou lhonune que ",453785,Canonnier,PER,MISC,453794," prend pour un
mouchard aurd l"
mouchard aurd le dos tourné. ,453839,Voild,PER,,453844,". Je 5or5, je re
monte un bout"
"re
monte un bout de la rue, i ",453888,Gauche,LOC,ORG,453894,", je ld traverse, et
je me tro"
" je ne m'attendais.
Quere...
 ",454202,Moinon,PER,,454208," plus, ct jesuis bien heureux "
"nouvelles réciproques tout d
",454397,Notre,MISC,LOC,454402," diSC.
e regrette besucoup d'e"
"les réciproques tout d
Notre ",454403,diSC,PER,,454407,".
e regrette besucoup d'être "
oiqui yous trouve dans la rue ,454714,Saint,PER,,454719," Llonoré, le
ner en l'air, ri"
"ndil tandis que je donne au
i ",455166,Cocher,PER,MISC,455172, l'adresse d'un restaurant de 
. Je m'y etais pris trop rde. ,455552,Cehui,PER,ORG,455557," qui pourrd,
dans deux ans, te"
" que j'ai essaye, ferd certai
",455623,Remcnt,PER,LOC,455629," Une fortune.
 Vous n'aver.pas"
" n'aver.pas de chance.
- Non. ",455678,J',PER,,455680,"ai desidées excellentes, mais"
s incommplets. C'est cher les ,456423,Juits,PER,,456428," -
Surtout qu'ils se rencontre"
"iecte, quoi
quon en dise. Les ",456668,Juits,PER,,456673," - celd peut vous paraitre
etr"
"n cn prohtant de son Mlicuz.
 ",457172,Naturellement,PER,,457185,". Je vous parle du plus giand
"
t celles d'leraelites qui ont ,457970,la,PER,,457972," notion du Ca
ractère et des "
" lait -- a polir des vertes.
 ",458238,Erces,PER,,458243," loraelites qui ont, d'apres v"
" tendances de leur tacc... ?
 ",458338,Clssont,PER,,458345," hommbreux. Tas un parmni eux,"
"ns no5
dctes. Ia Conndissance ",459060,nette,PER,,459065," des choses est déjd pour
nou"
oterie on pisor iele ctique l',459698,Lourquoi,PER,,459706," roudrier
Vous que nous cussis"
"me se glorifie de pantelersuy
",459884,Mne,PER,LOC,459887," croix d'ot, le Ranc perce, la"
" ! Cornme du supplicie du Col
",460046,Gothd,PER,LOC,460051,", nous lui disons : u Sauve to"
"soif, au bout du glaive de la ",460191,Loil,MISC,,460195,"
 Et, dites moi, lssacar, n'av"
"en soullrent encore.
i. C'est ",460519,Courbassol,PER,LOC,460529, qui va etre nommé président
" arriventdu pou
Voir, sous un ",460941,Rot,PER,,460944," de Cynisine politique, d'indi"
"ntdu pou
Voir, sous un Rot de ",460948,Cynisine,PER,,460956," politique, d'indifférence
au"
isais je ? Ah! oui... Des que ,461284,Courbasss,PER,MISC,461293,"
sera installé, on procède a"
"ns immportantes gu'on ne pou
 ",461753,Vait,MISC,PER,461757," pas conlier a tout le monde, "
"st approprié des docu-
Menls ",462085,Compromettants,PER,,462099," pour de hauts personnages ,
o"
"geste din-
lignation. Commenr ",462244,Essacar,PER,,462251,", vous en cies la!...
Vous fai"
"n
terdit d'étayer l'autorite ",462528,Ctablie,PER,ORG,462535," sous prétezte que je
l'ai an"
" Socièré actuelle, C'est un ",462968,Monstre,PER,,462975,"..
Ven ae (conde co ces Alse L"
Essacar davantage. Wimporte : ,463746,Canonnier,LOC,,463755," et sa bille
ont pul mnettre l"
" décide A partir
demdin pour ",463944,Londres,PER,LOC,463951," , je n'di pas conhance en lho"
"as conhance en lhos-
hinalire ",463993,Geslons,PER,,464000, du restaurant. Un embatras de
" deux, l2 bas, met la iète d ",464239,la,PER,,464241," portière.
 d'un hacre d gale"
" par l
eacaf dux mouchards de ",464819,la,PER,,464821," frontière... Oue laire ....
"
"suis conrdineugui
aurait dide ",465074,Canonnier,LOC,,465083," d echapper, si je lui drdis d"
"renme le trainl ce soir, pour ",465364,Me,PER,,465366," Croiser, en Toul,
AVET CChII "
"a solirude redouble
moncunui. ",465608,Sept,LOC,,465612, heures. Je sors. Je vais alle
"sser faire.
Je dine donc cher ",465974,Mlargot,PER,LOC,465981,", et meme, j'aurdilarge-
ment "
"s d'y digérer d mon gre, car ",466048,Margot,MISC,PER,466054," est
Veuve jusqu d demdin. Cou"
" mne trompe avecune aetrice ;
",466229,Jelesdis,PER,LOC,466237,. Un hommemarie ! C'estdégout
"ger...
 Mais si, par hasard - ",466423,Cartout,PER,MISC,466430," atrive, ineme ce qui.
devrait"
"ent.
est forcé de l'appeler. ",466592,Midis,PER,ORG,466597," qui veuy tul qu'onprenne,
mon"
"argot.
Moi, je ne sdis pas... ",467226,Mlais,PER,LOC,467231," les voix Se rapprochent :
et "
"dermoi,
Sacredie ! C'est moi, ",467781,Machinard,PER,LOC,467790,".
 Réponds, murinure Margot, "
"achinard.
 Réponds, murinure ",467812,Margot,PER,LOC,467818,", sans 5a, i1s ne
s'en iront p"
"rrt 5.--
 Bien, bien, répond ",467980,Mtachinard,PER,LOC,467990,". C'est tont ce
que je voulais"
"seil
et le porteteuille de la ",468195,Justice,PER,MISC,468202,". Je compte sur votre
ehactitu"
"ervous bien de me reservet
 a ",468444,Marine,PER,ORG,468450,".
 Tlumrrr 5.--
 Etmes congrat"
"en pas de me désigner pour
l'",468567,Agricnlrure,PER,,468578,".
 Tlummrrr .--
a 
LE VOlEUR
2"
d leurs pas qui s'éloignent. ,468657,Margot,PER,,468663,"
de tord de rire, et moi je sa"
"faire de
moiun ministre de la ",468888,Justice,PER,,468895,")
 Etpuis, apres J dit Margot "
"va être heureux, Courbassol. ",469422,Mlinistre,PER,LOC,469431,"
de la Justice ! Ouel honneur!"
", Courbassol. Mlinistre
de la ",469438,Justice,PER,MISC,469445, ! Ouel honneur! - Quel honneu
"ur! - Quel honneur
même pour ",469488,la,PER,,469490," Justice, cat enkin Courbassol"
" - Quel honneur
même pour la ",469491,Justice,PER,MISC,469498,", cat enkin Courbassol n'est
p"
"st un hoinme de soirante au5, ",470048,Cnvi,LOC,ORG,470052,"
fon, au hiont haut, aux trait"
"le, sans doute,
car cethomine ",470446,la,PER,,470448," doit étre riche, je me pelin"
"pesu de
fentre, De me livrent ",470610,AuCNm,PER,,470615," LCMSCigneTent SMT SA po.
siti"
"
J'argent, aux initiales I.J. ",470725,B.,PER,,470727," qu'il a déposée dans
leklet"
rable vicillard -- mhais pour ,470957,Vimbiber,PER,LOC,470965,"
de quelques goutres d'un liqu"
"e precaution , je reprends
ma ",471664,place,MISC,,471669, et jedéplie un journal out l
"a lhotel du Roi Salomon.
 Ah! ",472455,monsieur,PER,,472463, Randal.! s'écrie lhdrelière
"une Charinante jeune hlle...
 ",472611,Etpuis,PER,LOC,472617,", et puis!... W. Canonnier, l'"
"le...
 Etpuis, et puis!... W. ",472634,Canonnier,LOC,MISC,472643,", l'aver-vous Vud
 M. Canonnie"
". Canonnier, l'aver-vous Vud
 ",472662,M.,PER,,472664," Canonnier ? Je crois bien, qu"
"anonnier, l'aver-vous Vud
 M. ",472665,Canonnier,LOC,,472674," ? Je crois bien, que je l'ai "
"ien, que je l'ai vu In.
i est ",472717,la,PER,,472719," hant, au premier etage ; I ro"
"rimpe lescalier au plus vite.
",472864,Canonnier,LOC,MISC,472873," est ici I... Alors, qu'est ce"
"venger d moitie, me faire une ",473079,Lausse,LOC,ORG,473085,"
peur sans nuire a lhoimme que"
"iquée.
 Enlin ! Cesttoi, dit ",473221,Canonnier,LOC,MISC,473230," qui vient mo.
Vrir. Je Commen"
e Commençais d désespérer. ,473282,Ouestce,PER,MISC,473289," qui id.
retenud Paris )
Autan"
Londres a l2 première heure. ,473604,J',PER,,473606,"ai a faire ici dans deus
Coutr"
"ler cher moi, toi
etta klle.
 ",473754,Lues,PER,LOC,473758, bien aimable : je pense dussi
"s a la consigne de la gare du
",473958,Nord,LOC,,473962, et j'ai telégraphie a Latern
"u
Nord et j'ai telégraphie a ",473986,Laternoster,PER,,473997," de Garder la Vd
leur des titr"
"sirons diner.
- Lci, répoird ",474367,Canonnier,LOC,MISC,474376,", dans ce salon. House
Tons mi"
"us noustrouvons. Moi, j'aiune ",474547,Chambre,PER,,474554,"
Au Second. Ettoid.
 Moi, je n"
".
 Moi, je ne sis pas cncore, ",474602,mdis,PER,,474606," peu importe.
M
C LE VOLEUR
25"
"ment et j'ai même Apporte
Ma ",474694,Valisc,PER,,474700,"...
 Les valises, tu veux dire"
e servante met le couvert sur ,475230,la,PER,,475232," table du salon.
 Je vais te p"
", mon cher, c'est compliqué. ",475844,Maisje,PER,LOC,475850," ne Veun
pasten faire un mnyst"
"́ié le dernier auquel tu au-
",476499,las,PER,,476502, participé. Il ne s'agird plu
"ur clle: mais je sais quelles
",476935,Seront,PER,,476941, bientot ses convictions. Oucl
e pour le sentir et pour voir ,477148,Clair,PER,LOC,477153,",
tout d'un coup, des que je l"
"elle.
ComprenRe. Je revicnS..
",477706,Canonnier,LOC,,477715, disparait derrière la porte 
" et quels sont, du juste,
ses ",477861,proiets,PER,,477868, ? J'entrevois une Combindison
"elle. Malgré la masse de
des ",478929,Cheveur,PER,LOC,478936,", d'un superbe blond aux relet"
"rançaise, l'expres-.
sion de ",479142,la,PER,,479144, tè̂te ne contredit point cel
"oussormes misd
Table.
-- Hon, ",480375,Monsicur,PER,MISC,480383,", répond flélène d une ques"
 je n'ai pas beducoup voyagi. ,480464,J',PER,,480466,"ai été
u deux tois d Bieppe,"
"x tois d Bieppe, trois fois a ",480510,Dinard,MISC,LOC,480516,", une fois d
256
LE. VOLEUE
Wi"
"s d
256
LE. VOLEUE
Wice etant ",480555,Mont,PER,LOC,480559," Dore. Voili tout. Wlais, iain"
" as raison de l'espérer, dit ",480669,Canonnier,LOC,MISC,480678,", Nou
partirons demain ipatin "
"e temps de sen
Apercevoir, en ",480851,Marchant,PER,MISC,480859," vite.
 Fst ce votre avis, mon"
Songent qu'au nivellemnent de ,481033,la,PER,,481035," Suisse.
 Etces ntopistes poli"
"ls me reven
que de chimères. ",481113,Figurezyous,MISC,,481124,", Wlademoiselle, que
wotre per"
 Flle en vaut bien une antre. ,481476,Mlais,PER,LOC,481481," n'averwous
pas soutenu dus5i,"
"i ln dernièrement, dans la a ",481594,Revrie,MISC,LOC,481600,".
Pénitentiaire n, un article"
"uisque je serai d Londres de
 ",481925,Main,MISC,LOC,481929,".
 Tusais donc l'anglais ? dem"
"is cn-
corc plus tacilement.
 ",482160,La,PER,,482162," mère ne m'avait jamnais dit,"
"E
 257
 Ohl j'ai appris couie ",482295,seule,MISC,,482300,". Au couvent, c'était
i tés "
l j'ai appris couie seule. Au ,482305,couvent,LOC,,482312,", c'était
i tés bentil. Les "
"e meme toM.
Canonnier fait la ",482545,Grimace,PER,MISC,482552,".
 L'instruction est une belle"
" personnes, Surtout. Flle les ",482690,mnet,PER,,482694," Mer
Vveilleusement en Garde c"
"onnes, Surtout. Flle les mnet ",482695,Mer,PER,,482698,"
Vveilleusement en Garde contr"
"pas de systeme infaillible...
",482812,Rinsi,PER,,482817,", une de mes anlies de couvent"
".
Rinsi, une de mes anlies de ",482840,"couvent,",PER,,482848," qui s'était mnd
riée a dix-"
cédé a des entrainements... ,483024,Certains,PER,,483032,"
hommes mnanquent tellement de"
"
 Le loup n'y est jamais, dit ",483389,Canonnier,LOC,MISC,483398," , il est
dans la bergerie, en"
" que moi. Moi,
Je n'di jamdis ",483586,Connu,PER,,483591," que de beauy Caracières.
 Oh"
"re audacicusemient
Canonnier. ",483677,Dieu,MISC,,483681, mercil il y a cncore des gens
eutEtre... I doit exister une ,484246,Certaine,PER,,484254,":
Soine de souffrance, pourtan"
"c les déshérités, s'écrie ",484582,Canonnier,LOC,MISC,484591,"
quioublie son role, ce ne ser"
"le dans les yeux d'Hlélene.
 ",484881,Pere,MISC,PER,484885,", demandetclle en se penchant "
" Mon Dieu! mon cnlant, repond ",484992,Canonnier,LOC,,485001,",
16...56...
- C'est le droit "
"élicieuse, cher Wtme de
Bois.",485479,Crtaulr,PER,,485486, ! Je ne manqudis pas une prem
"tain de son père..
 Je vois, ",485742,Mlademoisclle,PER,MISC,485755,", que vous étier fort o
cupé"
"r lire, par czemple ?
amnt de ",485869,Mreere,PER,MISC,485875," de ers ane u dmel
LE VOLEDE
A"
" sont des hommes d'ordre, dit ",486207,Canonnier,LOC,MISC,486216,":
ils veulent mettre les pauvr"
"iacut ous en
i poseedent, dir ",486809,Canonnier,LOC,MISC,486818,".
.
259
 Etqu'estce que c'est "
"ue Vargent, pered
- Demande a ",486879,Randdl,PER,LOC,486885,".
 Non, Mademoiselle, ne mne l"
"red
- Demande a Randdl.
 Non, ",486893,Mademoiselle,PER,MISC,486905,", ne mne le demander pas.
Je n"
"Aans le salon.
 Thl bien, dit ",487131,Canonnier,LOC,MISC,487140," des quelles sont sor-
ties, p"
"r-
ties, puisque nous somines ",487190,cntre,PER,,487195," ld poire et le fro-
iage, coi"
"d
lement choisi pour parler A ",487296,Ccur,LOC,PER,487300," ouvert, je veux yous
exposer "
", de e mor e lement ce que je ",487517,Pense,MISC,PER,487522,", mais
lroiscoupssecs frappés"
"fontirrup.
tion dans lesalon. ",487683,Mous,PER,,487687," nouslevons Touslestrois, Lun
"
"mines, qui tient un papier de ",487753,la,PER,,487755," Main Gauche et
dont la mnain "
"es, qui tient un papier de la ",487756,Main,MISC,,487760," Gauche et
dont la mnain droit"
ui tient un papier de la Main ,487761,Gauche,LOC,ORG,487767," et
dont la mnain droite, dans"
" d'un pisiolet, s'approche de ",487866,Canonnier,LOC,MISC,487875,".
 Vouséteslenommé Canonnier"
"Canonnier.
 Vouséteslenommé ",487896,Canonnier,LOC,,487905,", Jean François..
J'aiun mand"
" Vouséteslenommé Canonnier, ",487907,Jean,LOC,,487911," François..
J'aiun mandat d'a"
"a la mnort qu'il vd, car cest ",488370,la,PER,,488372," mort,la
tnort lente, hidense "
"
Jamdis dans les marecages de ",488467,Cayenne,PER,LOC,488474,". Mais ilsdiiqu
estinutile de "
"i, ilsalue obséquiensement.
 ",489028,Mademoisclle,PER,LOC,489040,", je suis chargé d'une missio"
"de colere.
Non, certainement, ",489264,Mlademoisclle,PER,MISC,489277,", mais...
hihien, je vousprie "
"ment l'accueillerdientils ? F
",490036,Berait,PER,,490042,"-clle, mieme, retourner cher l"
"ésous d tommpre le
SilenCe.
 ",490305,Mademoiselle,PER,,490317,", dis-je pendant qu'elle sembl"
"mpt.
LE VOLEUR
----
 D'abord, ",490477,Monsicur,PER,,490485,", je vous cn pric, veuilley
me"
"le, il n'y a rien a tenrer en
",490847,Laveur,PER,LOC,490853," de votre pere, du moins pour "
"u présentd.
-- Certainement, ",491171,Mademoiselle,PER,MISC,491183," ; je n'ai point
Thonneur d'et"
"es quelles soient, et
si vous ",491424,Croyer,PER,LOC,491430, que je puisse vous etre Utilc
"s je ne puis
Vous conlier mes ",491531,proiets,PER,,491538,", car je n'en di point.
Non, r"
"ppréhender
de retourner cher ",491731,Mre,PER,,491734," de Bois-Creault, vous penser
"
"es honorables et tres
riches. ",492017,M.,PER,,492019, de Bois- Créault est un anci
"suis bien renscigne. Son kls, ",492323,M.,PER,,492325," Armand de Bois-
Créault, n'a"
"vie d grandes guides. Ouantd
 ",492451,Mme,PER,,492454," de Bois-Créault, C'est une f"
"écie... Je vous prie
encore, ",493000,Monsicur,PER,MISC,493008,", de ne poini vous tormaliser "
"éaull
et que je mne trouvais ",493630,cher,LOC,,493634," cette damne du mnomment oi
Ce"
"omment oi
Ce Malheur survint. ",493682,Wtme,MISC,,493686," de Bois-Créault résolut de
"
" e taier
 
264
LE VOLEDR
cher ",493991,Mme,PER,,493994," de Bois-Créaul, jétais joli"
mier président a la Cour des ,494295,Complicd,LOC,,494303,"
Tions ?
 Tuimeme. Depuis troi"
", je ne lesais pas davantage. ",494547,J',PER,,494549,"ai entendu dire que
les voleur"
"r l'etreinte deld.
i coiere.
 ",495831,J',PER,,495833,"ai donc résolu d'attendre, co"
"VOLEUE.
265
bout dun instant. ",495912,Attendre,PER,,495920," je ne savdis quoi. Le.
moment"
e de la haine et du dégout ; ,496197,Mtme,MISC,,496201," de Bois-Créault
aussi, d la "
"e queuse, et j'étais seule
a ",496334,Connditre,PER,LOC,496343, les pensées que je roulais A
"e, mais p2s dssc7. Ils ne le
 ",496683,Seront,PER,,496689, jamndis dsscT. Le hls dépens
"cher d Barrot.
 Mais, dis je, ",497024,M.,PER,,497026," de BoisCréault, le père, ne"
" rien ? C'estinconcevable...
 ",497113,Luis,LOC,PER,497117, S'écrie flélene en se levan
 d essayé de mettre le feu d ,498041,Choiel,PER,LOC,498047,",
le lendemain. Isennuie tant,"
"re de mêlo.
draine d jamndis ",498629,été,PER,,498634, aussi visqucuse ct aussi noir
"ue j'ai
Volé?... Comine Cest ",499551,Ratteur,PER,,499558," pour Mon Amour
Propre
 Vousne"
 Comine Cest Ratteur pour Mon ,499568,Amour,PER,MISC,499573,"
Propre
 Vousne m'en vouler pa"
e pouvais difhicilement taire ,500079,le,PER,,500081," premier
p25... Dureste, je cr"
"ait
un voleur. Penservous que ",500227,Mtme,MISC,,500231," de Bois-Créault me
l'avait l"
"vous serier une prostiruee
en ",501407,Catte,PER,LOC,501412,", Md Chère, une chose apparte"
"ni
histration qui la fourre d ",501484,Saint,PER,,501489," lardre d Som gré.
Ctje vous "
de ceque j'aurais d vousdirc. ,501988,Soyer,PER,,501993," convdincue,
Senlement, que la"
u sauvage. Je suis un voleur. ,502152,Htme,MISC,,502156," de Bois-Créarllt
avait oubli"
"uand clle vous a dit que vous
",502231,Retrouverier,LOC,,502243, personne pret a s'intéresser
"ntage. Votre père est
riche. ",502688,Mlalheureuscinent,PER,LOC,502705,", sd fortune est en Amerique
e"
"lion. Pourquoi n'avervous
pas ",503592,Ouvert,LOC,MISC,503598," cette valise d
e nesdis pas. "
"anit sauter les serrures de l
",503866,Valise,PER,MISC,503872, que j'ai placée sur une Chai
ce soir... Voila quiest fait. ,503967,Vider,PER,MISC,503972,".
le sac vous meine, pour etre"
"tre sdre que je ne ferai rien
",504029,Glisser,PER,,504036," dans es Manches.
 Si vous vou"
"ne ferai rien
Glisser dans es ",504045,Manches,PER,,504052,".
 Si vous vouler, répond fle"
"cn que nous ne
trouverons p2s ",504167,Grandchose,PER,MISC,504177,".
lPas Grandchose, en cfet. De"
"e j'avais de Vaf
fection pour ",505511,Htme,MISC,,505515," de Bois Créault, je vous dis"
nant. Il étair fou de moi... ,505655,Croyer,PER,LOC,505661,"
i Vous qu'on pourrait tirer p"
"ant ; je nai
Qu'd mnettre mon ",505900,Chapean,PER,LOC,505907,".
Attender! Il est nécessdire"
en nuedecte e Poatense Ponrte ,506318,Lacietiese,PER,,506328,"
Le faire dans un instant, et "
"dt
de jennes Alles. C'est une ",506677,Anglaise,PER,LOC,506685," dont le Mari, cs-
tampeur de "
s. C'est une Anglaise dont le ,506694,Mari,PER,LOC,506698,", cs-
tampeur de premier ordre"
"incer l'an der.
nier pour une ",506772,Cecroquerie,PER,LOC,506783," colossale et a été mis cn
p"
faires prosperent ; clle a un ,507326,Che-,PER,MISC,507330,"
Val ct deux voitures... Juste"
"72
i Shivra sans doute pa5... ",507647,Lener,LOC,MISC,507652,", flelène, cntrey Aan
 Votre "
"
i Papiers, dispardit dans sa ",507842,Chdmbre,PER,ORG,507849,",
i Prévener le patron que j'"
" basse, l'air déconlit.
 Ahs ",508003,monsieur,PER,,508011," Randal, dicil, quel malheur)
"
"'air déconlit.
 Ahs monsieur ",508012,Randal,PER,,508018,", dicil, quel malheur)
Vne arr"
"
Vne arrestation cher moi!... ",508070,Ouestce,LOC,MISC,508077," que ces
Messieurs vout penser"
"lque chose de spécial contre
",508401,M.,PER,,508403," Canonnier, SaveT-VouS...
 Ne "
" tout de suite. Ah
joubliais. ",508613,M.,PER,,508615," Roger vient d'Atriver...
 Rog"
" M. Roger vient d'Atriver...
 ",508642,Rogerla,PER,,508649," Tlonte
 Oui, Monsicur Randdl."
"iver...
 Rogerla Tlonte
 Oui, ",508663,Monsicur,PER,,508671," Randdl.
 Dites lui qu'il mont"
"Rogerla Tlonte
 Oui, Monsicur ",508672,Randdl,PER,,508678,".
 Dites lui qu'il monte immed"
"ce dans cing mi
MuICS.
 Bien, ",509060,monsieur,PER,,509068," Handal, commptersur inoi, pou"
"l entre, la bouche
pleine, la ",509239,Serviette,PER,,509248," autour ducon.
272
 LE VOLEUR
"
"ait perdu, depuis le temps... ",509353,Duestce,MISC,PER,509360," que W.
faisdis donc a Paris ?"
"que W.
faisdis donc a Paris ? ",509391,Broussaille,LOC,,509402," disdit qu'on lavait
nomme jug"
"t arrivé,
des histoires !... ",509497,Canonnier,LOC,,509506," arreté... AhI vrai!... 82
tl"
"ri
Vant... Ju sdis, il y A un ",509617,Lameuy,PER,LOC,509623," coup d risquer.
C'estpourgd q"
". Lu vas aller a Ixelles, rue ",510016,Clementine,PER,LOC,510026,",
tusdis:
 Parblen,
 Les rouss"
"son.
 Bien sar.
 Fu diras a l'",510167,Anglaise,PER,LOC,510175," de faire attelet son peri
pan"
stil : Heufheures. Previens l',510360,Anglaise,PER,LOC,510368,"
que je serdi. Cher clle vers "
"iens l'Anglaise
que je serdi. ",510383,Cher,LOC,PER,510387, clle vers onre heures et demi
do Cangube Aaie la fe ríe le ,510530,Me,PER,,510532," Coupes mn
I descend lescalier"
Cangube Aaie la fe ríe le Me ,510533,Coupes,PER,MISC,510539," mn
I descend lescalier en Cou"
" mon plan : je vais exiger de
",510803,Mme,PER,,510806," de BoisCréault, sous la mena"
"iquet, come les cocottes, ou.
",511392,Mdis,MISC,,511396, je ne veuw pas etre une cocot
"soin d'un nom, d'un vrai
nom. ",511502,Jesuis,PER,,511508, Mlle Canonnier. Il faut que j
"un nom, d'un vrai
nom. Jesuis ",511509,Mlle,MISC,,511513, Canonnier. Il faut que je soi
"me dites pas que cesgensl re-
",511604,Luseront,PER,LOC,511612,. Il n'Oserontpasrcfuser. IIn 
"able... Ohl soyer tranquille,
",512135,Continue,PER,,512143," flelene, ce n'est que le mari"
 d'état civil qu'il me faut. ,512227,M.,PER,,512229," Armand de
Bois. Créault ne S"
"ri que de nomn, dinsi
quedans ",512299,Certains,PER,,512307, roinans. Hon pas que jaic le 
" tout le monde serd
Content.
 ",513261,Meme,LOC,,513265," Barrot, dis-je , car il serd "
"erd certain, après
Celd, Que ",513321,Mme,PER,,513324, de Bois Créault ne le ferd p
Bois Créault ne le ferd plus ,513358,Chanter,PER,MISC,513365,".
 En cffet, murmyre Klélene "
"dorénavant, cest
moi qui ine ",513427,Chargerdi,PER,MISC,513436," de ce soin.
Ah!... Ah
 Nature"
"rgerdi de ce soin.
Ah!... Ah
 ",513460,Naturellement,PER,,513473,", prisque j'ai les lertres. Ce"
"compatibilité d'humeur,
wous ",513753,Cotmprener,PER,MISC,513763," ? Du reste, sevre comine il l"
"e, separee d'un mari indigne. ",513955,Mlais,PER,LOC,513960," 1e
ne demanderdi point le div"
qu'on n'écrit pas. Davervous ,514275,Sils,LOC,,514279," Re
pourraient point tirer par"
"ent taire 
 IIfaut aller voir ",514444,Barrot,MISC,PER,514450," et lui parler.
.Moid
 Non, pa"
"ne vous Eaire voir nulle part
",514573,Jusqu',PER,,514579,a ce que l'affaire soit termin
"d ne Me
déplaird p25... Mais ",514926,laisscrinoi,PER,,514937," vous faire tous mes
Ccomplime"
! Je suis une mndthcurcuse... ,515133,Mne,PER,,515136," malhcurcusc! Je
Suis énervé"
"le. que je suis
ne damnée... ",515390,Westce,PER,ORG,515396," prs, Vous serc2 toujours mon
"
sje en l'embrassant ; je vous ,515469,proiets,PER,,515476,"
detre toujours yotre amni... "
"e bruit
 du petit panier de l'",515741,Anglaise,PER,LOC,515749,".
 Lesroussins viennent de fai"
 viennent de faire signe d Mn ,515793,Kacre,PER,LOC,515798,",
i entre me dire lhorelier.
 "
"iet. --
276
 LE VolEBR
Nous y ",516490,sommes,MISC,,516496,". Je me retourne, le hacre est"
"ond de train, Kile comtne une ",516785,Reche,MISC,,516790,". Leslan-
ternes du hacre para"
"train, Kile comtne une Reche. ",516792,Leslan-,PER,MISC,516799,"
ternes du hacre paraissent s'"
agir comme je veux le faire ? ,517563,Pourmoimeme,MISC,PER,517574,", jen-
tends. Croyervousque je"
"e, d inesure que j'avancerdi. ",517947,Me,PER,,517949,"
Denser yous pas que ce serd h"
"d inesure que j'avancerdi. Me
",517950,Denser,MISC,PER,517956, yous pas que ce serd horrible
"s netes pas tait pour etre un
",518561,Voleur,PER,MISC,518567,", Vous aver assc2 d'argent pou"
"
id cour du pensionnat dont l'",519758,Anglaise,PER,LOC,519766," d ouvert ld
Grille..
 Nayer p"
"nglaise d ouvert ld
Grille..
 ",519789,Nayer,PER,,519794," pas dinguiétude, monsieur Ra"
"le..
 Nayer pas dinguiétude, ",519813,monsieur,PER,,519821," Randal,
me dir cette veuve de"
"quoi je reviens tout
SeRL...
 ",520426,Me,PER,,520428," voici de retour, disje a Roge"
i m'attend en accuinulant des ,520501,Croquis,LOC,,520508," Sur un dl
buin quil d acheté"
"acheté, cn passant, dans les ",520561,Caleries,PER,LOC,520569,"
Baint Tlubert. Jout d cté po"
" Jout d cté pour le mieuz.
- ",520614,Chouette,PER,,520622,", dit Roger. Lu me raconteras "
" non pas a Bruzelles, mais.
a ",520768,Louvain,PER,LOC,520775,. C'est Stéphanus qui we l'a 
"lques démarches
cesjours-ci. ",521184,Ftmeine,PER,LOC,521191,", Comme j'ai quelquun a voir
d"
"'un camdrade, C'est
Sacré... ",521458,Bonsoir,PER,,521465,".
C'est surtout pourreléchir "
"ue je veux me retirei
Aans ma ",521526,Chambre,PER,,521533,. Mais le sommmcil a bien vite
"eures, quand je me réveille. ",521633,J',PER,,521635,"ai juste.
le temmps de mhabill"
"s, d propos... Mais oil per-
 ",521765,Chetil,PER,LOC,521771,", Barrot ?... Diable ! il va f"
"se. C'est justement a lhorel
 ",521928,Mengelle,PER,LOC,521936, qu'est descendu le premier pr
".
Je lui fais passer md Catte
",522011,Georges,PER,,522018," Randal
INGENIEUE
Collaborateu"
" fais passer md Catte
Georges ",522019,Randal,PER,,522025,"
INGENIEUE
Collaborateur a la "
"
INGENIEUE
Collaborateur a la ",522055,Revrie,MISC,,522061," Pénitentiaire
----
NUTS
COMB"
"tiaire
----
NUTS
COMBINAISONS ",522100,MACIIAVELIOUES,PER,,522114," ET LEURS RESUITATS
En m'aperc"
OMBINAISONS MACIIAVELIOUES ET ,522118,LEURS,PER,,522123," RESUITATS
En m'apercevant, Ba"
"t
SAr.
 e conndis beaucoup un ",522616,M.,PER,,522618," Randdl...
 M. Urbain Randal: "
"dis beaucoup un M. Randdl...
 ",522630,M.,PER,,522632, Urbain Randal: C'est mon oncl
"up un M. Randdl...
 M. Urbain ",522640,Randal,MISC,,522646,": C'est mon oncle. Je saisen
e"
"
 M. Urbain Randal: C'est mon ",522658,oncle,PER,,522663,". Je saisen
eket, Monsieur, qu"
"us de gout pour la cammpagne, ",522774,J',PER,,522776,"aurais
prokite plus souvent de"
"is trés bien quil ne sonnerd
",523413,M.,PER,,523415," E lne e Ps, mehate  c LoMee v"
"yé vers vous par
Mhe Helène ",523559,Canonnier,PER,,523568,".
Barrot ne répond point. Son"
"neur, d'être très lie avec.
",523816,M.,PER,,523818," Canonnier, nousnous soimes re"
"... Il y a tant de coquins du
",524077,Monde,PER,ORG,524082," J...
 Tlitervous, dit Barrot "
"ccadéc.
 Je conndissais donc ",524246,M.,PER,,524248," Canonnier. Mais je
n'avis jam"
"es.
 Les poings de Barzot se. ",524522,Crispent,PER,ORG,524530,". Comme c'est
AMUSARE
Du moins"
"116.
282
LE VOIEUR.
ooccuper, ",524737,Monsicur,PER,MISC,524745,", et qui vous laisse ignorer b"
ons exécutées au noim de ld ,524825,Justice,PER,,524832,",
Vous d Certaineinent permis "
taineinent permis d'apprendre ,524874,Comen,PER,MISC,524879,"
M. Canonnier fut ravi, hier s"
"nent permis d'apprendre Comen
",524880,M.,PER,,524882," Canonnier fut ravi, hier soir"
"mnent pénible..
Mue flelène ",525001,Canonnier,LOC,,525010,", restée scule, avecmoi, m'av"
" sd personne, mais Cucore
Nne ",525258,Certaine,PER,,525266, quantité de lettres fort int
"e presentais A Vous au Hom
de ",525850,Mle,PER,,525853," Canonnier, et pas au mien. Ce"
"esentais A Vous au Hom
de Mle ",525854,Canonnier,PER,,525863,", et pas au mien. Ce nsst pds "
"̀ne ré.
Clame de lui.
- Mtle ",526301,Canonnier,PER,,526310,", dis-je, n'a point de positio"
ut se marier ?... Thl bien... ,526551,Lener,LOC,PER,526556,", Monsieuy,
Continuetil étend"
"
 Vous aver tort, dis je, mon ",526764,oncle,PER,,526769," estunvoleur.
Pil ne m'avait p"
"nvoleur.
Pil ne m'avait point ",526804,dépouille,PER,,526814," du patrimoine dont
il avait l"
"oment ou jai
appris que Hllle ",527064,Canonnier,LOC,,527073," avait quitre Paris. Les
vense"
"qu'un Mensonge.
Je le savais. ",527490,J',PER,,527492,"etais convaincu que le code, c"
"euvent pas se faire
entendre. ",528026,Kelas,PER,MISC,528031,! la Justice est ouverte a tou
" se faire
entendre. Kelas! la ",528036,Justice,PER,MISC,528043," est ouverte a tous. Leres
tau"
"Paillard aussi... F1 puis, la ",528108,Justice,PER,MISC,528115,", les lois..
Des mots, des mot"
"gel Il fau
araitque ce tut un ",528248,saint,PER,,528253,", cet hommmeId. Un grand
eaint"
" ne voudrait pas condamnet...
",528616,J',PER,,528618,"écoute, sans aucune cmnotion."
", au licu de m'honorer de ses ",528815,confidençes,PER,,528827,".
Quand on raisonne ainsi, d'a"
"totp0s.
sible : et a ottrir d ",529197,Mle,PER,,529200, Canonnier relle sommme quelle
"0s.
sible : et a ottrir d Mle ",529201,Canonnier,PER,,529210," relle sommme quelle
Aurait pu"
"Canonnier relle sommme quelle
",529231,Aurait,PER,,529237," pu souhditer, ou bien, dans l"
"u, Mais,
ld, vraimentd - yous ",529666,Croyer,PER,,529672," qu'clle voudrait de
wous!... "
"us ave
Soixante an5, mon cher ",529770,Monsicur,PER,MISC,529778,", dont quarante de
magistratur"
" Kille qui a dix huit
ans, ct ",530352,Lomse,LOC,,530357," Melè Srepne, Memie je, d dou"
"E VOLEUE
285
votre enfant une ",530427,belle,MISC,,530432,-mère de sou agel Et vous pre
ese es ement e monde doie sui ,530608,aemo,PER,,530612,"
 Quil vous est donc difhicile"
"gi
avecbonte, vous rester des ",530852,Egoistes,LOC,MISC,530860,", vous aver bedu.
vouloir fait"
"simples...
Rien ne se repare, ",531797,Monsicur,PER,MISC,531805,", ct rien ne se pardonne.
On p"
"ne pardonne jamais... Voyons,
",532037,Monsicur,PER,MISC,532045,. Me Canonnier désire se mari
"e jamais... Voyons,
Monsicur. ",532047,Me,PER,,532049, Canonnier désire se marier c
"amais... Voyons,
Monsicur. Me ",532050,Canonnier,PER,,532059," désire se marier ci clle
You"
viter un scandale. C'est avec ,532332,M.,PER,,532334," Armand de Bois-
Créaultque m"
"aultque mad...
286
LE VOLEUE
 ",532385,Jamais,PER,,532391, ! sécrie Barrot qui se leve 
"n hiappant
la table du poing. ",532452,Jamdis,PER,MISC,532458," !... Qu'il arrive n'importe
a"
"Vous entender? Id
Mais :...
- ",532551,Coiine,PER,,532557," vous voudrer, dis je tres tra"
reur de la vanire blessée. - ,532729,Comie,PER,,532734," yous voudrer.
Mthe Canonnier "
"essée. - Comie yous voudrer.
",532749,Mthe,LOC,PER,532753, Canonnier ferd son chemin tou
"e. - Comie yous voudrer.
Mthe ",532754,Canonnier,LOC,,532763, ferd son chemin tout de même
"évus
par le Code, je crois : ",533097,Ouelle,PER,,533103," kgureterervous du pro.
Ces, M"
"e kgureterervous du pro.
Ces, ",533132,Monsieurd,PER,MISC,533141," :
 Barrotne répond pas. Appu"
"et
tain que réclarne de vous ",533532,Mfte,MISC,,533536," Canonnier :
 Je l'aime l'crie"
in que réclarne de vous Mfte ,533537,Canonnier,LOC,MISC,533546," :
 Je l'aime l'crie Barrot, J"
"eu et iy
avait si longtemps ! ",534201,Lous,LOC,,534205," les sentiments éroudes,
tout"
" tremble, vous pourrer dire d
",536013,Mle,PER,,536016, Canonnier que je ferai selon 
"mble, vous pourrer dire d
Mle ",536017,Canonnier,PER,MISC,536026, que je ferai selon son désir
"doute, me donner l'adresse de
",536164,Me,PER,,536166, Canonnier ? Hon. Bien. C'est 
"te, me donner l'adresse de
Me ",536167,Canonnier,LOC,MISC,536176, ? Hon. Bien. C'est donc sous 
"e ma de
288
LE VOLEUR
marche. ",536285,J',PER,,536287,airotre carte... Les lettres m
"joute til anxicuscinent.
 Mon ",536387,Dienl,MISC,,536392," Monsicur, dis je en souriant,"
"til anxicuscinent.
 Mon Dienl ",536393,Monsicur,PER,,536401,", dis je en souriant, vous
You"
entendrer d cesnjet avec Hfle ,536463,Canonnier,LOC,PER,536472," quand
elle serd Htme de Bois."
"rnière, saluée par les Rons ",537097,Rons,MISC,PER,537101," de
l'orchestre, duy Applaudis"
"a écouté avec le plus grand
",537277,Caline,PER,LOC,537283,", Sans Manifester ducune emoti"
"ec le plus grand
Caline, Sans ",537290,Manifester,PER,,537300," ducune emotion.
 Vous rappcle"
"eici
Vous m'aver dit que nous ",537492,Causerions,PER,MISC,537502," de tout celidy-
jourd'hui, et"
"e, n'en plt
Lons p25.
 Non... ",537644,Mlais,PER,LOC,537649, Vous vous souviendrer peutete
 toute espèce de sentiments. ,538388,Pent,MISC,,538392," etre
estil nécessaire d'agir"
"it des occasions ou les faire
",538619,Raitre,PER,LOC,538625,", demcurer perpétuellement su"
"rais
li faire. Et pour moi... ",539826,Rien,MISC,,539830," de plus ridicule que
d'etre l"
"écidés au
maridge. Parbleu! ",540101,Canonnier,LOC,,540110,", de Mards ou il se
trouve, d "
" a dit flélene ch pleurant :
",540245,Croyer,PER,LOC,540251, vous que. Rous pourtons. le f
"venir. la. rejoindre d
lhotel ",541481,Mengelle,PER,,541489,. Elle serd ce soir a Paris...
"é de citations latines, du
u ",544042,Requisitoire,PER,,544054, d travers les Ages ! o Aurier
"ses, et des mensonges.
et des ",544208,Mensonges,PER,MISC,544217, ! - Il en pleuvait. Penser si
"leureuscient, je ne suis plus ",544608,la,PER,,544610," perite femineapeurée
qui se "
"us écrire, un roman
des plus ",545168,Curicus,PER,LOC,545175,", des plus birarres et des plu"
"s birarres et des plus mouye.
",545214,Mentés,PER,LOC,545221,", unromdl Toindnesque. Je comn"
"es, M'annonçait son maridge. ",545576,J',PER,,545578,"en di recu une
autre, dclle au"
"e manquent pa5, au
Moins pour ",546041,Comtencer,PER,LOC,546050,". 
Je jette les lettres dans U"
"uts de chitfons poissés de
. ",546324,Colle,PER,,546329, - Saleté . on inet gd sous g
"des noyes
Auy murailles de la ",546711,Morgue,PER,,546717,", ces débris de choses vé.
C"
"
epithalamnes et épitaphes . ",546930,Regrets,PER,,546937," éternels... Oui,
ternels, le"
"nt ai
Présent... Je lance la ",547033,Reur,PER,LOC,547037," dans le ten qu'Annie vient
d'"
"e une voute de cave, lueur de ",547231,Soupirdil,PER,,547240," agoni
Jantsans reRets dans la"
"t-di
wers aux journalistes de ",547534,Louvain,PER,LOC,547541,". Tristel Vristel...
on, léle"
rnalistes de Louvain. Tristel ,547551,Vristel,PER,,547558,"...
on, lélène n'est plus la"
"..
on, lélène n'est plus la ",547589,petite,PER,,547595," femme qui se pres
sdit contre"
"échoue, que la vie.
lui soit ",547731,mardtre,PER,,547738," ou bonne mère, elle ne serd "
eur certdinemnent. Onrève de ,548113,la,PER,,548115," femme
par laquelle l'univers "
"́e se
prend de vertige devant ",548367,Celle,PER,,548372," qui a la bravoure de
a'ottrir"
issi inezorables que la hart. ,549240,Libre,PER,,549245," Autant guiil
désirera Vetre,"
son annedu dans les Rots de l',551148,Adris,PER,MISC,551153,".
tique. J'aime mieuy passer m"
"lle.
tlle venuc. Qui est ld ? ",551279,Broussaille,LOC,PER,551290,". Près bien.
Afaire conchue.
"
"nneteté l'abandonne n, a dit
",551680,Jean,PER,,551684," Jacques, et c'est dssc7 juste"
"cux habi
Tués du caté de la ",552348,Mlairie,PER,LOC,552355,", cn province . rentiers d
Cer"
"ouillent dans ces
repaires du ",553179,Crime,PER,,553184," cosmopolite, tous les vices s"
"s rouges. Ce sont
les Crandes ",553498,Assises,PER,,553505, de l'immoralité tenues dans 
"ans les
oussols de la tour de ",553561,Babel,PER,LOC,553566,".
Enteressant ? Certainement. "
ation qu'on en d voulu faire. ,555220,Cesont,PER,,555226,"
des etres placides, d'peine n"
stoires qu'dime a débiter le ,555535,monsieur,PER,,555543," qu
paye a la marchande d'amno"
archande d'amnour. II parle a ,555588,Ccur,LOC,PER,555592," Ouvct,
ce monsieur ld. Secret"
"ur. II parle a Ccur Ouvct,
ce ",555603,monsieur,PER,,555611, ld. Secrets de famille et d'a
"a Ccur Ouvct,
ce monsieur ld. ",555616,Secrets,PER,,555623," de famille et d'alebre, babi-"
"sthetiques , et il caresse
ed ",555993,Maitresse,PER,,556002, pour lui faire oublier les re
 Ils Se sont mis au diapason: ,556373,Leurs,PER,,556378," femmes
Vayent leur dot après"
"ux qu'ils fréquentaient, par
",557213,Jeur,LOC,PER,557217," exubérance, leur surexcitati"
"- Je viens de rompre avec une
",558527,Allemande,PER,LOC,558536, qui m'anncxdit depuis quinre 
" avoi
le temps de plenrer mes ",558655,Veuves,PER,MISC,558661,".
i Pleurs de commande ! Larme"
"ouchoirs quand
Muserte quicte ",558877,Rodolphe,PER,,558885,", d tous les coins de page,
po"
" chez des banlguiers,
Lorsque ",558972,Mlimilache,PER,,558982, Mlarcel sous des prétextes q
tre peau comine la tunigve du ,559879,Centaure,PER,,559887,"..
- C'estbien fait, me dit Pa"
"ller cher-
e
1.
LE VOLEUR
302
",560168,Cher,LOC,,560172, des Reurs blenes dans le ruis
"es.
Daternoster cominence d m'",560306,embeter,PER,,560313,". Je n'aime pas
beducoup ses S"
" Ma
lu mes articles dans la u ",560459,Revue,PER,,560464," Pénitentiaire n et pré.
ten"
" que m'a faites ce
malheureux ",560929,Canonnier,PER,MISC,560938,". Mais je ne me ke pas a Pa
 t"
"ient
d'un pingre!... C'est un ",561154,Lurc,MISC,LOC,561158,". Bientot, on ne
pourra plus r"
urra plus rien faire aveclui. ,561207,J',PER,,561209,"autre jour, il d re-
fusé qua"
ai fait la Conndissance d'unc ,561615,Anglaise,PER,LOC,561623,",
Mne de ces mdhcurcuses perit"
" Conndissance d'unc Anglaise,
",561625,Mne,PER,LOC,561628, de ces mdhcurcuses perites kl
es. Je l'aiinstallée dans un ,561840,Joge,PER,LOC,561844,".
mentque je lui di meublé pr"
i di meublé pres de Waterloo ,561889,Road,LOC,,561893,", ou
clle vit fort satisfaite."
 : et vous passersur Waterloo ,562266,Bridge,PER,,562272,",.
un pont qui ne sappelle pas"
" ne ld
cherche p2s. Lourner d ",562694,Gauche,LOC,ORG,562700,", tournez a droite,
wous étes"
"nu d Anvers ou, si j'en crois ",563132,la,PER,,563134," tu.
teur publique, une jolie "
"ider a tourner sur ses gonds.
",563549,Me,PER,,563551, voici dans la place. Il y fai
". Oui... Won. Pourtant... Si, ",563696,Guelqunn,PER,MISC,563704,"
est cache ici, j'en mettrais "
"main au teu. Curé, vi
Caire, ",563766,Suisse,PER,LOC,563772,", bededu ou sacristain, il y a"
umner md lanterne. Flommme de ,563955,Dien,MISC,,563959,", yestui
Cestarcoup de pistole"
"istolet qui me répond, comme
",564013,Jenfamine,PER,LOC,564022," une allminette.
a e --

L.E V"
"ipal. D'un saut,
Je suis dans ",564131,le,PER,,564133," jardin : d'un bond, je passe "
"aclan...
Je cours, je cours ! ",564683,J',PER,,564685,"approche du qudl. II nyd
Verso"
 homine couvert dun pardessns ,564796,Couleu,PER,LOC,564802,"
muraille, vient d'apparaitre "
"ssns Couleu
muraille, vient d'",564821,apparaitre,PER,,564831," au bout de la rue, scst
arré"
", et wd
me barrer le passage. ",564932,J',PER,,564934,"ai md pince d la main ; je
peu"
"avcc... Ah! non! Pas jouer ce
",565016,Jeuld,PER,LOC,565021, ; Ca coute trop cher i Un cou
"...
Hon lLhomine au pardessus ",565492,Couleur,PER,,565499," muraille s'est
mis a Courir d"
"i. Je suis ereinte, d bour de
",565571,Jonfle,PER,,565577,". Il m'atteint, il estsur moi."
" Il m'atteint, il estsur moi. ",565608,J',PER,,565610,"ai juste le temps.
Ae me LCTOM"
"i. J'ai juste le temps.
Ae me ",565635,LCTOMTRET,PER,,565644,".:.
 N'ayer pas peurI dit-il. "
"énebres, lhomme au
pardessus ",566216,Couleur,PER,,566223," muraille et moi.
tener, done "
"te.
Nous montons. TIn étage. ",566317,Deuretages,PER,LOC,566327,".
 Attender mnoiici, me dit il"
" coup, je le reconndis.
C'est ",566997,Albert,PER,,567003," Dubourg, mon amni denfance, m"
"is heurcn.
d'avoiréte 1d...
 ",567332,Piqure,PER,,567338," toi, disje en meforçant d'in"
"oire, Egure toi...
aivès des ",567413,Me,PER,,567415," eceice  deme e, eurorile Eeem"
endae ter baceau demain eoit. ,567740,Drie,MISC,PER,567744,".
12, reste cher mnoi, cest pl"
"se un pen
troublée devant un ",568064,Etranger-,PER,LOC,568073," Unl étranger gu'on lui
d pre"
"on lui
d presenté cointne un ",568121,Conspirateur,PER,LOC,568133,".  Il est entendu
que je. Couc"
"teur.  Il est entendu
que je. ",568159,Coucherai,PER,ORG,568168," dans la chambre de sd sacur, "
se longtemps. Il m'd raconté ,568461,la,PER,,568463," triste histoire que
je presse"
"ur, Els de
l'honnète homme.
 ",569588,J',PER,,569590,ai éprouvé md premnière joi
"lls y réussissent, je crois. ",569872,J',PER,,569874,"ai passe la journée du
lendem"
"́e du
lendemain avec cux, car ",569922,Albert,PER,,569928," avair demandé ala
Idison qui"
"te cxistence humble et terme, ",570319,Mdis,PER,MISC,570323,"
.Q'illumine pourtant, commne "
"leur bonheur...
leur bonheur! ",570751,Estil,PER,,570756," récl, ce bonheur ld J Estil
"
"l2
misère ; ct pas d'arnour. ",572042,Jamndis,PER,,572049,". Jamdis.
Pauvre Albert!... Vo"
e ; ct pas d'arnour. Jamndis. ,572051,Jamdis,PER,MISC,572057,".
Pauvre Albert!... Voilique j"
"is. Jamdis.
Pauvre Albert!... ",572077,Voilique,PER,MISC,572085," je le plains, d présent...
A"
"ses, que je voudrais oublier. ",572234,Jy,PER,,572236," pat-
 Viendrai peutetre, avec"
"eue .
 Tune me reconndis pas, ",573118,Ceorges,PER,ORG,573125," ? dir-elle.
l'approche la lam"
'horreur. Ah! le mensonge des ,573397,Conjectures,LOC,MISC,573408,",
la fausseté des supposition"
"s croire.
encore, pourtant... ",573969,Charlotte,PER,,573978," Chasséc par son père, le
jo"
" Annie, lui d prepare dans
ma ",574950,Chambre,PER,ORG,574957,". Une jolie petite klle, blond"
"lent de l'éclat étrange des
",575568,Jeur,LOC,,575572," désespères, l'éclat vit et"
robe noire d'ouvrière... AhI ,575724,Dien,MISC,,575728," de Dicu!...
 Ea voici. Elle r"
", comme elle faisair
i Paris. ",575988,J',PER,,575990,"ai cu si peur aVanthier, hier "
" hier et ce
matin cncore !... ",576044,J',PER,,576046,etais afoléc. Il faut que je 
 j'ai vu qu'elle soulfrait de ,576125,Mauy,LOC,,576129,"
 de tete, que son front érai"
" quclque Chose, ce Serdit une ",576686,Méningite,PER,MISC,576696,".
Li penses si j'ai été ctfr"
"ble, surtout d cet age.ld !.. ",576800,J',PER,,576802,"di passéla
nuit dans. les tra"
"séla
nuit dans. les transes. ",576838,Iliet,PER,LOC,576843,", clle n'allaitfpas micuy ;
Cl"
"ses. Iliet, clle n'allaitfpas ",576863,micuy,PER,,576868," ;
Clle Tourndit et Eetournait"
"arguerite, t.
te souvicns I l'",577168,ancienne,PER,,577176," temme de chambre de
Mme Monta"
"'ancienne temme de chambre de
",577197,Mme,PER,,577200, Montarenil. . Flle ne savait 
"s, toid...
Je savais, oOUl... ",578670,Mdis,LOC,,578674," Conunentaurdis je pu de.
Vine"
"e au bout dun instant et cn
i ",579096,Changeant,PER,MISC,579105," de tou, que je mesuisalariné"
"clle, dis je, et d toi
u95.
. ",579305,Etjememets,PER,LOC,579315, d tisonner les charbons parce
"t Charlotte, ce nest. pas td. ",579436,Mditresse,PER,,579445,"
quiest revenue d toi, mdis la"
"itresse
quiest revenue d toi, ",579468,mdis,PER,,579472," la mère de tonentant. Je.
Me"
"le non. plus, mdis... Voyons,
",579601,Georges,PER,MISC,579608,", regarde mnoi. Pourquoi pleur"
"te en rougissant, d l'appeler ",580098,Ceorgette,PER,LOC,580107," ;
 Ctpuis, je n'ai plus voulu"
"lle, attristée et se mépre.
",580356,Nant,MISC,LOC,580360,", Naturellement, sur ld Cause "
"ttristée et se mépre.
Nant, ",580362,Naturellement,MISC,LOC,580375,", sur ld Cause de mon emotion."
"mière idée, et de l'appeler ",580489,Ceorgette,PER,LOC,580498,". Mais, Hlelène,
c'est un jol"
" feu... il faut l'entretenir, ",580894,Carl,LOC,PER,580898,"
nuit est froide.
 Demain mati"
"uante
MinuICS.
 Et c'estlundi ",581090,Noel,MISC,,581094,", dit Charlotte en soupirant.
"
" doir être lui. Hon, cest un ",581881,rélégraphiste,PER,,581896," qui
apporte nne dépèche. Un"
"otones et
Maraaleman, bob0... ",582563,Maman,PER,,582568,"... Tobo...
Charlotte la prend"
"ce.
lfaut couper les cheveus, ",583370,Appliquer,PER,,583379," un vesica
. toire sur la nugu"
"lace sur le front...
st.ce la ",583455,memingite,PER,,583464," ?
Dui, certainement, c'est la"
"ngts...
Cent.
Ledocteursortet ",584751,Charlotte,PER,,584760,", immédiaterent, entre
Aans l"
"erchertout desuite, dit Chat-
",585108,Jotte,PER,,585113,".
 Oui, Mais..-
Maisquoi. JDis"
"otte.
 Oui, Mais..-
Maisquoi. ",585139,JDisl,PER,,585144," Ouoid.
 Ce spécialiste veut "
 Il faut trouver un inoyen... ,585496,Lener,LOC,MISC,585501,", dis jed
Annie qui entre, All"
"ar les comnerçants dont les
 ",585670,Poutiques,PER,LOC,585679," sont restees Ouvertes.
 Et je"
"as
l'argent cherroi.
 Je fais ",585861,Comine,PER,,585867," tour le mnonde, c'est Thabitu"
"t ne
penvent m'otfrir que des ",587075,sommes,MISC,,587081," dérisoires. Et voild
troishe"
" soit cher.
 clle
Flle y est. ",587299,Rapidement,PER,,587309,", je la mets au courant des
Ch"
"
 Ahl quel malheur ! s écrie ",587525,Broussaille,PER,ORG,587536,". Si j'avais
pusavoir !... Ili"
"lle. Si j'avais
pusavoir !... ",587563,Ilier,LOC,,587568," matin, j'ai portésoixante li"
"ante livres, metne cent. Cing ",588037,Mirutes,PER,MISC,588044,", poue
m'habiller, je pars, et"
"nds pendant une heure...
Mais ",588360,la,PER,,588362," voici. Elle entre, les yeuy r"
" six , Ses Clients, en
ettet, ",589195,observent,PER,,589204, peul les chomages indiqués p
" marche
aussi bien le jour de ",589316,Paques,PER,MISC,589322," que cehui de la Prinire.
lles"
"
le cocheret je m'engage dans ",589698,la,PER,,589700," petiterue. Trop tard)
Tout an"
" an bout, Ia bas, j'aperçois ",589757,Paternoster,PER,,589768," qui s'en
Wa ct je le vois dis"
"que j'ai peur de
aborder Oui, ",589945,Jenipe,PER,MISC,589951,".
Pil ine refusait ce que je v"
"me dont
jai besoin... Ahs bon ",590456,Dieu,MISC,,590460," I... Wais, pourtant, si je
ne"
" ld petite mourtd, sans Gd... ",590640,Peutetre,PER,LOC,590648," que
le charlatan qui se fait "
"e, si clle mneurt... Ahl jene
",590922,Rense,MISC,,590927," pas i revenir au bien, comme "
"s p2s. Je le suis de loin,
le ",591722,Guette,PER,LOC,591728, comme le fauve doit épier sd
", etsc bom.
bardant dea Merry ",591961,Christmnds,PER,,591971," n, dux voitures degri
et deho"
"eurs des numeros spéciaus de
",592043,Gournanx,PER,,592051," illustrés, auK chluminures d"
", dux montagnes d'oranges...
 ",592209,Ludgate,PER,,592216," flill, Flect Srreet, Strand, "
" W..
Je viens de traverser la ",592295,Jarnise,PER,LOC,592302," ct, sur les traces de
Paterno"
rait derrière la porie d'une ,592472,Maison,PER,MISC,592478,". )i
i peine en le temps dely "
oin. de la rue et de Waterloo ,592908,Road,LOC,,592912,", a l'en
droit d'ou j'ai vu Pa"
"̂tre.
asremarque, ct, des que ",593327,Paternoster,PER,,593338," s'ect engage sur
Ia route, da"
culemnent mdintenamt. I'idéc ,593683,nette,PER,,593688," de
Vacte d accomplir se déco"
" me le faut, le sac que porte ",594014,Pater,PER,,594019,"
ROSICT.
. Les trois policemen"
is jamdis. C'est affreux I Ia ,595337,petite,PER,,595343," d.
eu denx crises horribles.."
"octeur Scoundrel, dans
Tarley ",595929,Street,PER,,595935,", donner lui ga d'avance et ra"
"s yeux egares.
 Qu'astu fait, ",596398,Ceorges,PER,ORG,596405," ? mne demandetclle
d'une voix"
 des obiets qui pourraient me ,596738,Compro,PER,MISC,596744,"
mettre... Quoique... Ah ! il "
"eter ses brds autour du
CON.
 ",597123,Pardonne,PER,,597131," mnoi, me dit-elle pendant que"
 Je n'ai plus la tète d moi. ,597423,J',PER,,597425,"ai des precsen.
timents si noi"
"tort, dis.je en l'embrassant. ",597500,J',PER,,597502,"espère que.
le médecin qui V"
" est si mal, si mal! Flle est ",597593,assoupic,PER,,597601,", pour
le moinent, Indis si tu"
"st assoupic, pour
le moinent, ",597620,Indis,PER,ORG,597625, si tu avais Vu ces crises... 
"ucles blondes,
hnes comme des ",597956,Rocons,MISC,LOC,597962," de soic , et un cercle noir
C"
"me des Rocons de soic , et un ",597979,cercle,PER,,597985," noir
Cave les yeun.
 Estclle "
arlet... Comme clle d Grandi! ,598137,Regarde,PER,,598144,". On croirait.
quclle a trois "
"e quelque chose, mon
Dieul... ",598315,Minuit,PER,,598321,". Les Cloches, de rous les cot"
"etient d Sonner joyeusement.
 ",598390,Noel,MISC,,598394,! dit Charlotte en se laissant
"fre! Oh)
C'est afreuN...
Qui, ",598511,Noel,MISC,PER,598515,", sainte journée. Jour de pai"
"de veau au blanc dTspagne.
 - ",598718,Monsieur,PER,,598726,", mne ditil, j'ai prévenu Vot"
"dais cent
livres. Aujourdhui, ",598838,Noel,MISC,PER,598842,", yous Comprener... Ell
m'a re"
"ivres. Aujourdhui, Noel, yous ",598849,Comprener,MISC,PER,598858,"... Ell
m'a remis cinquante li"
"in.
 Vraimentd
 Sur lhonneur, ",599886,Monsieur,PER,MISC,599894," ! dit-il en frappant de
la ma"
"venue
i muctte ne laisse plus ",600529,Echapper,PER,ORG,600537," que des plaintes inar-
ticule"
"che une douleur sans nor....
 ",600619,M.,PER,,600621," Horrible, cette agonie d'enta"
"céans cruels, sur de grandes ",600904,Vagues,PER,,600910," desolitude...
i Charlotte, ag"
"ette cniant que son étreinte
",601171,Rerechaufierd,PER,ORG,601184," plus... Elle reprend:
 ese eo"
"depuis une douraine
de jours. ",601573,J',PER,,601575,ai quitté Paris au reçu de l
"e enterre hier.
C'est l'abbé ",601784,Esmargelle,PER,,601794," qui parle ; et je l'econte
en"
" sins doute, de le jeter dans
",602504,Ccette,PER,,602510, Lamise qui charrie tant de ca
"oute, de le jeter dans
Ccette ",602511,Lamise,LOC,,602517, qui charrie tant de cadavres.
"s lorsque je suis arrivé, le ",602815,Jendemdin,PER,LOC,602824," , il a cu la
force, pourtant,"
itre coinine soh agrcsseur un ,602985,Voyou,PER,MISC,602990," que ld
police lui d présente"
"les canailles ! Mais qui les
 ",603688,Pair,MISC,PER,603692,". Et puis, canailles... Fstce "
"nir, a mis cn.
anvre d'autres ",603809,procédés,PER,,603819," que ceus qu'emploient les
mal"
nétre leur chair d'un gerine ,604731,Mieurtrier,PER,,604741,". Ileureun.
Mais ils soufficnt"
"es
hommes dont ils nont point ",604836,la,PER,,604838," force, que les gens
qui succo"
onditions dexistence que nous ,605207,sommes,MISC,,605213,"
as5er vils pour accepter ? Es"
"quel est
l'animal, quelle est ",605445,la,PER,,605447, bête farouche qui se rejouir
"s qu'il avait des
InSLinCtS.
 ",606167,Consensus,PER,,606176," omniumt, ricane l'abbé. Cet "
de Paternoster ne mémeut pas ,606517,Cnorie,PER,LOC,606523,".
ment, dis je . Car cette con"
"... Mais si ce n'était
pasun ",606935,saint,PER,,606940,", c'était un hoimine, ce qui "
"erent..
 Cequi n'empèche pas ",607171,le,PER,,607173," fait d'avoir existé... I.
av"
"avoir existé... I.
avail des ",607211,proiets,PER,,607218, qui n'étaient pls sans Srand
"rutes hypocrites, ild agi en
 ",607589,Franc,PER,,607594, sanvage. Le coup de couteau d
"é. Mais puisque
l'argent est ",607867,le,PER,,607869, seul lien qui attache les hom
"ctes qu'on Accomplit, sdns la ",608655,Conception,PER,,608665," de
leursrésultats, le fait n"
meme . dans le Cauchemnar. :- ,608872,Jesonge,PER,LOC,608879," a cet
homline que j'ai assail"
" avec Uhe ielle douleur, dans ",608985,la,PER,,608987," Chambre, l,
i coté ; je song"
"ec Uhe ielle douleur, dans la ",608988,Chambre,PER,ORG,608995,", l,
i coté ; je songe d la l"
"es qui me harcelent-
l'aimner ",609374,asscT,PER,,609379, pour que je puisse etre heure
",
I2 vie ne vaut pas la peine ",611795,détre,MISC,,611801," vécue, nien bas ni
en hant, "
"s ld vie, toi qui prétendsld
",612982,Connaitre,PER,LOC,612991, . Corninent ds tul pu croire 
"toi
pour mioi, la moirie de l'",613491,Amnour,PER,LOC,613497," dont mon cocuretait
plein. Lu"
", je veux étre diméc, Chdt-
",613683,Rellcmnent,LOC,,613693,", bestialement, si ton Amnour "
"i, je n'airien d leur envier. ",614657,Estce,PER,,614662," parce que
 e suis pruvre . Ma"
e parceque je suis honnéte . ,614819,Mlais,PER,,614824," je Cesse-
rai de l'etre, si t"
" etre aimée d'un
Voleur....
 ",615021,Lais,LOC,,615025," toi, tais. toi! lui dis je en"
"aivoulu con
duire Charlorte a ",616056,Monte-,PER,,616062," Carlo, qu'elle n'avait jamais"
" con
duire Charlorte a Monte- ",616063,Carlo,PER,,616068,", qu'elle n'avait jamais
WU. M"
"is
WU. Moi, je le conndis, le ",616120,Casino,PER,,616126," célèbre. Je lui ii
Tendu vi"
"afhrmne que ce qui vientde
la ",616260,Rdte,MISC,LOC,616264," retourne au tatmbour, je dois"
 crainte du retour inopine du ,617044,maitre,PER,,617050,". C'est i
sible et pitoyable. "
"icetces oiseaun
de paradis. - ",617416,Loujours,PER,,617424," les memes plhysionomies,
Auss"
"moyennes.i
Ttpuis, chosc tres ",617920,Comique,PER,,617927,", les rages violentes et les
d"
"our des jurons grotesques, le
",618123,Cravates,PER,MISC,618131," de travers, les plastrons de "
"rs, les plastrons de chemises ",618170,Casies,PER,MISC,618176,"
par les doigts nerveux. Ah!. "
"n veuK pas, demiande tclle en ",620181,Seset,PER,MISC,620186,"
Tant Contre moi. Puaurais peu"
"rois oul quatre perits Coups,
",620996,Rooer,PER,,621001,"-la Tlonte ct moi, qui n'étai"
e a fait de vains ckorts pour ,621557,Mditriser,PER,MISC,621566,",
l'a sdisie et comine affolé"
"éprouve, je sens la peur qui ",622159,la,PER,,622161," secoile palpiter
en mnoi ct p"
" mnd yolonté, peser Sur inon ",622229,Csprit,PER,ORG,622235,"
d'un poids insupportable. AhI"
"̀re, tellementtes
frayeurs me ",623031,Crispent,PER,,623039," et me découragent, tes fraye"
"ise...
Et je suis sorti de la ",623162,mdison,PER,,623168,", furieur, sans vouloir
permet"
 a Charlotte de m'accompagner ,623231,d ld,MISC,,623235," Bate,
 Sans meme l'embrasser."
pont du bateau que jai pris d ,623362,Sdint,MISC,PER,623367,"
Malo, tout scul, Rogerla- Tlo"
"u bateau que jai pris d Sdint
",623368,Malo,MISC,,623372,", tout scul, Rogerla- Tlonte e"
"pris d Sdint
Malo, tout scul, ",623385,Rogerla-,PER,,623393," Tlonte etant parti pour
Borde"
"rléans. Oui, C'est
iinschse. ",623482,Charlotre,PER,,623491, doiterre dérorće d'angoisse
"pas mêmne un but.
l'argent ? ",624938,J',PER,,624940,en possède dsscz pour vivre :
"s seuld
le savoir. Alors ?... ",625105,J',PER,,625107,"di pentetre Vil quilque Chose,"
"aider, quand cela ine plaird. ",625446,J',PER,,625448,"ai vendu mon
droit d'ainesse p"
" Annic. Madame est li haut ?
 ",626279,Mousieur,PER,LOC,626287,"... Je... Monsieur...
Sa Lgure"
"rlorte )
Personne ne répond. ",626444,J',PER,,626446,"arrive Au premtier, jouvre
Vio"
"rvous parler, 2 l
An, nomn de ",626636,Dien,MISC,LOC,626640," ? Ouest Madame ?.
 Flle est p"
"́chire l'enveloppe.
u........ ",626829,Notre,MISC,,626834, vie i tous Acux serait un Mar
Arais funeste. Il ne faut pas ,626958,mi,PER,,626960," cn vouloir, voistu , je
ne su"
"it tou
jours nous séparer... ",627231,J',PER,,627233,aile cceur serré dans la gril
Je te porterais matheur... Lu ,627414,m',PER,,627416,"oublieras...
Ah! pourquoiai je"
"si je tapporte
une nouvelle I ",627800,mre,PER,MISC,627803," demande Broussaille qu'Annie
"
"re dans la salle d manger, au ",627879,Moiment,PER,LOC,627886,"
oil je vais mle mettred table"
u as d me dire en déjennant. ,628108,J',PER,,628110,"Aime beducouy
r'entendre parle"
" bientot
QUinre anS :
Ah! dit ",628362,Broussaille,PER,,628373," tres tranguillement. C'est
qu"
" viens de
passer huit jours a ",628525,Vichy,PER,LOC,628530,". Jy serais meme restée plus
"
"s parents
tiennent un hotel a ",628810,Vichy,PER,LOC,628815," 
Qui, ton frère me l'a appri"
"superbe, un des plus beaux
de ",629079,Vichy,PER,LOC,629084,", Choret Jeanne d'Arc.
 Ah lou"
", un des plus beaux
de Vichy, ",629086,Choret,PER,,629092," Jeanne d'Arc.
 Ah loui, je vo"
"s plus beaux
de Vichy, Choret ",629093,Jeanne,PER,,629099," d'Arc.
 Ah loui, je vois gd ,"
"de cocorte de Paris, MfeNe... ",629345,Metle,PER,MISC,629350,"... je ne me
souviens plus du "
"al (eaie ene 
Oui, C'est gd : ",629499,VUrbain,PER,,629506," Randdl.
C'est mon oricle, dis"
" ene 
Oui, C'est gd : VUrbain ",629507,Randdl,PER,,629513,".
C'est mon oricle, disje ; al"
"ricle, disje ; al !'il est à ",629556,Vichy,PER,LOC,629561,"...
 Qui, avecld cocotte en qu"
"s que Broussaille
md quitté. ",630168,Voild,PER,,630173, trois heures qu'elle a commen
 vais me iettre en route pour ,630316,Vichy,PER,LOC,630321,"
Ce soit, cmmpoigner mon oncle"
"Vichy
Ce soit, cmmpoigner mon ",630346,oncle,PER,,630351," demain, et lui tordre
le con."
aut perdre toute csperance de ,631151,la,PER,,631153," revoir
Iamdis ct qu'il faut m"
́. Pourquoi n'di je pas levé ,631569,la,PER,,631571," main, le jour oi
j'aurais da "
"'odieux coquin, car il aurait ",632009,"restirue,",PER,,632018," ayant peur, et
n'aurait point"
" a mna fureur, d'écouier les
",632388,Mensonges,PER,,632397, sans ricn dire et de mnettre 
"versces, je les verse Cucore. ",632812,Projets,PER,,632819,", reves, plans ébau-
chés, a"
" vieux gredin ! la brute kypo
",633347,Ctiteet,PER,,633354, lache ! Je vais lui faire voi
"airien a lui faire voir, ni d ",633510,Montier,LOC,PER,633517,"
a d'autres. Les représailles"
"l de rouler md colere, Cucore ",633627,Mne,PER,,633630,"
fois, dan5 le coton des argut"
"in, environ, guand jar
tive a ",634390,Vichy,PER,LOC,634395,. Un train quitte la gare du m
"averse le quai.
 Bonjour, Mon ",634535,Reveu,PER,MISC,634540,":
C'estune femme... - Margot! "
"on Reveu:
C'estune femme... - ",634562,Margot,PER,,634568,"! c'est Margor!-.
 342
LE VOLE"
"toI... Etoi cstil, lui ?
 Lon ",634902,oncle,PER,,634907," ? Il vient de partir, de me q"
"s arrivé hicr, sculeincnt... ",635363,Inhn,MISC,,635367,", si c'est pressant,
et que tu"
"déconcertéde
ce départ qui ",635567,mnet,PER,,635571," en désarroi mes proiets , je"
"soir.
Dureste, je ne suis pas ",635722,la,PER,,635724, première avec quiil dit agi.
"fhicile de savoir vers quets.
",636275,Tivages,MISC,PER,636282," il d portéses plures, ce pig"
"d portéses plures, ce pigcon ",636316,Voyageur,PER,MISC,636324,". Lol-
jours par voies et par "
"l'air toque, djoute t.clle cn ",636576,Me,PER,,636578,"
regardant. Si tu pouvdis voir"
"it pour deux cons-
pirateurs. ",636866,J',PER,,636868,ai ma voiture ld. Viens. Je t'
" Je de.
Vine la vérité. Lon ",637027,oncle,PER,MISC,637032, est parti parce que tu l'avai
il te déteste tant ! reprend ,637196,Margot,PER,MISC,637202,". I
fant dire, dussi, que tu l"
que tu lui as joue de vilains ,637254,Cours,PER,MISC,637259,".
 Séduire sa Alle...
 Coinme"
"viens dêtre venu
avec elle a ",637578,Monte,PER,,637583,"-Carlo, vers la tin de Thiver "
"dêtre venu
avec elle a Monte-",637584,Carlo,PER,,637589,", vers la tin de Thiver der
 n"
"
entre yous car quelque temps ",637989,Aupdravant,PER,MISC,637999,", a Paris,
J'avais renCOntre.."
"e y serait
 Jusdie, cContinue ",638823,Mlargot,PER,,638830,", il ne s'est livré a au.
Cui"
 chance tous les deux : c'est ,639058,la,PER,,639060," première
f0is..
Chance ! Il "
"es villes d'eauy avec des co-
",639240,Cottes,PER,ORG,639246,", pour placer des billets de b"
" peine en te racontant cad de
",639827,Mande,PER,,639832," Mlargot. Pardonnemoi, je neme"
" en te racontant cad de
Mande ",639833,Mlargot,PER,,639840,". Pardonnemoi, je neme doutais"
"onde s'il fallait toujours
Se ",640204,Casser,PER,,640210, la tete d mediter sur les dir
"e peurpss.
. Jesuisattendue a ",640462,Cussct,PER,LOC,640468,", je suistrès demandée en ce"
"re heures.
Liens, voicilhorel ",640569,Jeanne,PER,,640575," d'Arc, ou jhabite, prends-y
 "
"rc, ou jhabite, prends-y
 une ",640609,Chambre,PER,LOC,640616,", les proprietairessont charin"
"nt charinants..
 Je le crois. ",640667,J',PER,,640669,"ai justement une commission d
"
"d
 Un peh. Son frère est mon ",641023,Associe,PER,ORG,641030,".
- Cestbien drôle, tout cd! "
"Son frère est mon Associe.
- ",641034,Cestbien,PER,,641042," drôle, tout cd! dit Mlargot "
"Cestbien drôle, tout cd! dit ",641064,Mlargot,PER,MISC,641071," comme li
voiture s'arrête de"
".
aa es Cai Le fus aee son om
",641473,Lssont,PER,ORG,641479," récllemnenr charinants, ces "
" ces propriétaires de
Thorel ",641534,Jeanne,PER,,641540, d'Arc. Ils ontéré enchanré
"lie,
cedt éré invitée chez ",641826,M.,PER,,641828," lecuré.
 Si clle avait pu pr"
" cxcusée, Certainemient, dit ",641925,Mme,PER,,641928," Voisin ; clle
aurait éte si "
"a demoi.
396
RE VOLEBR
Sclle. ",642167,Apres,PER,,642172," tout, Clle durdit pu mne conv"
"ais
Aussi bien de la vendre a ",642296,Dien,MISC,LOC,642300,".
fas avant déjenner, pourtan"
"urs de faim. Kleureu
Seinent, ",642412,Mme,PER,,642415," Voisin vient nous arrachet, s"
ne pointcngager sericusernent ,642646,la,PER,,642648," Conversation aVant
que mon ap"
les chevcuy tout blanes et le ,643117,teint,PER,,643122," rose, a laire
d'une bien dign"
"marchentclles d peu pres? de
 ",643777,Mande,PER,,643782," M. Voisin.
- Qui, Monsieur, p"
"ntclles d peu pres? de
 Mande ",643783,M.,PER,,643785," Voisin.
- Qui, Monsieur, pas "
" Monsieur, mne dit Hme Voisin
",644274,Comine,PER,LOC,644280, un Gargon vient chercher son 
" mne dit Hme Voisin
Comine un ",644284,Gargon,PER,LOC,644290," vient chercher son Mari, un i"
puis... Aepuis que nous nous. ,644458,Somines,MISC,PER,644465," résolus d we
pus nous laisse"
"ligieuses.
Du reste, voyer la ",645925,Mature,PER,LOC,645931,": Certains animaun Se Bour
ris"
"s.
Du reste, voyer la Mature: ",645933,Certains,PER,,645941," animaun Se Bour
rissent de ch"
"ent de lherbe, et
d'autres... ",646019,Autre,PER,,646024, chose. Mon avis est qu'il fau
"n, et les
inondations, et les ",646242,Maladics,PER,MISC,646250,", et toutes sorres de Réaus.
"
" de Roger, c'est leur Santé.
",646602,Cequime,PER,MISC,646609," lait peur, chez Broussaille, "
"peur, chez Broussaille, C'est ",646645,la,PER,,646647," vivacite
de son tempérdinent"
"on, dans ces choses Id!... De ",646918,la,PER,,646920," Verve,
au brio, je ne dis pas"
le est une petire risquetout. ,647238,Jolie,PER,,647243,",
hhein ? Dans cingousix ans, "
"rt, de porter.
toujours de la ",647627,Ranclle,PER,LOC,647634, : une Ruxion de poitrine csts
"propos, c'est votre parent, c
",647715,M.,PER,,647717, Randal qui est si riche et qu
"n
nêtes. gens. In voleur a l'",648030,amnéricaine,PER,,648042,", peutetre ? Il y
d tant de ge"
"tte
dame qu'il a amenéc ici, ",648139,Mthe,MISC,,648143," de Vaucouleurs, qui V2
regret"
 de Vaucouleurs ; ceserd plus ,648459,Comimode,PER,MISC,648467,"
pour yous deux. Je l'aime bea"
vertu comne au vice. Si cette ,649038,mdison,PER,,649044,"
i pouvait parlerl Combien de "
"nnètes quisy
Sontconduits en ",649111,Corbans,PER,LOC,649118,", combien de hlous qui ont
ete"
" de Co-
Cortes qui turent des ",649434,Courtisanes,LOC,,649445," et que d'épouses qui
restere"
"it verre de
Chartreuse :
Non. ",650193,Mme,PER,,650196," Voisin s'échaule un peul, et"
"ire
faire un tour au parc: et ",650325,M.,PER,,650327," Voisin, que je rencontre
uans"
ois que si je rencontrais mon ,650720,oncle,PER,,650725,",
dans cette alléc oi je ine "
"es arbres sans Md.
Gesté. Le ",650984,Casino,PER,,650990," 1d bas, tout au bout, le Kios"
"hypotyposes,
ailrous plait -- ",651491,Mdis,MISC,PER,651495, pour reRéchir. ReRéchissons
"out d'un coup, devant
l'abbé ",651645,Eamargelle,PER,LOC,651655,". Rencontre bizarre, inattendu"
"p, devant
l'abbé Eamargelle. ",651657,Rencontre,PER,,651666," bizarre, inattendue,
presque "
"ai
l'air de me nommer Gaston, ",652521,mdis,PER,,652525," c'est moitout de
même. Lency"
" Chasser les
eaillouz avec md ",652615,Canne,PER,,652620,", dans des directions diverses"
" bienfaisant. F
Touwtant !... ",653679,Dieul,MISC,PER,653684, sait ce que diraicnt nos Cons
ieul sait ce que diraicnt nos ,653710,Consciences,PER,,653721,",
Si cles pouvsient parler)
Ma"
"s occasionné par Vinfeinal
i ",653852,Orchestre,PER,,653861,", la bas, quitermine avec rage"
"LEUE
eymphonie d ld Gloire de ",653947,la,PER,,653949," Discorde. II m'avair.
semmble"
"in.
Sulté par un coude de la ",654048,clarinette,PER,,654058,", appeldit d son
aide le corne"
"nette, appeldit d son
aide le ",654083,cornetd,PER,,654090," piston, mais je ml'aperçois "
" piston, mais je ml'aperçois ",654120,Mdinteuan,PER,LOC,654129,"
que c'est le tambour Jui memn"
"mne qui avait tort et que.
la ",654187,Rite,MISC,ORG,654191,", le violon. le trombone, la c"
tre chose qu'd ses paroles... ,654628,Duantd,MISC,PER,654634,"
ce que vous vencr de m'appren"
"ien. Vous Aurier trouve
Yotre ",654851,oncle,PER,,654856," ce matin, et vous l'anrier tu"
"le sort A vouli
qu'il quitlat ",655018,Vichy,PER,LOC,655023, juste au moment oi vous y Arr
chy juste au moment oi vous y ,655050,Arri,MISC,PER,655054,"
vic2, je pense que ce serdit "
"s les grands
Centiments, sdns ",655230,Cxcepter,PER,,655238," l'ainour. Mais je n'admets
so"
"'ainour. Mais je n'admets
son ",655270,CHercice,PER,MISC,655278, que sous l'impulsion d'une co
"ences d'un acte quon dé
Sirc ",656399,Accomplir,PER,MISC,656408,". C'est vrai. Mlais, Lu moins "
vent causer plus de peine que ,656497,Vacte,PER,MISC,656502,"
ne doit produire de joie, je "
lle procède de la conscience ,656649,nette,PER,,656654," des Choses
et de la répudiat"
"ent vivre, Ca vaut
micux. Ils ",657424,kniront,PER,LOC,657431, peut etre par Apprendre aux a
"d.... Venger.Yous
pendant que ",657532,la,PER,,657534," fureur vous barre le Cervedu,"
"u
etes voug descendud
Athoret ",658279,Jeanne,PER,,658285," d'Arc.
 Fxcellente idéc que "
"ingulière idée
esmnacurs du ",659379,Clerge,PER,MISC,659385,".
 Je vous en donnerais bien d"
"́ , tres
peu, mais il y en d. ",660026,Cesont,PER,,660032," des monstres, d Mon
avis. Qua"
"I Du reste. ils peuvent
aer s ",660710,Pame,MISC,,660714," de Se Pare ee a e.
Je le sera"
"in a lhorel.
Saint-Vincent de ",660961,Paul,PER,,660965,". Je vous présenterai, de vou"
" vicige, tinn
ble de nouilles ",661171,saint,PER,,661176," Joseph, creme terresainte et
"
"e, tinn
ble de nouilles saint ",661177,Joseph,PER,,661183,", creme terresainte et
Chateau"
" creme terresainte et
Chateau ",661214,Celeste,PER,,661221,... Je déménagerdi après le
"́nagerdi après le café. Ré
",661263,Rexion,MISC,PER,661269," faite, je passerdi encore une"
passerdi encore une semaine a ,661310,Vichy,PER,LOC,661315,".
après quoi, mon retour a Pa"
"mon retour a Paris s'impose.
 ",661360,Gnebonne,PER,,661368," Ceuvre 
 Justement. Je m'occu"
"pays,
Cest celle des prisons. ",661660,Mes,PER,,661663," circulaires ct mes de
 Marche"
"s. Mes circulaires ct mes de
 ",661687,Marches,PER,,661694, ont produit le meilleur ctlet
" Vous conndisser, je croisi.
 ",661866,Mme,PER,,661869," Boileau. Won, pas du tout.
 M"
" tout.
 Mtme Ida Boilcau, rue ",661920,Baint,PER,,661925," Hlonoré ?
Quoi! Commentl.
 M"
" Lencr, regarder la bas, Aans ",662284,Cetle,PER,MISC,662289,"
allée, ces deux messicurs et"
"uis
trouve a droite se noinme ",662501,Mouratet,PER,ORG,662509,", cest un de mes
Aimis, et la "
" ne me rappelle pas...
 C'est ",662622,M.,PER,,662624," Armand de Bois-Créault, dit "
"́e de se séparer de lui.
 la ",662770,Connaisser,PER,,662780, vous3 demandé je anxicusemen
e n'ai jamnais cu lhonncur de ,663006,la,PER,,663008," voir,
bien que j'aille souven"
"si
Yous vouler, qui se nomine ",663149,Delpich,MISC,PER,663156," et avec lequel elle
fait des "
"Créault.
llcest édikiante.
 ",663403,Mme,PER,,663406, de Bois. Créault aimait son 
" pour luioui
tuer pour lui... ",663579,Ecouter,PER,,663586,": Nous sommes tous Malades,
dr"
"s
SOMlIReS Conddinnes par une ",663775,Mordle,PER,LOC,663781," Surannee d passer
de létat n"
"nt, a l'état d'imbécillité ",663858,pas-,PER,,663862,"
sive, fonctionnante, et d'hum"
"loureuse, in
Mense - inunense ",664382,Comine,PER,,664388," la sottise dont clle emane.
 "
". Vous me direr que le cas de
",664520,Mme,PER,,664523, de Bois-Créaulr est un cas C
voudrais pourtant dire ceci : ,665047,Quarid,PER,LOC,665053," un
accident déplorable met e"
"et s'il n'avait pas le droit, ",665431,le,PER,,665433," droir
absolu, de parler de ve"
e parler de vengeance divine. ,665479,Remarquer,PER,,665488," que
je n'emploie les mots. Ch"
"roussaille,
358
LE VOLEUR
une ",665758,Broussaille,MISC,PER,665769, pleine de dignité. Flle vd p
"ve et salue duin grand coupde
",665863,Chapean,PER,,665870,", fort Cloquent. Id jeune femm"
"me répond d'une
inclindison. ",665929,Graciense,PER,LOC,665938,".
 Cette damne estréclleinent"
" del
ConndItre.
 Flle va a la ",666123,Crande,PER,,666129," Giille, dit l'abbé commel
Sa"
"nndItre.
 Flle va a la Crande ",666130,Giille,PER,,666136,", dit l'abbé commel
Saur de R"
"e, dit l'abbé commel
Saur de ",666165,Rogerla,MISC,,666172," flonte disparait, au bout du "
entre le hiosque d musique et ,666238,le,PER,,666240," Casino. J'ai fort en
vied'y a"
re le hiosque d musique et le ,666241,Casino,PER,MISC,666247,". J'ai fort en
vied'y aller au"
"épond l'abbé cnse.
 Levant. ",666392,Dabord,MISC,LOC,666398,", jose d peine me l'avouer d m"
"sentiments de l'amour, Comine ",666480,Ceu,PER,,666483,"
de la religion, perdent leur "
"e du momient oi sappro.
cheni ",666628,Mouratet,PER,,666636, et les deux adultères qui l'
" delicicux. Ia vie n'A quedes
",667290,Sourires,LOC,,667298, pour lui. Il n'est pas encore
e sd place a la Direction des ,667495,Douriemes,MISC,,667504," Provi
foires. I es Douriemes "
rigés ; c'est incontestable. ,667629,Donc,MISC,,667633,", Mon
T2tet d consenti, par pu"
"a cundidature
dans la Bievre. ",667815,Candidature,PER,,667826," progressiste qui serd
Soutenu"
"rogressiste qui serd
Soutenue ",667858,Comine,PER,,667864, il convient par les pouvoirs 
"n tour de pare, ces messicuss ",668993,Viendront,PER,,669002,".
Nous ietrouver quand la chan"
"uralet We se
doute de rien d
 ",669702,Luis,LOC,,669706, Derien du tout. Absolument de
". Absolument de rien, je
Vous ",669751,issure,PER,,669757,. Vous rous apercever de ce qu
"ond Renec arec la plus
Graude ",669946,Assnrance,PER,,669955,. Lorsquun hoinine A conhiance
"́nérations, coimme disait... ",670939,Moliere,PER,MISC,670946,". Con
Prener Yous des Choses p"
"s J Une vestale an de
siecle! ",671013,J',PER,,671015,ai bien ri quand Armand m'a ta
"u. A dire rrai, il wre met la ",671140,Mort,LOC,,671144," dans
ps ---
LE VOLEUE
367
l l"
e depuis le conunencemnent de ,671739,la,PER,,671741," semaine :
les horirontales sc"
" Consultant Mon
portetenille. ",672004,Voics,PER,ORG,672009,".
 Bon, dit-clle en glissant l"
"t...
Lonnermoi yotre adresse. ",672142,J',PER,,672144,"irai vous dire merci
Semmsinl "
st délicienscmment inervant. ,673002,Destas,PER,,673008," desensations,
362
 LE VoLEUR
"
"oi le
tnot. des carottes a la ",673555,Vichy,PER,LOC,673560,".
Mais clle apergoit son mari "
"on.
 Je reprochais vivcment d ",673834,ML,PER,MISC,673836,". Randal de n'étre
pas vens a"
 Je reprochais vivcment d ML. ,673838,Randal,MISC,,673844," de n'étre
pas vens a Paris C"
uis obligé de me retirer. Je ,674149,Reveuf,MISC,PER,674155,"
pas manquei de parole a Marqu"
"eveuf
pas manquei de parole a ",674180,Marquerite,PER,,674190," de Vaucouleurs.
RRTIS
DARSE B"
" que
j'avais faite aux Époux ",674321,Mouratet,PER,,674329,", a Vichy. J'ai quitte
londres"
" faite aux Époux Mouratet, a ",674333,Vichy,PER,LOC,674338,". J'ai quitte
londres pour Par"
"aux Époux Mouratet, a Vichy. ",674340,J',PER,,674342,"ai quitte
londres pour Paris a"
"dient crodsser comtme des cor
",675040,Dedux,PER,ORG,675045," sinistres, d cet anniversaire"
"ive ses
plus innocents five d'",675948,Cloch,PER,MISC,675953,", ererigedit qu'elle lui rendi"
u ne sais pas ce que cest que ,676285,la,PER,,676287," jalousie,
m'A til dit d'une v"
" pour
Lonner lezemple. IIfaut ",678464,quesMMaison,PER,,678475," soit de verre.
la lemme de Ce"
" doit prs. Etre soupcennée.
 ",678542,Naturellement,PER,,678555,", di je repris en faisant des "
" , on l'arait
TMavec Rence... ",678877,Mlais,PER,LOC,678882, je lui ai fait comprendre que
"e pas beaucoup, mdis clles me ",679604,seront,PER,,679610,"
bientot interdites ; car, lor"
"quent. - C'estvrai,
arépondu ",679951,Mouratet,PER,ORG,679959,", la larmne a Veeil : et j'ai "
" le Costumne est commande, en ",680315,Cours,PER,,680320,"
d'exécution... Alors, C'est "
"r, dans le salon du boulevard
",680730,Milesherbes,PER,,680741,".
Cestbon. Je prends. un journ"
"auit vous ArrangeT,
cesoir, a ",681147,Cloigner,PER,MISC,681155," de moi mon mari pendant une
d"
"ier service. Er le second:
 - ",681847,Lesccond,PER,,681855,... Ilfaut quevous m'enlevier 
"s. Hul principe, lenleve
ment ",682393,mlesourit,PER,,682402," ds5C2, Idis je doisavouer qu'"
"ne mne sourit pas du tout. Ce
",682501,Resont,PER,LOC,682507, pas les Scrupules quime géne
"s Epariles. Quen feraije, mon ",682707,Dien,MISC,,682711,"
D'autant plus qu'avec une éc"
"cile, ce que je vous demande. ",682966,Arracher,PER,,682974," Une
Lemme aut foyer conjugal,"
"us propose, vous saver. C'est ",683574,CA,PER,ORG,683576," que
Yous Craignier, p2s I W'a"
"vous saver. C'est CA que
Yous ",683586,Craignier,LOC,PER,683595,", p2s I W'ayer prs peur. J'en "
"gnier, p2s I W'ayer prs peur. ",683620,J',PER,,683622,"en di Assez,
des liens sacres,"
"ce que vous voudrer, vous
tne ",683746,Gariercr,PER,ORG,683754," un jour, ou ulil mcis, oul pa"
"ais on verrd. En tous Cis,
la ",684003,Situation,MISC,,684012," Change.
 Je croyais, dis.jes "
"voyer demain a Londres, a mon
",684280,Adressc,PER,LOC,684287,". Et quant d vous, soyer cher "
"arbe Bleue, ditclle. Anne, MA ",684622,Scue,MISC,PER,684626,"
AANE...
Flle saute sur scs pi"
"bras en
l'air.
 Mouratet, une ",684763,Seconde,PER,,684770," apres, cntre dans le slon,
. "
"pinal, si grandiose que l'ait ",685133,faite,PER,,685138," la
plume, si atroce que l'ait"
 atroce que l'ait plaquée la ,685181,Machine,PER,,685188,", ne
pourraient donner lidée "
e toute une cepèce vile sous ,685339,la,PER,,685341," dé
pouille terrible de toute"
"dant d'un charuier, Mais
on d ",685559,Suttont,PER,ORG,685566, la scusstion d'instincts afic
ch! S'écrie le directeur des ,685901,Bouriemes,LOC,,685910,"
Proricoires, ravi de l'effet "
"ie le directeur des Bouriemes
",685911,Proricoires,PER,,685922,", ravi de l'effet que produit "
"ait que tn me trouves
réUS5
 ",686017,Louta,PER,MISC,686022," fait, dis je. Récllement, tu"
ohté pourlire un article qui ,686223,traite,PER,,686229,"
du proict de loi sur les retr"
d de BoisCréault arrive. Dun ,686920,Louis,LOC,,686925," Kll
 irréprochable. Mous par"
" habit, comme moi,
Sembetant, ",687176,Conmeinoi,PER,LOC,687185,", et venus la sans Savoir pour"
m'attendais d trouver sous le ,687921,Masque,PER,LOC,687927,"
qui m cst appitu. Du reste, t"
"e, tel mdsque, posésur relle
",687983,Kgure,PER,LOC,687988,", n'a pas du tout le meme dspe"
"ces, princesses,
Scigneurs et ",688205,Marquises,PER,LOC,688214,". On ne Se croirait guere Ch.
"
ratet fait scnsation. Dans un ,688680,Couloir,PER,LOC,688687,", une
 
LE VOLEUR
371
bande sy"
"faire.
A. Conndissance d'une. ",689160,petite,PER,,689166," terine extraordinaire.
Lu ne "
ous mettons i la recherche de ,689275,la,PER,,689277," femme
extraordindire, qui n'e"
".. Ah! la voici.
i.. Cest une ",689503,Lemme,MISC,PER,689508,. Mais est ce une femnine extr
".
Camarades, 12 Dinde et lui. ",689902,J',PER,,689904,"di cu la main heureuse.
 Si j'"
"des, 12 Dinde et lui. J'di cu ",689910,la,PER,,689912," main heureuse.
 Si j'etais to"
quart d'heure que Rence s'est ,690028,éclipséc,PER,,690038," ;
 Alons, Ca va bien. La Dind"
" I Sd conversation.
ous uisse ",690269,Masosende,PER,,690278," orsrer ble ge, outeaie rele, "
" ble ge, outeaie rele, aue
la ",690315,Dinde,PER,,690320, idisse tomber son éventail. 
"no noir s'est approchée de
i ",690476,Mouiater,PER,,690484,", loi parte al'oreille. Le dom"
"ns doute, un bateau qu'on lui ",690949,Monte,PER,LOC,690954,".
Onraconte tant de blagues, i"
"drais bien saroir Ce
que fuit ",691052,Mouraiet,PER,MISC,691060,", tout de même. Je prends le "
"tion parvient d mes orcilles.
",691261,Jeme,PER,,691265," précipite.
 Mais des gardes "
"orte d'une loge, ont
cmpoigne ",691391,Mouratet,PER,ORG,691399,". Par la porte entr'ouverte, j"
"aie 
 pétards et deux ddmnes ",692034,Sesont,PER,LOC,692040,". trouvées Mal.
Je m'approche"
de rendre le dernier soupiret ,692233,la,PER,,692235," femme
a été tuée sur le co"
"as : Ah! les cocus
Assassins, ",692378,Monsicur,PER,MISC,692386," !... Lencr, ou cnlève les ca"
"Unl cscalier dérobé. Voyer, ",692569,Cestfait,PER,ORG,692577,". Le
public ne. s' est pour di"
"i plaisantent, ld, d coté de
",692694,NOMS,PER,ORG,692698,. C'est la vic. Ea comedie lai
"t, ld, d coté de
NOMS. C'est ",692706,la,PER,,692708, vic. Ea comedie laisse d pein
" cucafe e purler au uie uue.
 ",692848,Rekenion,MISC,PER,692856," faite, je n'irai pas du tout."
"s en attendant ld
 dalle de l'",693016,amphichestre,PER,LOC,693028,", ceite perire Rence, folle et"
"dirigc vers legrand escalier, ",694144,Mdis,PER,LOC,694148,", Coiine je
 passe aupres d'un"
roles attirent mon attention. ,694243,J',PER,,694245,"écoute, sans cuavoir.
Vair.
3"
"erte
entière - et quidéfend ",695283,IHonncur,PER,MISC,695291," du Honl...
Ahl misère!... St"
"d ricn, ct je n'ai pas wisite
",696111,Mouratet,PER,,696119, paref que Mouratet.me dégout
 entrer en relations avec cu. ,696796,Cesont,PER,,696802," des
Sens curicuy par mnltier "
"ossible, ne point
gonner d la ",697062,Justice,PER,,697069, l'occasion de contemmpler Mou
" Vaucouleurs, cat je sais quc ",697346,Margotd,PER,MISC,697353,"
repris pied dans la politique"
" nourciturien 
a lui refuser. ",697484,J',PER,,697486,"explique les choses a Margor ,"
 respectée jusqu'alt dernier ,697681,Moment,PER,MISC,697687,",
Soit contre un houne que je "
" le faut, et
méme tres bien. ",697867,Margot,PER,,697873," m' écoute cn pleurant , Ct,
"
"main, je reçois un billet de ",698107,Mirgot,PER,,698113," qui
mannonce que les choses v"
"heval ml'apporte une lettre i
",698221,Quime,PER,LOC,698226, demande au ministère. Je pen
"tère. Je pencire dans ce mo.
",698273,Rumentalheure,PER,,698286," indiquée, jai une conversati"
nutes avec un monsicur qui me ,698361,Complimente,PER,MISC,698372,"
fort sur ines articles d la u"
fort sur ines articles d la u ,698403,Revues,PER,,698409," de Montareuil, et
M'annonce q"
"stpas énormne , mais cd vaut
",698750,MieUR,PER,,698755," Querien.
legouvernement m'aya"
"énormne , mais cd vaut
MieUR ",698756,Querien,PER,,698763,".
legouvernement m'ayant conki"
"asionnels, cscrocs de hasard, ",699650,Caissiers,PER,,699659," déloyauy,
pauvres gens qui v"
veux mettre d exécution tout ,701743,desuite,PER,,701750,". Je me
suis mis en tete d'éc"
"res avoir fait pler.
Ter ines ",702026,Conteinporains,PER,,702040," je parviens a les Amuscr, j'a"
st de. par la puissance de la ,703568,routine,PER,,703575," lche, Aurdient
produits ces a"
" avec quclques variantes,
les ",703709,Actes,PER,MISC,703714, de mes parents parce que les 
lesquels il roule ses Rots... ,704293,Ilcxiste,PER,LOC,704301,", je le sais, un
Certain péda"
hoses que je ne dirai pas!... ,704561,J',PER,,704563,"di passé
partout, ou d peu pr"
"conjugaun solitaires,
Couches ",705720,Mortuaires,PER,,705730," désertées, Chfants Martyrs,"
"rtuaires désertées, Chfants ",705752,Martyrs,PER,,705759,", pros-
tituées par force, pr"
" forcats inno-
CeMtS. Ouf!.-. ",705892,Vraimnent,PER,,705901,", il d Assc2 lougtemps
qu'on s"
"ement de son fils ; puis, que ",706999,Mtmi,MISC,PER,707003," yeuve flé.
a r-
LE VOLEUR
38"
"coup d'honncu.
Jai inventé l'",707652,Ecluse,PER,,707658," d renversement. Ce n'est, i v"
"immple, je l'accorde, que den
",707800,Concevoir,PER,,707809," lidée, mais cnçore fallait-"
"eet uela rouvronspas! s Ecrie
",708090,Rogerldflonte,MISC,,708103, qui entre sans s'etre fait au
"
Mis dScc.
e vois 52, dis je. ",708856,Mdis,MISC,,708860," ce coktrefort, qui scrd
    p"
"pris
sd place. I serd absent, ",709255,Maturclement,PER,MISC,709267,", dans trois:
Jours, mais dici"
"écrire.
 A tou dise, tépond ",709897,Roget,PER,,709902,". Alors, d Quand t.
 Voudrds.
"
"isonçer ce
Nom.la I... Ah! a ",710109,Vichy,PER,LOC,710114,", par l'abbe lamiargelle. Oui,"
"lé, et quiporte l'adresse de ",710549,Delpich,MISC,,710556,". - C'est
Parlait...
Quelle he"
"rter du
Post oface de Charing-",710969,Cross,PER,,710974,", demain, d sept heures
Ausoir"
"ner.
tondres immnédiatement. ",711201,Absolumnent,PER,,711212," urgent. (Signé)
STÉPHANUS, "
"royer
Aujourdhuia septheures. ",711807,J',PER,,711809,"attends, tranquille comme
nIl "
"s , du premier les buicaux de ",712097,Delpich-,MISC,LOC,712105,"
les bureaux. sculement, Car j"
"s des magasins, Cn
faic. Et j'",712481,examine,PER,,712488," aussi, pur la méme occasion,"
tfait signe d un hacre. C'est ,712607,Delpich,PER,LOC,712614,", Assurément.
Leint blatard, "
". C'est Delpich, Assurément.
",712629,Leint,LOC,,712634," blatard, taille rentassée, t"
ns une affaire d'attentat aun ,712777,Maeurs,PER,,712783,".
Je le laisse s'éloigner dan"
 84 de la rue d'Arlon dans le ,713298,Kacre,PER,LOC,713303,"
mmne que vient dequitler Delp"
"acre
mmne que vient dequitler ",713329,Delpich,MISC,PER,713336,". Id porte cst cn-
Corc Ouvert"
 de cuivre portant ces mots : ,713624,Cabinet,PER,,713631,"
du Directeur. Ed seconde fois"
"portant ces mots : Cabinet
du ",713635,Directeur,PER,,713644,". Ed seconde fois, deux ou tro"
e je vous demande un service. ,714512,J',PER,,714514,"ai une pointe
dans. la scinell"
ans. la scinelle d'une de mes ,714559,Chaussures,PER,,714569,"... Lencr, re
Parder..
 Ah! Se"
le d'une de mes Chaussures... ,714573,Lencr,PER,,714578,", re
Parder..
 Ah! Sécrie le "
" et je m'évertue...
Tnkn, le ",715099,Clou,MISC,,715103, estarraché - et jaipris une 
 estarraché - et jaipris une ,715133,Cimpreinte,PER,,715143,"
Satisfaisante dut passe parto"
irement que la maison est une ,715639,Maison,PER,MISC,715645," bien
Tenue, confortable, dés"
"u'il cherche.
J'en etais sur. ",716097,Cesont,PER,,716103," des serrures d Sccret, Saver
"
'adaptent a vos cimpreintes ! ,716495,Metterles,PER,LOC,716504," dans votie
poche, rous m cn d"
"en di pourcing minutes.
 Ah ! ",716738,monsieur,PER,,716746," Randal, s'écrie lhotelier, j"
" i ce pauvre roi, son
Aour de ",717111,la,PER,,717113," serrurerie , Car, cnkin, sans"
"que vous arer
hni votre clef. ",717226,Voyons,PER,,717232," un peu, cssayohs sur la cire."
er une ou.-deux boutcilles de ,717699,Cham,PER,LOC,717703,".
pagne pour cclébrer a l'ava"
"oir des sentiments religicux, ",717846,monsieur,PER,,717854," Randal.
C'esttellement néces"
"entiments religicux, monsieur ",717855,Randal,MISC,PER,717861,".
C'esttellement nécessaire, "
"up A faire la muit prochaine,
",718335,Avenue,PER,,718341," Louise, un flollandais dont j"
"ire la muit prochaine,
Avenue ",718342,Louise,LOC,,718348,", un flollandais dont j'ignore"
quitté ces honnètes gens du ,718642,Momnent,PER,LOC,718649," oi un bac. .
Catat internatio"
 n'avais pasété ala gare du ,719525,Mord,LOC,,719529,"?... Non, le vrai, C'est
qucjd"
" ! Ei quelles.
Cormesild I... ",719837,Apres,PER,,719842," tout, pas besoin de me rourme"
une grandepiece... Ehibien... ,720555,Javais,PER,,720561,"
devine juste avant d'entrer. "
" ?...
Mais lidée me vient de ",721026,toucher,PER,,721033," le braloir dun des
becs de g2"
"ire porte, la bas, a coté de ",721281,la,PER,,721283," Cheminée, Id porte
iu bouton"
" s'estrétugie le gardien que
",721359,Delpich,MISC,PER,721366, d préposé a la détense de 
"r d'uncoup de revolver qui
me ",721640,Manquerd,PER,MISC,721648," probablement, mais qui reveil"
"toire d'An-
Vers! C'est asse2 ",721756,Cnnuyeux,PER,,721764," - d'autant plus que je
Toudra"
éposé sur. le buredul... Un ,721990,Ciseaut,PER,,721997," de menuisiet,
n cisedu rout n"
"cid Elle est bonne, celle-la! ",722344,Aulieu,MISC,PER,722350," de Mon aven
ture d'Anrers, c'"
J' di rencontre ce mdthcureux ,722448,Canonnier,PER,,722457," qui va recoi
Tencer. Sculemen"
"r. Sculement, ce n'est pas un ",722506,Canonnicr,PER,LOC,722515," que
je vais trouver, non, Ces"
"tends d du
bruit, d un cri... ",722942,Ricn,MISC,PER,722946,". J'avance un peul, Ma lantern"
"rsqu il était deservice ici, ",723140,mdis,PER,,723144,"..
ah! oui, il y aquelqu'undan"
"pelle.
ce que m'a dit l'abbé ",723452,Eamargelle,PER,LOC,723462,", a Vichy, du sujet
desrelatio"
"m'a dit l'abbé Eamargelle, a ",723466,Vichy,PER,LOC,723471,", du sujet
desrelations d'affa"
"et
desrelations d'affaires de ",723509,Mme,PER,,723512," Helène de Bois-Créault
avec"
"s-Créault
avec le tratiqueur ",723557,Delpich,MISC,,723564,". In un clin d'ocil, toute
une"
", se déroule e
mnon cerveau. ",723663,J',PER,,723665,en suis sarI c'est la tille de
"ule e
mnon cerveau. J'en suis ",723673,sarI,PER,LOC,723677," c'est la tille de Caroi
nicr "
cerveau. J'en suis sarI c'est ,723684,la,PER,,723686," tille de Caroi
nicr qui est l"
n suis sarI c'est la tille de ,723696,Caroi,PER,,723701,"
nicr qui est la, je sais comm"
"pas peur, cest moi, Randal... ",723888,Randdl,PER,LOC,723894,", je rous dis...
tlélène? C'"
"Mes genoun
Cnciansce , Ordce1 ",724122,Parpitie,PER,,724130,", ne me tuer pas....
Du draine"
" faut prendre une iécision.
 ",724460,Wadaine,PER,,724467,", dis je d'une voix rude, votr"
"re vic est
i entre vos mains. ",724526,Cesser,PER,,724532," de pleurer, s'il vous plait, "
"a peine de vous dsscoir, pour ",724657,Changer,PER,MISC,724664,".
Tener, voici une chaise... M"
"faites ici d pareille
HeMTC.
 ",724781,Jesuis,PER,,724787," madaine Delpich, inurmure cet"
"reille
HeMTC.
 Jesuis madaine ",724796,Delpich,MISC,PER,724803,", inurmure cette femme
in émo"
"t, je vous prévicns que vous
",725082,Couicr,PER,MISC,725088, de grands risques cn me cacha
"us etes réclle-
ment madatne ",725195,Delpich,MISC,PER,725202,", que le secrétaire se trouve"
"vic2... Si je vous Aisdis...
 ",725389,Diresmoi,MISC,LOC,725397,". Mais, d'abord, laisser moi a"
"voir contracte.
392
NE VOIEUR
",726050,Mne,PER,,726053, lidison quclle ne pouvait ré
e l'intamic aille aussi loin. ,726495,Atelle,PER,,726501,"
Ad souftrir, la malheurcuse f"
"nte. Vingtcing dn5, cnvicoil, ",726705,Brasse,PER,LOC,726711,",
blonde, ronde. Un Rubens, pr"
" Un Rubens, presque. Torse en ",726757,Reur,MISC,LOC,726761,",
hinches de bacchante, carnat"
"rence du sang, levres rouges, ",726858,Charnues,PER,LOC,726866,"
et gloutonnes, et des yeux bl"
". - Une belle:
femnte, un pen ",727084,Massive,PER,,727091,", un peu moutonne, qui pour-
r"
"t récl. Elle l'afhirme.
Qui, ",727328,Mousieur,PER,LOC,727336,", je suis au supplice depuis n"
"s cuces lettres, seulement... ",727414,Cesoi,PER,LOC,727419,",
je m'étais résolue a les e"
"eter M
Coutilsavant de venir. ",727554,Mlais,PER,LOC,727559," je sis si Malm y prendre!...
"
"́sent, je vois bien que c'est ",727681,la,PER,,727683," Providence
qui vous envoyait "
es lettres si clles sont ici. ,728082,Vener,PER,MISC,728087," avec moi.
Nous cntrons dans l"
Nous cntrons dans le cabinet. ,728128,J',PER,,728130,"allume le 922,
j'ouvre mnou sa"
"ésirer sy
trouvent. Vous les ",728311,Chercheren,PER,LOC,728321," a loisir. Pendant quoi,
vous "
"re:
les tiroirs sont ouverts, ",728634,Mimc,PER,,728638," Dclpich fouille dans
les papi"
"es tiroirs sont ouverts, Mimc ",728639,Dclpich,MISC,PER,728646," fouille dans
les papiers, et "
"apiers, et moi jemi occupe du ",728695,cottre,PER,,728701," fort. Je suis
en train de lé"
"nés, bou5
pour les Criminels ",728844,Conservateurs,PER,,728857,". J'di inventé quelque
chose "
"qué d la partie supéricure,
",729045,Jiniroduis,PER,LOC,729055, dans la cavité un certain me
"te, et loM d dinsi raicon du.
",729206,Cottre,PER,LOC,729212,". fort le plus solide, sans fu"
"anque, très peu de valeurs - ",729546,Delpich,MISC,,729553,", 5d
Luite étant prémédité"
" sr. C'est uncallaire faite.
 ",729786,Mme,PER,,729789," Delpich, qui a hni de remuer "
"n métier que vous faires la,
",729996,Monsicur,PER,LOC,730004,", me dit-clle. Mais comine ces"
" la main.
 Connment! s'écrie ",730170,Mme,PER,,730173," Delpich, vous parten
déja! D"
... d présent que vous maver ,730329,Compromise,PER,MISC,730339,"...
 Commpromise ! dis je, leg"
"Auss
f facile de sortir de la ",730465,place,PER,,730470, qu'il m'a étéaisé d'y cntr
"il m'a étéaisé d'y cntrer.
",730504,Compromise,LOC,MISC,730514,"
'exagère peut Etrcul peul, r"
"s Argent... SAns ArGent...
Je ",731215,Comprends,PER,,731224,. Je commence mêine a douteru
" avec un homine
Qui sdurd ine ",732114,Comprendre,MISC,,732124,". Mous sommmes sirarcment
Comp"
"ment
Comprises, nous, pauvres ",732175,Lemies,LOC,MISC,732181,"! Ohs je vous ii.
bien devine,"
"ole de la pointe
deses seins. ",732597,Ouestce,PER,MISC,732604, qu'elle ad On dirait qu'elle.
"me dune femmme et deviner
Son ",732818,Cacur,PER,MISC,732823,. Mais dites.le moifranchement
"oyer bien que je veux
Cavoir! ",732974,Supposer,LOC,,732982, qu'une autre femme... Une bru
" Chd-
Jeur du travail... Mais ",733602,Wlichelet,LOC,,733611," dssure que la femme
Tafrdichi"
... Mais Wlichelet dssure que ,733623,la,PER,,733625," femme
Tafrdichit. Faut voir.."
"ouler
encore dixmille francs. ",733840,J',PER,,733842,"ai peur de ne pas avoir
AS5cT."
". Une Eausse adresse:
Durand, ",733991,Onford,PER,,733997," Strect, Londres.
 Durand ? de"
"us grand sérieus. Durand.
Ca ",734104,rétonne,LOC,,734112," ?
- Oh!? no1, ditclle : Scule"
"Cing minures.
.. Je suis dans ",734256,la,PER,,734258," rue, portant mon sac - Allég"
"'y vd pas de main morte, Hime ",734385,Delpich,MISC,PER,734392," ;
et moi, pourld premiere foi"
"́s d md porte mne réveillent
",734707,Cu,LOC,,734709," Sursdut.
Cestitnoseu ld Honte"
"atement, en
cmportant monsac. ",735096,Réglementaircinent,PER,LOC,735115,", je ne devrais
luidonner que "
e nous partagions cn frères. ,735222,Mous,MISC,,735226," étd-
blissons le comptecxdct"
"phrase qu'il prononce dun
ton ",735621,Convaincu,PER,MISC,735630,", Surtout, me démontre qu'il "
"D'abord, je veus voir comnent ",736220,tourneront,PER,,736230," les
Choses. Puis, je tiens d "
"vetements que jai
Commandés. ",736300,J',PER,,736302,ai donne. des arrhes au taille
s de prison. C'est bien fait. ,736821,J',PER,,736823,"en veun
d Delpich. Sa temme m'"
" C'est bien fait. J'en veun
d ",736833,Delpich,MISC,,736840,. Sa temme m'a miordu la langu
"Endépendance Annonce
que Hme ",736932,Delpich,MISC,PER,736939,", désolec. du scandale qui lu"
"te, ce
Rubens, mais je ne mly ",737212,Lerdis,PER,,737218," pas.
le lendemain, je pars po"
fleureusement que tu in'avdis ,737639,Appris,PER,,737645," ton
Noml... Oh! pas quand tu "
"d y Wayer pas peur. Cest
moi, ",737813,Randal,MISC,PER,737819,". "" Fit dire que tu ascu l'iau"
"que tu ascu l'iaudact de MA5.
",737862,Surcr,PER,MISC,737867,", Chsuite, que tu te nommdis D"
"ascu l'iaudact de MA5.
Surcr, ",737869,Chsuite,PER,MISC,737876,", que tu te nommdis Durand( Co"
"ait presque un viol, tu sais. ",738017,Piens,MISC,,738022,",
lu es un mnonstre ,Si j'etai"
"depnisces trois.
Semdines que ",738560,Benevieve,PER,LOC,738569," Est venue me surprendre.
C'es"
"nt ellene
peut triompher qu'd ",738770,Certains,PER,,738778," Morncnts, psycholo.
Siques si"
"
peut triompher qu'd Certains ",738779,Morncnts,PER,,738787,", psycholo.
Siques si lon J. t"
" Certains Morncnts, psycholo.
",738799,Siques,PER,LOC,738805, si lon J. tient. fhistoire de
"cnts, psycholo.
Siques si lon ",738813,J.,PER,,738815, tient. fhistoire des letires 
"ire des letires de od
mère ? ",738859,Simple,PER,,738865, invention. Les mauvdis traite
"ait
orpheline d'doure ans, et ",738981,Delpich,MISC,PER,738988," n'a jamais maltraite
ed temme"
"dus dans ld
bruie des désirs ",739724,Vagues,PER,,739730,", taniot S'afhrmant Sans
les c"
" distinquent d peine, en leur ",740014,Style,PER,,740019," de
SGuS, oflciers d'académie"
ejamdis sortir qu'en voiture. ,742002,Place,MISC,LOC,742007," Au
honnétes femmes qui vont "
"et d gauche, Cene
vievectmoi. ",742710,Lantot,PER,LOC,742716," ensemble, tamtot sépares. Je"
"ix les-
Bains. Moi, je suis a ",742914,Royan,PER,LOC,742919,". Je ne pourrais dire
exacteme"
"mdismoi, je Rane
Sur la Grand ",743006,Conge,PER,,743011,. J'obcerve quelques familles 
"Fravaille ,
Donne toi du mal. ",743546,Continue,PER,,743554," ! Hous te regardons...
Qui il"
" levoyage, qui n'en hnit pas. ",744041,J',PER,,744043,"arriveentin i
Lix, dans l'apre"
"iveentin i
Lix, dans l'aprés ",744076,midi,LOC,,744080," du lendemain, très inguiet, "
"t, me
Egurant ceci, celd, que ",744137,Ceneviève,PER,LOC,744147," est Milade, pur
402
-d
LE VOl"
"eci, celd, que Ceneviève est ",744152,Milade,PER,LOC,744158,", pur
402
-d
LE VOlEUE
exemmpl"
 suis a vingt pds de la villa ,744639,gu',PER,,744642,"habite Geneviève
lorsque je v"
"ielle
Consent d l'accompagner ",745170,a,LOC,,745171," Vienne:
 Tul'as peutetre pu s"
"lle
Consent d l'accompagner a ",745172,Vienne,PER,LOC,745178,":
 Tul'as peutetre pu sortir d"
"om
quc roI. I sappelle Urbain ",745683,Randal,MISC,,745689,". W. serail-il pas
Tou parent "
"u
trichien. Wais, quant a ton ",745991,oncle,PER,,745996,", Comme il est use
aiil dernie"
"l n'en d pas pour lougtemps.
 ",746200,Jantmieuz,PER,,746209,".
 Tuas l'air de lui en vouloi"
" vais Aussi envoyer
un mot  l'",746378,Autrichien,PER,LOC,746388, pour l'avertir de mon départ
ain de Paris Genevieve et mon ,746788,oncle,PER,,746793,". AhI cette
Agure de vicuz viv"
"vieve et mon oncle. AhI cette
",746805,Agure,PER,MISC,746810," de vicuz viveur fourbu, ce tr"
" dans un Wigon
oou Ceneviève ",747088,mnoutte,PER,,747095, deirière lui. I1 ne m'A pas 
"éldricolique,
Bete et sale . ",747488,Commie,PER,,747494," toutes les ruines...
Le vais "
"e rencontre
inopince de mnon. ",747955,oncle,PER,,747960,", si vicilli, si Casse, si pre"
" mne Suis rap.
belé avec une ",748114,Certaine,PER,,748122," Emnotion lépoque oi nos rap
"
sernent conservces. Je les ai ,748307,lues,PER,,748311," et relues
a londres, pendant "
"'il ne veut pas crever seull,
",749096,Comlne,PER,LOC,749102," un Chien.
 Atilpeur de la mno"
" lorsque le domestique de
mon ",750017,oncle,PER,,750022,", cemnatin, vientme chercher a"
"vard flaussmann qu'habire mon
",750371,oncle,PER,,750376,. Geneviève nous accucille da
"aitresse, disje, de plus, mon
",750747,oncle,PER,,750752, a di setforcer d'en faire la 
"e la sienne ; et cnlin,
C'est ",750807,la,PER,,750809, femme d'un certain Delpich...
 tant de bruir a Bruzclles... ,750979,Racontermoi,MISC,LOC,750990," donc
Thistoire.
Je raconte, e"
"bé quand
j'aikni. Ce parivre ",751257,Delpich,MISC,,751264," ! Enkin.:. Fortuna vitred
eSt"
argé certains de mnes plans. ,751384,Alfaudra,PER,,751392," mé̂me
que j'aille en Belgiqu"
"ue serd
le testament de votre ",751633,oncle,PER,,751638," d
 Lout a lait. C'est moiqui "
"e s2 plus
 belle écrirure.
- ",751712,J',PER,,751714,"en eraisslr, dit l'abbé. Je l"
"etrouverd jamdis, ses
traces. ",751983,J',PER,,751985,ai fait faire toutes les reche
Mi conviction est qu'clle est ,752081,Morte,PER,LOC,752086,",
Voyer vous, Mldis si, par bo"
" luitirer
 les pieds, d wstre ",752545,oncle,PER,,752550,. L'aisser-le faire su besogne
éront pas fott élevés. Mon ,752849,oncle,PER,,752854," de
mande a etre conduit au Ch"
"us plaisanier. Un cnterrement
",753215,Civil,PER,MISC,753220,", s'il vous plait.
- Ahl ah! a"
nt civil ! C'est délicietis! ,753335,J',PER,,753337,"atoue
que je n'aurais pas pens"
"ent l'oreiller, est emaciće, ",753687,Couleur,PER,,753694," de aire:
 Etles marires sont "
" piricées, et la bouche sans ",753753,Soufkc,PER,,753759,"
entroiverie et les Jeux retou"
"e drap, rien ne bat plus a la ",753858,place,MISC,,753863," du cieuir,
12 main est froide"
st froide comme celle d'un... ,753914,J',PER,,753916,"appelle
l'abbé:
 Ehl bien ? d"
"otid Crave
question que votte ",754158,oncle,PER,,754163," peut, maitlitnant débattre
a"
"ous. bien,
uclle cut déplu d ",754659,Certains,PER,,754667," Gtecs, Cst presque unSyi
bole"
"tecs, Cst presque unSyi
bole. ",754699,J',PER,,754701,ai dans lidée que la Socière
" crèverd de I2
 méme facon. ",754762,Certe,PER,,754767," bourgeoisie, qui est venue de"
"sonne les domes-
tiques. Mous ",755144,sommes,MISC,,755150," d genoun devant le lit, l'abb"
"latent en sanglots.
 Vn sibon ",755247,maitre,PER,,755253," ! Mais l'abbé, qui se releve"
"s
Chosesld.
Le notaire de mon ",755809,oncle,PER,,755814,", Mt. JabclLion, arrive
le len"
"ir.
 Je suis heureux de voir, ",755958,Monsicur,PER,MISC,755966,", mne dit-il, que
wotre oncle "
"nsicur, mne dit-il, que
wotre ",755990,oncle,PER,,755995, est revenu avant de mourir a 
"rir a demcilleurs
Sentiments. ",756049,J',PER,,756051,avais en mon étude un testamn
 Toute sd fortune a llnstitut ,756174,Pasteur,PER,,756181,", il se trouve an-
nule de ple"
" dernières volontes
de votre ",756313,oncle,PER,,756318, : Cet enterrement civil. Mlai
ncle : Cet enterrement civil. ,756344,Mlais,PER,,756349," entin, i
faut respecter toute"
", i
faut respecter toutes les ",756385,Convicrions,PER,LOC,756396,".
 LE VOLEDE
409
 'apprends qu"
pprends que la fortune de mon ,756446,oncle,PER,,756451," est encore
i considérable. M"
"e est encore
i considérable. ",756480,Me,PER,,756482, abellion parle a demivoix. Sd
́lancoliquement vers le Père ,756737,Lachaisc,PER,,756745,". Duelques
Voitures Sculement,"
"s le Père Lachaisc. Duelques
",756756,Voitures,PER,,756764," Sculement, derrière. Je suis"
"ment, derrière. Je suis dans ",756800,la,PER,,756802," première
avec l'abbé Lamaig"
"ans la première
avec l'abbé ",756826,Lamaigelle,LOC,,756836, qui d endosse des habits civi
illion et tu fais faire d ton ,757256,oncle,PER,,757261," des funérailles
civiles I Ou"
"quees...
Savervous quelle est ",758046,la,PER,,758048," base de la proprieté, la wra"
ce a l'immortaliré de l'ime. ,758133,Me,PER,,758135,"
Siter Cd, Quand vous aurcr le"
"vert, laissant apercevoir ses ",758260,Casts,PER,LOC,758265,", les unes
pleines, les autres"
"is
demiain a dix heures. Vous ",759295,Ecouteter,PER,LOC,759304,". Nevousmetter
pds miartelen t"
 cxactes de cetexcellent abbe ,759872,Lamargelle,MISC,,759882,". Mlais
j'entends résonner le"
cetexcellent abbe Lamargelle. ,759884,Mlais,PER,LOC,759889,"
j'entends résonner le timbre"
"d'une vie san5
tache, reprcnd ",760516,Ceneviere,PER,LOC,760525,", c'est que les circonstances
"
"es. L'avteur de md perte est
 ",760604,M.,PER,,760606, CeorgesRandal. Ilse dit votre
"i lettres de mi mère... Ici, ",761417,Mionsieur,PER,LOC,761426,"
l'abbé. il faiit que je vous"
"ans unl tiroir
de son bureau. ",761721,M.,PER,,761723," Raridal les a découvertes, C"
" unl tiroir
de son bureau. M. ",761724,Raridal,PER,LOC,761731," les a découvertes, Ct, du5-
"
ous dire de plus ? Ia piété ,762029,Kliale,PER,LOC,762035,",
tljours si forte dans le cae"
"lle cxistence

922i
LE VOLEUR
",762261,M.,PER,,762263, Randal mn'a fait mener depuis
". C'estabsolument
etfrayant ! ",762424,M.,PER,,762426, Randal est un misérable et s
"'estabsolument
etfrayant ! M. ",762427,Randal,MISC,PER,762433, est un misérable et s'est jo
"s
tener tant d lui cacher, un ",763045,Scanddle,PER,MISC,763053," rerrible éclaterd....
Cest v"
"nent l'abbé. Due
faire I Mon ",763222,Dieu,MISC,,763226,", Eclairer nous... Voici ce qu"
" Je vais mem.
ployer a livrer ",763333,M.,PER,,763335, Randal a la justice après lu
"evieve avec
fcul, je suis une ",763743,Croyanle,PER,LOC,763751,", monsicur l'abbe.
 Eh I bien,"
assel quelques jours dans une ,763964,mdison,PER,,763970," de retraite oil
je vous Condu"
"dison de retraite oil
je vous ",763995,Conduirdis,PER,LOC,764005,", oil vous serier trés bicn, "
"existence ?
aoi mu anlerie de ",764149,Merileie,PER,,764157," Demetle rene aesai  e
1
..
.
"
" ?
aoi mu anlerie de Merileie ",764158,Demetle,PER,,764165," rene aesai  e
1
..
.
"".
1""
.
"
"la reconduire.
 J'ai promis a ",764427,M.,PER,,764429, Randal d'aller le voir auijoa
"rreterVous Sur
votre chemin d ",764731,Saint,PER,,764736," Thomas d'Aquin, et entender
l"
"Vous Sur
votre chemin d Saint ",764737,Thomas,PER,,764743," d'Aquin, et entender
ld messe"
"
 voild transformé en infame ",764945,Colo,LOC,MISC,764949,"!... L'abbé revient.
 J'ai to"
"ee d'En prières, a l'églisc ",767016,Saint-,LOC,,767022,"
Frienne du Mont, oil repose 1"
"a l'églisc Saint-
Frienne du ",767034,Mont,PER,,767038,", oil repose 1na bienhenreuise"
" repose 1na bienhenreuise pd-
",767073,Tionne,MISC,LOC,767079,. Cestl que Dien m'a parlé. I
" Je prierai pour toi, pour (d
",767344,Conversioi,PER,LOC,767354,". Oui, je renonce d Batan, d S"
"Conversioi. Oui, je renonce d ",767374,Batan,PER,LOC,767379,", d Ses poimpes...
 Je m'y opp"
"ne
devait pas s'embèter avec ",767582,Dalild,PER,LOC,767588,", chaqire fois qu'elle
avait t"
" cctte moitindt
tenque de mon ",767770,oncle,PER,,767775," . Cet hoinme que je haissdis
"
"me inscnsibilisé, d certains ",768114,Mornents,PER,ORG,768122,", ctsans
aucune waisoi. Tt je "
"cédait di
 
LE VOLEDR
ap25
i ",768204,Somincil,PER,,768212,", a l'abbe qui doit venirmi'ap"
"E VOLEDR
ap25
i Somincil, a l'",768218,abbe,PER,LOC,768222, qui doit venirmi'apprendre co
"s, demnain, vers deux
HCuTES.
",768317,Maisilest,PER,MISC,768326, d peine midi lorsqu'il arrive
"hien. C'estun hommme quia des
",768618,Sentiments,LOC,,768628, religicun tres pronoucés et 
", voyez yous, nd pis beaucoup ",768992,la,PER,,768994," tè̂te
acle. Flle vous. chver"
"a même tacilité. Ia liberte
",769117,Gontelle,PER,LOC,769125," jouit maintenant, Ct qui l'af"
", voild pourquoi il est aussi ",769434,Coinmun,PER,,769441," Adujour-
l'hui.Au foud , que "
"humain - Ia Conscience, C'est ",770484,la,PER,,770486," Deur...
fnkn, vous voici veuf"
"ent. Pacher.
detre loin quand ",770660,la,MISC,,770662, crise se produird ct qu'elle 
"n-
Ara implorer votre pardon. ",770725,Wolite,PER,,770731," confidere hominibus,
Riaux fe"
que j'ai volés a droite et d ,771327,Gariche,LOC,,771334,", que
j'di conserves sans mém"
"ute, cntre dufres
la villa de ",772289,Maisons,PER,,772296," Lafftte, la fortune de mon om"
"re dufres
la villa de Maisons ",772297,Lafftte,PER,,772304,", la fortune de mon omcle
iont"
"s 75 centimes.
a l'insouinis. ",773074,J',PER,,773076,"ai retenu le timbre, en md qua"
. Lerapport m'a fait songer d ,773156,Montareuil,PER,LOC,773166,",
Que j'ai été voir. Il m'a "
"lui plus rien
donner poursd u ",773242,Revue,PER,,773247," y, quise vend très bien, Mdi"
".
a terme. Cependant, je suis ",773856,las,PER,,773859," de m'entendre félicl
tter su"
'invite a venir lui parler au ,774030,ministère,PER,,774040,".
Dans dix minutes, ce Serdunc"
"istère.
Dans dix minutes, ce ",774063,Serduncaffaire,LOC,MISC,774077," faite. J'attends
cu cflet, da"
"ix minutes, ce Serduncaffaire ",774078,faite,PER,,774083,". J'attends
cu cflet, dans l'a"
"tes, ce Serduncaffaire faite. ",774085,J',PER,,774087,"attends
cu cflet, dans l'antic"
"attager les sentimenis de ses
",774653,Yoisins,PER,LOC,774660,". Son bedu visage, tres séric"
"nt
lcursregards dansle vague. ",775052,Mdis,MISC,,775056,", moi, je le reconndis.
C'est "
"elle mère. Ahl pir
tié....
 ",775372,Cestmnon,PER,LOC,775380, tour. L'huissier m'introduit 
" trouve devant Courbassol.
le ",775475,Courbassol,PER,LOC,775485," que j'ai vu a Malenvers, le m"
".
le Courbassol que j'ai vu a ",775500,Malenvers,PER,,775509,", le mêmere.
 Sard fuyant, la"
"eme physionomtie vulgaire, la ",775571,Meme,MISC,,775575,"
levre imnmonde. La meme voix,"
"ravail de tout premier ordre, ",775791,Monsicuy,PER,,775799,"
Vous avezrendu, en lecrivant,"
"ntion du
 Souvernement. Wlais ",776043,Croyer,LOC,,776049," bicn que son interven-
tion n"
"cipiter les choses, car yotre ",776123,merite,PER,,776129,"
est Jeceux qui ne peuvent pas"
" choses, car yotre merite
est ",776134,Jeceux,PER,MISC,776140, qui ne peuvent passer inaperc
"passer inapercus. Couver-
er, ",776186,Cestchoisir,PER,ORG,776197,". Et nous, qui sommnes placés"
"Ie nomn de la localité...
-A ",776652,Nothingsbout,PER,MISC,776664,", dis je avec aplomb. C'estun."
"Cest par le fait un aqueduc.
 ",776802,Voilace,PER,LOC,776809," que je voulais dire, afhrmne "
"afhrmne Courbassol.
fhl bien, ",776861,Monsicur,PER,MISC,776869,", j'ai pense quil ne vous dép"
"nt dc
tuellement vacants a la ",777037,Chambre,PER,ORG,777044,", ct si vous vous dé.
cidier "
"s tel ou telarron-
discement, ",777133,Candidature,PER,,777144," vraiment democratique, cest
a"
"us vous convaincrer
que votre ",777340,place,MISC,,777345," est parmlinous.
iy a beaucoup"
"inistre me fermne la bouche.
 ",777778,Jy,PER,LOC,777780," riens, ditil, après les doul"
" d besoin detre
réhabilité. ",777893,Mlais,PER,LOC,777898,", au fait pent etre auriervous"
mnot de moi d mon colleque de ,778025,Iinstruction,PER,,778037," Ou
blique...
it d5.
 Hon, non"
"l, Serd Charmée de faire Md. ",778262,Conndis,PER,,778269,"
SAMCC...
Je ne puis m'empéch"
"agistrat, il s'appelle... ah! ",779191,M.,PER,,779193," de Bois- Créault.
Tusais bie"
"tu sdis. D'ailleurs, regarde. ",780038,Maison,PER,,780044," fondée
en 7877. Nousrenscign"
"arde. Maison fondée
en 7877. ",780062,Nousrenscignons,PER,,780077," les comtmercants continen.
ta"
"-- Tu peur tout oser, répond ",780412,Rogerla,PER,,780419," Tlonte. Le
principal, C'est q"
"?
Wais le voici justement qui ",780839,cntre,PER,,780844,", qui s'avance vers
moi, la ma"
"
Paris, Cans l'atrestation de ",781072,Canonniet,PER,ORG,781081,".
.. Ln roletres avouable, ré"
"ond lssacar d'une voin
fernu. ",781142,J',PER,,781144,"ai fait tout mon possible, une"
"ur lui permettre d'échapper.
",781247,Croyer,PER,LOC,781253, Vous que j'aie cté vatre dup
"r tantinsiste
pour m'eminener ",781368,Aejcuner,MISC,ORG,781376,", Pasuninstant. Si je vous
di "
 Bruvelles I... Si Vous. avie ,781821,Cu,LOC,,781823," conbance
en moi, Cher monsieu"
"avie Cu conbance
en moi, Cher ",781846,monsieur,PER,,781854," Handdl, rien de ce qui s Cst
"
"onbance
en moi, Cher monsieur ",781855,Handdl,ORG,PER,781861,", rien de ce qui s Cst
Produit"
 et je n'di pu obtenir qu'une ,782032,place,MISC,,782037," de
.SOIS prèfeE.
 Dit vous v"
"cux d vous-meme que
Yous avex ",782273,Abandonne,PER,,782282," l'admninistration.
 Je ne veu"
"que possible son départ pour
",782671,Cayenne,PER,LOC,782678,", Car oncraintune évasion. Il"
" tiendrai
Au Courant. Je vous ",782860,Serdi,PER,MISC,782865," meme utile, sivous le dési
T"
"utile, sivous le dési
TC2... ",782901,Lenser,PER,,782907," de moice que vous voudrer, ma"
éc d'Annic pleure comnme Une ,783189,Madeleine,PER,,783198," parceque
je viens de lui anno"
", cependant ;
et de l'argent. ",783337,Etson,PER,,783342," kls, quisera libéré bientot"
"elles , pour porter a l'abbé ",783684,Ldmargelle,PER,LOC,783694," les
Vapiers que je luidi prom"
"Coujours peutetre !..
d^t ---
",784535,RRIS,PER,ORG,784539,"
SI LES FEMMES SAVAIENT SY PRE"
"EMMES SAVAIENT SY PRENDRE...
 ",784578,J',PER,,784580,"aurais mieux fait, certaincine"
"ai dit, ni comment jdi
parle. ",784966,J',PER,,784968,airaconté des choses vagues s
"pourld première fois :
notre ",785922,Course,PER,,785928," folle, la nuit, dans la petit"
ouvener vous ! Avdis je peur! ,786008,Peur,MISC,,786012," de
Cetle cxistence qui n'a ri"
"e l'avoule, Ct Comme Vousdrer
",786128,Cu,LOC,,786130, raisom de traiter ainsi quell
apprehensions de petire klle! ,786212,J',PER,,786214,"erais faite pour la lutte,
 Ce"
", sil n'y avait pas l'argent. ",786998,Mlais,PER,LOC,787003," le
Mairre est ld. Lout ca Va,"
comme lharmonicuse essence du ,787461,lure,PER,LOC,787465," dans
lequel clle vit, je peis"
"répondu, pronongant les
Mots ",787998,Comleen,PER,,788005," ievC.
 Vous n'en saverrien ! "
́nees dans le désert oit les ,788798,Ossements,LOC,,788807," blanchissent
Au dessouts du v"
" La solitude vous pese,
soir. ",789275,Mlais,PER,LOC,789280, la fenithie quil vous fait n'
"s, dans urie grande détresse ",790326,Mordle,PER,,790332,".
J'dipense d vous. J'ai pense"
"sse Mordle.
J'dipense d vous. ",790352,J',PER,,790354,ai pensé... Ce que vous pense
s désiricr me dire ce matin. ,790493,Mdis,LOC,,790497," Vous
etie2 absent, pout plusi"
" nous le savons. Pourtant,
ne ",791000,Croyer,PER,LOC,791006," pas... Ecouter, si wous aver "
"luild peine, ce dernier vol ! ",791479,J',PER,,791481,"aurais
pul.. Sl j'avais prl..."
"ies savaient s'y prendrce...
 ",791577,Conline,PER,LOC,791584, dit la chanson. Lit les homtm
"PROVISOIRE - COMME TOUTES IES
",791747,CONCLUSIONS,LOC,,791758,"
 Mafoi, dit l'abbé lamargell"
"COMME TOUTES IES
CONCLUSIONS
 ",791760,Mafoi,PER,,791765,", dit l'abbé lamargelle comme"
" mnal, icl, pas inal du tout. ",791895,Maison,PER,,791901," louche,
imdis cuisine parfait"
" Maison louche,
imdis cuisine ",791924,parfaite,PER,,791932,. J'avoue que je suis gourmand
 voluptés de l'abstinence. n ,792060,Miles,PER,,792065," voluptés,
Cormine c'est male"
"bstinence. n Miles voluptés,
",792077,Cormine,PER,MISC,792084," c'est male et voluptueun, de "
Je voudrais bien etre d votre ,792724,place,MISC,,792729,", dit l'abbe.
i Vous n'aver pa"
"dans l'existence ? Continuez.
",792798,Contenter,PER,,792807, vous de vivre pour vivre. I2 
"rent les hygienistes, est une ",792879,Lentative,PER,LOC,792888," du systeine
pour Saccommoder "
"nir, et
mnême sur le passé! ",793421,Lener,LOC,MISC,793426,", j'ai appris hier qu'un de
me"
isie et mnanifeste son futur. ,794139,Dailleurs,MISC,PER,794148,", i
estinutile de jouer sur le"
tion n'est pas Sculernent une ,794242,Doctrine,PER,MISC,794250,", mais
une Vie, la marche de l"
" ou dedélirs de
Aroit comun. ",794436,Malheureuseinent,PER,ORG,794452,", il ne sufht pas
dètre un cr"
"t le moi commmun dont
parlait ",794689,JeanJacques,PER,MISC,794700,. Flle n'a plus qu'une face. F
. Je ne crois pas qu'en ancun ,795065,siècle,PER,,795072," ;
lc. Senre humidin dit autan"
 Mehsonge ! s'écrie l'abbé. ,795262,Motre,PER,LOC,795267," époque est une.
époque d'ac"
"nt. I humianité le commprend
",795339,Vaguemneni,PER,LOC,795349,", et c'est pourcela qu'elle d "
"re sensl
périra tout cntier. ",795466,Rucun,PER,LOC,795471," chiangeinent ne s accoin-
pli"
 la corruption des sociétés ,795874,antiques,PER,,795882,"; de
plus cn plus atroce et ga"
"niscle de force.
i Jesus, dit ",796109,saint,PER,,796114," Augustin, a perfectionné l'e"
" lignorance et de I
peur s.:. ",796488,Etcetre,PER,,796495," kguie dit Christ, si veule, s"
"l
Cyréneen, qui revenait des ",797293,Champs,PER,LOC,797299,", Ct auquel on a
porterla Crai"
"roix, Ceuf quitravaillent?... ",797474,Motre,PER,LOC,797479,"
monde cEcidental les traine c"
" Gd... Pour le présent, nous ",797846,sommes,MISC,,797852," Con
Aamnés au désolant spec"
onc! pourquoi portent.ils des ,798597,COuronnes,LOC,MISC,798606,", vo.
Tois? des arines, vos so"
 la grandeur de l'avenir de l',799218,atrociré,PER,,799227," bête du
présent. Lentatives"
"'atrociré bête du
présent. ",799247,Lentatives,LOC,PER,799257, gencrcuses qui furent et rest
" si
longtemps que la Parole a ",799752,Cesst,PER,,799757," d'etre un Fairsque
 le Verbe "
"ans !... Pourtant, j'espère. ",799881,Motre,PER,LOC,799886,"
epoque est tellement abiecte,"
 apotre. un apotre qui aurait ,800150,la,LOC,,800152," volonté,
la. volonté renace"
"tendre. - Un apotre
Serait un ",800227,Individu,PER,MISC,800235,", l'abord - Iadividu qui a dis"
"Serait un Individu, l'abord - ",800247,Iadividu,PER,,800255," qui a dis-
parn. - Le jour ou"
ers actuel sera balaye commne ,800477,Mne,PER,,800480," dite
 Au soufle de sa voix et"
"en serd hni, de cet imminense
",800589,Couvent,PER,,800596, de la Bottise mcurtriere dont
"vore :
de ce monastère de la ",800784,Renonciation,LOC,,800796," Derpéruelle oil
lhumanire, l"
"́es devant
leur, idole - leur ",801184,Edole,PER,,801189," qui est leur lmage - cn
atten"
"emmps, clle
laisse apercevoir ",801339,la,PER,,801341," Manne, d moins qu'elle nepré"
"ps, clle
laisse apercevoir la ",801342,Manne,PER,MISC,801347,", d moins qu'elle neprétère
"
uy battauts la grande porte - ,801419,Celle,PER,,801424," qui.
Ccconduit a l'abattoir. "
"l'abattoir. - Oui, le jour ou ",801472,Individu,PER,,801480,"
reparditrd, rehiant les pacte"
 les pactes et déchirant les ,801530,Contrats,PER,,801538,"
qui lient les masses sur la d"
"tion, mais clles
m'avcuglent. ",802766,Qne,PER,,802769, vous dire ? Duel conseil vous
nt sdns doute de commettre de ,803442,Mouvedux,PER,LOC,803450," vols...
Mlisere...
L'abbé m'"
"commettre de Mouvedux vols...
",803459,Mlisere,PER,ORG,803466,"...
L'abbé m'a quitré. Je su"
"celent, jécris, en attendant ",803609,Cheure,PER,LOC,803615," du départ.
Le trace. les lig"
"fet, un mot, Un rien, quelque
",803839,Chose,PER,,803844," de gentil, cn avant du point "
",.
je ne puis pas la trouver. ",804032,Ceserd,PER,MISC,804038," pour une autre fois.,
on Ceuv"
"elas ! Ca ne hnit jamdis , Ca ",804523,Continle,PER,MISC,804531,"...
.. Conclusion ?'Je ne sera"
"e n'y di pas réussi
Gouvent. ",804767,J',PER,,804769,ai. fait beaycoup de mil d mes
"Qui, je vais le mettre 12. On ",805456,Cutiliserd,PER,LOC,805466," pour allumer
le teu. Ou bien "
".
D
311--
aint Amand (Cher).- ",805770,Imprimerie,PER,,805780," Bbsffifh iteres.
3
d
D M
Ai
M"
