Gauche,Début,Texte,Label_modele,Label_spacy,Fin,Droit
"ltica
levoleur. roMan(Ccorges
",36,Darien,MISC,PER,42,"
101
A8IS
083
a11
180
Vrau
Dar"
"eur dutente. le voleur. roman
",130,ICeorges,MISC,,138," Darien. 1898.
I les contenus "
"te. le voleur. roman
ICeorges ",139,Darien,PER,,145,". 1898.
I les contenus accessi"
nt des collections de la Bnt. ,330,Leur,MISC,,334,"
reutilisation s'inscrit dans "
" ou scientifique est libre et
",537,Gratuite,PER,MISC,545, dans le respect de la legisla
"Callicd en haute détinition,
",2846,Contacter,PER,LOC,2855,"
utilisation Commnercialelabnt"
"ercialelabnt. tt.

      de d
",2903,D.,PER,,2905,"
D
A
M4

N

D
N

A
M
M
N

AS
M"
"GES. DARICN,
 
l1
esg

---
DE
",3108,ROMAN,PER,,3113,"

 t^ere 
DE
 
I
IE
2
s
. 1421"
"RIS
LA FONTAIRE.
T F l F7
P.. ",3284,V.,PER,,3286," STOCK, EDITEUR
Aancionne Uibr"
"
LA FONTAIRE.
T F l F7
P.. V. ",3287,STOCK,PER,MISC,3292,", EDITEUR
Aancionne Uibrairie "
" F l F7
P.. V. STOCK, EDITEUR
",3302,Aancionne,PER,LOC,3311," Uibrairie Turssr S FroCK)
1, "
" DII TIÉATRE FNAWCAIS
PAlaIS ",3389,Roral,PER,,3394,"
""

2.898.
L 13. s de reproduc"
"ous les pays, y compris .
 la ",3493,Suede,PER,,3498," at la. Hoivige.
-

Mai d 
 du"
"ays, y compris .
 la Suede at ",3502,la,PER,,3504,". Hoivige.
-

Mai d 
 du te

8"
" y compris .
 la Suede at la. ",3506,Hoivige,PER,ORG,3513,".
-

Mai d 
 du te

83
A 
245 "
"e

83
A 
245 mêr --
 
2e

(e ",3560,Voleur,PER,,3566,"
50811
080

lauteur et l'edite"
"e, y compris la Suéile cl in ",3710,Norrege,PER,,3717,".
Ce volnmeia ele déposé au "
", 1970.1871. roudn, I Yolume.
",3907,Birihi,PER,LOC,3913,", armée d'Afrique, roinan, I "
"ibre i
len collaboratioi avec ",4042,M.,PER,,4044," Lucien Descaves), I brochure,"
"e i
len collaboratioi avec M. ",4045,Lucien,PER,,4051," Descaves), I brochure,
Pour p"
" paraitre prochainement :
J.d ",4109,Malhonnete,PER,,4119," Homino, romdn.
⁋l aété tire"
".....les voleurs ne sont pas,
",4386,Gens,MISC,,4390," honteux ni fort délicats.

I"
"ts.

I
I
PARIS
LA FoyralnE. A
",4444,D.,PER,,4446," V. SrOCH, EDITEUE
(Ancienne L"
"

I
I
PARIS
LA FoyralnE. A
D. ",4447,V.,PER,,4449," SrOCH, EDITEUE
(Ancienne Libr"
"
I
PARIS
LA FoyralnE. A
D. V. ",4450,SrOCH,PER,,4455,", EDITEUE
(Ancienne Librairie "
"alnE. A
D. V. SrOCH, EDITEUE
(",4466,Ancienne,PER,,4474," Librairie Piesse et Stoch)
8,"
". V. SrOCH, EDITEUE
(Ancienne ",4475,Librairie,PER,,4484," Piesse et Stoch)
8,9, 10, II,"
", EDITEUE
(Ancienne Librairie ",4485,Piesse,PER,,4491," et Stoch)
8,9, 10, II, CALERI"
(Ancienne Librairie Piesse et ,4495,Stoch,PER,MISC,4500,")
8,9, 10, II, CALERIE DU TIIE"
"E DU TIIEATRE FRANCAIS
PALAIS ",4551,ROTAL,PER,,4556,"
 1898
.
.
d

 
 d
N


 1
1
4
"
" légue par un
Caisfier.
I
 e ",5148,Vaivole,PER,,5155,".
l'avoue mon crime. Je ne che"
"itre, s'il le faut, devant le ",5305,Procureur,LOC,,5314," du Roi.
a se passe en Delgiqu"
" faut, devant le Procureur du ",5318,Roi,PER,,5321,".
a se passe en Delgique.)
 Ca"
"ocureur du Roi.
a se passe en ",5337,Delgique,PER,LOC,5345,".)
 Ca se passe en Belsique. L"
"passer.
ainsi la frontière ? ",5539,Mon,MISC,,5542," Dieu ! r'avais voulu voir le
"
ieur est sans doute un ami de ,6140,M.,PER,,6142," Kandal,
me dit l'hotetiere co"
"e je Signe mon nom Sur le re-
",6204,Pistre,PER,,6210,".
 Non, Madame , je n'ai pas c"
"Cicorges,
ccomme vous savez - ",6636,Cieoroes,PER,,6644,". Randal. - Fh! bien,
huisque "
rs jours. C'est la plus belle ,6821,Cham,PER,,6825,"
bre de la maison, ali.bremier"
"es
mmessieurs sont à 5pa, à ",7079,Dinan,PER,LOC,7084,", à Ostende, ou bien i
dans l"
"urs sont à 5pa, à Dinan, à ",7089,Ostende,PER,LOC,7096,", ou bien i
dans les villes d'"
"a chercher Tui-même,
et avec ",7575,Eni,PER,ORG,7578,", savez-vous, jamais de visile"
" fouvez pa5
AVANTPROFOS
VII
a ",8031,Loujours,PER,MISC,8039, les mettre dans U0s poches ; 
"e coin, la
C'est la valise de ",8282,M.,PER,,8284, Randal : il n'a pas voulu l'e
"ire à Monsieur.
lesquisse un ",8695,Sourire,PER,MISC,8702,".
.
I
 l'ai été tres salisfa"
"e que contenait la valise de.
",8986,M.,PER,,8988," Randal. Curiosité malsdine,."
"t sortir, je n'ai.
pas. voutu ",10110,Eaisser,PER,,10117, irainer sur une Lable le manu
p. dans une maison pareille - ,10598,Mne,PER,,10601,"
maison ou l'on était si bien"
"́ la
lecture des mémoires de ",10861,M.,PER,,10863," Randal . L'appellerai-je
Mons"
"is jamais du lire, jamais du.
",10993,toucher,PER,,11000,", qu'en dois je faire, de ce m"
"omment faire? Le renvoyer
bar ",11146,la.poste,PER,,11154," ? Empossible, mon départ pre"
"e? Le renvoyer
bar la.poste ? ",11157,Empossible,PER,MISC,11167,", mon départ précisilé a di"
" l'avait écrit,
d'avance, le ",12381,sieur,PER,,12386, Randal. - Lant bis pour lui: 
"malandrin, Sur le Chevalet de ",12900,Lor,PER,,12903,"
ture. de la tailler, de la ro"
"s
boint comment il écrit, ce ",13528,Voleur,PER,MISC,13534,"-la ; mes phrases n'en-
ttrent"
"lume, aurait dit.
Son fait au ",13991,Voleur,PER,MISC,13997,. Il aurait suffi de le faire 
" cons-
Ctemoi qui ai voté le ",14483,Voleur,PER,MISC,14489,", je ne puis ouere de Retrir.
"
"res, 1806.
 d  ded d 
GTORGES ",14802,DARIEN,PER,MISC,14808,".
d
de
1
d
Di
3

tpatit w Mho "
"a11.
A Aiits s tos  Ilo2I d A ",14891,Indion,MISC,,14897,"
AVANT. CROTOS.
L. - Aurore.
I"
"t pas gai
Aans l'ezistence. .
",15095,V.,PER,,15097," - Ou courtaild.
W. - Plein ci"
"u courtaild.
W. - Plein ciel.
",15131,W7I,PER,ORG,15134,"..-
Dans lequel on apprend, en"
"ct postiches.
lidée marche..
",15490,Rencontres,PER,,15500," heurcuses et matheuicuses.
 1"
"ien pres dêtre
récompense..
",15676,Orpheline,PER,,15685," de par la loi :.
 LWIl. - Enk"
"s !.
PLTTIE
2
 237.
 750
 262
",15751,IVr,PER,LOC,15754,. - Combindicons machiavelique
ombindicons machiaveliques ct ,15789,Jcurs,PER,,15794," réoul
tat5
 280
 Vei--
 PABI"
"s... I.
HVI. -- Geneviève de ",16174,Brabant,PER,,16181,".
HVI. - Lerepentir fait oubli"
" savaieni sy prendre .
TRR. - ",16344,Conclusion,PER,,16354, provisoire . Cothmle 1outes l
"ovisoire . Cothmle 1outes les
",16387,Couclusions,PER,LOC,16398,"
7
232
308
324
338
363
375
384"
"y pousse de tous
i Lescotés. ",16589,Mme,PER,,16592, Dubourg d laissé entendre a 
"iale superbe, avec une santé ",16829,Roris,PER,,16834,"
i Sante, vivre seuls J He pas"
"fortune Amassée, ou irdtelle ",17045,JErles,PER,MISC,17051,"
bons exemples a léguer, le f"
" d'attendre davan
D
N
TaGe.
- ",17347,Lecure,PER,LOC,17353," aussi:
 Un des prenliers pré"
"onde le veut, cest
bon.ils en ",17552,Aurontun,PER,LOC,17560,".
.
s. Vont.
Je me presemte : "
"ile d deviner, mème pour les
",18265,Grandes,PER,,18272," personnes, c'est que je suis "
"becs. On
voit tressaillir des ",19253,Chales,PER,LOC,19259," tapis.
Tt jesors de la acclam"
"s d la sauvagerie, si jétais
",19590,Moins,PER,,19595," rAisonNable.
i Wais je suis r"
"nre
An5.
 Un bel age! dit mon ",20149,oncle,PER,,20154,". On est dípa
presque un jeun"
"mtle ct lon d cucori toute la
",20218,Candeur,PER,,20225," de l'entance.
Candeur !... Mo"
"oute la
Candeur de l'entance.
",20240,Candeur,PER,MISC,20247, !... Mon enlanre ? Jene me ra
"moire dans tous les coins de.
",20996,Notre,PER,,21001, mdison de Paris : dans les al
ches et que j'arracherais des ,21249,Reurs,PER,MISC,21254,", oil lec rosiers
ont des éti"
niquets chargés de pavés de ,21784,Reirs,PER,LOC,21789,", de ;
porcelaines utiles et d"
it dresser le chien contre la ,21968,Machine,PER,,21975," et la lui
A fait mnettre en m"
"ndu qui disait a ma mère .
- ",22592,Cesont,PER,,22598," des souteneurs, tusai.
 Jai d"
"re m'a procuré uve joic plus
",22847,Grave,PER,LOC,22852,. Il m'a fait voir Cambertd. C
"mbertd. C'érait au Palais de
",22903,Versailles,PER,,22913,", oi se tenait alors l'Assembl"
 se tenait alors l'Assemblée ,22947,Wationdle,PER,,22956,".
La seance élait ouverte qua"
" quand nous Soimtnes Cntrés,
",23012,In,PER,,23014," monsieur chauve, forrikie d'u"
"and nous Soimtnes Cntrés,
In ",23015,monsieur,PER,,23023," chauve, forrikie d'un gilet b"
Chevaux. J'di cru que Cétait ,23157,Gambeltd,PER,,23165,".
Mon père s'est mis cn colar"
"uand ils le met
tent cher les ",23555,Jésuites,PER,LOC,23564,", mais qu'il doit leur obéir "
"ns lauguste cnceinte, dans le
",24234,Sanctuaire,PER,,24244, des lois ! J'en suis cncore t
", au moins quelquelois. Et le ",26586,monsieur,PER,,26594,"
4
d

N.
LE VOLEUR
 chauve, en"
"s, me représenter Un homme d'",26875,Etat,MISC,,26879,", cest
Son visage que j'évoqu"
"ent justi
hées, ce n'est pas ",27067,Cammbettd,PER,LOC,27076,", ni meme M. Thiers, qui
Syimb"
" n'est pas Cammbettd, ni meme ",27086,M.,PER,,27088," Thiers, qui
Syimbolisent pour"
"dux yeu narguois, qui dit tou
",28551,Jours,PER,MISC,28556," que le Code estformel.
 Le Co"
" ligd
Tures auy Consonnes.
-- ",28899,Le,MISC,,28901,". Code estformel
i J'écoute C"
"in d'ocil, men d radicalement
",29339,COwrige,PER,MISC,29346,".
. Mne faut pas mangertes ong"
" mange ceux des autres, si tu ",29500,Veur,MISC,,29504,"
etsi tu peun, mdis les tiens "
"ide aux rapports des homines,
",30895,Dénétrer,MISC,LOC,30905, les bienfaisants clets de ce 
"tion dont j'apprends d menor-
",31009,Gucillir,PER,LOC,31017,". Won, Ali Baba n'd point épr"
"s d menor-
Gucillir. Won, Ali ",31028,Baba,LOC,PER,31032," n'd point éprouvé, cu pers."
"e
fruit détendu, du jardin d'",31252,Eden,LOC,,31256,", avec une emotion plns
Grande"
" lis le
Contrat de louage, le ",31533,Régime,PER,LOC,31540," dotal, beaucoup d'autres
chos"
eux heures que je te cherche. ,32057,Oucstce,PER,,32064,"
Que tu fais ? 7u lis ? Ou'est"
"st Cd..
Ttilpose son doigtsur ",32803,la,PER,,32805," Mdrge.
i Pres veré, je fermn"
"Cd..
Ttilpose son doigtsur la ",32806,Mdrge,PER,LOC,32811,".
i Pres veré, je fermne brus"
"nt le volume. Moni
Grand perc ",32876,Sourit,PER,,32882," Cncore.
 Il faut avoir des é"
" Cesttout,
Cequiresterd de la ",33015,Bociete,PER,,33022,".
Bon, bon. Mous verrons Cd.
J"
"
Assure une situation umique. ",33267,Réputation,MISC,,33278," méritéc,
mon grand père, s"
les domestiques. I pardit que ,33775,M.,PER,,33777," Dubourg s'est
malconduit... L"
"r devant
Mol.
 Dubourg peutse ",33995,Ratter,PER,,34001," d'avoir de la chance,
ditil a"
tretenir ed !... Coinmesous l',34627,Emmpire,PER,,34634," ,Comme
Sous Louis KV I... Et,"
"uconrageant pour les honnetes
",34856,Gens,MISC,PER,34860,", dit ma Mnère. On Éprouve u"
" ordres, ici. Et quant d toi,
",35173,Ceoiges,PER,LOC,35180,", si par hasard tu rencontres "
" son journdl, je vois arriver
",35441,M.,PER,,35443," Dubourg. Id domestique, par b"
"lient par le brds.
 Reste la
 ",35809,M.,PER,,35811, Dubourg parle depuiscing minu
"épondrien.
Rien, pas un Mot.
",36032,M.,PER,,36034, Dubourg continue. Il dit que 
"us importuner plus longtemps, ",36941,M.,PER,,36943," Randal: je vais
Yous quittet."
"ux doigts dans
Cette main ld.
",37108,Adicu,PER,LOC,37113,", Monsieur.
alors, M. Dubourg "
"n ld.
Adicu, Monsieur.
alors, ",37132,M.,PER,,37134, Dubourg est parti. Il s'en co
"est parti. Il s'en cot alle a
",37173,Grandes,PER,LOC,37180," cnjambées, le dos voité com"
"la suivi, le museau au
Eir
AE ",37344,VOIEUE,PER,LOC,37350,"
73
ras dusol, lui Rairant les"
d'être un cancre. Je suis un ,39102,elêve,PER,,39108," i
médiocre. J'erre mélancol"
"sit sloria mundi, soupire mon ",39248,oncle,PER,,39253,", quii
ne sait pas le latin, m"
"asque du7 passants.
Cest mnon ",39408,oncle,PER,,39413,", d présent, qui veille sur m"
" présent, qui veille sur mes
",39446,Jennesannees,PER,MISC,39458,". Mles parents sont morts, ct "
"rts, ct il m'a été :
Conné ",39510,Comline,PER,,39517," THICNE.
- Une tutelle parcill"
", d ces yeux.1d. Des yeux qui
",40113,Grossissent,PER,LOC,40124, les gens qu'il déteste : qui
"nées et transformées cn ran
",40752,Ccunes,PER,,40758,", ne gernierdient point des ha"
"́c me supplicie.
Je. hdis mon ",41871,oncle,PER,,41876, : je le hais d'une haine terr
"ant i moi que le bandit a la
 ",42199,Victime,PER,MISC,42206, qu'il détrousse... Les robes
". Les robes de sa fille, ma
i ",42255,Cousine,PER,,42262," Charlotte, qui commence d por"
"bes de sa fille, ma
i Cousine ",42263,Charlotte,PER,,42272,", qui commence d porter des ju"
"mence d porter des jupes -i
i ",42311,longues,PER,,42318,", c'est moi qui les paye, et l"
" paye, et l'argent qu'il me i
",42367,Lonne,PER,LOC,42372,", toutes les semaines, c'est l"
", cher lui, le dimanche, les
 ",42530,Morceaux,PER,,42538," m'étranglent, j'étoutte de "
"e n'a point donné, par i
SeS ",42972,Comparaisons,PER,,42984," Ciuelles, le contrepoids des "
"́pris.
 Mais ce n'est pas mon ",43322,oncle,PER,,43327," que je méprisc, je
continue "
"̀re le carredul brouille des
 ",44834,Conventions,PER,,44845," hypocrites, avec permission d"
"noi - et tant pis pour moi
Si ",45559,Cestun,PER,,45565, épouvantail qui gisdit sous 
"mbre, il n'emporte :
plus les ",46406,Reurs,PER,,46411," des plantes, il charrie les o"
"t encore: je sdis qu'ilfaut .
",47670,Vivre,PER,,47675,".
Je sais qu'il faut avoir une"
"Scilavant, ni pardon apres. - ",47806,Jesais,PER,,47812," que les années
que je dois e"
"Je sdis que ce i

 d dr de
LE ",48065,VOIEUR,PER,,48071,"
79
qu'on menscignerd ne me se"
"i, depuis, une certaine recon
",48698,Naissance,PER,,48707,. Il y a beducoup de bonnes ru
"ds donc cetre Elistoire f
des ",50071,Morts,PER,,50076," - Tout Cd, c'est les procès "
"procès verbaux des.
vicilles ",50128,Morques,PER,,50135, - cette tlistoire des Morts q
Morques - cette tlistoire des ,50158,Morts,PER,LOC,50163," qu'on i
nous cnscigne en déd"
igne en dédain des Actes des ,50211,Vivants,PER,,50218," -
CotIe on nous Condainne d l"
Tlissante en haine du travail ,50300,manuel,PER,,50306," quifortifie.
V'interprete en "
"cre pour faire, du contenu de
",50682,Volumes,PER,,50689, généraleinent Conscienciens
"nu de
Volumes généraleinent ",50706,Conscienciens,PER,,50719," et quon trouve
paTtont, des t"
"u triomphe de César.
lempire ",52244,Rornain,PER,,52251," sétablit, i md Srande joic ,"
"mpire Rornain sétablit, i md ",52268,Srande,PER,MISC,52274," joic , cétair
nécessdire, u"
etre juste: les invasions des ,52387,Barbares,PER,MISC,52395," ont
cu du bon, pourquoi pas ?"
" Ct
que c'est fortheureny que ",52532,Jeanne,PER,,52538," d'Arc les dit chasses
de Fran"
 i un grain de sable : Que la ,52655,Revolution,MISC,,52665,"
trancaise fut un grand mouvem"
"ort Raphael pour
les loges du ",53095,Vatican,PER,LOC,53102,", que j'ignore : MichelAnge,
p"
"'ignore : MichelAnge,
pour le ",53139,Jugement,PER,,53147," Dernier, que je n'ai jamais V"
" MichelAnge,
pour le Jugement ",53148,Dernier,PER,,53155,", que je n'ai jamais Vil.
Boil"
"e te leement  eisinces,
a dit ",54058,Emnerson,PER,LOC,54066,", ct le monde entier viendra a"
olonté. Une volonté que mes ,54258,Chagrins,PER,MISC,54266,"
furicun ont rendue dpre,. Et "
s facilemnent. le mépris des ,54514,Vaincus,PER,MISC,54521,".
Des Vaincus... J'en vois par"
". le mépris des Vaincus.
Des ",54527,Vaincus,PER,,54534,... J'en vois partout. Ces umi
"out cd. peine, pourtant, pour ",54984,Sagner,PER,MISC,54990," si vic,
 Toulela pilule ainè"
ère dans la pate sucrée des ,55048,Marottes,PER,LOC,55056,",
dans la poudrerose des dadas"
"emient l'intensite du teytc.
 ",55233,Jescrre,PER,LOC,55240," le texte : je l'etripe , je l"
"l'autre , n'ayer. pas
Neriote ",55336,Mosese,PER,,55342, (d dete minre de eueveeusiée
"e le casque ;'Er le pétase,
 ",55482,Messicurs,PER,MISC,55491, ! Inutile d'aller plus loin..
"leine.
.- Mon ami, me dit mon ",55646,oncle,PER,,55651," quand j'ai quite i
I
-
LE VOL"
"pede libero, avec un dipldmne ",55729,Ratteur,PER,LOC,55736," et fort
utile sous le bras, t"
 des yeuz couleur d'acier. Sd ,56179,Ligure,PER,LOC,56185," J Um ta
bleau de ponctuation "
"́tudes , tu con-
Mais la vie, ",56699,Choisis,PER,MISC,56706,".
Nou, je ne conndis pas la vi"
"ellente idéc, dir mon oucle. ",56971,Peutetre,PER,MISC,56979," d5 t
 Taison de ne point te d"
oule de crimes mne Faudrd-til ,58288,Comiettre,PER,,58297," ?...
Quatorre ans ! Mais Cd p"
"scroque
ries !... Id prison ? ",58481,Jy,PER,LOC,58483," suis habitue. Gil me serait
b"
aurais micun dime tresser des ,58704,Chaussons,PER,MISC,58713," de 1i
sières que de monter l"
"ujours lui qui fait la votre.
",59419,M.,PER,,59421, Lssacar compte begucoup sur m
mitie intelligente libremient ,59561,Choisie,PER,,59568,",
lorsquon n'A connl pendant l"
" hasard des promnis-
cuités. ",59682,M.,PER,,59684, Issacar est un homnmnc habile
"m'i cxposé des plans dont la
",59783,Conception,PER,,59793, dénote une Viste expérience
"ont la
Conception dénote une ",59806,Viste,PER,,59811," expérience. Il n'est guere
i"
"ien, iaiscela n'interesse per
",60920,Sonne,PER,LOC,60925, et ne vous assure aucun titre
"aitesvous faire des Cartes de
",61508,Visite,PER,,61514,. Creer.yous ingénicur. Vous 
"s nou5
Cntendons.
Je le sdis. ",61637,Essacar,PER,,61644, d une grande idéc. II veut c
"collections de
timbres poste. ",62451,Issacar,PER,MISC,62458, d su se faire beaucoup d'amni
numnent qui n'a plus de base. ,64081,Ia,PER,,64083," Mordle
doit évoluer, comne t"
nent qui n'a plus de base. Ia ,64084,Mordle,PER,LOC,64090,"
doit évoluer, comne tout le "
"ers infini et uni-

 28
--
LT ",64379,VOLEUE,PER,MISC,64385,"
que, devait entrainer la meta"
"correcte devant le
eriterinmn ",64732,Conserve,PER,MISC,64740,", prend les allures d'une pror"
". o Et dans
Quicèse Megceule ",65069,Cate,MISC,,65073, 1 ue Mosniceies tes e e diene
"s
Quicèse Megceule Cate 1 ue ",65079,Mosniceies,PER,,65089," tes e e diene
 indiquent la d"
"ai visiré les pré i
toires. ",65565,Monsieur,PER,,65573,", C'estabsolument piteux. Mais"
"ux. Mais com
aae uaue uta e, 
",65625,Sequences,PER,LOC,65634, d'un pareilétat de choses so
"́prise pas ton corps i,
A dit ",66400,Esaie,PER,,66405,". Monsicur, je ne connais poin"
"point de parole
plus haute. - ",66461,Riche,PER,,66466," ! ne méprise pas ton corps, "
"ou prochain sans mépriser to
",66710,Corps,PER,,66715,. Pauvre ! ne méprise pas ton
"ornent qu'il est
obligatoire. ",67740,Obligatoire,PER,,67751, ! tout l'est d présent. inst
"ne coinme Cd peut étre darl-
",68535,Gereux,PER,LOC,68541,", je laccorde, pour ceur qui v"
" un Mauvais tour
de la part d'",68803,Issacar,PER,MISC,68810, : je ne redoute pas qu'il veu
"ique, le condamnneront, je le ",69758,Crains,PER,LOC,69764,", AuK
avortements d perpéruir"
"ruire.
Il sutht de regardersa ",69820,Egure,PER,,69825," pour s en convaincre. i
Le lo"
 Symbolisent les ercès de la ,70045,Propriete,PER,,70054,", dévoratrice
d'ellemême, di"
"même, dit Proudhon, mais les ",70105,Cheveur,PER,LOC,70112," ne
désirent pas le bien du p"
", Edouard
Montareuil, que mnd ",71857,cousine,PER,,71864," Charlotte Va se Marier.
fas u"
"d
Montareuil, que mnd cousine ",71865,Charlotte,PER,,71874," Va se Marier.
fas un mauvais "
". :
Plutot un peuémèché... ",72638,Peutetre,PER,LOC,72646," que la dékinition.
n'estpas "
"nsoir, et me diri demi
VOiK:
 ",72881,Viens,PER,,72886," apres demain matin, A dix heu"
 mes comptes de turelle. Bois ,72968,Cxact,PER,LOC,72973,".
Diable ! Il paraitique c'est"
"mptes de turelle. Bois Cxact.
",72975,Diable,PER,,72981, ! Il paraitique c'est pressé
"hevrotante du tauxbonhomine :
",74444,Cllesonne,PER,LOC,74453, comnme le ricanenlent du carn
" de la civilisation, son etat
",74713,Criminci,PER,LOC,74721, latent (qui lui laisse dans l
"n, si clle hui semblait. plus
",74879,Logmatique,PER,LOC,74889, et moins facilement misérico
"m leurs chevsux plutot que de
",75231,Jeur,PER,LOC,75235, donner une musctte d'avoine. 
"sait bien
que ce n'est pas Sd ",75523,Cassette,PER,MISC,75531," qui d de besux yeux, Car
il s"
" pent creer
et qui peut tuer, ",76229,Conne,PER,,76234, la reincarnation existante et
", que l'argent ne Sc.
39
A LE ",76443,VOLEUR,PER,MISC,76449,"
rreproduit que très difhcile"
ennesreprendre la place quils ,77277,Occu-,MISC,LOC,77282,"
paient. Cet apre désir de do"
"es forces des autres, et la :
",77565,Iurure,PER,LOC,77571,", qui lécarterait sans cessc "
"i
siere : fort jolie surtout. ",77921,Mon,LOC,,77924," oncle, le leademain du
 maria"
ere : fort jolie surtout. Mon ,77925,oncle,PER,,77930,", le leademain du
 mariage, pr"
" qui metsur
 Le visage de mon ",78365,oncle,PER,,78370,", parfois, Un voile de tristes"
" dans les tumées d'un grand,
",78796,Couleversement,PER,LOC,78810,", vers la hn du siècle. - Car"
"lorgucil et de la luzure, que ",79793,la,PER,,79795," séniliré exd-
Pere en horte"
"gucil et de la luzure, que la ",79796,séniliré,PER,LOC,79806," exd-
Pere en horteur.
N
Mais "
"uzure, que la séniliré exd-
",79812,Pere,MISC,PER,79816," en horteur.
N
Mais cenestpas "
"sseseulement qu'inspire
d mon ",79888,oncle,PER,,79893, cette vision décourageante d
"
etre. Un jour, prochain sans ",80239,Joute,PER,MISC,80244,", il arracherd le.
mdsque. et "
"oismne jusqu'a la prodigalire
",81049,Stupide,PER,MISC,81056,", et qui voudrd, en dépit de "
" tristes du MoyenAgc. Combien
",81208,Jeutil,PER,LOC,81214,", derrière la pierre des donj"
"ère la pierre des donjons, d'",81251,Ames,MISC,,81255," basses,
indis vigourcuses, qu"
"es
et que le sort condamnnd d ",81345,Noyer,PER,,81350," leurs visions hautes
et tragi"
"t lorsquon croit, comme mioil ",82128,oncle,PER,,82133,",
que l'age est proche ou l'au"
est proche ou l'autorité des ,82175,Manicurs,PER,MISC,82183," dor
va balayer toutes les aut"
"́ricains, dit mncn oucle avec ",82383,Colere,PER,LOC,82389,",
quclles leçons ils donnent "
".
taire, ditil, des Crésus d'",82515,Outre,PER,,82520," mer. Ce systémle,
nême, il "
 bienfaisance et soutient des ,82760,Ceuvres,PER,MISC,82767," philan
thropiques. I fait du "
"clui, et lorsqu'il a dir
 a l'",83332,abbe,PER,,83336," Eamargelle qui, depuis quelqu"
"l ne
faut pas plaisanter avec ",83731,M.,PER,,83733," Urbain Randal.
Mais Ga, c'est"
"e
faut pas plaisanter avec M. ",83734,Urbain,PER,,83740," Randal.
Mais Ga, c'est une re"
pas plaisanter avec M. Urbain ,83741,Randal,PER,,83747,".
Mais Ga, c'est une règle qu"
"les mécomptes, dénombre les
",84181,Crreurs,PER,MISC,84188,", waigue les illusions, disseq"
s actes. C'estle ingement des ,84277,Morts,PER,MISC,84282,".
les mains dures font craquer"
a Sentence en conndissance de ,84470,Cause,PER,,84475,". Widis je ne VeuK
pas les lir"
"cllerouge, cornés aux coins,
",85173,Jaunis,PER,LOC,85179," par le temps, pleins d'une od"
". Mlain-
tenant, passons d Md ",85378,Gestion,PER,MISC,85385,".
Tlle a été toute naturelle"
"t
internationdus, les fonds d'",85573,Etat,MISC,LOC,85577," les imnitant de leur
inicuz, "
"mnitant de leur
inicuz, tnoM. ",85613,Oncle,PER,MISC,85618, d été conduit a rechercher 
"? Combien de Lois, plutot, la
",86854,Gucule,PER,LOC,86860, toujours béanie de la spécu
"l'aime plus que he l'aime
mon ",87268,oncle,PER,,87273, ! Chaque parole qu'il prononc
"l je pourrais le prendre a la
",87456,Gorge,PER,,87461, et lui crier : A Menteur! Vol
rge et lui crier : A Menteur! ,87488,Voleur,PER,MISC,87494,"! n Cestdu
jourd'hui, ce jour "
"d fortune, d ch cxpliquer les
",87810,Ructuations,PER,LOC,87821,. Mais sd voix n'est plus la m
que ce désastre de la Banque ,88432,Turopcenne,PER,,88442,"... Jiii
pense que lorsque tu "
"nce..
Je ne réponds p25. Mon ",89564,oncle,PER,,89569," reprend:
 J'ai donc, anjourdh"
"s.
. Cestpossible, repond mon ",89904,oncle,PER,,89909,". Lis un jour.e
ate du phaiée"
"otées en Bourse,
hi memne en ",90048,Banque,PER,ORG,90054,. Lorsque je m'en suis rendu d
"ae sapées le vin Cort 1ai pe
",90141,Naturellement,PER,,90154,".
 Tu n'as aucune reclamation "
"se que md
taciturnité et mon ",90570,Regme,PER,LOC,90575,", ilne sdit point ce qu'ily
a "
"ilence, c'est linconnu, ct sd
",90709,Mature,PER,MISC,90715, nctveuse ne peut pas supporte
"quon me fasse grace, moi.
Mon ",91200,oncle,PER,MISC,91205,", ne faites aucune attention d"
"ues lignes que. je signe. Mon
",91370,oncle,PER,,91375, s'est rassis pendant que j'é
"chant
d percer mon front et d ",91560,Scruter,PER,,91567," md pensec.
 J'ignore ce que t"
"e, il ny a rien
de tel que le ",92058,Respect,PER,LOC,92065,. J'en di fait l'expérience. 
espect pour toutes les choses ,92130,Etablies,PER,ORG,92138," , toutes les
42
LE VOLEUR
reg"
re vre. Montesquieu d ecrit l',92270,Esprit,PER,,92276,"
des Lois ; il est inutile, n'"
" escient. Rappelle toi
Que le ",92608,Petit,PER,,92613, Poucet A retrouve son cheinin
". Et je saurdi, dussi,
que le ",92800,Respect,PER,LOC,92807, est un chat malfaisant et san
 de rres vil et tres puissant ,92944,Scigneur,PER,,92952,"
Prudhomme de Carabas.
- Viend"
 Viendras tu ce soir chez les ,93006,Montarenil,PER,MISC,93016,". me
Lemande mon Oncle.
 Non, "
"es Montarenil. me
Lemande mon ",93033,Oncle,PER,,93038,".
 Non, je ne crois pas.
 Ju l"
"e crois pas.
 Ju le devrais : ",93080,Mme,PER,,93083," Montareuil est Charinante
pou"
"une personne grave, avec une
 ",93523,Egure,PER,MISC,93528," en violon, une voix de crecel"
"mmodés.
 Oui, Monsicur...
N.
",94094,Mononcle,PER,,94102, paile de Vintention qu'il a d
"sicur...
N.
Mononcle paile de ",94112,Vintention,PER,,94122," qu'il a de faire re-
nnonter "
"
tareuil, que ces perpétuels ",94290,Changements,PER,,94301," de mode dans.
la joaillerie! "
"n-
Care pue moli e qusiure de ",94654,Gooie,PER,MISC,94659,", ad e ie 
m'dsslre, sans rire"
"la broche. Qu'en dites-Vous d
",95114,Beaucoup,PER,,95122," de bien, naturellemment. Pour"
"urses. Vous viendren.
Aussi d ",95357,Maisons,PER,,95364," Lahitte, j'espère, monsieur "
"d Maisons Lahitte, j'espère, ",95385,monsieur,PER,,95393," Georges ?
 Non, Wadame, je le"
" Lahitte, j'espère, monsieur ",95394,Georges,PER,,95401," ?
 Non, Wadame, je le regrett"
"is j'ai déjd
expliqué d mon ",95466,oncle,PER,,95471, lesraisons quine me permetten
"re d'Issaçar qui m'appelle
a ",95647,Bruvelles,PER,MISC,95656,". Wlais, surtout je ne tiens p"
"uvelles. Wlais, surtout je ne ",95679,tiens,MISC,,95684," pas d allermn'en
uyer, pendan"
"etour. C'est si
joli, Maisens ",96165,Lahcte,PER,,96171, ! Et les courses ! Ouciqne Ch
"es Eglises en construction au
",96619,Thibet,PER,LOC,96625, ne me disent rien de bon; et 
"
 Alors, Monsicur ne va pas d ",96784,Maisons,PER,,96791," Catitte de
main, me ditclle d"
"dun portes, petifesoubrette
- ",96891,Commeautheatre,PER,,96905,", repond-clle enbaissant lesye"
" vaispas, ct je nesuis pas le
",96991,Seul,PER,,96995,: Carilparaitqu'on vousconkela
"ersuader. Je ne partirai pour
",97349,Bruvelles,PER,LOC,97358," qu'apres-demdin matin, et la "
oncle dans une colère blene. ,97628,Mme,PER,,97631," Montareuil, que
j'avdis renco"
" de l'escalier, avec son Kls,
",97704,Coinine,PER,LOC,97711," j'entrdis, tendit son mouchoi"
"
avaient l'air fort AfRigé.
 ",97888,Mademoisclle,PER,,97900," Charlotte ne se marierd pas, "
"r fort AfRigé.
 Mademoisclle ",97901,Charlotte,PER,,97910," ne se marierd pas, Mnd
 ditlu"
"t quid suivi
mon départ pour ",98171,Bruvelles,PER,MISC,98180,", par le fait - les voleurs
So"
"t tout enlevé,
Tout, titres, ",98277,Valeurs,PER,ORG,98284,", bijoux. Lesecrétaire de Htm"
"s en oulaie damebaue, Ceeles
 ",98621,Desbalayeursontdonne,PER,LOC,98641," le signdlement de l'un deux,
"
" avecun pardessus vert et une
",98725,Casquette,PER,,98734," NoirC.
 Erlon n'a pas rctrouv"
"douc personme, cette nuit l2,
",98869,Cher,PER,LOC,98873," Mme Montareuil .
 Si, Warguer"
"personme, cette nuit l2,
Cher ",98874,Mme,PER,,98877," Montareuil .
 Si, Warguerite,"
"2,
Cher Mme Montareuil .
 Si, ",98896,Warguerite,PER,ORG,98906,", la femmne de chambre. Mais c"
"dait, d mon avis. Si le vieun
",99329,Montarenil,PER,LOC,99339, avait cncore été de ce mond
"e
la Digestion. Economnique ; ",99699,Mme,PER,,99702," Montareuil aussi d e
 onjours"
"e tres charitable, ajoute mon ",99765,oncle,PER,,99770," qui ne f
Se Sonvicnt plus de "
" ajoute mon oncle qui ne f
Se ",99783,Sonvicnt,PER,,99791, plus de ce que je lui di ente
", les
bens qu'elle aimerait.
 ",100731,Peutetre,PER,LOC,100739,". En tous Cds, on peutretrouve"
"te dire son nomn, répond
ion ",102156,oncle,PER,,102161," , il ne l'apprendrait rien. C"
"s la scule, je pense,
dit mon ",102405,oncle,PER,,102410, en haussant les Epaules... Gd
"iturs au coin de la rue, vers
",102882,Jnrc,PER,,102886," hcures, le soir du vol...
 Qu"
"qu'estce qu'il erair d
 Unpas ",102969,Grandchose,PER,,102979,". Un de ces faux artistes de
o"
"on pas arrèté I Iln'A pas.
 ",103264,Leparucher,LOC,MISC,103274, lui ? On ne l'a pas retrouvé
"
trouvé - Avanthier, dans la ",103381,Seine,PER,LOC,103386,". - Crime ou sui-
cide : Crime"
"- Avanthier, dans la Seine. - ",103390,Crime,PER,,103395," ou sui-
cide : Crime, certain"
"Seine. - Crime ou sui-
cide : ",103411,Crime,PER,,103416,", certaincmnent. Il n'avait pa"
uiont rerelésonintimitéavec ,103600,Mfine,PER,LOC,103605," Mon-
tareuil.
 Cen'est donc p"
" clle qui a donné les rensci
",103667,Gnements,PER,MISC,103675," d
 Fhled Pas du tout. Atclle "
". Mdis pour-
quoi diable, mon ",104292,oncle,PER,,104297,", me raconter yous une pd
rcil"
ur un cnlant ? Est ce que jdi ,104539,Chabirude,PER,LOC,104548,"
d'invenier des contes I' Turi"
"aire trembler, ces choses laI ",104643,Penser,MISC,,104649," que des
capitalistes, des pos"
ssi bon marché du bien de la ,104799,Caste,PER,LOC,104804,", sacrifient
ses intérêts su"
centmille francs d'Oui sait J',105066,Peutetre,PER,,105074," cntre les
miins de perturbate"
sation ; c'est permettre a la ,105513,vieille,PER,,105520,"
barbarie de préraloir contre"
"utionnaire
 Calmner-vous, mon ",106046,oncle,PER,,106051,". D'abord, ces titres,
CeuX qu"
"es
Choses ?
Mon oncle tire sd ",106590,Montre,PER,MISC,106596,".
 A. lheure actuclle, oui. Fl"
 ce qu'elle ne sait pas. Elle ,106859,Ecoute,PER,MISC,106865,", :
en pleurant ses péches. O"
e de ce mariage manque et des ,107780,Circons,PER,MISC,107787,"
tances qui en ont dmenela rup"
 je le sais depuis lonstemps. ,107886,Depuis,PER,,107892,"
le jour, du moins, ou j'ai co"
 dans la caverne des woleurs. ,109560,Cher,PER,LOC,109564," les
etres faibles, l'égoisin"
"a jeune kille une
froideur de ",109902,Glace,PER,LOC,109907,".
 La pauvreré rend précoce,"
"kille une
froideur de Glace.
 ",109910,La,PER,,109912," pauvreré rend précoce, cell"
"oute cspèce d'enthoil
Sideme ",112329,Vrai,MISC,,112333,", la pitie laroyante et bavard"
"oir sous les arccdur gris des
",113512,Vieus,PER,,113517," coitres , je la devine dans s"
"rs qui nc patlent pas ,
54
LT ",113632,VOLEUR,PER,MISC,113638,"
dans sd voix, d'un timbre aus"
"i seul. Il me semble que je
. ",113886,N',PER,,113888,"entends quelle, depuis ces tro"
"ur d'ordge,
dans le jardin de ",114112,Maisons,PER,,114119," Lahtte, oil sd robe blanche
f"
"́... ou je suis tombé
a deux ",114318,Genouy,PER,LOC,114324," devant clle, avec des mdins g"
"voulue, moii Pourquoi estelle
",114920,Venue,PER,,114925," ici, clle ? Pourquoi revientc"
"rnis. On dirait qu'il y A toU
",115176,Jours,PER,,115181, ull fantomne cntre nous... Ah
"ideuce et vicille,
- vieille, ",116410,vieille,PER,,116417,"...
J'ai conscience qu'elle n'"
"si je perrifais s2
eympathie, ",116589,Comnine,PER,LOC,116596, si quelque Chose nous forģai
". Chague fois, quand clle est
",117302,Tenue,PER,MISC,117307,", ca cté un elan vers clle, e"
"arler sans m'inter.
rompre. y ",119347,In,PER,LOC,119349," n'auras pas ma klle, mn dtil "
"pposee
regrctter profondement ",120188,Edouaril,PER,MISC,120196,", ct on m'imnagine
Générdlem"
"le venille ou nou!... Flle ne
",120802,Sera,PER,,120806," indjeure que dans deux An5, c"
"aitresse.
 7d...I A Crie mnon ",121191,oncle,PER,,121196," ci sursautant, car ilde
Senti"
s sd voix n'd pas tremblé. u ,121514,Votre,PER,,121519," situdtionl, dt
l dit, je puis"
ité... I J'ai bondi vers mon ,122379,oncle,PER,,122384," et je I'aiempoi
Gné par les "
"ais pas Mn. lache, Comie tous ",122883,Ceu,PER,,122886,"
qui se laissent piller par de"
"rs
Sans noinl pour clle, pour ",123951,Mroi,MISC,,123955," - Ct pour vous
aussi. i Je in"
" faire. Lu
mes inditférent - ",124204,Comine,PER,,124210," tous les gens qvi ne
Deuvent "
"ruinerait mor crédit, et, la ",124428,Mariant,PER,LOC,124435," avec
une dot, je ne puis la d"
"sser,
elles sont la base de l'",124679,Ordre,PER,,124684," universel, quoique tu cn
puis"
uisses dirc... Lu viens de te ,124741,Comporter,PER,MISC,124750," en Sduvage ;
mnoi, je te parl"
"harlorte ;
tu peux ld garder. ",125052,Viver,PER,,125057," en concubinage, si vous
Voule"
"s sur Guclque chose, du loin,
",125987,Nere,PER,LOC,125991, (eritoi orse eat dame ̀ anen 
" ! Je ten
Prie, disle moi, si ",126153,Cruel,PER,,126158," quece doive etre.
Je dégage "
"jours. Leur existence me dé-
",126907,Goure,PER,LOC,126912," , ct, dégout pour dégout, j"
"ur vic. J'ai... Tu sais, le ;
",127022,Volcommischer,PER,LOC,127035," Moe Montareuil, ces quatre ce"
"́s la nuit. Th!
oecharlotte s'",127140,Elance,PER,LOC,127146, vers moict me pose sa miain s
"it dsscoir sur le divan et me
",127326,Gette,PER,LOC,127331," ses bras autour du con.
 Lu n"
"s... Hon,
non, ne len wd pds. ",127653,Reste,PER,,127658,". Alete miets pas en colère.
"
"me delivre de son etreinte.
i ",128012,Ilfallait,PER,MISC,128021," re détendre, alors, puisque "
 pour moi! Ce n'est pas de la ,128107,Sympd,PER,LOC,128112,".
E
N
thie que je te demandais"
"ans des livres, derrière des
",129942,Turs,MISC,LOC,129946,", au licu de faire l'apprentis"
a laissé dsse2 d'argent pour ,130148,Me,PER,,130150,"
 permnettre d'agir en larron "
" cmpoignée ce soir par des i
",130804,Sendarmes,PER,LOC,130813, que ton père aurd lancés co
"is je.
Lorsque les voleurs se ",131806,Scront,PER,,131812," multipliés d. tel point
que "
" par l'autre, et, quand il se
",132262,Scront,PER,,132268, débarrassés des bandits qui
" dans mes bras.
 Fhl bien, si ",133019,tu,PER,,133021," mlaimes, Charlotte, ne me de-"
"ns mes bras.
 Fhl bien, si tu ",133022,mlaimes,PER,,133029,", Charlotte, ne me de-
mande p"
" Meme
-onamaue, Mlais u ce ue ",133227,Merene,PER,,133233," e a i er e
64
LE VOLEUR
  d
Y"
"ce ue Merene e a i er e
64
LE ",133251,VOLEUR,PER,,133257,"
  d
Youdrais pouvoir te dire "
N'es pas ds5e2 forte pour mne ,133957,Suivre,PER,LOC,133963,".
Charlotte devient pale, pile"
"é ! Vatenl Va
tenf...
Alors, ",134411,Charlotte,PER,,134420," sen Vd, toute droite. Et pend"
"lendemain matin, a la gare du ",134789,Word,LOC,MISC,134793,", au mo.
ment oi je vais prend"
je vais prendre le train poyr ,134840,Bruvelles,PER,MISC,134849,", que
ae Mehaagsfdur l'epaule."
"
 Vous parter en voyage, Cher ",134930,monsieur,PER,,134938," ?
a
 LE VolEUR
65
 Qui : pour"
" Providence sont insondables.
",135606,M.,PER,,135608, Edouard Montareuil est bien a
"ovidence sont insondables.
M. ",135609,Edouard,PER,,135616, Montareuil est bien allecté.
"
l'autre jour sur la route de ",135833,IEnsritut,MISC,,135842," Pasreur. Id
Science est une g"
" continue l'abbé en me plon.
",136232,Geant,PER,ORG,136237, Subitemnent ses regards dans 
"agon, j'aperçois sd haute si
",136596,Thouette,PER,LOC,136604, noire quidisparait au coin d'
"léricd
listme c'est l'ennem.
",137018,Jy,PER,LOC,137020, reléchis pendant que le trai
"Accapd
reur, Concussionndire, ",138080,Cambrioleur,PER,LOC,138091,", taussdire ou Cs-
Croc, C'est"
"oite, le larron hors la loi d ",139114,Gauche,PER,,139120,", et
Jesus la bonté mé̂ine, "
"stitués, du milicul. Seule-
 ",139235,Ments,PER,,139240," Quand on a dit cela, ou na p2"
"́
ficures de son agencemnent. ",139417,IIy,PER,LOC,139420," a Reurs et Reurs,
 bien que, "
res de son agencemnent. IIy a ,139423,Reurs,PER,,139428," et Reurs,
 bien que, primordi"
n agencemnent. IIy a Reurs et ,139432,Reurs,PER,MISC,139437,",
 bien que, primordidlement, "
"ment, toutes les parties dela
",139491,Reur,MISC,LOC,139495, soient des feuilles ; et il y
"ue je ne
eroisdu criminclné. ",139821,Cesont,PER,LOC,139827," la des mensonges. Con
Tention"
"corruption engendrée
aoe cec ",140077,Miseucdte,PER,,140086, (e e ansde ui ecnes aese d eo
"t point de doutes d Ce
Sujet. ",140345,M.,PER,,140347, Alphonse Bertillon dssure mem
"oint de doutes d Ce
Sujet. M. ",140348,Alphonse,PER,,140356, Bertillon dssure meme qu'on p
"s étres placé̀s dès leur i
",140451,Jeunesse,PER,,140459, dans Ces conditions qui sont 
"nmes tous plus ou moins, une
 ",140553,Centaine,PER,LOC,140561, d'hommes devenus. ct restés 
"pour base d'apprécis.
Tiom.
 ",141253,Biencutendu,PER,,141264," , le Code, c'est la conscienc"
les uns sont toujours prets a ,141924,Commettre,PER,,141933," rous les
actes contraires d l"
"ent désespèré de.
Vant les ",142760,Lables,PER,,142766, de la Loiqui cervent de socle
"caparer toute la terre, d Mo-
",143023,Mopoliser,PER,MISC,143032," toutes les valeurs, d dsservi"
"emblable,
et les Mtopistes du ",143359,Socialisine,PER,,143370," la parachevent. Mais ld
tenta"
"squer, ne réussirait pas, et
",143455,Yoici,PER,,143460, pourquoi . il y a toute une c
", et même étymologiquement.
",143823,Nold,MISC,PER,143827,", Cd ne veut pas dire : une se"
"tés ordindires, une sorte de ",144413,Bachi,PER,,144418," Bourout
Au capitalisme. C'est"
"néralement la signilication, ",145332,Comlne,PER,LOC,145338," on
ignore la raison d'ètre d"
diate de la mise en train des ,146049,Mduvdises,PER,,146058," machines
Gouvernementales, un"
comtne un bouc emissdire pour ,147790,Assurer,PER,,147797," d ld
loiune sanction indispen"
"ne la nécessire de l'audace.
",148639,Leciel,PER,LOC,148645," même, dit l'evangile, appart"
e ravissent. Violenti rapiunt ,148741,Illnd,PER,,148746,". Cue penser
vous de cette pro"
"y a de plus Curieux,
Cest que ",149241,Cerespect,PER,LOC,149250, qu'il ressent de moins en moi
"le
larron auginente en raison ",149777,Czacte,PER,LOC,149783," du mépris Croissant
pour la "
écédents. larcins. II n'y A ,150765,Gunne,PER,MISC,150770,"
opinion publique, voyervous :"
"voyervous : C'est celle de la
",150819,Bourse,PER,LOC,150825, : clle donne sd cote tous les
"t come si clle vous avai
dit. ",151256,JLu,PER,,151259, risquerds Cette somine dans u
squerds Cette somine dans une ,151292,Cnireprise,PER,,151302,"
Quelconque, et tula perdras, "
" ne mangent pas tout a fait d
",151623,Leur,MISC,,151627," faim, sont vetus presque sufh"
" vetus presque sufhsatninent, ",151668,Compen,PER,LOC,151674,".
sent l'absence des joies qu'"
erspecrive était emgageante. ,151922,Méanmoins,PER,LOC,151932,", clle
ne m'attirait pas. J'é"
"sé par une force que
wous ne ",152477,Conndisser,PER,LOC,152487," pas, qui n'est point hérédi"
"ddinner dsubir routes les in-
",152952,Ruences,PER,,152959," passageres.
omiereon  ris, s'"
"etre un volerir, et rien guun
",154212,Voleur,PER,,154218,"...
Pourquoi. rien qu'un voleu"
"rament. Moi, je pretère les-
",154993,Croquerie,PER,LOC,155002,", pour la mêtne cause, mais j"
"différents peuples, et leurs
",155307,Codes,PER,,155312,", comparer aussi leurs régime"
"Pcatete de ces eds pres, e t. ",155393,Ames,MISC,,155397," de iases ne e
est préférabl"
ne sont point une Sanvegarde. ,155662,Jusquici,PER,MISC,155670,", vous
n'aver commis qu'un wol"
"presgue enfantine, grace d un ",155763,Concours,PER,,155771," de
Circonstarces Cxtraordindi"
"ntine, grace d un Concours de
",155775,Circonstarces,PER,,155788," Cxtraordindires, vous n'aver "
" un Concours de
Circonstarces ",155789,Cxtraordindires,PER,,155804,", vous n'aver méme pas
ttéso"
"ie ne serd peutetre pas très
",156743,Gaie,MISC,ORG,156747,", Ct ne Serd point, surement, "
"r, le boulet de leur origine
 ",157611,Comine,PER,LOC,157617, vous Vous Cinporter. Mle pouv
nt que les honnètes alles du ,157702,Piers,MISC,ORG,157707,"
Etat ont la prétention ridic"
" les honnètes alles du Piers
",157708,Etat,MISC,,157712, ont la prétention ridicule d
"uses femelles et des
poupées ",158380,Convaincues,PER,LOC,158391,", des lemmnes auréolécs d'in"
", enrubannées de jeunesse et ",158462,Reuries,PER,MISC,158469," de jupons
Clairs ---
 Vous en"
"jeunesse et Reuries de jupons
",158480,Clairs,PER,MISC,158486," ---
 Vous en aurer, dit lesac"
cing toutan plus pour aller A ,159420,Notrei,PER,MISC,159426,"
Trender vous. Je mnets ces di"
"uestion n'est pas milre , les ",159720,Belges,PER,LOC,159726,"
J viendront, n'en douter pas,"
"ils
feront ld conquète de la ",159864,Suisse,PER,LOC,159870,", pour créer un port
a ld Cha"
"sse, pour créer un port
a ld ",159897,Chaux.de,PER,,159905," Tonds, Seulement, il faut att"
" créer un port
a ld Chaux.de ",159906,Tonds,PER,,159911,", Seulement, il faut attendre."
" le dis. A present, en route, ",160815,Chantonne,PER,,160824,"
i Issacat en prenantsonchapea"
"resent, en route, Chantonne
i ",160827,Issacat,PER,,160834, en prenantsonchapeau. Le cate
", plongé dans la lecture dun
",161639,Journal,PER,MISC,161646,", nous autorise d l'investir ,"
"
poste sur son Ranc gauche et ",161722,Lssacar,PER,LOC,161729," lui fait face avec
intrepidte"
"uid
80
LE VOLEDE
---
dis.je a ",161827,Issacar,PER,MISC,161834, des que le garcon nous d muni
"res trop courts, une tè̂te d'",162455,Espagnol,PER,MISC,162463,"
de contrebande avec des moust"
rebande avec des moustaches d ,162501,la,PER,,162503," Veldsquer,
le front déprimé"
ande avec des moustaches d la ,162504,Veldsquer,PER,MISC,162513,",
le front déprimé, ride com"
"ustriel, jai ap-
pris par ML. ",162834,Essdcar,PER,,162841, Comibien vous etes désireux 
" jai ap-
pris par ML. Essdcar ",162842,Comibien,PER,,162850," vous etes désireux de
Ttrouv"
"'avis de notre ho
horable ami ",163153,M.,PER,,163155," Lssacar, et je suis heureux q"
" le moins possible. Mon Dien)
",163557,Mton,MISC,,163561, Dieu ! pourvu que ga ne dure 
"d cote de moi, commnence d
LE ",163709,VOIEUR,PER,ORG,163715,"
32
donner des signes dimipati"
"oi
quil cn soit, je puis vous ",164938,Assurer,PER,MISC,164945,", Monsicur, que vo5
paroles on"
"n soit, je puis vous Assurer, ",164947,Monsicur,PER,MISC,164955,", que vo5
paroles ontfait ld p"
d plus gran de impression sur ,165012,M.,PER,,165014," Ran-
Aal. Je conndis MI. Rand"
"n sur M. Ran-
Aal. Je conndis ",165036,MI,PER,,165038,". Randal. Il est peu cxpansif,"
"sur M. Ran-
Aal. Je conndis MI",165038,.,PER,,165039," Randal. Il est peu cxpansif, "
"r M. Ran-
Aal. Je conndis MI. ",165040,Randal,PER,,165046,". Il est peu cxpansif, Comme
t"
"on... Il ne sagit p2s
ici des ",165703,Bitumes,PER,,165710, du Marocou du percement du Ca
" sagit p2s
ici des Bitumes du ",165714,Marocou,LOC,,165721," du percement du Caucase,
 Sav"
es du Marocou du percement du ,165738,Caucase,PER,LOC,165745,",
 Savervous. C'est une affair"
" cn d pour moi.
- Oui, ditil, ",165973,M.,PER,,165975, Randal d certaines raisons qu
"estce pas ? Thl bien, a cette
",167002,Epoque,PER,LOC,167008,", l'ouvrier et le paysan franc"
"profundis ! Ju sais, les bati
",168342,Ments,PER,,168347," Sont AsSures.
 Cest une grand"
"consolation, dir lssacar. Mal
",168409,Reureusemnent,PER,ORG,168422,", Cette union que produisentsi"
"ves, dont Vidée seule
etraye ",168580,M.,PER,,168582," Randal.
Oni, disje, obéissan"
"mais fait de tort dux capitd
 ",168786,Vistes,PER,,168792,", au contraire. Voulervous que"
"personne n y trouve d redire.
",169160,Saver,PER,,169165," rous pourguoi , C'est parce q"
"ion socidle...
Coup de pied d'",169668,Issacar,PER,MISC,169675,". Silence. Second coup de
pied"
"on qui prendrait
d'assaut les ",169892,Banques,PER,LOC,169899, et dilapiderait les Epaignes 
s Banques et dilapiderait les ,169920,Epaignes,PER,LOC,169928," des
Gens laboricur et éconor"
"e pas
Confier soml argent aux ",170225,Banques,PER,LOC,170232," et de le garder Cher
 50I. C'"
"meme les trois gros Verrous.
 ",171088,In,PER,,171090, avertisscus clectrique serait
" habitude, dit Isacar, Nous n'",171304,Aurons,PER,,171310,"
pas de inal a vous réveiller"
"our
Yous demander i Acjenner, ",171391,M.,PER,,171393," Randal et moi.

 LE VOLEUR
 L"
"e fera plaisir, afhirme Vin-.
",171474,Austriel,PER,LOC,171482, : ou ne trdite bien les affai
"onne son adresse : 67, rue de ",171764,Darbroek,PER,LOC,171772," ;
et se retire apres force co"
ue penservous du personnage ? ,172009,Cestun,PER,,172015,"
eymbole. A une époque oi tou"
" oi tout, méme les plus vils
",172068,Sentiments,PER,MISC,172078,", perd de sa force et se déco"
" eu beal
tremper son gilet de ",172876,Ranclle,LOC,MISC,172883," dans le sang des misé
rables"
. Ah ! lironie anglaise: a Le ,173214,Chien,PER,MISC,173219,",
pour arriver d ses hns, se r"
"sur la table
pOur iLrinuier d ",173675,Lssacar,PER,,173682,":
 Alons nous en dici, et cond"
" mne faire connditre ce Soi.
 ",173830,Volontiers,PER,,173840,", répond lssacar, mais il est"
"il, de vous présentermon
Ami ",174003,Roger,PER,,174008," Voisin, dontvous désirer si "
" ConndissanCe.
J'esquisse un. ",174085,Geste,PER,,174090," d'étonnement, mais le jenne
"
"ctifcation, mom noin
est bien ",174258,Roger,PER,,174263," Voisin mais, dordindire, on m"
"s, dordindire, on m'ap-
pelle ",174304,Roger,PER,,174309," la Tlonte..
72
 EEIN CIPE
Mli"
"-
pelle Roger la Tlonte..
72
 ",174326,EEIN,PER,ORG,174330," CIPE
Mlinuit sonne au bellroi"
nous avons dine à l'hotel du ,174538,Roi,PER,,174541,"
Salomon, oil ilhabite. On est"
" avons dine à l'hotel du Roi
",174542,Salomon,PER,LOC,174549,", oil ilhabite. On est tres bi"
"ien, d cet hotel
d.
 Oui, dit ",174608,Roger,PER,,174613," la Honte, ducun woleur chic
h"
"r chic
he descend ailleurs, a ",174665,Biuzelles,PER,LOC,174674," ; cxcepté quand les
affaires"
"eu. Iu vas voir mon logement.
",174844,Roger,PER,,174849," la-Tonte me tutoie, et je le "
"ensemble, de nous parler A ld
",175004,Seconde,PER,,175011," personne du pluriel, et de no"
"te me tutoie et je
lappelle : ",175113,Rogerla,PER,,175120,"-flonte, tout court, comme on "
"te, tout court, comme on dit.
",175155,Monsieur,PER,,175163," Thiers.
Nous voici arrives, d"
"uses dont la dernière, quand ",175690,Roger,PER,,175695," d Ouver
ne porte du quatricin"
"t la dernière, quand Roger d ",175698,Ouver,PER,,175703,"
ne porte du quatricine étage"
" Vous en aurier eté quittes, ",177383,Issacar,PER,MISC,177390," et toi, pou
aller déjenner c"
"vait de-
vine juste ! Il a le ",177690,Rair,LOC,ORG,177694,", cehuild. C'est dommage
qu'il"
"oi.
Louc, nous ne pouvons pas ",177799,Corninencer,PER,MISC,177810," avaut une
heure au moins... L"
"tun
Qudrt, Cous les soirs.
Er ",178012,Rogerld,PER,,178019," Tlonte dessine, sur une feuil"
"née d'un Casque d meche. Les
",178271,Reurs,PER,MISC,178276,", Cétait bon pour la Crèce, "
" mais c'est trop beau
Bour ld ",178335,Belgique,PER,LOC,178343,", saver.Yous, pour une fois. G"
"ngagé dans les équipages
de ",179516,la,PER,,179518," Rotte.
 Etquand tu es revenu,"
"gé dans les équipages
de la ",179519,Rotte,PER,LOC,179524,".
 Etquand tu es revenu, iu te"
dient entendre qu'il n'était ,179709,Guere,PER,,179714,"
Convenable, ni meme honnête,"
"entendre qu'il n'était Guere
",179715,Convenable,PER,,179725,", ni meme honnête, de rester "
"iers, in petto, quand son nom ",180199,Lgurdi,PER,MISC,180205,"
Sui le journdl, quant a md pl"
"́trange, la dedans ? Pourquoi ",180923,RogerIa,PER,,180930,"
Honte n'aurditil point des pe"
"i tu l'en cs apergu, Continue
",181216,Roger,PER,,181221,", mais les toiles des grands m"
des appels a l'indépendance. ,181404,Cesont,PER,,181410," des cris vi
brants vers la vi"
té et de la Beante contre la ,182097,Eaideur,PER,,182104,"
et la Servitude , et l'homme,"
"entir. Je le sais. Jai
Vu les ",182807,Egures,PER,MISC,182813," des serts de l'argent, les so"
"ures, au bas de l'escalier du
",183785,Touvre,MISC,LOC,183791,"!...
- Un philosophe allemand "
"ions. Moi, jen suis une. Jai
 ",184002,Thorieur,MISC,PER,184010, de l'esclavage ct ld passion 
riteaux qui déclarent que la ,184480,Chasse,PER,MISC,184486," Cs
réscrvée, Ct sans Craint"
"pièges d loups... Un jour,
u ",184552,Louvre,PER,LOC,184558,", j'ai volé un tableau. Cela "
" J'di décroché une toile de
",184775,Lorenro,PER,,184782," di Credi, une Vierge qui me p"
"oché une toile de
Lorenro di ",184786,Credi,PER,,184791,", une Vierge qui me plaisait b"
"e désho-
horent et les Cuido ",185216,Reni,PER,,185220," qui l'encombrent, et que
l'ad"
"ans salaire et leurs fatigues
",186953,Sansrecompense,PER,MISC,186967,", tu ne voudrais pas me croire"
"che avdicirt plaidé en sd fa
",188553,Veur,MISC,,188557,. Ju vois que lhonnéteté ser
"e ch a'Ecait pas compabste 3
 ",188640,Ouelle,PER,,188646, plaisanterie( C'est moi qui d
"ngés contre des banknotes dl
",188801,Glaises,PER,LOC,188808,"... Aujourdhui, mes parents so"
"uitré Paris , ils tiennent a ",188896,Vichy,PER,LOC,188901," un
hotel quils ont acheté et"
"rte pas
Mdl.
""
LE VOLEUE:
95
 ",188976,Etcette,PER,MISC,188983, brusque prospérité n'a pas 
"fait un héritage , un
Vvieux ",189153,Chanoine,PER,,189161, lui avait laissé en mourant 
"ement. Censée, tu comprends. ",189675,Ia,PER,,189677," vérité, c'est
quclle cat é"
"n Dieu pour moi deux fois par
",190203,JONI,PER,MISC,190207,".
- C'est Charinant. Et ton au"
"utre sceur, clle est
Encoredu ",190266,COuvent,PER,,190273," .
 Won, clle cn est soitic un"
"ois mes parents
installés à ",190336,Vichy,PER,LOC,190341,". Mais, un beaui jour, Broussa"
"saille -
ele ne s'appelle pas ",190399,Broussaille,LOC,PER,190410,", mais on l'appelle
Broussaill"
"ne icune klle élevée au cou
",190591,Vent,PER,LOC,190595,", a l'ombre de la blanche corn"
"re, à roner de aiec dapre la ",190722,Jecau,PER,,190727," que cui donais i
96
LE VOLEDR"
"t-
cequelle fait, a Londres ?
",190908,Rogerld,PER,,190915," tlonte tire sd iontre.
Qnestc"
"e de chaulssons de lisieres,
 ",191691,Retizons,PER,LOC,191699, vite. nos bottines et mnetton
"ns Cd. Cest
desbons. C'estdes ",191758,Poissy,PER,LOC,191764,".
Comme Ccld, dis-je en glissa"
"n glissant mes pieds dans
les ",191816,Chaussons,PER,MISC,191825,", nous ne ferons pas de bruit "
" Hous ne descendons pas, nous ",191956,Montons,PER,LOC,191963,".
Il soufle la bougie,. ouvre "
"re la petite. fenetre de la
. ",192020,Chammbre,PER,MISC,192028,", Cnjambe la barre dappui et d"
"a barre dappui et disparait d
",192069,Gauche,PER,ORG,192075,", Sur le toit.
Je le suis. Mou"
s pris troptot. Ces garces de ,192381,Servantes,LOC,,192390,"
n'en knissentpas de se deshab"
 de deuilsur une face pale... ,192817,Ettoutesces,PER,,192828," étoiles,
pplus brillantes qu"
"u que Ca, la nuirl Connais tu ",192994,Venise,PER,,193000,",
Non. Ertoid
 Moi non plus, m"
"aux qui la peignent. AhI voir
",193220,Venise,PER,LOC,193226," ! Et apres, qu'il arrive n'im"
 Hous nous promencronssur les ,193706,Candur,PER,MISC,193712," et les
lagunes d gondole que "
"s des ins
ttruments a cordes. ",193787,Ilfaudrait,PER,,193797," avoir de quoi vivre lat-
Geme"
"rait avoir de quoi vivre lat-
",193823,Gement,PER,LOC,193829," pendant deux oul trois ans, p"
eI Wais il faut que j'aille a ,194025,Venise,PER,LOC,194031,".
d'abord : c'est la seulement"
"lyre, depuis Sd
turne jusqu'd ",194303,Mercure,PER,LOC,194310,", frlapalogie entre les dis-
("
"solcil et les divisions de la
",194424,Gammne,PER,LOC,194430," en musigue, de toutes ces not"
"s mondes....
 Ah! certes, dit ",194539,Rogerld,PER,,194546,"-flonte, les yeux hvés
auciel"
"res I Moi, j'espère que non. ",194673,Ouandon,PER,LOC,194680,"
pense que dans chacun deux il"
inme l'industricl et de sales ,194780,Voleurs,PER,,194787,"
Comme nouS... Cescrait d vous"
"Une Chambre de débarras, dit ",195859,Rogeren,PER,,195866," allumant
Sd lanterne sourde ,"
"du dchors ! Hon, la clefest i
",195988,Vintérieur,PER,,195999,". Ga va bien, nous n'aurons p2"
ne Caisse et me fait signe de ,196094,Vimiter,PER,LOC,196101,".
 Ecoutemnoi bien, ine murinu"
"et me fait signe de Vimiter.
 ",196104,Ecoutemnoi,PER,LOC,196114," bien, ine murinure.t il a lor"
"le a forcer... Et pas meme de
",196980,Serrure,PER,LOC,196987," de sireté...
Du bec d'une pi"
"Roger pousse ld porte dont la
",197450,Serrure,PER,LOC,197457," pend d une vis, ct nous entro"
l fracas tu as fait! dis-je d ,197543,Roger,PER,,197548,"-ld Tlonte,
Qui Sourit.
 Mais "
tu as fait! dis-je d Roger-ld ,197552,Tlonte,MISC,,197558,",
Qui Sourit.
 Mais nou: Ga td"
"ire pour caliner mes nerf.
A. ",198235,M.,PER,,198237," Delpich, banquier, 84, rue d'"
" pour caliner mes nerf.
A. M. ",198238,Delpich,PER,,198245,", banquier, 84, rue d'Arlon.
u"
n jeune serin noummé Ceorges ,198434,Randil,PER,,198440,",
ingénieur de son état, qui"
"rancs, de quel bois nous
nous ",199208,Chaufons,PER,LOC,199216," en Belgique... W
la lettre ne"
" et quelquetois agréable, de ",199337,Savoi,PER,MISC,199342,"
ce que les autres pensent de "
"r.
- Apporte la lanterne, dit ",199515,Roger,PER,,199520," la Tloute quians
culre le cot"
"un diagnostic fatal d porter.
",199652,Voyons,PER,LOC,199658,... d Gauche... d droite... Un
"c fatal d porter.
Voyons... d ",199664,Gauche,PER,,199670,... d droite... Une pure salet
"roite... Une pure saleté, Ce
",199707,Cottre,PER,LOC,199713, fort ld ; Cd ne vaut pas une 
quand on a travaille dans les ,199854,Ficher,PER,MISC,199860,"... Enlin, Cn.
a inoins de mal"
emagne. Ah! le gredin ! Je me ,200451,le,PER,,200453," Kgure,
endormi du coin de sd "
gne. Ah! le gredin ! Je me le ,200454,Kgure,PER,LOC,200459,",
endormi du coin de sd femmme"
" et donner
untour de clefd la ",202021,Serrure,PER,,202028,". L' ordre avant tout.
Il desc"
"u besoin au reY-deChaulsséc:
",202268,Mne,PER,,202271," Ailumetre lui d Suf.
 Mlainte"
e s'apercevront de rien. Cest ,202541,Monsieur,PER,,202549," lui
méme, lorsquil monterdd "
"binet avec son troue.
Seau de ",202615,Clets,PER,,202620,", qui découvrird le pot aux r"
"ant d'une façon singuliere.
 ",202900,Voici,PER,,202905,", ditil, une boite bien close "
"t un.
Cadeau tout trouve pour ",203174,Broussaille,LOC,PER,203185," , ct quant d toi,
si tute fai"
"t unie comlme AM lac, mne dit ",203950,Rogetld-,PER,LOC,203958,"
Honte dans lesalon du batedu "
" batedu que nous avons pris d
",204010,Ostende,PER,LOC,204017,", car nous avons quitte Brurcl"
"
Supcrbe et nous arrivcrons A ",204145,Cannon,PER,,204151," Street d cing
heures. Hous po"
"
 Ah! Venise, VeniseI soupire ",204923,Roger,PER,,204928," ld flonte
en Sétendant sur U"
" flonte
en Sétendant sur Une ",204961,Couchette,PER,LOC,204970,".
I s'endort du sommneil du ju"
ent en gondolesur les Rots du ,205054,Candlarro,PER,LOC,205063,".
N
 DaNS LEGUEI ON APPREND, E"
" d Canhon Bireet, Cest
que si ",205253,Paternoster,PER,,205264," nous doune cent mille franes
"
"uile porte est frangais. Cest
",205534,Vrai,MISC,LOC,205538,", Gd, tu nes du courant de rie"
" quel
ques joure... Thl bien, ",205610,Paternoster,PER,MISC,205621,", c'est un ancien
ofhcier mini"
" ne sdis plus
ou, du coté de ",205712,Bourges,PER,LOC,205719," ou de Chatedurouz...
- Etild "
"ou, du coté de Bourges ou de ",205726,Chatedurouz,PER,MISC,205737,"...
- Etild leve le pied, comm"
" les
choses se sont passees : ",205981,Paternoster,PER,,205992," etdit marie aVec
a- - oi 

.E"
"faire entendre raison, sur ce ",206570,Chapitre,PER,MISC,206578,", d
Taternosterd C'est dsse2 f"
idés dans des opérations de ,207173,Bourse,PER,LOC,207179,", et qu'on nen
Tetrouvd pa. Un"
"oint,
jusquici, quel bénehce ",207293,Paternoster,PER,,207304," avait retiré de S2
Complaisa"
"ternoster avait retiré de S2
",207325,Complaisance,PER,MISC,207337,".
 Sttends un peu. Prois jours"
"rois jours apres sd conddm.
i ",207387,Nation,MISC,ORG,207393,", il fut relaché Clan destine"
hoses se passent en france... ,207595,Pater,PER,,207600,"
noster vint doucretrouver a L"
"qui, au lieu de Cascader
a ld ",207717,Bourse,PER,LOC,207723,", étaient cmmpilés soigncuse"
"rain conrinental le
bonhoimme ",207938,d,PER,,207939, Egure de renard que tu vas yo
"in conrinental le
bonhoimme d ",207940,Egure,PER,MISC,207945, de renard que tu vas yoir rou
"nu, depuis, dans le Pd
106
LE ",208039,VOIEUE,PER,LOC,208045,"
ternoster qui s est mis d tra"
sdis pas ce que cétaitque le ,208263,Cure,PER,,208267,",
J'ai entendu dire que la pet"
e la petite était la Klle de ,208319,Pater,PER,,208324,".
Roster, uneklle qu'il a cue "
"tite était la Klle de Pater.
",208326,Roster,PER,ORG,208332,", uneklle qu'il a cue d'un pre"
" couvert de papiers se leve d
",209086,Notre,PER,,209091," cntrce, tend la main a Rogerl"
"
Notre cntrce, tend la main a ",209115,Rogerla,PER,,209122," tlonte etmdc
cueille d'un pro"
"rnosterse déclare
CChante et ",209362,Continue,PER,MISC,209370," .
'espère que votre santé e"
"de
faire quelque chose ?
Je l'",209553,exmine,PER,,209559,", pendant qu'il parle. Une fac"
" parle. Une face glabre,
Sa45 ",209604,Couleur,PER,MISC,209611,", un grand ne2, des yeux verdd"
tionnelle seraitmalvenue a se ,209973,Lcher,LOC,MISC,209978,"
LE VOLEUR
107
dans ces cheven"
" une rête d.
faire rire, une ",210116,Kgure,PER,LOC,210121, de cabotin: C'est la. volonte
"a-dessus , ct si vous ne noUs ",210703,Offrer,PER,MISC,210709," pa5 deux cent
mille francs se"
" ne yous croirait pas, ricane ",210840,Paternoster,PER,MISC,210851,"..
 Donnervous donc la peine d"
" Mlalheureusemnent...
Ah! dit ",211064,Roger,PER,,211069, la flonte avec un geste dése
"e.
 Quivous l'a dit ? demande ",211396,Roger,PER,,211401,"-la Hlonte.
 Césont ces papie"
"iers cuxmemes qui me l'appren
",211459,Rent,PER,ORG,211463,. Ce sont la des placements de
 Ce sont la des placements de ,211494,Belge,PER,LOC,211499,". Jamais un
Francais, d lheure"
de cette laçonld. Des tas de ,211601,Valeurs,PER,,211608," indus
Tclgles sont souvent en"
" moi. Il leurfaut
des fonds d'",211832,Erats,PER,LOC,211837,", ou des valeurs garanties par"
"ouver pas, ou presque p25, de ",212192,Valeurs,PER,,212199," industrielles
Auxmdins des pa"
"p25, de Valeurs industrielles
",212214,Auxmdins,PER,LOC,212222," des particuliers, l'instabili"
" pos-
Sedent guère qve de la ",212353,Rente,PER,,212358," ou des Chemins de fer.
Txcell"
guère qve de la Rente ou des ,212366,Chemins,PER,,212373," de fer.
Txcellent pays pour l"
"pline
leS CApitAuN.
 Qui, dit ",212463,Rogerla,PER,,212470," Tlonte. Mais quand on vous
pp"
" Mais quand on vous
pporte du ",212508,Credit,PER,ORG,212514, foncier ou des cmmprunts de V
t foncier ou des cmmprunts de ,212543,Villes,MISC,,212549,",
 Vous nen voulerpas.
 Mature"
"u moins
 Offcicllement, par l'",212639,Etat,PER,LOC,212643," , par conséquent, Ca ne Vaut"
"ent, Ca ne Vaut
tien pour mes ",212688,Clients,PER,,212695,. Ils Changeront peutetre d'av
"ut
tien pour mes Clients. Ils ",212701,Changeront,PER,LOC,212711," peutetre d'avis
Mn jour, mais"
"secré.
taire de l'ammbassade ",212860,Ortomane,PER,,212868," en tombdit d'accord.
avec moi"
" vous placer votre papier en.
",212978,Orient,PER,MISC,212984,".
 Pourld plus grande partie, "
"d plus grande partie, répond ",213022,Paternoster,PER,,213033,",
et inême en Extreme Orient:"
"ond Paternoster,
et inême en ",213048,Extreme,PER,,213055, Orient: le Japon y d pris Gol
"rnoster,
et inême en Extreme ",213056,Orient,PER,,213062,": le Japon y d pris Golt
depui"
 inême en Extreme Orient: le ,213067,Japon,PER,LOC,213072," y d pris Golt
depuis quclques"
depuis quclques années et la ,213117,Chine,PER,LOC,213122," donne de belles
espérances. "
"es
rapports des Blancs et des ",213536,Jaunes,PER,ORG,213542," deviennent tous les
jours plu"
" a la poste, pour les valeurs ",214574,Nominatives,PER,MISC,214585,",
nous Opérons, avant livrais"
"aison, un petit travail de la
",214642,Vageou,PER,MISC,214648," de grattage, quelque peu supe"
"vrai qu'ils ont conquis leurs
",214808,Grades,PER,,214814," a Oxford ; l'un d'eux, celui "
"vant
peM... Ah! oui, Continve ",215046,Paternoster,PER,,215057," en poursuivant
con cyatnen de"
"est une grosse soiine, Assure ",215572,Paternoster,PER,,215583," cn
ochane la ree e upene o 
 "
"
 Voild un beau discours, dit ",216438,Roger,PER,,216443," Id-Hlonte.
Monsieur Paternost"
"iscours, dit Roger Id-Hlonte.
",216455,Monsieur,PER,,216463," Paternoster, il faut poser vo"
"dit Roger Id-Hlonte.
Monsieur ",216464,Paternoster,PER,,216475,", il faut poser votre candidat"
"es. Mais que nous
OrerVous :
 ",216572,Diable,PER,,216578," ! votre ton est scc, ricane P"
tent de nouvedux impots... Ia ,216926,Chdine,PER,LOC,216932," sans
tn de l'exploitation rou"
"pose : je garde la Renie, les ",217088,Chemins,PER,,217095," de
fer et le Suez, je vous re"
" Renie, les Chemins de
fer et ",217106,le,PER,,217108," Suez, je vous rends toutes le"
"nie, les Chemins de
fer et le ",217109,Suez,PER,,217113,", je vous rends toutes les val"
 c'est ridicule. Et quant aux ,217297,Valeurs,PER,ORG,217304," in.
Austriclles, que vouleryo"
"propriétaire, répond Patet-
",217411,Noster,PER,,217417,. Ligurer voue que yous étes 
"oyer les
a leur proprietaire. ",217876,Cene,PER,,217880, serd pasla première tois que
 l'immobilisation des forces. ,218112,Le,MISC,,218114," pen délasticiré
dont clle j"
́Réchi en parlant ? derrande ,218295,Roger,PER,,218300,".
Nous me Semmbler bienautorit"
"ant ? derrande Roger.
Nous me ",218310,Semmbler,PER,,218318," bienautoritaire, d votre touy"
"tiers MArronS
s'appellent les ",218468,Napoleon,PER,,218476," de la kinance, et un coulis-
"
"unon. Vous me conndisscr, Mon
",218989,Sieur,PER,,218994," Rogerla Tlonte, bien que j'ai"
"Vous me conndisscr, Mon
Sieur ",218995,Rogerla,PER,,219002," Tlonte, bien que j'aie le pla"
" tu ? me demande Roger.
 Fais ",219267,Coinine,PER,,219274," tu voudrds.
 C'est bon, dit R"
s Acquiesgons d'un sourire et ,220069,Paternoster,PER,MISC,220080,", apres
nous avoir compté les"
endons l'escalier en silence. ,221070,Notre,PER,,221075," cat
ROus attend devant la mnd"
micux que ce quenous d donné ,221327,Paternoster,PER,MISC,221338,".
Non, ditRoger, il ne marique"
"ous allons faire
une visite d ",221562,Broussaille,LOC,PER,221573,".
 C'est une cricllente idéc."
"VOLEUR
113
Nous voila partis. ",221647,Lecab,PER,MISC,221652," hle tout le long de Piccd.
di"
is. Lecab hle tout le long de ,221673,Piccd,PER,MISC,221678,".
dilly, descend Brompton Road"
"long de Piccd.
dilly, descend ",221695,Brompton,PER,,221703," Roadetsarrère, a Kensington,"
"nd Brompton Roadetsarrère, a ",221722,Kensington,PER,LOC,221732,",
devant Une des petiles mdiso"
"ute jeune,
i trés bien mise.
",222889,Crande,PER,,222895," 
Moinsque moi, mais assc2 for"
"Bon! Jesais qui c'est. Merci.
",222959,Ecoute,PER,,222965," un pen, dit la grande roussc "
vient pas toujours d interner ,223665,Cu,PER,,223667,"
pidon dans un cul Cesac, et d"
"nderirctre, du bout du doigt,
",223807,Commne,PER,,223813," Mlimi Pinson. Du reste, clle "
"tre, du bout du doigt,
Commne ",223814,Mlimi,PER,,223819," Pinson. Du reste, clle peui r"
"i rester Klle,
toujours comme ",223876,Mlimi,PER,,223881," Pinson, Car Cest une bonne
Al"
"r a diner, ditclle, nous
nous ",224609,Soinines,PER,MISC,224617," Cnnuyces d Mourir, toufes Scu"
", ditclle, nous
nous Soinines ",224618,Cnnuyces,PER,,224626," d Mourir, toufes SculeS,
 Il "
"nous
nous Soinines Cnnuyces d ",224629,Mourir,PER,,224635,", toufes SculeS,
 Il aurait fa"
"ami Randal n'aurdi
pa5 O56,
- ",224764,Vraiment,PER,,224772, ! s'ecrie Idd : etes vous tim
"ide d ce
point ld, Monsieurd
 ",224832,Beaucoup,PER,,224840," plus cncore, dis je, dinsi, j"
 donne l'attrait spécial des ,226064,Reurs,PER,,226069," At
tihciclles, moins fraiches"
" faut l'y laisser, Appelermoi ",226586,Broussdille,PER,,226597,"
Tout Court, ou je ne vous par"
", Appelermoi Broussdille
Tout ",226603,Court,PER,LOC,226608,", ou je ne vous pardonne pas d"
"mpardisons par les brunes.
 e ",226691,tiens,MISC,,226696, d me faire pardonner ; je l'a
"une créature de plaisir, une ",227559,Mature,PER,MISC,227565," fruste ou
laquelle la ridicul"
"eme bouteille de.
Chammpagne, ",228031,Rogerld,PER,,228038, flonte a voulul savoir quelle
"ite par la grande rousse, a l'",228169,Empire,PER,LOC,228175," , ctild de. ;
mande aussi des"
"stoire. Il y a trois mois en.
",228462,Viron,PER,LOC,228467,", clle d acheté a un Juit pou"
"
pendantun an du mnoinls, une ",228712,Garantie,PER,ORG,228720," sur Ses meu
bles. L'echéance"
"uveler les cklets et..
Commne ",228849,Broussdille,PER,,228860,", prise au dépourvil, ne se t"
" Ah! c'est horrible...
 Ne la ",229131,Gronde,PER,,229137," pas, Roger, implorc Idd. Elle"
"es pareilles.
 Hon, Sanglotie ",229297,Broussaille,PER,,229308," : non, je ne le ferai
plus ja"
"le dont les larmes se sechent
",229888,Comine,PER,,229894," par cnchantement, je t'en cod"
"t
Comine par cnchantement, je ",229916,t',PER,,229918,"en codtte, de largent)
Ertu as"
"e, 1a 6a5... Wais quant d ton ",230384,Juif,PER,MISC,230388,", continve-til
en faisant saur"
 mille francs. C'est le père ,230609,Binocar,PER,,230616,", du
moins ? Oui. Ehl bien, il"
"stropient les temmmnes.
 Etla ",231632,Justice,PER,MISC,231639,", dis je, ne tient guère la b"
"e jezagère , je Citerais des ",232271,Roind,PER,,232276,"
Si je vouldis.
 On pourrait l"
" quel troupeau d'anes, ces le
",233106,Gislateurs,PER,ORG,233116, qui ne savent memne plus nous
qui ne savent memne plus nous ,233147,Montre,PER,,233153,"
Comment on mneurt pour vingt "
"s n'en doutent
point, sois-cn ",233651,Certaine,PER,,233659,". Conclusion...
Conclusion . i"
"is-cn Certaine. Conclusion...
",233675,Conclusion,PER,MISC,233685," . il fautcontinuer. Fh bien, "
ls encombrent les ports de la ,233974,Manche,PER,,233980,". On
les cmbarque sur les navi"
"ne. Je tais gras le Ver
dredi ",234206,Gaint,PER,,234211,", depuis que j'di appris Ca.
 "
"t la bourgeoisie aVorteuse.
- ",235523,Bravo,PER,,235528, ! Crie Rogerla-flonte. Vilipe
"sie aVorteuse.
- Bravo ! Crie ",235536,Rogerla,PER,,235543,"-flonte. Vilipendons l-.
bourg"
 Bravo ! Crie Rogerla-flonte. ,235552,Vilipendons,PER,,235563," l-.
bourgeoisie ! Nous en avo"
 toujours pas de nouvelles de ,236172,Canon,PER,ORG,236177,".
Rier?
Non, depuis plus de de"
estquil s'était échappé de ,236262,Cazenne,PER,LOC,236269,", il 7 de
sis mois... On dit q"
"Tout d lait désolé... Mais, ",236837,tiens,MISC,,236842," ! pourquoi n'ireis tul
pas, t"
"ons le train
ensemble pour la ",237167,Ville,PER,LOC,237172,".Lumière. Hous nous levons,
R"
"ouhdits n'avdient point été
",237812,Vains,PER,LOC,237817, et clles avdient parfaiteinen
"e vous invite en Camarade.
Se ",239633,Me,PER,,239635,", de lenei Pare laae, Li 140, "
er un dentiste américain. Si ,239829,saint,PER,,239834," Vin-
cent de Paule vivait cnc"
"ai justement un bod -
Sans ma ",240322,Valise,PER,,240328,".
- Unbodd
Oui... Le voild.
- "
".
- Unbodd
Oui... Le voild.
- ",240358,Vraiment,PER,,240366,", il est beau. Mais comment I."
"n Charticux. De
femnmes comme ",241258,Broussdille,PER,LOC,241269,", par Chemple, ou Coimme
moi, "
"d redouter, ou bien peu, nous
",241346,Soiines,PER,LOC,241353, des sccuis plutot qu'auttre c
"e, vous aver tout a Craindre, ",241448,Ccsont,PER,LOC,241454,"
des detraquées, enervées pa"
"is vraiment, Idd, quelles sen
",241740,Rarinmnent,PER,,241750, drssi facilement pour les cri
"ncls )
 Si je le crois ! Ah I ",241812,Seigneur,PER,MISC,241820," ! Mais j'en suis
.
LE VOAEUR
"
'airecu tant de contessions I ,241943,Ecoute,PER,,241949," . Si tu pouvais
ecrire sur to"
ur tou chapeaul. u Je suis un ,242004,Volcurn,PER,ORG,242011," en let.
tres visibles sculemn"
"y d quinre ans, oure.
wait de ",242462,Capoul,PER,LOC,242468,", aujourd'hui, on asoif de Car"
"oches , tu es, comme rouisles
",243447,Voleurs,PER,MISC,243454,", toujours pret d le dépenser"
".. Je te dis la mauvaise aven
",243614,Nure,MISC,LOC,243618,", Mais C'est la bonne.
 Je n'e"
"jugements...
. LE VOLEUE
127
 ",245659,Certainement,PER,,245671,", Wadamne, dis je d'un ton pe."
"nt, aujourdhui... Vous savez, ",246032,Monsicur,PER,MISC,246040,", pour
quoi j'ai demandé a fa"
"
le bord, me direr-vous ? Ah! ",246345,Monsieur,PER,,246353,", que je vou
Arais ne l'avoir "
le courage de mne condamnner. ,246525,Voici,PER,,246530,"
exactement cominent celd s'es"
".
u Renée n.... je m'appelle ",246728,Rence,PER,MISC,246733,", Monsieur ; dési-
Gner moi p"
"t tout a fait celd. Bret, mon
",247050,oncle,PER,,247055," me dit : a Renée, il faut me"
"it son vicuz père aveugle...
",247268,Voyons,PER,,247274,", il y avait un si beau tablea"
es Anglais aient tout abimé. ,247726,Oucis,PER,MISC,247731," sduvages, Ces
Anglais ! J'en "
"mmne, quand clle
meut dit : A ",248278,Rence,MISC,LOC,248283,", il faut me rirer de la si, j"
"le, clle parle ! Une voix mal ",248685,Soutenue,PER,,248693,", fe
brile, qui passc sans tra"
"transition du ton digu dux in
",248750,Rexions,PER,,248757," doucercuses, incisive. et ins"
" qu'une Mdscarade opulente et
",249330,Stupide,PER,LOC,249337,". Cette femme, une jolie petit"
" minuscuile, wdive comme urie
",249876,Reur,MISC,LOC,249880, et ouvragée conline un bijou
"a la mode.
Vous aurier été, ",250094,Mladamne,PER,LOC,250102,", cn fort bonne compagnie
a co"
"moi. Ce nest pas pentil. Vous
",250458,Voyeh,PER,MISC,250463,", je vous dit tout, comime d u"
"je vous dit tout, comime d un ",250495,Confesieur,PER,MISC,250505,"...
Mais vous ne commprener pa"
"le mérite de l'audace, ou de ",251358,Vori-,MISC,,251363,"
Sinalité, a ne pas reculer d"
" pour cd. Et après, quand on
",252012,Voudrait,PER,,252020," en avoir, il est trop tard..."
on... Je vouldis dire que mon ,252682,oncle,PER,,252687,"... Ou plutotn
tante... Fnhn, "
mon mari. Je ne savais d qucl ,252889,saint,PER,,252894," mne vouer. Un
Russe, qui m'av"
"is d qucl saint mne vouer. Un
",252909,Russe,PER,LOC,252914,", qui m'avait promis monts et "
m'avait manqué de parole. Un ,252986,Russe,PER,LOC,252991,", Monsieur!...
Aprés ga, il t"
" manqué de parole. Un Russe, ",252993,Monsieur,PER,,253001,"!...
Aprés ga, il tallait rir"
"t deja presque décidée
d... ",253127,Ntiliser,PER,MISC,253135, mes telations. Je conndis tan
"m'avait presque décidée, et ",253364,M.,PER,,253366," Canonnier m
Convaincue, Ecoui"
"vait presque décidée, et M. ",253367,Canonnier,PER,,253376," m
Convaincue, Ecouier, Monsic"
" décidée, et M. Canonnier m
",253379,Convaincue,PER,,253389,", Ecouier, Monsicur : on peut "
"onnier m
Convaincue, Ecouier, ",253400,Monsicur,PER,MISC,253408," : on peut dire de luii
ce qu'"
"
Je m'incline protondément.
 ",253952,Comine,PER,,253958," on voit bien, continuet-clle,"
"sc mne dit que vous sorter de
",254211,Polytechnique,PER,ORG,254224,", il me semble vous voir avecu"
"ous ne me surprener pa5, les
 ",255048,Voleurssont,PER,LOC,255059, la modestie meine. ML. Canonn
"e meine. ML. Canonnier était
",255100,Coinme,PER,MISC,255106," vous, il na jamdis rien voulu"
ertissernents que m'a donnés ,255527,IAd,PER,MISC,255530,". Hon,
Madame, ce n'est pas le"
"éricus ne vous proposerd dd-
",255637,Vantage,PER,,255644,. Je métonne méine que Canon
"̀te, la tourne aussi a
134
TE ",259224,VOIEUE,PER,LOC,259230,"
bien d'autres. Il n'y a plus "
"ons,
NouS, les Barbares de la ",259601,Décadence,MISC,,259611,".
 C'etait l'avis de Canonnier"
"écadence.
 C'etait l'avis de ",259632,Canonnier,LOC,,259641," , il disdit aussi que
la cout"
"antauz deux villas, Roget-
la ",260807,Lonte,PER,LOC,260812, ayant amene d mnon dide trois
"ésent,
Qui Cst LECOmpensee.
 ",261361,Naturellemient,PER,,261375,", m'a tcllc répondu, les temp"
" heurcusement. Autrefois, les ",261450,Mauvdis,PER,ORG,261457,"
othces que je rends d mnes am"
", l'autre jour,
que les prix, ",261686,Comine,PER,,261692," les liquides, tendent vers le"
"la belle, parec et pommponnte
",261928,Comine,PER,LOC,261934," une princesse de fécrie, Gra"
"pareilles, peutetre,
ou descs ",262096,Victimes,PER,,262104,"...
Souhaits ridicules, désir"
scieux differents : passer de ,262887,Belgique,PER,LOC,262895," en Suicse,
l'Allemagne en Hol"
rents : passer de Belgique en ,262899,Suicse,PER,LOC,262905,",
l'Allemagne en Hollande et d"
"tre. Ilya
longtemps que Henri ",263031,Hleine,PER,,263037," l'a dir. Il n'y a plus en.
Tu"
" pas cu un petit
capitdl pour ",263471,Conhnencer,PER,,263481," tes opérations, pour l'insi
"
"ur cxemmple, oi en Serdistu a ",263614,Vheure,PER,,263620,"
qu'il est? o Ouestion grave d"
"lamentable
histoire de Claude ",264067,Cueuy,PER,,264072,". Je n'ai jamdis volé mon
pai"
"'avais menée jusque 1
ne mne ",264348,Convenait,PER,MISC,264357," pas beaucoup; hotels, boardin"
"usckcepet, et méme Comme set
",266291,Vante,PER,,266296,", aln délever l'entant qu'il "
n de la pauvresse -- était d ,266702,Cetle,PER,MISC,266707," époque
en service chez un Cl"
boit pas plus qu'un dixieme d',268463,Anglaise,PER,LOC,268471,", clle
fait de la patisscrie c"
"Elle découpe, sur des photo.
",269385,Graphies,PER,,269393,", portraits de grandes dames, "
" admirées du public, et. les
",269494,Lccommode,PER,MISC,269503, adroitement d des corps de Le
" s'aban-
donnant au Cygne, de ",269567,Dianes,MISC,PER,269573," du bain, de Dandés
sous la p"
 tres demandes par Certainres ,269695,Mdison,PER,,269701,"
de Saint-John's Wood. Tlle mi"
"ainres Mdison
de Saint-John's ",269718,Wood,MISC,,269722,. Tlle mi'a montre l'autre jou
" tres
encitante, Vraiment, en ",269832,Venus,PER,,269837," Callipyge.
Si Annie d des loi"
"encitante, Vraiment, en Venus ",269838,Callipyge,PER,,269847,".
Si Annie d des loisirs, je n"
" taut que je vous dise, ecrit ",270091,Bussy,PER,,270096," Rabutin d Sd
Ccousine, ce que"
"ise, ecrit Bussy Rabutin d Sd
",270110,Ccousine,PER,,270118,", ce que M. de Turenne ma cont"
"Rabutin d Sd
Ccousine, ce que ",270127,M.,PER,,270129, de Turenne ma conté avoir ou
"n d Sd
Ccousine, ce que M. de ",270133,Turenne,PER,,270140," ma conté avoir oui
dire au l"
"voir oui
dire au leu prince d'",270182,Orange,MISC,,270188,": que les jennes klles
Croydie"
"ain. n-
a leconte du prince d'",270393,Orange,MISC,,270399," m'a réjouie, répond ld
 Mar"
"nge m'a réjouie, répond ld
 ",270426,Marguise,PER,,270434,". Je crois, ma foi, qu'il disa"
"emoi
selles viennent me voir. ",271186,Jolies,PER,,271192," ? Ailleurs, je ne sais
240
LE"
"clle est heureusc... Et puis,
",271384,Issacar,PER,MISC,271391, avait raison: On na pas d s'O
"s clevtes ?Si, quelquetois...
",271594,Cesoir,PER,LOC,271600,", méme, je pense fort tristem"
"s bons romans anglais, relle.
",272317,Mentassommants,PER,MISC,272331,", Mdis oil lesentiment de la t"
"asion de mon domicile parvint
",272583,Jusqu',PER,,272589,a moi et unpas lourd ht craque
"onree et
a Mai Suà C̀lie des ",272823,Sseiee,PER,ORG,272829," erai ceure rerc 3
1H.
I DE QU"
DE QUELOUES QUADRUPEDES ET DE ,272884,CPRTAINS,PER,,272892," BIPEDES
Cette iète et cette "
"matique de sd puissante
hgure ",273131,Osscusc,PER,,273138," et olivatre, encadrée de che"
"ne. Oui, Cétait bien l'abbé ",273375,Iamnargelle,PER,,273386,".
 Tlel bonjout, cher Monsicur"
"nargelle.
 Tlel bonjout, cher ",273408,Monsicur,PER,LOC,273416,", me diril de sd
Voiz protonde"
", d'ou sorter-vous ? n
Mafoi, ",273592,monsieur,PER,,273600," l'abbe, répondis je, j'en di"
"d quel heureus hasard je dois
",274260,Thonneur,PER,LOC,274268," de votre visite.
 Le hasard n"
r notre entrevue d la gare du ,275966,Mord,LOC,,275970,", d
Paris, le jour oil vous Et"
r oil vous Etes parti pour la ,276017,Belgi,PER,LOC,276022,"
Quei
- Ce n'est pas le temmps"
"vous di parle, ce matinld, de
",276325,Cettematheureuse,PER,LOC,276341," famille Montareuil...
Je nere"
"́prouvécs Vous rappelervous, ",276754,Cher,PER,,276758," Mlonsicur,
l'importance du vo"
"poussdit jusqu'd Londres...
- ",277008,Monsieur,PER,,277016," l'abbé, dis je, j'ai peine a"
"e je
n'ai aucun goit pour les ",277804,Lables,PER,LOC,277810,". Ft puis, écoutez. jai
un pi"
", puisque vous sembler le dé
",278357,Sirer,PER,MISC,278362,. Vous étes un voleur. - Ne p
"eur. - Ne protester pas, Cest
",278411,In,PER,,278413, métier pas Comine un autre. 
"ster pas, Cest
In métier pas ",278426,Comine,PER,,278432," un autre. - Je disais. Vous
e"
"r... Moi aussl.
ourguoi pas ? ",278504,Croyer,PER,LOC,278510," vous avoir le monopoe
du camb"
"stoires, ct je tiens d Gardet
",279041,Secrets,PER,,279048, les motits de mes actes... Ho
"ndre, ou simplement pour de..
",279745,Venir,PER,,279750," riche.
 Bon, dis je, je suppo"
"des choses a faire trembler ?
",280652,Relativement,PER,,280664,", Bourdaloue est bien près de"
"le descente dans linfamie, du ",280796,Roi,PER,,280799,"-Soleil
Au Roi Prudhomme ! Je "
" écrivit Lélémaque, sur
la ",280976,Perire,MISC,,280982," Place, a Versailles, est auij"
"it Lélémaque, sur
la Perire ",280983,Place,MISC,,280988,", a Versailles, est auijourd'h"
"r gu'on la mise au-dessous
Au ",281179,Gros,MISC,,281183, numéro. Hous somimes d l'ép
"ls
Cont, e. aut éloquence de ",281310,Cairot,PER,LOC,281316,": Enrichieser ous1
d
246
LE VO"
"lus d'une fois, en
disant mnd ",281656,Messe,PER,MISC,281661,", si la fièvre du vol, ld rag"
"tianisme, quisemble faire des ",281842,Mdmnours,PER,MISC,281850," a lhomme
et lui dire : u Lu p"
" plagaient, mourants, dans un ",283491,Navire,PER,,283497," dux voiles
Couvcrtes qu'on la"
"t sur la nier, ct ousallumait
",283561,Vincendie,PER,MISC,283570,".
 Vous ne parler pasmdl, pour"
"us
entraine, du lieu detre un ",283852,Rotteur,PER,LOC,283859,". Je ne suis pas le
ocul... Le"
ue tout acte crimincl est une ,284271,Lenetre,PER,MISC,284278," Ouverte
auis le Mmellieur due"
"t une Lenetre Ouverte
auis le ",284295,Mmellieur,PER,,284304," due case onte e e es aucele
s"
"dance des produirs. Et l'onse
",284777,Waint,MISC,,284782, du voleur ! Mais chaque fois 
"itquelque chose, un bijou, un ",284866,Chapeaul,PER,LOC,284874,", un ob-
Jet d'art ou une culo"
"Ouelle
inConséquence
7.18
LE ",285232,VOLEUR,PER,LOC,285238,"
 Etquantaux billets de banque"
té a entreindre le deuxième ,285730,Comman,PER,,285736,".
dement, ct je vous di prépa"
"ays I Ia France n'est ni reli
",286463,Gicuse,PER,LOC,286469,", ni athée, ni revolutionndir"
oit oil vous me rencontrerer. ,286902,Duis,MISC,PER,286906,"-je
COMIpIET SuT VOMS :
Oui. V"
"disent les midale classes An-
",287818,Glaises,PER,ORG,287825,", parce qu'ils écrssent lindi"
"i
eclaté depuis vingt an5... ",288390,Lener,PER,MISC,288395,", il y a a Londres un
mmusce q"
rrasse. J'ai appris que votre ,289320,oncle,PER,,289325," avait Eprouvé,
ces temps der"
"triste , Mais
Qc voulervous ? ",289622,Certains,PER,,289630," hommes s'efforcent d'etre
pir"
"ind cousine,
ajOntai je... Ma ",289858,Cousine,PER,,289865," Charlotte ....
L'embarras de "
"ine,
ajOntai je... Ma Cousine ",289866,Charlotte,PER,,289875," ....
L'embarras de l'abbé pa"
vais csperé. Je ne sais pas. ,290690,Cesont,PER,,290696,"
des songes que j'ai faits, to"
"ard... Ci je ne veur pas Ran-
",291290,Cher,PER,LOC,291294,".
Je jette le telegrainine sur"
"ur pas Ran-
Cher.
Je jette le ",291308,telegrainine,PER,,291320," sur une table. J'en recevrai
"
vais passer mon apres midi au ,291503,Jardin,PER,,291509," Toolo-
Sique, pour tuer le te"
sser mon apres midi au Jardin ,291510,Toolo-,MISC,,291516,"
Sique, pour tuer le temmps. C"
"mndis plus, de choses dont le
",292010,Souvenir,PER,,292018, éveille des Coleres farouche
"ur est interdit de dépenser.
",292262,Douloureur,MISC,LOC,292272, spectacle que celui de ces et
" que celui de ces etres ener-
",292312,Siques,PER,LOC,292318, et Cruels condamnés a macher
"c yeun duvreRets métalliques
",293089,Desroleurs,PER,,293099," et desbrigands, tous ces gale"
es et d les enfermer dans des ,293472,Cages,PER,MISC,293477,".
Alles sont tres heurcuses. L"
"oires immondes. Demdin,
clles ",293748,Seront,PER,,293754," plus heureuses, cucore. Je le"
"la nécessire scicntifique...
",294271,Setrouve,PER,LOC,294279,", enrentrantchermoi, la dépè"
"res, Suf le
terre plein de la ",294399,Bourse,PER,LOC,294405,", d droite. C'est bien ; jy se"
"l'endroit indiqné. A quoienn
",294544,Noyer,PER,,294549, ces cing minutes ? A comparer
gardée par un polichinelle d ,294634,Manteal,PER,,294641,"
Youge, d chapesu pointu, a la"
"par un polichinelle d Manteal
",294642,Youge,PER,,294647,", d chapesu pointu, a la Banqu"
"ls chargés. Et
LE VOLEUE
753
",294758,Aussid,PER,LOC,294764, placer mentalemnent la Bourse
"de lupandrs, en face du
Royal ",294871,Lxchange,MISC,,294879, avec la statue de l reine a C
tent sous le péristyle de la ,295247,Bourse,PER,LOC,295253," et sur les
marches , et les r"
"uyarinent ct Gesticulent. Ils
",296352,Nontrien,PER,LOC,296360," du fauve, certainement. Ils m"
"̀re vue. Ah! je voudrais bien
",296623,Connditre,PER,LOC,296632," un Crimindliste...
 Ga viendr"
" Voix.
LES VOVACES PORMENT IA ",296701,JEUNESSE,PER,,296709,"
Tout d'un coup, j'aperçois l"
"x qui le fréquen.
tent.
- Ed ",297391,Bourse,PER,,297397," cst une institution, Comme lf"
"se cst une institution, Comme ",297425,lfglise,LOC,,297432,",
Commne la Caserne, ou ne sau"
"e institution, Comme lfglise,
",297434,Commne,PER,LOC,297440," la Caserne, ou ne saurait don"
"tution, Comme lfglise,
Commne ",297441,la,PER,,297443," Caserne, ou ne saurait donc l"
"ion, Comme lfglise,
Commne la ",297444,Caserne,PER,MISC,297451,", ou ne saurait donc la décri"
"quelle repose le principe des
",297869,Gouvernements,PER,,297882,. Je ne suis pointun moraliste
"oups et, surtont lorsquon est
",298799,Voleur,PER,,298805," ou escroc, porter habit de de"
"ou celle de l'Ecclésiaste...
",299106,Voyons,PER,,299112,", il fait beau, allons faire u"
"dune bache noire etiquetée.
 ",299598,Panoraind,PER,LOC,299607," n, me fait craindre. de métr"
 l'abdomnen Reuri d'une belle ,300360,Cchaine,PER,LOC,300367," a brcloques, un
de ces bons b"
"e supérioricé, fredonne, le ",300954,Chapednl,PER,MISC,300962," rond
Sur l'orcille, tandis qu"
"x du crépe qu'ils lui ven-
i ",301963,Aront,PER,MISC,301968," pour éviter la faillite, ils"
"'instaille dans mou coin, mne ",302086,Rattant,PER,,302093," du dou
espoir que mnes deux c"
ir que mnes deux compagnons n',302135,Aurontpoint,PER,,302146," Vidéc.
Sangrenue de chercher"
"i en conversation avec
MOl.
i ",302214,Vaine,PER,,302219, espérance! Le Monsicur jovia
"ais,
dans ma vic. J'ai eté d ",302727,Boulogne,PER,LOC,302735,", une fois, pendant
un mois, i"
"ois, il y d tamt d'Anglais, d ",302789,Boulogne,PER,LOC,302797,",
  Jesuis pas du toutun Angla"
al avec les hls de la perkide ,302943,Albion,PER,LOC,302949," ; je dime
pas les Anglais ; j"
"ance dime beaucoup les Frats-
",303203,Vnis,PER,LOC,303207,". Du reste, sans Latayette... "
"Y SOTL.
 Ne trouver.vous pas, ",303584,Mlonsicur,PER,LOC,303593,", demandetil en
Se tournant ve"
"ndetil en
Se tournant vers le ",303629,Monsicur,PER,,303637," triste, qu'il y A quelque
cho"
"'il y A quelque
chose de tres ",303678,Ratteur,PER,LOC,303685," pour nous dans cet cmmpresse
"
" S1, Certainemnent, repond le ",303788,Monsicur,PER,,303796," triste durie
woix lugubre.
- "
"Si, certainemnent, répond le ",304112,Monsieur,PER,,304120," triste d'une
Voix lugubre.
 L"
"Si, certainemnent, répond le ",304519,Monsieur,PER,,304527," triste
d'une voix lugubre.
 -"
"Si, certaincinent, répond le ",304826,Monsieur,PER,,304834," triste
d'une vois lugubre.
 J"
"iservd
teuT.
 Oh! oh lfait le ",305270,Monsieur,PER,,305278," triste.
 Wiplus ni moins, con"
"pplication, et je suis Conser
",305444,Vateur,PER,,305450, en Cesens que je m'oppose d t
"nir d
 Pastres bich, avoue le ",305596,Monsieur,PER,,305604," triste.
 C'est que je n'aipoi"
"x :
 Si, certainement, repond ",306338,le,PER,,306340," Monsiceur triste
l'une voix l"
"
 Si, certainement, repond le ",306341,Monsiceur,PER,MISC,306350," triste
l'une voix lugubre, ta"
"rend incurablement inkirmes.
 ",306516,Croyermoi,PER,ORG,306525,", Monsieur, la philanthropie d"
"ur, la philanthropie doit de.
",306563,Venir,PER,LOC,306568, la pierre angulaire de notre 
"chose en leur faveur.
ui, dit ",307139,le,PER,,307141," Monsieur triste, on devrait b"
"se en leur faveur.
ui, dit le ",307142,Monsieur,PER,,307150," triste, on devrait bien
faire"
"chagère beaucoup, répond le ",307254,Monsieur,PER,,307262," j0
vial. Ed plus grande parti"
"ivre en richards, manger de l
",307623,Viande,PER,LOC,307629,", boire du vin, et même de l'"
"'ane den Eaiement, répond le ",308268,Monsieur,PER,,308276," viete
 Cequilait défaut a la"
"viete
 Cequilait défaut a la ",308307,Chambre,PER,ORG,308314,", Monsieur, cest
un philanthro"
"cun...
- Du pain ? demande le ",308417,Monsieur,PER,,308425," triste. Ahce
Serdit si ocaus
"
"inction
d'age ni de sere, dun ",309267,Mensurations,PER,,309279," authropornatri
ques, les mesu"
es gens qui ont la conscience ,309394,nette,PER,,309399,"
ne redourent point ces choses"
"rmanent pour le bou fonction.
",309721,Nemcnt,PER,LOC,309727," de la Societé, seraientrctir"
"voix fsaflinement, répond le ",311296,Monsieur,PER,,311304," trisre d'une
 Il est bien cla"
 car clle étoutterait le bon ,311585,Grsin,PER,,311590,"..
Saver vous, Monsieur, quell"
"e étoutterait le bon Grsin..
",311593,Saver,PER,,311598," vous, Monsieur, quelle est la"
" devrait jamdis
 faire grace, ",311869,Monsieur,PER,MISC,311877,! Il y va dusalut de la Sociè
"n ne guillotine pas asse7i
le ",311965,Momieu,PER,LOC,311971, uiste ne tapoe be de sévesie
"C'est sijoli, les arbres, les ",312566,Reurs,PER,MISC,312571," !...
 Pas du tout secrie. le "
" !...
 Pas du tout secrie. le ",312601,Monsieur,PER,MISC,312609," jovial. Une
maison ! Un jardi"
" qu'il landrait
créer d leur ",312859,Msage,PER,MISC,312864,", ils en toucheraient les inte"
"mprends pas bien, déclare le ",313189,Monsieur,PER,,313197,"
 Permetier mnoi de vous doune"
nese rcfusent pas grandchose. ,313397,Monsicur,PER,,313405,",
il n'y a pas detres plus ins"
itent valent de lor en barre! ,314101,Donnerleur,PER,,314111,"
le bien etre de leurs contrè"
"ntrères du Centre, et ils de
",314166,Viendront,PER,,314175, aussi intraitables. Ces gens 
"r triste en hochant la tête.
",314753,Maonsiente,PER,,314763," doria aite de dan unais, a de"
"́e Vins
truction obligatoire. ",315048,Croyer,PER,LOC,315054," vous que ce soit sans in
tent"
nce d'ange aux déshérités. ,315458,Croyer,PER,LOC,315464,"
vous que si les Frangais d'ar"
 dux dernières phrases de ce ,316460,Mauvdis,PER,ORG,316467,"
Samaritain. Au fond, il n'a p"
"nières phrases de ce Mauvdis
",316468,Samaritain,PER,,316478,". Au fond, il n'a pas tort, ce"
"s , du papier pour boire leur
",316722,Cncrgie,PER,MISC,316729,"...
E -
LE VOLEUR
265
Le train"
es oil clignotent des becs de ,316841,ga2,PER,ORG,316844,", oil
veillent des lanternes r"
tre superbe que j'ai volé en ,317308,Suisse,PER,LOC,317314,", il y A trois
MOiS.
estaur de"
x... Hous scrons d H. dans un ,317424,Guart,PER,MISC,317429,"
theure... Vous aver ld une bi"
" province, mdl
Eclairée, dux ",318126,Mdisons,PER,,318133," Closes, et oul je n'ai jamdis"
"rendrer la guatrieme rue d...
",318418,Gauche,PER,ORG,318424, : je prends la quatrieme rue 
"iments contigus, le Palais de ",318735,Justice,PER,,318742," et ld
Prison. Mly voici, tout"
"s, le Palais de Justice et ld
",318749,Prison,PER,MISC,318755,". Mly voici, tout justement. V"
lace en laissant le Palais de ,318838,Justice,PER,,318845," derrière
wous, et rous vous "
" lumière aux fenetres. Le Mi
",319168,Mieca,PER,MISC,319173, de Lemresés (Seumentes Laost
"emnent, comne cher moi, en le
",319508,Gitime,PER,,319514, proprietaire. Avant de referm
"e ses habitants ont quittée,
",319896,Serdit,PER,ORG,319902, Cesculement depuis deux heure
"ence. Le voleur, entant de 1d ",320362,Nature,PER,MISC,320368,", Sdit
airer la présence de s"
"
indices, imperceptibles a la ",320477,Vertn,PER,LOC,320482," planant sur les plus
hautsomm"
"sieur. Ln face, d
droite ou d ",321381,Gauche,PER,ORG,321387, : L'abbé a négligé de m'en
"e,
les bijoux de Madame et de ",322173,Mademoiselle,PER,,322185,", il sera
inutile de rien cher"
"ertaines actions au.
canal de ",322841,Sucz,PER,,322845,", qui iront dire bonjour a cel"
"ive, bientot, dans le pays de ",322917,Beaconskield,PER,LOC,322929,". Flles
wont dormir dans mon s"
"caise dont le chifftre ferait
",323047,Coucher,PER,,323054," Paternoster, en face d'un lot"
"nt le chifftre ferait
Coucher ",323055,Paternoster,PER,,323066,", en face d'un lot doser con.
"
sse2 disposé d me traiter de ,323497,Vandale,PER,MISC,323504,". Allons, nn.
peu de philosoph"
"g. Due faire, Cn.
Attendant d ",323752,Rester,PER,,323758, dans cette pièce est imprude
 Il est allé en pelerinage d ,323893,Notre,PER,,323898,"
Dame de je ne sdis quoi, avec"
"t allé en pelerinage d Notre
",323899,Dame,MISC,,323903," de je ne sdis quoi, avec sd f"
" J'ouvre la première
porte d ",324211,Gauche,PER,ORG,324217,", dans le vestibule. Une salic"
ille sur la table. II y a des ,324691,Voleurs,PER,,324698,"
quiremnettent tout en ordre, "
" pense ; et le bruit que foni
",326386,770,PER,,326389,"
LE VOLEUR
les gens qui passen"
"t le perron par l'escalier de
",327087,Gauche,PER,ORG,327093,", je me retourne et je me diri"
" la planche qui
dd^  --
d.
LE ",328304,VOLEDER,PER,,328311,"
172
bascule , le bourrean pre"
"ng minutes plus tard, je suis
",328816,Cu,PER,,328818," Toute pour Paris.
Vn journal "
" d ce matin. Un pauvre hère, ",328977,Chasse,PER,MISC,328983,", pour
avoir pris part d une g"
"̀ve, d'une verrerie ou il trd
",329045,Vaillait,PER,LOC,329053,", et qui n'avait pul, depuis, "
"agee, un chatimentcremplaire. ",329804,Doure,PER,,329809," jurésbour-
Sedis avaient ren"
" un verdict implacable, et la ",329871,Coure,PER,ORG,329876,"
avdit prononcé la sentence d"
"s au bourreaul,
ace miserable ",330254,monsieur,PER,,330262, triste qui désire que tous l
"eaux les arbres et
jolies les ",330424,Reurs,PER,MISC,330429,... Cest pour exécuter la Sen
"Réchis, plusje trouve que le ",331509,monsieur,PER,,331517,"
jovial avait raison. On ne gu"
"T POSTICRES
Je trouve l'abbé ",331666,Eamnargelle,PER,,331677," cher lui, rue du Bac, au
deuz"
"oduit par la servante
dans un ",331820,Vaste,PER,,331825, cabinet de travail dont les t
"'abté a fait son apparition.
",331920,Mninstant,PER,,331929," apres.
 Alors, tout s'est bie"
"t bien passé ? Jant mieuy...
",331984,Voyons,PER,LOC,331990,", je vais faire un peu de plac"
"iennent l'amitie. Maintenant, ",332561,Eaisonsnotre,PER,,332573," commpre
approsimativement.
10"
res. et de ces bijoux et dans ,332876,Gvdtre,PER,,332882,"
Jours, Cest d dire samnedi, v"
" de ces bijoux et dans Gvdtre
",332883,Jours,PER,,332888,", Cest d dire samnedi, vous re"
"tenilletons sanguindires. Les
",333553,Journaun,PER,MISC,333561,", dinis du pouvoir, savent bie"
"it point de pocle, et si per.
",336415,Sonne,PER,LOC,336420, ne Consentait d sc laisser fr
"u jujube de la rhéro.
tique. ",337350,Undutre,PER,,337357,", Croquemnort cxpansif, grand "
"grand pretse
 de l'église de ",337411,Rarl,MISC,PER,337415," Wary, orateur nasillard et pu"
"t d'accommoder les
Trestes du ",337763,Capital,PER,LOC,337770,". - On y tranche, règle, déc"
"e blafard: je le regarde. Vne
",338775,Egure,PER,,338780," chafouine, rageuce, l'air d'u"
"ne pour
le nourrir. A travail ",339221,Egal,MISC,ORG,339225,... Mais l'etre blatard s'aper
"er-
foit de mon inattention.
 ",339283,Ecouter,PER,,339290," moi attentivement, ditil : C'"
"que
commne une inachine... Id ",339458,Nourriture,PER,,339468," dun adulte,
ainsi que je vous"
"quivalent a la force de vingt
",339743,Gustre,PER,LOC,339749," homnmes, la journée moyenne "
" un ouvrier laborieuy, sobre, ",340292,Calme,PER,MISC,340297,", qui se
aonne beaucoup de mal"
"eres cnnemis les anarchistes,
",341144,Croyer,PER,LOC,341150, vous que cette propagande pro
" propagande prohite au gouver
",341195,Nementd,PER,LOC,341202,"
 Hon, sarcinent. Le gouvernem"
"t sans doute d faire quelques
",341301,Concessions,PER,,341312," aux misérables, par simmple "
e Roger.ldHlonte m'a appele a ,341648,Rouen,PER,LOC,341653,":
il s'agissdit d'une taze ext"
"erlivre a fait tant de bruit.
",342802,Cher,PER,,342806," Balon, pour Commencer.
Il mer"
"i, Balon le psycholoque, avec ",343542,M.,PER,,343544," Talonle
Sociologue. Qu y voul"
"Balon le psycholoque, avec M. ",343545,Talonle,PER,,343552,"
Sociologue. Qu y vouler-Yous "
"amnuse. Je ne suis, Moi- e
je ",343661,tiens,MISC,,343666," a le dire bien haut, car je p"
"le cervelle il doit avoir, ce ",344003,Balom,PER,LOC,344008,"! Eije
ne crois pas trouver Ml"
"es compliments, 1é-
pond.il. ",344192,Contenter,PER,,344201, vous de dire que Cest une Cuv
"s de dire que Cest une Cuvre.
",344235,In,PER,LOC,344237," chef.d'aeuvre, si vous vouler"
"pro
Des houchers! Brrr I5.
E. ",344541,VOIEUE,PER,LOC,344547,"
282
Noncer ce mot la. Comme o"
"chers! Brrr I5.
E. VOIEUE
282
",344552,Noncer,PER,LOC,344558, ce mot la. Comme on voir bien
"bois-
Son. Bénédictin de la ",344884,Cause,PER,,344889,", anachorète de la Socidle,
m"
"n de la Cause, anachorète de ",344906,la,PER,,344908," Socidle,
moine du Progres, co"
"e la Cause, anachorète de la ",344909,Socidle,PER,,344916,",
moine du Progres, confesseur"
"nne la note cxacte de l'etter
",345189,Vescence,PER,ORG,345197," des désirs libertaires , des"
"qui lui fournit d forfait les
",346009,Vieus,PER,,346014," journduy qu'il découpe, et l"
"e ne vous cn diraient pas da-
",346111,Vantage,PER,MISC,346118,".
ussi, Gatient, ce que fait B"
istoire de l'oeut. de Colomb. ,346331,Omne,PER,LOC,346335,"
22 0v0. Quel cenf
Balon est u"
" vigourenses peintures - i ld
",346461,Colle,PER,LOC,346466,". - Peplus, c'est un couveur. "
"ses peintures - i ld
Colle. - ",346470,Peplus,PER,LOC,346476,", c'est un couveur. Il mijote "
"cile , et je ne sdis pa5 trop ",347742,Comtment,PER,ORG,347750,"
dire : Petit, noucux, des gen"
"sdis pa5 trop Comtment
dire : ",347758,Petit,PER,,347763,", noucux, des genoux qui font "
en patère et des orcilles en ,347882,Chammpignons,PER,LOC,347894,", des
Cercedux de vestiairc en"
"t justement ce que je voulais
",349016,Savoir,PER,MISC,349022,"... Enkin, malgré tout, Cest "
"ès que j'arriverai cher lui.
",349380,Riens,PER,LOC,349385," ljy suis.
Sa temme vient mouv"
"rle,
Re serd que passagere...
",349710,Lalmasco,PER,LOC,349718,", qui pourtant est un libertai"
"er
taires, mais cntre nous ct ",350568,Certains,PER,,350576," groupemients socid
listes que"
"riers I... C'est si bedul,
Si ",350763,Grand,PER,MISC,350768,", si puissant, la fraterniré "
"u sonne, permettermoi d'aller ",350854,Ouvrir,PER,MISC,350860,".
Talmasco descend. Toutd coup"
"ique Ce
qui s'est passé. Des ",351147,Compagnons,PER,MISC,351157,", qui lui en veulent
sans qu'i"
" temps d nous quereller
Cnlre ",351876,Rous,MISC,,351880,", Rous durions Coutiniéret d "
"re fois, c'est Mine Talmascs
 ",352128,Peutetre,PER,LOC,352136," aussi, continne Talmdsco, n'a"
" ld porte ouverte, en bas, un ",352287,Vacarie,PER,LOC,352294,"
Frdi --
LE VOLEDE
185
terribl"
"mes.
 Bah! ce n'est rien, dit ",352701,Lalmasco,LOC,PER,352709,", un simple
malentendu. Les co"
"oit être : Bonne
Volonté et ",353578,Fraternite,PER,MISC,353588,".
Qui, Oui... Certainemnent..."
"'ai rencontré un anarchiste.
",353694,Cestun,PER,,353700," irimardeut, qui ne fait pas g"
"propagande prokite au gouver.
",354657,Rement,PER,,354663," :
 Non, surement. Lidée d'am"
"le des splendeurs tu
tures du ",355506,Ouart,PER,LOC,355511," Erat, cxistant par luimeie Ct"
" splendeurs tu
tures du Ouart ",355512,Erat,PER,,355516,", cxistant par luimeie Ct tral"
", d'un seul coup, Au pouvoir.
",355587,Cetre,PER,LOC,355592," anarchie, qui codihie des tru"
"rues, qui passionne des lieux ",355678,Cominuns,PER,LOC,355686," plus
Mes que les vicille lune"
"́cessdire a l'acte - comme s.
",355854,Tlercule,PER,,355862,", qui combattit Cacus dans les"
"urs, semindires de dupes, md.
",356016,Gasins,PER,LOC,356022, d'accessoires de la inaison V
nregimentation . Car tous les ,356813,Groupe,PER,,356819,"
Tents huimains sont d base d'"
"d se hisser
dans ce char de l'",357058,Etatqui,PER,LOC,357065," n'est plus qu'une roulorte
de"
"tique devant lIndividualiré,
",357344,Commne,PER,,357350, on Coimprend la victoire dék
"ecuir.
t lonsonge, duesi, dux ",357472,Cnscigncments,PER,,357485," des philo
sophes du wvine sie"
"souverai
nete illimirée de l'",357730,Etat,MISC,LOC,357734," peut passer des mains de a
To"
"n a l'autorité intinie de
LE ",358183,VOLEVR,PER,ORG,358189,"
789
VEiat, l'activité morale"
"t cessé avec l'existence de.
",358254,IIndividu,PER,MISC,358263,", tous les progres accomplis p"
"les spoliations, d toutes les
",358639,Corruptions,PER,LOC,358650,. Etilarrive que la machine ad
"times de l'arbitrdire gouver-
",359268,Remental,PER,LOC,359276, avaient pris le parti d'agir 
"s misères, il n'y aurait
pas ",359384,Cu,LOC,,359386,", apres ce désastre cetteinig"
et ces sans patrie feront des ,360162,Saluts,PER,,360168,"
audrapean, ces sas respect pr"
"rists de Bon-
 Nat.
Alons, la ",360416,Bourgeoisie,PER,LOC,360427," peut dormir tranquille, clle
"
"ler la ?'Estce que celd Mere-
",360650,Garde,PER,,360655,", moi, ce que penvent dire ct "
été d u Loutes les affaires ,360756,quine,PER,,360761,"
Sont pas n05 affaires personn"
"es affdires de
VEtat. y C'est ",360834,Royer-,PER,LOC,360840," Collard qui a dit cd, etilava"
". En voild, une surprise I Fi
",361265,Gure,PER,,361269, toi que j'avais lintention d'
"es, dans Acux Outrois jours.
 ",361363,Vraiment,PER,,361371," ? Et en quel honneur ?
 Estum"
"tu as revu la petite femme du
",361652,Mnonde,PER,LOC,361658,"...
Renée : Hon. Je l'ai bien"
je voulais te parler. J'avais ,361978,Vinten,PER,MISC,361984,".
tention de Te demander un co"
" celd, tu t'en repentirais.
- ",362082,Naturellement,PER,,362095,: et ca ne mempécherdit pas d
"uy J Oui j Fh! bien, Écoute.
",362180,Jairecuhier,PER,,362191, unclettre de Canonnier. Il es
"ute.
Jairecuhier unclettre de ",362205,Canonnier,LOC,,362214,". Il estaux frats-
Duis...
Apr"
"e Canonnier. Il estaux frats-
",362233,Duis,MISC,LOC,362237,"...
Après s'être échappé d"
".
Après s'être échappé de ",362269,Cayenne,PER,LOC,362276," ;. je sais 5d.
Mais en dchors"
"ce détail, j'ignore tout sur ",362340,Canon,PER,ORG,362345,"
nier. Pourquoi ail été cond"
"ravaun forcés,
d'abord ? --
 ",362416,Condamne,PER,MISC,362424, ! s'écrie ldd : il n'a jamai
st un deschets d'ceuvre de la ,362666,Répr,PER,,362671,".
blique, siclle n'avait pascr"
"de
lenvoyer finir ses jours d ",362917,Cayenne,PER,LOC,362924," ou a la Nouvelle.
Caledonie.
"
r ses jours d Cayenne ou a la ,362933,Nouvelle,PER,LOC,362941,".
Caledonie.
 Certainemnent. L"
" me fait l'effet de traiterle
",363285,Voleur,PER,,363291,", Clair de lune de lhonnète h"
" l'effet de traiterle
Voleur, ",363293,Clair,PER,,363298, de lune de lhonnète horme ac
"ctuel,
Comme le precepteur du ",363357,Dauphin,PER,LOC,363364," traitait antrefois le
compagn"
"Je ne cherche pas a disculper
",363583,Canonnier,PER,MISC,363592," , c'est un voleur de premier "
"t un voleur de premier ordre, ",363629,Dien,MISC,PER,363633,"
Senl, sil existe, connait le "
"lout longremps, lorsqu'il tut
",363797,Soupconne,PER,LOC,363806, d'avoir comnmis un vol perpet
" l'aientendu dire, a toi ou a ",365412,Roger,PER,,365417," ldHonte.
 Flle a dix ncutans,"
"d
Gisrrat d
 Pas tout d fait. ",365566,Voici,PER,,365571," les choses : ily a une
Vvingt"
"ie
Gouvernante, au service de ",365796,M.,PER,,365798," de BoisCréault, le E2
meux p"
"ui gardd la jeune femme d
Son ",366735,Service,PER,ORG,366742,", méne apres qu'clle cut mis "
" du monde
Mneperire klle.
 Er ",366801,Canonnicr,PER,LOC,366810,", que faisait il pendant ce te"
"
ne fut donnéc du procès de ",367796,Canonnier,PER,MISC,367805,", il fut juge,
condamné et re"
emnent. Hime de Bois-Créault ,368700,Ia,PER,,368702," traite
Commne sd propre hlle "
ent. Hime de Bois-Créault Ia ,368703,traite,PER,,368709,"
Commne sd propre hlle ; une m"
" fois cusemble, d la messe de
",368866,Saint,PER,,368871, Thilippe du Roule ou dux prem
"la messe de
Saint Thilippe du ",368884,Roule,PER,,368889," ou dux premières. Mon
cher, "
", probablement ?
 Si. Un ils, ",369346,M.,PER,,369348," Armand de Bois-Créault. Un
j"
"ventson nom
Aans les journaux ",369554,Mondains,PER,ORG,369562,".
Itir ---
E VOLEUR
 Is sontri"
"d? J'aurais pense
Quun ancien ",369817,Iagistrat,PER,,369826,"...
 Tune conndis pas ces gens"
"ce, ou quelque chose dans ce.
",370377,Genre,PER,,370382," Id, une cenvre qui ferd sensa"
"ire d travers les ages. W Les
",370489,Journauz,PER,LOC,370497, ont deja dit plusicurs fois q
"d'abominable dans ce que fait
",371275,Canonnier,PER,,371284, d Engager sa Klle i payer de 
" dans ce que fait
Canonnier d ",371287,Engager,PER,,371294, sa Klle i payer de la plus no
"gne...
Je sdis bien que, pour ",371808,Canonnier,LOC,MISC,371817,", tous les sentiments
ordinair"
"u vas faire d présent? me de
",372630,Mande,PER,,372635," Ida après dejenner.
 Unpetit"
" des prédictions et rire des
",373340,Cartemanciennes,PER,LOC,373355, ! Il n'y d pas cing mlinutes 
" robe s'écourte en redingote
",373654,Noire,PER,LOC,373659,", en redingote a la papd. Ahi "
"e presente
l'hommine derobe.
 ",374086,Monsicur,PER,,374094," le protesseur Mlachin, Crimin"
bles le tribut de son activire,374895,",",PER,,374896," Edoudrd Monrareuil
s'est déc"
"es le tribut de son activire, ",374897,Edoudrd,PER,,374904," Monrareuil
s'est décidé d a"
"ses modernes. I.
a fondé une ",375056,Revue,PER,MISC,375061,".
 Ed u Revue Pénitentiaire. "
"rnes. I.
a fondé une Revue.
 ",375064,Ed,PER,,375066, u Revue Pénitentiaire. y Wen
" I.
a fondé une Revue.
 Ed u ",375069,Revue,PER,,375074, Pénitentiaire. y Wen avez-vo
" intellecruel français.
 Ah! ",375335,Monsieur,PER,,375343,", déclare le criminaliste, vo"
p perdu. L'apparition de la a ,375418,Revre,PER,,375423,"
Dénitentiaire y d Eté léve"
"risons de France
Ent a 
et de ",375763,Navarre,PER,LOC,375770, ont cté obligés de sy abonn
"obligés de sy abonner et, le
",375810,Seront,PER,,375816, contraints de les imiter. Wle
"temmps intellectuel qu'ils me
",375966,Titentd,PER,MISC,375973,"
J'en frémis. Et quel moyen d"
Vous conddinnerons a lire. la ,376277,Revue,PER,,376282," que
lisentvos grrdiens. "" Ah!"
"lerer sur leur masse, pendant
",376663,Jeur,PER,,376667," incarceration, ld somnme nece"
"e d un abonne
inentannuela la ",376732,Revne,PER,LOC,376737,".
LE VOLEUE
199
- C'est presqu"
"istere nous ont pro-
mis leur ",376866,Concours,PER,MISC,376874,", en principe, ce n'est plus g"
"orte cn soitous les elernents
",378040,Auctimre,PER,,378048,", autant vaudrait répéter la"
"re de culture augucl est par-
",378201,Venue,PER,,378206, Thumanité. C'est afhrmnci qu
" peut toujours facilement re.
",379345,Connditre,PER,LOC,379354,". Ainsi, vous, Monsieur - peri"
"t re.
Connditre. Ainsi, vous, ",379369,Monsieur,PER,,379377," - perinetiermoi
de faire une "
" des bottines dussi pointues.
",379868,Voila,PER,MISC,379873,", Monsieur. Ah! la science est"
"e, aujourdhui, c'est celle du ",380106,Voleur,PER,MISC,380112,", il est
Vrai qu'clle les cont"
"Nous vous parlons ld, mne dit ",380203,Montareuil,PER,LOC,380213,", de.
 Choses qui ne doivent p"
"ur. Ingénieur civil.
Mais ne ",380423,Croyer,PER,LOC,380429, pas que mes occupations prote
"̀res. Et, d'ailleurs, prisque ",380558,M.,PER,,380560," le protesseur
Machin parlair "
"urs, prisque M. le protesseur
",380575,Machin,PER,,380581, parlair rout a l'heure de la 
mpétucus et désordonnés du ,381012,Reuve,PER,LOC,381017," d
l'esprit humain sans guide "
"lois sages, aux bientaisantes ",381120,Mcsufes,PER,,381127,"
qui en renferment l'activité"
"ngé auf wappotts Etroits...
 ",381264,Vraiment,PER,,381272, s'écrie le criminaliste. Ahl
"hoses est aussi grandiose que
",381410,Neuve,PER,LOC,381415,. Cette comparaison entre les 
" pourricrvous pas engager Mon
",381664,Sieur,PER,,381669, votreamid nous donner un arti
our le prochain numéro de la ,381753,Rerne,PER,LOC,381758,") Un Ar
ricle dans lequel il d"
"captivant ?
 Fn cfet, répond ",381893,Montareuil,PER,LOC,381903,". Pourquoi, mon
cher Randal, n"
"ond Montareuil. Pourquoi, mon
",381919,cher,PER,,381923," Randal, n'écririeryous pas u"
"rse. - Moi, rédacteur A la u ",382145,Revue,PER,,382150," Déniten
tiaire n! Hon, c'est"
" Moi, rédacteur A la u Revue ",382151,Déniten,PER,,382159,"
tiaire n! Hon, c'est trop dro"
"le! Il ne manquerdit
plus que ",382219,Roger,PER,,382224, la Honte pour faire le Courri
ra dans 1d collaboration a la ,382515,Revue,PER,ORG,382520,"
Mne belle dose dironie, qui n"
" que ceserdit un peu long...
 ",383221,Pentetre,PER,LOC,383229,". Du reste, je ne demanderdi p"
"u reste, je ne demanderdi pas ",383262,Vins,PER,LOC,383266,".
piration de mon travail aux "
"e. Le prochain
Muméro de la. ",383526,Revue,PER,,383531, sera d'un intéret supéricur
era d'un intéret supéricur. ,383563,Jy,PER,MISC,383565,"
publie, pour mon compte, une "
"ttirerd
l'attention ; C'est l'",383637,Esquisse,LOC,,383645," d'un Code rationnel et
obliga"
"dite un bon conp de seringue.
",384176,Ia,PER,,384178, a Rerne Pénitentiaire o A pa
"e un bon conp de seringue.
Ia ",384179,a,PER,,384180, Rerne Pénitentiaire o A paru
"un bon conp de seringue.
Ia a ",384181,Rerne,PER,,384186," Pénitentiaire o A parul, et "
"is quelques aRecdotes , June, ",384724,Cntye,PER,MISC,384729,"
autres, d'un crimincl invéte"
"tant fait.
par les Anglais du ",385252,Métropolitan,PER,,385265," Railway. Je demon
trais que l"
 les Anglais du Métropolitan ,385266,Railway,PER,,385273,". Je demon
trais que le Manque"
"
Que la haute moralité de la ",385523,Suisse,PER,LOC,385529,", contrée accidentéc,
provie"
" que les trains, d des inter-
",385610,Valles,PER,LOC,385616," rapprochés, s'y enfoncent so"
ssais par un cloge pompeux du ,386222,maitre,PER,,386228," Lom.
broso, oil je merais en "
"ndre la peine
de le deknie. a ",386416,Emitons,PER,LOC,386423," le, disais je en retminant.
l"
"ence
des sendarmes, ces anges ",386671,Gardiens,PER,,386679," de lacivilisation. Ni
En vér"
"de nombreuses
lettres, toutes ",386832,Ratteuses,PER,LOC,386841,. Tne scule est blessante pour
uclle voyage sans son mari et ,387070,Guun,PER,,387074,"
Monsieur sympathique s est in"
hique s est installe dans sou ,387120,Wagon,PER,MISC,387125,".
Ovelque hysterique...
i Mon "
"ire. - I est a la rère de
la ",387519,Direction,MISC,ORG,387528," des Douriemes Provisoires, un"
" la rère de
la Direction des ",387533,Douriemes,MISC,,387542," Provisoires, une nouvelle
Dir"
s qu'avec un retard de quatre ,387770,Oucing,PER,MISC,387776,"
mois. Ah1 il a de la chance. "
"ouratet! Le voild, i
Son age, ",387837,Directeur,MISC,,387846," des Douriemes Provisoires, et"
"ild, i
Son age, Directeur des ",387851,Douriemes,MISC,,387860," Provisoires, et,
même, ilser"
"rinire,
ou simplement jusqu'a ",388273,Piques,PER,LOC,388279,". Tleureux Gaillard,
Nous dino"
ment jusqu'a Piques. Tleureux ,388290,Gaillard,PER,,388298,",
Nous dinons ensemmble du cab"
"niche, moncher!
205
LE VOLEDR
",388535,Eradroite,PER,MISC,388544,", avec Cd... On dirait une fé"
"n. des
Choses, d Cette pauvre ",389501,Republiquel,PER,,389512," Mlais n'estce pas
encore le m"
"
encore le meilleur régime I ",389560,Westce,PER,,389566," pas le gouver
hement par tous"
"pour tous ! On va meme jusqud
",389630,Vaecuser,PER,,389638, d'anstériré. Calomnie pure)
e fasse tous ses cfforts pour ,389770,Grouper,PER,ORG,389777,"
autour de lui lélite intelle"
", sans ton article dans cette
",390142,Revue,PER,,390147," de Montareail, je n'aurais pr"
"s les grands di-
tistes de la ",390492,Rendissance,PER,LOC,390503,". Léonard de Vinci, par
exemm"
apres midi entières dans les ,390626,Galeries,PER,LOC,390634,",
Cher Durand.Ruel et ailleurs"
" entières dans les Galeries,
",390636,Cher,MISC,,390640, Durand.Ruel et ailleurs. Ouan
"it Éprouvé
les plus grandes ",390762,fatiques,PER,,390770," physiques. Les merts, iu
Comp"
" ta femmne ne l'inquiete pasi
",390941,Me,PER,,390943," ePue mele le oee Metela,
il t"
"user, sous des prerextes quet
",391286,Congues,PER,LOC,391293,", j'airne inicux aller au Cirq"
"gues, j'airne inicux aller au ",391319,Cirque,PER,LOC,391325," qu'en soirée.
Mais Mouratet "
"n ?
- Qui, d apres Aemain.
Je ",391476,tiens,MISC,,391481," parole. Et me voild montant, "
"omptueuse maison
du boulevard ",391589,Malesherbes,PER,,391600,".
Je ne suis pas plutot annonc"
"ur, que votre érade, dams 
a ",391906,Revue,PER,,391911, Pénitentiaire s m'a donc amu
"ticle toutdtait au
sérieux : ",392400,Monmari,PER,LOC,392407," m en a deja grondéc, mais..."
"rouver une parole,
tandis que ",392551,Rence,PER,MISC,392556, - Car c'est clle . Vd recevoi
"plus visiblement quelle, d Sd ",392863,place,MISC,,392868,".
Son rire, peut etre nerveuy "
aire avec le couteau du père ,393832,Coupe,PER,,393837,"
toujours ? Lu ne mérites mem"
"t intéressante, cette perite
",393943,Rence,PER,MISC,393948, quitire si joliment sa réver
"écuyère lancée au.s
208
RE ",394223,VOLEUER,PER,ORG,394230,"
-
Galop, quittant la sclle d'"
"lancée au.s
208
RE VOLEUER
-
",394233,Galop,PER,ORG,394238,", quittant la sclle d'un élan"
souplesse sur la crompe de sd ,394325,Monture,PER,,394332,", apres
avoir creve le cerceau"
"utés et des fonc.
tionndires ",394915,Ranques,PER,LOC,394922," de leurs Epouses legitimes, u"
"é de fréquenter, le jour de ",395149,Jugement,PER,,395157," dernier,
dans la valléc de J"
"inthe !... Quelle dèche, mon ",395458,Empereur,PER,,395466,"!
Je voudrais bien parler a Re"
"croird que nous discutons son
",395807,Genie,PER,MISC,395812,", il faudra lever les yenx au "
"voit pas caal
Palais Royal..
 ",396511,Moinon,PER,,396517," plus, disje, je ne pensdis gu"
Cier et lui demander un autre ,396991,Morcedul,PER,MISC,396999,", la a Marche
des Monts Carpat"
"tre Morcedul, la a Marche
des ",397017,Monts,PER,,397022," Carpathes. n.
lle revient une"
"ui fait valoir son Charine
de ",397149,Parisienne,PER,LOC,397159,".
 Ga y est. Je lai si dit qu'"
"it qu'il érait le Strauss de
",397213,Lemain,MISC,PER,397219,. Pourquoi pas l'Ofenbach d'hi
oi pas l'Ofenbach d'hier ?... ,397257,Ecouter,PER,,397264,",
j'ai beaucoup de choses d vo"
" pas rout de suite, cehri ld.
",398287,Pentetre,PER,LOC,398295, qu'il nous laisserait trangui
"out prendre, que le cachet du ",398563,Directeur,MISC,PER,398572," des Dou
Liemes Provisoires ! "
"s mains souverines du Peuple.
",398743,Le,MISC,,398745," Peuple, Citoyens ! Et nous os"
"verines du Peuple.
Le Peuple, ",398754,Citoyens,MISC,ORG,398762," ! Et nous oscrions, nous, les"
"ens qui mentourent pouvdient,
",399015,Egure,PER,MISC,399020, Surtout la vertucuse indignat
"e indignation de Mourdtet,
Ce ",399070,Mouratet,PER,ORG,399078, qui vit au milien du luxe pay
"car la bétise seule est sans
",399266,Crcuse,PER,LOC,399272,", pourtant...
 Pouttant, Mourd"
"t les di
faires de la France. ",399508,Le,PER,,399510," benékice qu'il aretiré, jsq"
"es di
faires de la France. Le ",399511,benékice,PER,MISC,399520," qu'il aretiré, jsquici,
de c"
",
aas maste d Lareles aune de ",399994,Maleouts,PER,,400002,"
LE VOLEUR:
 22
n peuple et de"
n clles linconstance de leurs ,400444,Conjoints,PER,,400453,".
 Cestplutot le poids de l'ex"
"ips, non
plus, que je suis un ",402385,Foleur,PER,LOC,402391,".
Voici bientot deux mois que "
"
plus, que je suis un Foleur.
",402393,Voici,PER,,402398, bientot deux mois que je me s
"a coup, jela
reconnais. C'est ",403903,Mlargot,PER,LOC,403910,", Wlarquerite, l'ancienne femm"
"ela
reconnais. C'est Mlargot, ",403912,Wlarquerite,PER,LOC,403923,", l'ancienne femme
de Chamlbre"
", lancée dans le monde
de la ",405140,Galanterie,PER,,405150,. Depnis clle n'a pas cu d se 
"ir dans leurs Echos le nom
de ",405397,Marguerire,LOC,,405407," de Vaucouleurs. Thl bien, mon"
"Echos le nom
de Marguerire de ",405411,Vaucouleurs,PER,,405422,". Thl bien, mon cher,
Margueri"
"couleurs. Thl bien, mon cher,
",405444,Marguerite,PER,,405454," de Vaucouleurs, c'est moi.
Ce"
"bien, mon cher,
Marguerite de ",405458,Vaucouleurs,PER,,405469,", c'est moi.
Cerdaute e non sa"
deson porteteuille. Je vais a ,406043,Malenvers,PER,,406052," avec
lui, naturellement... Tu"
"on-
tagne:
NTU
A AVENTURES DE ",407481,DEUX,PER,,407485," VOLEURS, D'UN CADAPRE ETES.
D"
"agne:
NTU
A AVENTURES DE DEUX ",407486,VOLEURS,PER,,407493,", D'UN CADAPRE ETES.
D'UNE JOL"
" de Vamne de la France,
QuOi
 ",408249,Malenvers,PER,MISC,408258,"! Malenvers !.-.
On descend. I"
"e devant l
Gare. Il y A aussi ",408886,M.,PER,,408888, le maire Ranque de ses adjoin
" tres médaillee, exécure la ",409499,Mlarseillaise,PER,LOC,409512," ; et
au dernier soupir du tro"
"trommbone, W. le mdire, rouge
",409569,Jusqu',PER,,409575,aux orcilles et fort gène par
"ejournest peut eire pas loin, ",410086,Messicurs,PER,MISC,410095,"! -i
la tete du gouvernement.
"
"iberté, ainsique la tamille)
",410637,Ed,PER,MISC,410639,". dessus, une petite klle vetu"
"dire. Id fanfare re-
prend la ",411072,Marseillaise,PER,MISC,411084," et la foule hurle.
 Vive la R"
"e et la foule hurle.
 Vive la ",411113,Republique,PER,,411123,", Vive Courbsssol...
les voiru"
"ciclles des députés. et des
",411781,Costumes,PER,,411789," de voyage des journalistes, t"
"obes surannées
des damnes de ",411903,Malenvers,PER,,411912,". Les représentants du peu.
p"
. Je lis sd prolession sur Sd ,412655,Kgure,PER,LOC,412660,".
Cest un mouchard. Ei moi, po"
"quet qui préluderd au fameuy
",413070,Niscour,PER,LOC,413077,".
Ms ine prennent pour le corr"
"nt pour le correspondant dune
",413122,Garctte,PER,,413129, etrangere qui cherche toutes 
", avectont l'enthousiasmne de ",413643,Circons,PER,MISC,413650,"
tance, s'apprete maintenant a"
"s de demander une
Chambre.
RE ",414235,VOLEDE,PER,MISC,414241,".
229.
-. Non, Monsieur, pas u"
".. Pourtant,
Ljoute tclle, si ",414525,Monsieur,PER,,414533, vouldit repasser Vers les cin
"u'estcequi ne Serd pas kini)
 ",414833,Mettons,PER,,414840," sept heures, Monsicur. Asept "
"int
prendre mon repas dans la ",415037,Srande,PER,MISC,415043," salle, qui esf re
Servée... "
"fférent. Mon couvert est mis
",415118,Jans,MISC,LOC,415122," une petite pièce, d Gauche, "
"mis
Jans une petite pièce, d ",415144,Gauche,PER,ORG,415150,", a coté du bureau de
T'hotel"
"t. de mon pardessus, je vois. ",415267,Mlargot,PER,MISC,415274,"
descendre lescalier, son bouq"
lair d'etudici le langage des ,415363,Reurs,PER,,415368,". Courbassol.
est fort cmpress"
"̀s midi.
Cestune bonne idéc. ",416353,Jy,PER,,416355," vais.
J'ai dépasse les derni"
hoinme qui ne comprend plusla ,417316,Nature,PER,,417322," et
ne sdit inéme plus ld voi"
"ent, dinsi que dans une brmme ",417790,Chaude,PER,ORG,417796,", in pied des
collines boisces"
"Palais Bourbom, tout de meme, ",418121,Me,PER,,418123,"
fois pour toutes
q------
IE V"
"e
fois pour toutes
q------
IE ",418152,VOLEUR,PER,,418158,"
..--
22
 Jai eté diner a lho"
"sonne d qui m'adresser, quand
",418677,Jarrive,PER,LOC,418684, au Sabot d'Or. Lous les emmpl
" ?... Mais une idécme vient.
",418879,Puisquil,PER,LOC,418887," n'y d personne ici, puisque l"
isposition du bureau.. Lout d ,419810,Vheure,PER,,419816,", peutêtre...
Mais un grand b"
"ns le corridor et semblent se
",420014,Tapprocher,PER,LOC,420024,". Oui, on dirait qu'on vient p"
"ils vont déposer
Sur lelit.
 ",420306,Dieul,MISC,PER,420311, que C'estlourd1 dixlhdtelier 
"oilette, apparalr a la porte,
",420484,Lccompagnee,PER,LOC,420495," d'unc. SerVante.
 Ah. te voil"
"-chaussee,
Autrefois... Vous, ",421205,Jerdme,PER,MISC,421211,", vous allez rester :ici i
vei"
"ncs... Bien entendu, Annette,
",421990,Ljoutetil,MISC,LOC,421999,", vous laisserc2 Ia fenetre gr"
" tout.
faites bien attention, ",422269,Jeromne,PER,MISC,422276," et vous, n'oublier pas
Que vo"
"dor. Id
 porte souvre , c'est ",423111,Annette,PER,MISC,423118,".
 Thi bien, dit-clle d Jerdme"
"embrassant... Pourtant, Si Ce
",424078,Monsieur,PER,,424086, qui d demandé une chambre re
ontent les cscaliers qudtre d ,424212,Gudtre,PER,,424218,".
Alons ! les choses tournent "
"mbre... Il me semble qu'elile
",424579,Vvient,PER,LOC,424585," de sagiter sur Sd couche, cet"
"t verS moi.
LE VOLEUR
 
225.
 ",425326,Bonsoir,PER,,425333,", cher Monsicur. Comment vous "
" VOLEUR
 
225.
 Bonsoir, cher ",425340,Monsicur,PER,MISC,425348,". Comment vous porier
vous ! D"
"rien d craindre. Je map
Delle ",425938,Canonnier,LOC,,425947,".
vons, Canonnierl C'est vous,"
"u'elle a dutrimer, la malheu.
",427249,Teuse,PER,LOC,427254,", et faire de saletés, et dir"
de. commerce qui m'a amené a ,428255,Baint-,PER,ORG,428261,"
Maraire. De la, je me suis re"
x licues environ au dessus de ,428352,Malenvers,PER,MISC,428361,", et
1y. attendais depuis deux"
"nt, Cornme d toi. C'est Asse7 ",430045,Cu,PER,,430047,"
ricur, mdis C'est comme Gd. A"
"u
travail, il n'y d que Cd... ",431061,Tiens,MISC,,431066,", tu as un outilamé.
Ticain, "
"ir... Voyons, toi, Vd dans la ",431559,Chammbre,PER,MISC,431567," et mets le
Secrétaire d 1d q"
" ou sonnent des pieces d'or.
 ",431953,Voici,PER,,431958," ma récolte, ditil, six mille"
"les change niicini d Paris, d ",432087,Cause,PER,,432092," des numéros.
Ouantd lor, nou"
elui de droite dans md poche. ,432327,Doure,PER,,432332,"
cents francs Chacun, d peu pr"
". Ettoi, qu'dstu
TTOMved
 Des ",432396,Valeurs,PER,ORG,432403,". Les voici.
 Bien. Je vais le"
"cmporter, puisque tu restes i
",432465,Malenvers,PER,MISC,432474,. Flles partiront pour Londres
"rkus pour la dé
d Mr re
-
LE ",432903,VOLEUR,PER,,432909,"
229
ccoration de lhorel, sont"
"it Canonnier en boutonnantson
",433208,Gilet,PER,,433213,. Je fis Concurrence d M. le m
"n
Gilet. Je fis Concurrence d ",433236,M.,PER,,433238," le maire, intérieure.
ment :"
"e dis
que je sens l'atgent... ",433552,Tiens,MISC,LOC,433557,", Id.
i Ise dirige vers ld che"
"n !... Des billets de mille , ",433778,Marette,PER,LOC,433785," ..
Quatre, cing.., Hent, dix."
"ta poche, et allons-
NONS CT.
",434012,Nousrentrons,PER,LOC,434024," dans le burean.
 Je leur ai l"
"obscurci. Hous nous dirigeons
",434476,Versld,PER,LOC,434482, Grande place et nous avons la
"i. Hous nous dirigeons
Versld ",434483,Grande,MISC,,434489, place et nous avons la joie d
itants impuissante devant les ,435772,Rammes,PER,MISC,435778,", s'écridit
en un acces de vo"
ces de voluptueux orgueil : a ,435829,Ouon,MISC,LOC,435833," vienne
dire, d présent, que "
"r the fun of the.
thing ?
 En ",436294,Europe,PER,LOC,436300,", on n'en cstpas ld.
 Pas cnco"
" qucique chosc de
Grand, sans ",437313,Joute,PER,LOC,437318,. Pas un des sacripans gouvern
" qui n'ait, corne lentant de
 ",437401,Spatte,PER,LOC,437407,", un renard qui lui ronge le v"
"le, songeant a ce que m'a dit ",438199,Canonnier,PER,MISC,438208,", a cequil
mm'a laissé entend"
"ait chassé les ven-
deurs du ",438571,Lemple,PER,LOC,438577, . peutêtre qu'ils n'y serdie
"ain espoir de tromper les dr-
",439321,Gousins,PER,LOC,439328, sur la destivation de l'immeu
"e étiquerée R. F., un buste
",439639,Couronne,PER,,439647, de lauriers - coupés au bois
", parle...


AE VOLEUR
235
Sa ",440422,Loure,PER,LOC,440427, : Ah! je ne sdis pas! Je n'en
" voit que cd, dans la face de ",440669,Courbascol,PER,LOC,440679,". On ne
peut pas y voirantre c"
" RobertMlacaire, ni méine en ",441308,Bertrarid,PER,LOC,441317,",
mais en Courbassol. Id voix "
"urbassol. Id voix est lourde, ",441359,Monotone,PER,LOC,441367,",
fausse, peurcuse, une voix d"
"ermsis, dejd, daccomplir leur ",441906,Ceuvre,PER,LOC,441912," ne
taste, leurs satellices, q"
"e inondation réaction
Maire, ",442148,Citoyens,MISC,ORG,442156,", a mis le teu aux poudres ! E"
"di la conviction prolonde, la ",442231,Chambre,PER,ORG,442238," va montrer
par son votequ'cll"
"ée ctsublime,
a la face de l'",442555,Enrope,PER,LOC,442561,")
Alors, C'est du délire. Des"
"uyatild demandent Courbissol,
",443174,Machinard,PER,LOC,443183, et plusicurs autres en se pre
ouc! Ahl les coquins I... Mon ,443437,Dieu,MISC,,443441,".
que masregt itachinard et pi"
tre dans le bureau de lhotel. ,444607,Mlargot,PER,LOC,444614,", dssise d
eoté de lhorelièr"
"erd ce que
je lui demanderdi. ",444922,Ouestce,PER,MISC,444929," que vous vouler ? Vn
bureau. "
bac I Un kiosque d journauy J ,444994,Enlin,PER,,444999,",
dites... Je Suis Sd maitress"
nnier a decouvertderrière la ,445271,place,MISC,,445276,".
iAhl Monsieur, que nous avon"
"uvertderrière la place.
iAhl ",445283,Monsieur,PER,MISC,445291,", que nous avons du malheur?
m"
"sation... Donner le numero
lA ",445590,Monsieur,PER,,445598,", ordonnetil d Annette qui vie"
"umero
lA Monsieur, ordonnetil ",445611,d,PER,,445612," Annette qui vient d'ax
rivei "
"ero
lA Monsieur, ordonnetil d ",445613,Annette,PER,,445620," qui vient d'ax
rivei avec une"
"n
prison prérentive, vous et ",445821,Jerdine,PER,LOC,445828,", je lui ferai donner
de mes n"
"i donner
de mes nouvelles par ",445871,M.,PER,,445873," Courbasedl...
Annette, tout e"
"ouvelles par M. Courbasedl...
",445888,Annette,PER,MISC,445895,", tout en larmnes, me conduit "
st pas celle oil est morte la ,445976,vieille,PER,,445983,"
temme, tant micuy, quoique je"
" deux mots, depris hiet soir. ",446543,Duestce,PER,ORG,446550," que t
fais, t0I2... Ah! oui, "
r) - Toutes les valeurs de la ,447020,vieille,PER,,447027,"
Etaient dans le secrétaire, "
"tes les valeurs de la vieille
",447028,Etaient,PER,,447035," dans le secrétaire, et, conu"
mailles I la larmille wa leur ,447528,Eaire,LOC,MISC,447533," u.
Wroris. Vix dire que. la p"
"tique vous tre i tye
aVer des ",447596,Jens,MISC,,447600," pareils I...
E MlAypUt pOTSSE"
"re. Il n'est quère exact...
 ",447917,Pallume,PER,LOC,447924, un cigare ct je m'amnuse d de
" de la place, le monument de
 ",448466,Cambettd,PER,,448474,". Quelle chose abiecte, cette "
"cette colonne Ven-
dome de la ",448528,Deroute,MISC,,448535, ! Cette pierre d diquiser les
"re heures, ct toujours pas de ",448873,Canon,PER,ORG,448878,"
nicr. C'est embétant ; j'aur"
"du
coré de ceux de la rue de ",449279,Rivoli,PER,,449285,", je n'aperçois pas
mon homnm"
", devant le ministère des Fi
",449405,Mances,PER,ORG,449411,", et lastatue de pierre du Cra"
t lastatue de pierre du Crand ,449444,Tribun,MISC,,449450," dont
le bras vengeur désigne"
engeur désigne la trouee des ,449495,Vosges,PER,,449501," - i
Nouest.
ANons nous cn. De"
"igne la trouee des Vosges - i
",449506,Nouest,PER,,449512,".
ANons nous cn. Demain, jirai"
"sans lui faire part de ma de.
",449613,Convenue,PER,,449621, de cesoir. du cas oil clle ne
" sa aille ! Et depuis quandd
 ",450015,Depuis,PER,,450021," hier soir, répond Canonnier "
"heures du soir.
 e
LE VOLEUE.
",450509,239,PER,,450512,".
 Et clle déclare qu'elle su"
r soir. Llle est désolée de ,450775,Causet,PER,LOC,450781,"
du chagrin, par son départ, "
 faisait surveiller lhotel de ,451564,M.,PER,,451566," de
Bois.-Créault, ou demenra"
uis plusieurs jours devant la ,451723,Mdison,PER,,451729,"
Sétait mis d la suivre. Flle"
"i
yd tu, toid
 Moi, je vais d ",452907,Bruvelles,PER,MISC,452916,".
 Fhl bien, moidussi jirai d "
"uzelles.
 C'est de la folie I ",452978,Ia,PER,,452980," Belgique c'arreterd et lex-
T"
"lles.
 C'est de la folie I Ia ",452981,Belgique,PER,,452989," c'arreterd et lex-
Traderd sa"
"tre, si lonsdit que je suis d ",453083,Bruxelles,PER,LOC,453092," ,
mais si on lignore ? Cat, s"
"re
monte un bout de la rue, i ",453888,Gauche,PER,ORG,453894,", je ld traverse, et
je me tro"
"averse, et
je me trouve ner d ",453934,Rezavec,PER,LOC,453941," l'indiridu, qui vieni de
SE L"
" je ne m'attendais.
Quere...
 ",454202,Moinon,PER,,454208," plus, ct jesuis bien heureux "
"nouvelles réciproques tout d
",454397,Notre,PER,LOC,454402," diSC.
e regrette besucoup d'e"
oiqui yous trouve dans la rue ,454714,Saint,PER,,454719," Llonoré, le
ner en l'air, ri"
yous trouve dans la rue Saint ,454720,Llonoré,PER,,454728,", le
ner en l'air, rinant un s"
s incommplets. C'est cher les ,456423,Juits,PER,,456428," -
Surtout qu'ils se rencontre"
"iecte, quoi
quon en dise. Les ",456668,Juits,PER,,456673," - celd peut vous paraitre
etr"
"trange, mais C'est vrai - les ",456731,Juits,PER,,456736," sont absolumient
dépaysés d"
"isation actuelle. Ce sont des
",456808,Jens,MISC,PER,456812,. qui vivent dans un monde qu'
" moi - ont demontre, avec une ",456990,Cloquence,PER,LOC,456999,"
qu'on n'égala pas, la misèr"
"n cn prohtant de son Mlicuz.
 ",457172,Naturellement,PER,,457185,". Je vous parle du plus giand
"
" lait -- a polir des vertes.
 ",458238,Erces,PER,,458243," loraelites qui ont, d'apres v"
"ns leurs.
wangs des hornines. ",458659,Coinmne,PER,,458666," Eassalle, il s'y trouve
Cucor"
".
wangs des hornines. Coinmne ",458667,Eassalle,PER,,458675,", il s'y trouve
Cucore plus so"
"us - mais pas dans no5
dctes. ",459044,Ia,PER,,459046, Conndissance nette des choses
"- mais pas dans no5
dctes. Ia ",459047,Conndissance,PER,LOC,459059, nette des choses est déjd po
"ns no5
dctes. Ia Conndissance ",459060,nette,PER,,459065," des choses est déjd pour
nou"
" ! Cornme du supplicie du Col
",460046,Gothd,PER,LOC,460051,", nous lui disons : u Sauve to"
"ol
Gothd, nous lui disons : u ",460073,Sauve,PER,,460078," toi toimeme. "" E
nous lni app"
"ntdu pou
Voir, sous un Rot de ",460948,Cynisine,PER,,460956," politique, d'indifférence
au"
"i s' est approprié des docu-
",462079,Menls,PER,,462084, Compromettants pour de hauts 
"geste din-
lignation. Commenr ",462244,Essacar,PER,,462251,", vous en cies la!...
Vous fai"
" Socièré actuelle, C'est un ",462968,Monstre,PER,,462975,"..
Ven ae (conde co ces Alse L"
"́jd, sans
doute, d la grre du ",463842,Mord,LOC,MISC,463846,". Il faudra que je prennele
tr"
" plus la. Il i saute dans une
",464441,Voiture,PER,ORG,464448," qui prssdit i vide, ct quisui"
"renme le trainl ce soir, pour ",465364,Me,PER,,465366," Croiser, en Toul,
AVET CChII "
"me le trainl ce soir, pour Me ",465367,Croiser,PER,MISC,465374,", en Toul,
AVET CChII QILI FAI"
". Je sors. Je vais aller invi
",465649,ter,PER,,465652," Margot a diner, son bavardage"
"sser faire.
Je dine donc cher ",465974,Mlargot,PER,LOC,465981,", et meme, j'aurdilarge-
ment "
" mne trompe avecune aetrice ;
",466229,Jelesdis,PER,LOC,466237,. Un hommemarie ! C'estdégout
ppeler. Midis qui veuy tul qu',466614,onprenne,PER,,466622,",
mon arnis Reléchis un peu. "
"peut con
her un portetenille. ",466743,Liens,MISC,,466748,", tu ne connais rien a ces.
cc"
"s, on frappe d'id porte de ld
",467702,Chambre,PER,ORG,467709,".
 Mon cher amni, vous étes l"
"edie ! C'est moi, Machinard.
 ",467793,Réponds,PER,LOC,467801,", murinure Margot, sans 5a, i1"
"achinard.
 Réponds, murinure ",467812,Margot,PER,LOC,467818,", sans 5a, i1s ne
s'en iront p"
"rrt 5.--
 Bien, bien, répond ",467980,Mtachinard,PER,LOC,467990,". C'est tont ce
que je voulais"
"
Yous rendre d l'Elysée pour ",468090,midi,LOC,,468094,". Le president vons
fait appel"
"seil
et le porteteuille de la ",468195,Justice,PER,MISC,468202,". Je compte sur votre
ehactitu"
"ervous bien de me reservet
 a ",468444,Marine,PER,ORG,468450,".
 Tlumrrr 5.--
 Etmes congrat"
"en pas de me désigner pour
l'",468567,Agricnlrure,PER,,468578,".
 Tlummrrr .--
a 
LE VOlEUR
2"
"faire de
moiun ministre de la ",468888,Justice,PER,,468895,")
 Etpuis, apres J dit Margot "
"oiun ministre de la Justice)
 ",468898,Etpuis,PER,LOC,468904,", apres J dit Margot quirit cn"
"va être heureux, Courbassol. ",469422,Mlinistre,PER,LOC,469431,"
de la Justice ! Ouel honneur!"
", Courbassol. Mlinistre
de la ",469438,Justice,PER,MISC,469445, ! Ouel honneur! - Quel honneu
"ur! - Quel honneur
même pour ",469488,la,PER,,469490," Justice, cat enkin Courbassol"
" - Quel honneur
même pour la ",469491,Justice,PER,MISC,469498,", cat enkin Courbassol n'est
p"
encorcque l'avant dernier des ,469566,Courbdssols,PER,MISC,469577,"...
Je mne hate de rentrer che"
"'est devenuiesa aille ?
    d
",469825,NUE,PER,LOC,469828,".
 ORPHRLINE DE PAR IA LOI
Nou"
"es plus qu'i une demiheure de
",469898,Bruselles,PER,,469907, ct le voyagent qui me fait ta
"te, ne m'em donne pas Vavan
e ",470806,Ceadene,PER,,470813," ele Malbehe, non 18 a
---
--
"
rable vicillard -- mhais pour ,470957,Vimbiber,PER,LOC,470965,"
de quelques goutres d'un liqu"
"s apres l'arrivée du train d
",471499,Bruvelles,PER,MISC,471508,", J'ai une grande expérience "
"a lhotel du Roi Salomon.
 Ah! ",472455,monsieur,PER,,472463, Randal.! s'écrie lhdrelière
"une Charinante jeune hlle...
 ",472611,Etpuis,PER,LOC,472617,", et puis!... W. Canonnier, l'"
"Je crois bien, que je l'ai vu ",472707,In,PER,MISC,472709,".
i est la hant, au premier et"
"venger d moitie, me faire une ",473079,Lausse,PER,ORG,473085,"
peur sans nuire a lhoimme que"
" ld porte qu'onmd
indiquée.
 ",473200,Enlin,PER,LOC,473205," ! Cesttoi, dit Canonnier qui "
e Commençais d désespérer. ,473282,Ouestce,PER,MISC,473289," qui id.
retenud Paris )
Autan"
"ler cher moi, toi
etta klle.
 ",473754,Lues,PER,LOC,473758, bien aimable : je pense dussi
rre vaut micuy pourmoi que la ,473832,Belgique,PER,LOC,473840,", et jetais
décidé a ne pas "
"s a la consigne de la gare du
",473958,Nord,LOC,,473962, et j'ai telégraphie a Latern
"u
Nord et j'ai telégraphie a ",473986,Laternoster,PER,,473997," de Garder la Vd
leur des titr"
"ore, mdis peu importe.
M
C LE ",474627,VOLEUR,PER,,474633,"
253
Je suis monté ici direct"
"ment et j'ai même Apporte
Ma ",474694,Valisc,PER,,474700,"...
 Les valises, tu veux dire"
"lises, tu veux dire.
 Si tu y ",474741,tiens,MISC,,474746," , quoique la petite ne soit e"
" de regarder d présent, nous ",475074,Verrons,PER,,475081," plustard.
Et il va déposer l"
", mon cher, c'est compliqué. ",475844,Maisje,PER,LOC,475850," ne Veun
pasten faire un mnyst"
"e. Si nous nous
entendons, le ",476401,Cammbriolage,PER,LOC,476413," que nous avons exécuté cn-
"
e pour le sentir et pour voir ,477148,Clair,PER,LOC,477153,",
tout d'un coup, des que je l"
? J'entrevois une Combindison ,477899,Grandiose,PER,,477908," et
basse, Chimérique et prat"
"
lgesonge au sort d'un ami de ",478555,Roger,PER,,478560,"-ld Honte, qi
LE VOLEUE
255
i "
"elle. Malgré la masse de
des ",478929,Cheveur,PER,LOC,478936,", d'un superbe blond aux relet"
"oussormes misd
Table.
-- Hon, ",480375,Monsicur,PER,MISC,480383,", répond flélène d une ques"
"agi. J'ai été
u deux tois d ",480489,Bieppe,PER,LOC,480495,", trois fois a Dinard, une foi"
"x tois d Bieppe, trois fois a ",480510,Dinard,PER,LOC,480516,", une fois d
256
LE. VOLEUE
Wi"
"s d
256
LE. VOLEUE
Wice etant ",480555,Mont,MISC,LOC,480559," Dore. Voili tout. Wlais, iain"
gent qu'au nivellemnent de la ,481036,Suisse,PER,LOC,481042,".
 Etces ntopistes politiques "
"u nivellemnent de la Suisse.
 ",481045,Etces,PER,,481050," ntopistes politiques , dis je"
"y te
constitudt le roysume de ",481274,Dologne,MISC,LOC,481281,". Les Alsaciens se
taient rent"
"ous
pas soutenu dus5i, Comtne ",481519,Ecrivain,PER,,481527,", des theses un pen
Paradowale"
"i ln dernièrement, dans la a ",481594,Revrie,MISC,LOC,481600,".
Pénitentiaire n, un article"
rticle de vousintirule : a Ld ,481654,Klep,MISC,PER,481658,".
tomanie devant la machine d "
"achine d coudre y oit vous me
",481709,Semnblez,PER,LOC,481717, avoir soutenu des opinions bi
"e meme toM.
Canonnier fait la ",482545,Grimace,PER,MISC,482552,".
 L'instruction est une belle"
"pas de systeme infaillible...
",482812,Rinsi,PER,,482817,", une de mes anlies de couvent"
".
Rinsi, une de mes anlies de ",482840,couvent,LOC,,482847,", qui s'était mnd
riée a dix"
cédé a des entrainements... ,483024,Certains,PER,,483032,"
hommes mnanquent tellement de"
"re audacicusemient
Canonnier. ",483677,Dieu,MISC,,483681, mercil il y a cncore des gens
eutEtre... I doit exister une ,484246,Certaine,PER,,484254,":
Soine de souffrance, pourtan"
"le dans les yeux d'Hlélene.
 ",484881,Pere,MISC,PER,484885,", demandetclle en se penchant "
" Mon Dieu! mon cnlant, repond ",484992,Canonnier,LOC,,485001,",
16...56...
- C'est le droit "
" etre
encore dans le salon de ",485234,Ntme,MISC,,485238," de Bois-Créault, on
J parlai"
"tain de son père..
 Je vois, ",485742,Mlademoisclle,PER,MISC,485755,", que vous étier fort o
cupé"
"r lire, par czemple ?
amnt de ",485869,Mreere,PER,MISC,485875," de ers ane u dmel
LE VOLEDE
A"
"iacut ous en
i poseedent, dir ",486809,Canonnier,LOC,MISC,486818,".
.
259
 Etqu'estce que c'est "
"ue c'est que Vargent, pered
- ",486869,Demande,PER,,486876," a Randdl.
 Non, Mademoiselle,"
"ue Vargent, pered
- Demande a ",486879,Randdl,PER,LOC,486885,".
 Non, Mademoiselle, ne mne l"
"parole.
ntrer, ditil.
260
 LE ",487606,VOIEUR,PER,,487612,"
Etquatrehommes, le chapeausur"
"
ntrer, ditil.
260
 LE VOIEUR
",487613,Etquatrehommes,PER,,487627,", le chapeausur latè̂te, font"
ui tient un papier de la Main ,487761,Gauche,PER,ORG,487767," et
dont la mnain droite, dans"
" d'un pisiolet, s'approche de ",487866,Canonnier,LOC,MISC,487875,".
 Vouséteslenommé Canonnier"
" Vouséteslenommé Canonnier, ",487907,Jean,PER,,487911," François..
J'aiun mandat d'a"
"s bras du père dHlélene.
a. ",488079,Gaaie,PER,LOC,488084,", a  s Leme, ene les n
Ah! oui"
"̀re dHlélene.
a. Gaaie, a  s ",488091,Leme,MISC,PER,488095,", ene les n
Ah! oui, il doit c"
"te, que cette relégation pon
",488438,Jamdis,PER,,488444, dans les marecages de Cayenne
"
Jamdis dans les marecages de ",488467,Cayenne,PER,LOC,488474,". Mais ilsdiiqu
estinutile de "
" de aase dtate e e e ae e a 
 ",488913,Entrer,PER,,488919,", ditclle.
Cest le mouchard, c"
" vous durer ce mandat.
a ----
",489374,RUIS,PER,,489378,"
ENTIN SEULS :...
Après le de"
" était certainement faite en
",489988,Jeur,PER,LOC,489992, nom: mais comment l'accueille
"ment l'accueillerdientils ? F
",490036,Berait,PER,,490042,"-clle, mieme, retourner cher l"
 vient de le faire. Alors?... ,490188,In,PER,,490190,"
tous cas, il faut quelle pren"
"le, il n'y a rien a tenrer en
",490847,Laveur,PER,LOC,490853," de votre pere, du moins pour "
" votre pere, du moins pour le ",490886,Moment,PER,MISC,490892,".
Rien, dbsolument rien. Plus "
" tard, très probable
Ment..
 ",490951,Merci,PER,,490956,", Monsieur, répond-clle d'une"
"es quelles soient, et
si vous ",491424,Croyer,PER,LOC,491430, que je puisse vous etre Utilc
"ppréhender
de retourner cher ",491731,Mre,PER,,491734," de Bois-Creault, vous penser
"
"suis bien renscigne. Son kls, ",492323,M.,PER,,492325," Armand de Bois-
Créault, n'a"
"scigne. Son kls, M. Armand de ",492336,Bois-,PER,,492341,"
Créault, n'a point d'occupat"
"vie d grandes guides. Ouantd
 ",492451,Mme,PER,,492454," de Bois-Créault, C'est une f"
"s n'ignoricr rien de mon cxis
",493412,Tegefiaciae,PER,LOC,493423," et Hélene poursuit .
 Mon pe"
" e taier
 
264
LE VOLEDR
cher ",493991,Mme,PER,,493994," de Bois-Créaul, jétais joli"
mier président a la Cour des ,494295,Complicd,PER,,494303,"
Tions ?
 Tuimeme. Depuis troi"
pirer du chloroforme. Ntme de ,494713,Bois-,PER,,494718," Ctéault conndis
Sait apparem"
"e queuse, et j'étais seule
a ",496334,Connditre,PER,LOC,496343, les pensées que je roulais A
... Ahl j'ai da couter cher d ,497001,Barrot,PER,,497007,".
 Mais, dis je, M. de BoisCre"
"cher d Barrot.
 Mais, dis je, ",497024,M.,PER,,497026," de BoisCréault, le père, ne"
 d essayé de mettre le feu d ,498041,Choiel,PER,LOC,498047,",
le lendemain. Isennuie tant,"
"ammbre, clle était pour moi,
",498208,Lorsque,PER,,498215, Barrot venait. Il y avait un 
"ue j'ai
Volé?... Comine Cest ",499551,Ratteur,PER,,499558," pour Mon Amour
Propre
 Vousne"
"ni
histration qui la fourre d ",501484,Saint,PER,,501489," lardre d Som gré.
Ctje vous "
de ceque j'aurais d vousdirc. ,501988,Soyer,PER,,501993," convdincue,
Senlement, que la"
" d votre disposition, et celd
",502342,Sansarriere,LOC,PER,502353,"-pensée d'aucunesorte, d'homm"
"aucunesorte, d'homme dlemme..
",502394,Voyons,PER,LOC,502400,", tepondermoi. Vous n'aver pas"
"tre sdre que je ne ferai rien
",504029,Glisser,PER,,504036," dans es Manches.
 Si vous vou"
"ne ferai rien
Glisser dans es ",504045,Manches,PER,,504052,".
 Si vous vouler, répond fle"
"cn que nous ne
trouverons p2s ",504167,Grandchose,PER,MISC,504177,".
lPas Grandchose, en cfet. De"
"ne
trouverons p2s Grandchose.
",504179,lPas,PER,,504183," Grandchose, en cfet. Des obie"
" journduz, Un wuméro de la u ",504262,Revre,PER,,504267," Péniten
tiaire y, ct un gran"
"ire davantage pour le moment.
",504851,Ecouter,PER,,504858, - et elle frappe sur les papi
nant. Il étair fou de moi... ,505655,Croyer,PER,LOC,505661,"
i Vous qu'on pourrait tirer p"
"ant ; je nai
Qu'd mnettre mon ",505900,Chapean,PER,LOC,505907,".
Attender! Il est nécessdire"
en nuedecte e Poatense Ponrte ,506318,Lacietiese,MISC,,506328,"
Le faire dans un instant, et "
"irer. Je
Conndis une datne, d ",506617,Ixclles,PER,LOC,506624,", qui tient un pensionndt
de j"
s. C'est une Anglaise dont le ,506694,Mari,PER,LOC,506698,", cs-
tampeur de premier ordre"
est trouvée subiternent sans ,506894,Grandes,PER,,506901," resSOurces,
ais, Quelques cam"
"elques camarades et moi, nous ",506951,Sommes,PER,,506957,"
Venus d Son dide. Flle désir"
"́sirait moniter un pensionn
d ",507013,Bruvelles,PER,MISC,507022, pour les jennes misses angldi
" basse, l'air déconlit.
 Ahs ",508003,monsieur,PER,,508011," Randal, dicil, quel malheur)
"
"'air déconlit.
 Ahs monsieur ",508012,Randal,PER,,508018,", dicil, quel malheur)
Vne arr"
"lque chose de spécial contre
",508401,M.,PER,,508403," Canonnier, SaveT-VouS...
 Ne "
" tout de suite. Ah
joubliais. ",508613,M.,PER,,508615," Roger vient d'Atriver...
 Rog"
" M. Roger vient d'Atriver...
 ",508642,Rogerla,PER,,508649," Tlonte
 Oui, Monsicur Randdl."
"ce dans cing mi
MuICS.
 Bien, ",509060,monsieur,PER,,509068," Handal, commptersur inoi, pou"
"l entre, la bouche
pleine, la ",509239,Serviette,PER,,509248," autour ducon.
272
 LE VOLEUR
"
"ri
Vant... Ju sdis, il y A un ",509617,Lameuy,PER,LOC,509623," coup d risquer.
C'estpourgd q"
"devant Chotel:
 Deuz, répond ",509899,Rogerla,PER,,509906,"-flonte: je les di Vus,
ils mo"
". Lu vas aller a Ixelles, rue ",510016,Clementine,PER,LOC,510026,",
tusdis:
 Parblen,
 Les rouss"
stil : Heufheures. Previens l',510360,Anglaise,PER,LOC,510368,"
que je serdi. Cher clle vers "
"iens l'Anglaise
que je serdi. ",510383,Cher,LOC,PER,510387, clle vers onre heures et demi
do Cangube Aaie la fe ríe le ,510530,Me,PER,,510532," Coupes mn
I descend lescalier"
Cangube Aaie la fe ríe le Me ,510533,Coupes,PER,MISC,510539," mn
I descend lescalier en Cou"
"moyen duti
liser les lettres. ",510768,Voici,PER,,510773," mon plan : je vais exiger de
"
" mon plan : je vais exiger de
",510803,Mme,PER,,510806," de BoisCréault, sous la mena"
ne la larne hine dune épéc. ,511115,Ecouter,PER,,511122,"
moibien ct vous mne commpreni"
"soin d'un nom, d'un vrai
nom. ",511502,Jesuis,PER,,511508, Mlle Canonnier. Il faut que j
"me dites pas que cesgensl re-
",511604,Luseront,PER,LOC,511612,. Il n'Oserontpasrcfuser. IIn 
"esse de robe, et Surtout Bay-
",511863,Totl,MISC,PER,511867,"... Barrot! II faut qu'ilsoit,"
"able... Ohl soyer tranquille,
",512135,Continue,PER,,512143," flelene, ce n'est que le mari"
 d'état civil qu'il me faut. ,512227,M.,PER,,512229," Armand de
Bois. Créault ne S"
"ri que de nomn, dinsi
quedans ",512299,Certains,PER,,512307, roinans. Hon pas que jaic le 
"te etrangère et auzqucls son
",512597,Corps,PER,LOC,512602,", inéine, ne participe que pa"
" contre mon in-
274
 E VOLEUR
",513044,Nocence,PER,LOC,513051,", ct par la révolte un peu sa"
Bois Créault ne le ferd plus ,513358,Chanter,PER,MISC,513365,".
 En cffet, murmyre Klélene "
"rgerdi de ce soin.
Ah!... Ah
 ",513460,Naturellement,PER,,513473,", prisque j'ai les lertres. Ce"
erdisent. Je resterai Mtme de ,514063,Bois-,PER,,514068,"
Créault, honnète et matheur"
"ne vous Eaire voir nulle part
",514573,Jusqu',PER,,514579,a ce que l'affaire soit termin
"is je ne suis pas forte... Je
",515212,Gonncrdis,PER,MISC,515221," tout, tout, pour n'avoir pas "
"le. que je suis
ne damnée... ",515390,Westce,PER,ORG,515396," prs, Vous serc2 toujours mon
"
"ni... Maintenant, descendons,
",515530,Relène,PER,LOC,515537," , il est nenfheures et demie "
"e bruit
 du petit panier de l'",515741,Anglaise,PER,LOC,515749,".
 Lesroussins viennent de fai"
" petit panier de l'Anglaise.
 ",515752,Lesroussins,PER,LOC,515763, viennent de faire signe d Mn 
" nous
escorter. Iwelles est d ",516285,Gauche,PER,ORG,516291,". Je prends a droite.
 Nous so"
"ond de train, Kile comtne une ",516785,Reche,PER,,516790,". Leslan-
ternes du hacre para"
" semble
woir toutinon averir, ",517654,Coutalheure,PER,MISC,517665,", quand nous pas
sions d toute"
"e, d inesure que j'avancerdi. ",517947,Me,PER,,517949,"
Denser yous pas que ce serd h"
"s netes pas tait pour etre un
",518561,Voleur,PER,MISC,518567,", Vous aver assc2 d'argent pou"
"nglaise d ouvert ld
Grille..
 ",519789,Nayer,PER,,519794," pas dinguiétude, monsieur Ra"
"le..
 Nayer pas dinguiétude, ",519813,monsieur,PER,,519821," Randal,
me dir cette veuve de"
"ice.
En rentrant d l'hetel du ",520186,Roi,PER,,520189," Salomon, j'aperçois
les deux"
"quoi je reviens tout
SeRL...
 ",520426,Me,PER,,520428," voici de retour, disje a Roge"
"
 Me voici de retour, disje a ",520454,Roger,PER,,520459," la Honte
Qui m'attend en accu"
i m'attend en accuinulant des ,520501,Croquis,PER,,520508," Sur un dl
buin quil d acheté"
"cn passant, dans les Caleries
",520570,Baint,MISC,,520575, Tlubert. Jout d cté pour le 
"s les Caleries
Baint Tlubert. ",520585,Jout,MISC,PER,520589," d cté pour le mieuz.
- Choue"
" Jout d cté pour le mieuz.
- ",520614,Chouette,PER,,520622,", dit Roger. Lu me raconteras "
" non pas a Bruzelles, mais.
a ",520768,Louvain,PER,LOC,520775,. C'est Stéphanus qui we l'a 
"lques démarches
cesjours-ci. ",521184,Ftmeine,PER,LOC,521191,", Comme j'ai quelquun a voir
d"
"'un camdrade, C'est
Sacré... ",521458,Bonsoir,PER,,521465,".
C'est surtout pourreléchir "
"Barrot.
Je lui fais passer md ",522005,Catte,PER,MISC,522010,"
Georges Randal
INGENIEUE
Coll"
".
Je lui fais passer md Catte
",522011,Georges,PER,,522018," Randal
INGENIEUE
Collaborateu"
" fais passer md Catte
Georges ",522019,Randal,PER,,522025,"
INGENIEUE
Collaborateur a la "
"atte
Georges Randal
INGENIEUE
",522036,Collaborateur,PER,,522049," a la Revrie Pénitentiaire
--"
"
INGENIEUE
Collaborateur a la ",522055,Revrie,MISC,,522061," Pénitentiaire
----
NUTS
COMB"
"EUE
Collaborateur a la Revrie ",522062,Pénitentiaire,MISC,,522076,"
----
NUTS
COMBINAISONS MACIIA"
"la Revrie Pénitentiaire
----
",522082,NUTS,PER,,522086,"
COMBINAISONS MACIIAVELIOUES E"
"tiaire
----
NUTS
COMBINAISONS ",522100,MACIIAVELIOUES,PER,,522114," ET LEURS RESUITATS
En m'aperc"
"dis beaucoup un M. Randdl...
 ",522630,M.,PER,,522632, Urbain Randal: C'est mon oncl
" beaucoup un M. Randdl...
 M. ",522633,Urbain,PER,,522639, Randal: C'est mon oncle. Je s
"up un M. Randdl...
 M. Urbain ",522640,Randal,PER,,522646,": C'est mon oncle. Je saisen
e"
"
 M. Urbain Randal: C'est mon ",522658,oncle,PER,,522663,". Je saisen
eket, Monsieur, qu"
"l m'oktrait.
dans s2 villa de ",522855,Maisons,PER,LOC,522862,".Lahtie et jaurais eu ceridi
M"
"is trés bien quil ne sonnerd
",523413,M.,PER,,523415," E lne e Ps, mehate  c LoMee v"
"neur, d'être très lie avec.
",523816,M.,PER,,523818," Canonnier, nousnous soimes re"
"ccadéc.
 Je conndissais donc ",524246,M.,PER,,524248," Canonnier. Mais je
n'avis jam"
"USARE
Du moins, disje avec un ",524576,Geste,PER,,524581," presque épis-
copdl, telle e"
"116.
282
LE VOIEUR.
ooccuper, ",524737,Monsicur,PER,MISC,524745,", et qui vous laisse ignorer b"
ons exécutées au noim de ld ,524825,Justice,PER,,524832,",
Vous d Certaineinent permis "
"nent permis d'apprendre Comen
",524880,M.,PER,,524882," Canonnier fut ravi, hier soir"
" sd personne, mais Cucore
Nne ",525258,Certaine,PER,,525266, quantité de lettres fort int
"is-je, n'a point de position
 ",526343,Sociale,PER,LOC,526350, : clle désire s'en faire une
" Thl bien... Lener, Monsieuy,
",526568,Continuetil,PER,LOC,526579," étendant ld main, joublie ce"
"
 Vous aver tort, dis je, mon ",526764,oncle,PER,,526769," estunvoleur.
Pil ne m'avait p"
" aver tort, dis je, mon oncle ",526770,estunvoleur,PER,,526781,".
Pil ne m'avait point dépoui"
" se faire
entendre. Kelas! la ",528036,Justice,PER,MISC,528043," est ouverte a tous. Leres
tau"
"Paillard aussi... F1 puis, la ",528108,Justice,PER,MISC,528115,", les lois..
Des mots, des mot"
"gel Il fau
araitque ce tut un ",528248,saint,PER,,528253,", cet hommmeId. Un grand
eaint"
"tère ne sat pas se plier aux
",528439,Ides,MISC,,528443,"..-
284
LE VOLEUR
bassesses et"
"u, Mais,
ld, vraimentd - yous ",529666,Croyer,PER,,529672," qu'clle voudrait de
wous!... "
"us ave
Soixante an5, mon cher ",529770,Monsicur,PER,MISC,529778,", dont quarante de
magistratur"
" province ou vous rever de la
",530012,Cloitrerd,PER,LOC,530021,"... C'est Cd, votresacrifice e"
", votresacrifice expiatoire ? ",530063,Diable,PER,,530069,"
il n'est pas dur. A moins que"
" Kille qui a dix huit
ans, ct ",530352,Lomse,PER,,530357," Melè Srepne, Memie je, d dou"
"gi
avecbonte, vous rester des ",530852,Egoistes,LOC,MISC,530860,", vous aver bedu.
vouloir fait"
"ert) Saver-
Yous ce qu'clle a ",531158,Eprouve,PER,LOC,531165,", hier soir, lorsquon cst
Venl"
"ouve, hier soir, lorsquon cst
",531191,Venll,PER,LOC,531196," arrèter son pere, sur Vos or"
" vous n'avier jamdis cxisté,
",531622,Sicle,PER,LOC,531627,. trouvait une symmpathie dssc
" fatique ou par dégout, mais ",531985,Onne,MISC,LOC,531989,"
pardonne pas. On ne pardonne "
"ne pardonne jamais... Voyons,
",532037,Monsicur,PER,MISC,532045,. Me Canonnier désire se mari
viter un scandale. C'est avec ,532332,M.,PER,,532334," Armand de Bois-
Créaultque m"
dale. C'est avec M. Armand de ,532345,Bois-,MISC,,532350,"
Créaultque mad...
286
LE VOL"
"n hiappant
la table du poing. ",532452,Jamdis,PER,MISC,532458," !... Qu'il arrive n'importe
a"
"Vous entender? Id
Mais :...
- ",532551,Coiine,PER,,532557," vous voudrer, dis je tres tra"
"e kgureterervous du pro.
Ces, ",533132,Monsieurd,PER,MISC,533141," :
 Barrotne répond pas. Appu"
"t! Mon coeur desséché, 22..
",534474,Corni,PER,LOC,534479,", sétait remnis d battre ; il"
"ferai selon son désir et que
",536064,Virdivoir,PER,ORG,536073,", des ce soir, Htme de BoisCre"
" Htme de BoisCréault. Vousne
",536117,Youler,MISC,,536123," pas, sans doute, me donner l'"
"te, me donner l'adresse de
Me ",536167,Canonnier,PER,MISC,536176, ? Hon. Bien. C'est donc sous 
".. Les lettres me scrontclles
",536331,Tendues,PER,LOC,536338, si je réussis I Ajoute til a
"rnière, saluée par les Rons ",537097,Rons,MISC,PER,537101," de
l'orchestre, duy Applaudis"
"issemnents du parterre et des
",537159,Paleries,PER,LOC,537167,".
Je l'ai mise an courant de c"
"a écouté avec le plus grand
",537277,Caline,PER,LOC,537283,", Sans Manifester ducune emoti"
"eici
Vous m'aver dit que nous ",537492,Causerions,PER,MISC,537502," de tout celidy-
jourd'hui, et"
"llement sur la détensive de-
",538675,Vant,PER,,538679," les entreprises des autres, C"
"end fremir, toute sd grace de
",539455,Reur,MISC,LOC,539459," printanière, la splendeur tr"
"ridge. Parbleu! Canonnier, de ",540115,Mards,PER,MISC,540120," ou il se
trouve, d donné son"
" a dit flélene ch pleurant :
",540245,Croyer,PER,LOC,540251, vous que. Rous pourtons. le f
" (v
cents livres que jai prie ",540729,Paternoster,PER,,540740,". de lui remettre.
Flélène n"
"u'ils se conduiront bienl. Ls
",541194,Soufsi,PER,ORG,541200," laches:
Flle me tend la mais,"
"laches:
Flle me tend la mais, ",541231,Monte,PER,LOC,541236," dans la voiture qui
lattend e"
"enue ce matin la Chey-
cher a ",541374,Bruvcles,PER,LOC,541382,", et qui ld price, par un bill"
"u'elle a évoqué en moi. des
",541729,Sentiments,PER,,541739, et des souvenirs que j'avais 
"oir, Ce serd le cambriolage d ",542256,Louvdin,PER,MISC,542263,", avec Ro.
Per la flonte, sur "
"us dépose an tond. Alors..
-
",542804,NIS,PER,ORG,542807,"
EVENEMENTS COMPTETEMENT INATT"
"sayee, ct vous avicrraison,
a ",542950,Bruvelles,PER,MISC,542959," , je suis tres forte. Si vous"
ions. Vous ne Vous Serier pas ,543105,Cnnuye,PER,,543111,",
non plus. Oh! la cérémonie"
père le brodeur qui semblait ,543968,Vraiment,PER,,543976," S'etre
échappé, cfare et su"
"é de citations latines, du
u ",544042,Requisitoire,PER,,544054, d travers les Ages ! o Aurier
"ses, et des mensonges.
et des ",544208,Mensonges,PER,MISC,544217, ! - Il en pleuvait. Penser si
" dont vous ne vous dourer pas
",544577,Tleureuscient,MISC,PER,544590,", je ne suis plus la perite fe"
je viens de fermer la porte d ,545046,Cclet,PER,,545051,".
It estminuit ct je n'aurdi p"
"us écrire, un roman
des plus ",545168,Curicus,PER,LOC,545175,", des plus birarres et des plu"
"ulée
robc blanche une de ces ",545340,Reurs,PER,,545345," d'oranger, symmbole de
purcte"
 et qu'elle vi partir pour la ,545739,Suisse,PER,LOC,545745,".
D'ailleurs, clle ne mne donn"
"itions ne me manquent pa5, au
",546030,Moins,PER,LOC,546035," pour Comtencer. 
Je jette les"
" Un tiroir, ct je ramasse ld.
",546108,Reur,MISC,LOC,546112, d'oranger qui vient de tomber
"des noyes
Auy murailles de la ",546711,Morgue,PER,,546717,", ces débris de choses vé.
C"
"nt ai
Présent... Je lance la ",547033,Reur,MISC,LOC,547037," dans le ten qu'Annie vient
d'"
"et lugubre combe d'un ciel b2
",547196,Comine,PER,LOC,547202," une voute de cave, lueur de S"
"e une voute de cave, lueur de ",547231,Soupirdil,PER,,547240," agoni
Jantsans reRets dans la"
"ave, lueur de Soupirdil agoni
",547247,Jantsans,PER,,547255, reRets dans la. bouc hostile 
"uis un mois, depuis que nous,
",547406,Sommes,PER,LOC,547412," revenus de Belgique, Roger ld"
"s que nous,
Sommes revenus de ",547424,Belgique,MISC,LOC,547432,", Roger ld Tlonte et
inoi, apr"
",
Sommes revenus de Belgique, ",547434,Roger,PER,,547439," ld Tlonte et
inoi, après aro"
"t-di
wers aux journalistes de ",547534,Louvain,PER,LOC,547541,". Tristel Vristel...
on, léle"
rnalistes de Louvain. Tristel ,547551,Vristel,PER,,547558,"...
on, lélène n'est plus la"
"omnbeaul se icterrdt, avec un ",548862,Grince,PER,LOC,548868,".
tent dironie, Sur un dernier"
" ridicule cffort...
Vouloir ! ",548931,La,PER,,548933, volonté : Une lamne qu'on n'
issi inezorables que la hart. ,549240,Libre,PER,,549245," Autant guiil
désirera Vetre,"
 j'écarte les suggestions de ,550314,Roger,PER,,550319,"-l
flonte qui voudrait m'emmne"
nte qui voudrait m'emmnener a ,550355,Venise,PER,LOC,550361,". Ouy fe.
rais je, a Venise ? "
" a Venise. Ouy fe.
rais je, a ",550382,Venise,PER,LOC,550388, ? Je m'y ennuierais dutant qu
"Prendsa pluime desarcasme, de ",550769,Composer,PER,,550777," AR SCTmOn,
un scrmnon oul il "
"ut etre.
Non, je n'irai pas d ",550962,Venise,PER,LOC,550968,". Tant pis pour Roger.
 la Flo"
il attendra. Je n'irais pas a ,551034,Venise,PER,LOC,551040," memesi
jetais sur d'y trouver"
son annedu dans les Rots de l',551148,Adris,PER,MISC,551153,".
tique. J'aime mieuy passer m"
"nneteté l'abandonne n, a dit
",551680,Jean,PER,,551684," Jacques, et c'est dssc7 juste"
"relois Hlercule, des
 21--
LE ",552105,VOLEUR,PER,,552111,"
297
compagnons de mes travaux"
"cux habi
Tués du caté de la ",552348,Mlairie,PER,LOC,552355,", cn province . rentiers d
Cer"
"bi
tudes ct leurs manlics. Je ",552549,tiens,MISC,,552554," commpre des unes et des
autre"
"aux mains rouges. Ce sont
les ",553490,Crandes,PER,,553497, Assises de l'immoralité tenu
"s rouges. Ce sont
les Crandes ",553498,Assises,PER,,553505, de l'immoralité tenues dans 
"ans les
oussols de la tour de ",553561,Babel,PER,LOC,553566,".
Enteressant ? Certainement. "
"
oussols de la tour de Babel.
",553568,Enteressant,PER,LOC,553579, ? Certainement. Llomo Sum et.
"́rence, cntre une orgie bouf-
",554539,Geoise,PER,LOC,554545, et une ripaille d'escarpes : 
 histoires qu'dime a débiter ,555532,le,PER,,555534," monsieur qu
paye a la marchan"
stoires qu'dime a débiter le ,555535,monsieur,PER,,555543," qu
paye a la marchande d'amno"
nde d'amnour. II parle a Ccur ,555593,Ouvct,PER,,555598,",
ce monsieur ld. Secrets de f"
"ur. II parle a Ccur Ouvct,
ce ",555603,monsieur,PER,,555611, ld. Secrets de famille et d'a
"vre tout a la prostituée. le
",555826,Marlou,PER,,555832,", Confident naturel de ces con"
"du mmonsicur qui paye avec la
",555933,Courtisdne,PER,LOC,555943, sont surtout anti esthetiques
"nque, il la Catesse meme tres
",556158,Gentiment,PER,,556167,". Ce n'est pas unc raison, par"
"raitil, les voleurs se disrin
",557161,Gusient,PER,LOC,557168,", dans lesmilieux qu'ils fréq"
", rien ne les sépare plus, d
",557595,Veeil,PER,LOC,557600," nu, ducommun des mortels. Ce "
retuse de la remplacer parune ,558609,Danoise,MISC,,558616,". Je veux avoi
le temps de ple"
" avoi
le temps de plenrer mes ",558655,Veuves,PER,MISC,558661,".
i Pleurs de commande ! Larme"
is vous prener bien la Vie de ,558802,Bohene,PER,,558808,".
 Au sericur, Ct vouls mouill"
"ouchoirs quand
Muserte quicte ",558877,Rodolphe,PER,,558885,", d tous les coins de page,
po"
"a fraise chez des banlguiers,
",558964,Lorsque,PER,,558971, Mlimilache Mlarcel sous des p
"r, cer ils nétaient pas plus
",559632,Vulgaires,PER,ORG,559641,", ces mdriages d Id colle, que"
"ndent, les souvenirs I Jun ne
",559795,Chasse,PER,,559801," pas lautre, du contraire... I"
tre peau comine la tunigve du ,559879,Centaure,PER,,559887,"..
- C'estbien fait, me dit Pa"
"ller cher-
e
1.
LE VOLEUR
302
",560168,Cher,LOC,,560172, des Reurs blenes dans le ruis
"-
e
1.
LE VOLEUR
302
Cher des ",560177,Reurs,PER,,560182, blenes dans le ruisscau aulic
" Ma
lu mes articles dans la u ",560459,Revue,PER,,560464," Pénitentiaire n et pré.
ten"
" que m'a faites ce
malheureux ",560929,Canonnier,PER,MISC,560938,". Mais je ne me ke pas a Pa
 t"
"ient
d'un pingre!... C'est un ",561154,Lurc,MISC,LOC,561158,". Bientot, on ne
pourra plus r"
'un pingre!... C'est un Lurc. ,561160,Bientot,PER,LOC,561167,", on ne
pourra plus rien faire"
ai fait la Conndissance d'unc ,561615,Anglaise,PER,LOC,561623,",
Mne de ces mdhcurcuses perit"
es. Je l'aiinstallée dans un ,561840,Joge,MISC,LOC,561844,".
mentque je lui di meublé pr"
"i, diouje : et vous passersur ",562257,Waterloo,PER,,562265," Bridge,.
un pont qui ne sappe"
"lle pas pour rien le Pont des
",562325,Soupirs,PER,,562332,", avec votre eternel sac qui c"
ndit qui vous enverra dans la ,562468,Lamnise,PER,LOC,562475,", par.
dessus le parapet, et l"
" ne ld
cherche p2s. Lourner d ",562694,Gauche,PER,ORG,562700,", tournez a droite,
wous étes"
"ossé -- Oudubout dune Corde.
",562823,Roger,PER,,562828, la Tlonte ne pense pas autrer
"r ses gonds.
Me voici dans la ",563566,place,MISC,,563571,". Il y fait noir commme dans
T"
". Oui... Won. Pourtant... Si, ",563696,Guelqunn,PER,MISC,563704,"
est cache ici, j'en mettrais "
"rais mamain au teu. Curé, vi
",563759,Caire,PER,MISC,563764,", Suisse, bededu ou sacristain"
"main au teu. Curé, vi
Caire, ",563766,Suisse,PER,LOC,563772,", bededu ou sacristain, il y a"
umner md lanterne. Flommme de ,563955,Dien,MISC,,563959,", yestui
Cestarcoup de pistole"
"istolet qui me répond, comme
",564013,Jenfamine,PER,LOC,564022," une allminette.
a e --

L.E V"
"e une allminette.
a e --

L.E ",564051,VOLEUR,PER,,564057,"
303
Je ne suis pas touché ; "
"ute md force.
Mais lhomme. de ",564242,Dieu,MISC,PER,564246," cst sur. mes talons, Criant,
"
"cetterue est longue
Et pas Un ",564538,Cherin,PER,,564544," transversdl, un Gudi Seulerie"
"pas Un Cherin transversdl, un ",564561,Gudi,MISC,,564565," Seulerient,
tout au bout... I"
" ! J'approche du qudl. II nyd
",564710,Versonne,PER,,564718," devant moi, heureusement... S"
 homine couvert dun pardessns ,564796,Couleu,PER,LOC,564802,"
muraille, vient d'apparaitre "
"avcc... Ah! non! Pas jouer ce
",565016,Jeuld,PER,LOC,565021, ; Ca coute trop cher i Un cou
"i. Je suis ereinte, d bour de
",565571,Jonfle,PER,,565577,". Il m'atteint, il estsur moi."
"te.
Nous montons. TIn étage. ",566317,Deuretages,PER,LOC,566327,".
 Attender mnoiici, me dit il"
"sl
woix dune femme.
 Cestrois ",566456,Bonsoir,PER,,566463,". Qu y avait il donc, dans la "
" donc, dans la rue.
Puis, une ",566508,Conversation,PER,MISC,566520," entre clle et lui, dont je ne"
"is heurcn.
d'avoiréte 1d...
 ",567332,Piqure,PER,,567338," toi, disje en meforçant d'in"
"̧ant d'inventer une
histoire, ",567389,Egure,PER,MISC,567394," toi...
aivès des Me eceice  "
"oire, Egure toi...
aivès des ",567413,Me,PER,,567415," eceice  deme e, eurorile Eeem"
"s Me eceice  deme e, eurorile ",567441,Eeeme,PER,,567446,"
eot er oemae 
LE VOLEUR
 305
"
"i, cest plus prudent. Hous ne
",567794,Sommes,PER,LOC,567800," pas riches, indis nous pouvon"
"on lui
d presenté cointne un ",568121,Conspirateur,PER,LOC,568133,".  Il est entendu
que je. Couc"
"cux mdis qui est
absente pour ",568264,le,PER,,568266," Moment.
Albertm y a conduit, "
" mdis qui est
absente pour le ",568267,Moment,PER,MISC,568273,".
Albertm y a conduit, dans ce"
ine par le remboursernent des ,568588,Somes,PER,,568593,"
détournées, Se décidant a "
" tenu d rester Français, re-
",569136,Venant,PER,LOC,569142," en Belgique et hnissant, avec"
" Estil récl, ce bonheur ld J ",570780,Estil,PER,MISC,570785,"
possible, Sculernent, avec un"
" ce pas une illusion,
plutots ",570954,Leur,MISC,,570958, ainour n'est il pas luimêmne
"vrilgaires, Chd
LE VOLEDR
307
",571381,Grins,PER,,571386," prosaiques, mais Crucls, tout"
"DR
307
Grins prosaiques, mais ",571404,Crucls,PER,LOC,571410,", tout aussi Louloureun
que le"
"ques, mais Crucls, tout aussi ",571423,Louloureun,PER,LOC,571433,"
que les plus grandes souttran"
"trances. - Amour... Pas
wrail ",571489,Vision,PER,,571495," décevante, dont ils ne sont "
" dont ils ne sont qu'd moitie
",571537,Aupes,PER,LOC,571542,", d fond. Leurs bdisers dévor"
"l2
misère ; ct pas d'arnour. ",572042,Jamndis,PER,,572049,". Jamdis.
Pauvre Albert!... Vo"
e ; ct pas d'arnour. Jamndis. ,572051,Jamdis,PER,MISC,572057,".
Pauvre Albert!... Voilique j"
"ses, que je voudrais oublier. ",572234,Jy,PER,,572236," pat-
 Viendrai peutetre, avec"
"je voudrais oublier. Jy pat-
 ",572243,Viendrai,PER,LOC,572251," peutetre, avec le temps. Fnki"
"pas mal,
peutetre, d'écouter ",572495,Rogerld,PER,,572502,"-flonte et de l'aciom
fagner d"
"flonte et de l'aciom
fagner d ",572533,Venise,PER,LOC,572539,. Je l'attends justement ce so
"cable et toujours imprevue...
",573729,Non,PER,,573732,", Charlotte ne s'est pas maric"
"on entant - A notre cnfant...
",574843,Notre,MISC,,574848," enfant!... Elle est ld, a cot"
"a cote, reposant sur
nlit que ",574903,s,PER,,574904," mere, didéepar Annie, lui d "
"cote, reposant sur
nlit que s ",574905,mere,PER,,574909,", didéepar Annie, lui d prepa"
"petite klle, blonde, arec des
",574999,Jeun,MISC,,575003," commne des pervenches, - et q"
"ant ! Ia pauvreté et les cha
",575460,Grins,PER,LOC,575465, n'ont pas cncore mis leur mar
" mis leur marque sur son bean
",575512,Visage,PER,MISC,575518,", mais ses yeuz brillent de l'"
"lent de l'éclat étrange des
",575568,Jeur,PER,,575572," désespères, l'éclat vit et"
robe noire d'ouvrière... AhI ,575724,Dien,MISC,,575728," de Dicu!...
 Ea voici. Elle r"
", d Cyd.
 mine attentivemnent ",576445,la,PER,,576447," petite, n'a tien voulul presc"
" Cyd.
 mine attentivemnent la ",576448,petite,PER,,576454,", n'a tien voulul prescrire,
n"
"e Craigndis quclque Chose, ce ",576675,Serdit,PER,ORG,576681," une Méningite.
Li penses si "
"séla
nuit dans. les transes. ",576838,Iliet,PER,LOC,576843,", clle n'allaitfpas micuy ;
Cl"
"'ancienne temme de chambre de
",577197,Mme,PER,,577200, Montarenil. . Flle ne savait 
"nte affreuse m'A. sdisic, une ",577408,Crainte,PER,LOC,577415,".
Que je n'avais jamndis épro"
"e lui di entendu prononcerton
",577860,Nom,PER,MISC,577863,. Flle disait qu'elle c'avait 
" Mais, ce matin, cllea
Acuune ",578313,Crise,PER,,578318,: Une Crise qui na pas dure bi
"bien long
Commoe aeet ̀ aui a ",578376,Merlne,PER,MISC,578382," a de  e  
 IIy d longtemps, d"
"eet ̀ aui a Merlne a de  e  
 ",578394,IIy,PER,LOC,578397," d longtemps, dis.je sans pese"
" pas. Ouas-
tu pensé de moi)
",578955,JJe,PER,,578958," neveun pas te le dire, et je "
"ur ma hlle non. plus, mdis... ",579593,Voyons,PER,,579599,",
Georges, regarde mnoi. Pourq"
"lle, attristée et se mépre.
",580356,Nant,PER,LOC,580360,", Naturellement, sur ld Cause "
"ttristée et se mépre.
Nant, ",580362,Naturellement,PER,LOC,580375,", sur ld Cause de mon emotion."
"uante
MinuICS.
 Et c'estlundi ",581090,Noel,MISC,,581094,", dit Charlotte en soupirant.
"
"s craintes aient été folles
",581179,Bonsoir,PER,,581186,"...
Fllese retire, ferme douce"
"e a manger, aureYde chaussee.
",581514,Jeremonte,PER,MISC,581523, avec une boureille d'alcool e
"ser des plaintes monotones et
",582543,Maraaleman,PER,ORG,582553,", bob0... Maman... Tobo...
Cha"
"otones et
Maraaleman, bob0... ",582563,Maman,PER,,582568,"... Tobo...
Charlotte la prend"
"nte... Quatre vingts...
Cent.
",584735,Ledocteursortet,PER,,584750," Charlotte, immédiaterent, en"
"ngts...
Cent.
Ledocteursortet ",584751,Charlotte,PER,,584760,", immédiaterent, entre
Aans l"
"erchertout desuite, dit Chat-
",585108,Jotte,PER,,585113,".
 Oui, Mais..-
Maisquoi. JDis"
"it Chat-
Jotte.
 Oui, Mais..-
",585129,Maisquoi,PER,,585137,". JDisl Ouoid.
 Ce spécialist"
"otte.
 Oui, Mais..-
Maisquoi. ",585139,JDisl,PER,,585144," Ouoid.
 Ce spécialiste veut "
" Oui, Mais..-
Maisquoi. JDisl ",585145,Ouoid,PER,,585150,".
 Ce spécialiste veut etre p"
" etre payé d'avance... Ane
i ",585203,Grosse,PER,,585209, somme : et je n'di pas d'arge
"ar les comnerçants dont les
 ",585670,Poutiques,PER,LOC,585679," sont restees Ouvertes.
 Et je"
"as
l'argent cherroi.
 Je fais ",585861,Comine,PER,,585867," tour le mnonde, c'est Thabitu"
 personne dispose d cscompter ,586145,Mics,PER,MISC,586149,"
 papiers. Les cominerçanis d"
"saille. Je me
fais Conduire a ",587244,Hensington,PER,,587254,". Pourvu quclle soit cher.
 cl"
" soit cher.
 clle
Flle y est. ",587299,Rapidement,PER,,587309,", je la mets au courant des
Ch"
cocher l'adresse du bureau de ,588976,Paternoster,PER,LOC,588987,". Je me suis
SOuvenu, Subiteme"
" marche
aussi bien le jour de ",589316,Paques,PER,MISC,589322," que cehui de la Prinire.
lles"
" an bout, Ia bas, j'aperçois ",589757,Paternoster,PER,,589768," qui s'en
Wa ct je le vois dis"
"que j'ai peur de
aborder Oui, ",589945,Jenipe,PER,MISC,589951,".
Pil ine refusait ce que je v"
" ld petite mourtd, sans Gd... ",590640,Peutetre,MISC,LOC,590648," que
le charlatan qui se fait "
"e, si clle mneurt... Ahl jene
",590922,Rense,PER,,590927," pas i revenir au bien, comme "
"rnos
ter pour lui demander un ",591581,Service,PER,ORG,591588,". Mon, je nele poulf.
rdis p25"
"rses p2s. Je le suis de loin,
",591719,le,PER,,591721, Guette comme le fauve doit é
"s p2s. Je le suis de loin,
le ",591722,Guette,PER,LOC,591728, comme le fauve doit épier sd
" froid, etsc bom.
bardant dea ",591955,Merry,PER,,591960," Christmnds n, dux voitures de"
", etsc bom.
bardant dea Merry ",591961,Christmnds,PER,,591971," n, dux voitures degri
et deho"
"eurs des numeros spéciaus de
",592043,Gournanx,PER,,592051," illustrés, auK chluminures d"
", dux montagnes d'oranges...
 ",592209,Ludgate,PER,,592216," flill, Flect Srreet, Strand, "
" W..
Je viens de traverser la ",592295,Jarnise,PER,LOC,592302," ct, sur les traces de
Paterno"
"nel sac, Je
descends Waterloo ",592396,Road,PER,,592400,". Brusquement, il tourne i
dro"
"c, Je
descends Waterloo Road. ",592402,Brusquement,PER,,592413,", il tourne i
droite et dispar"
" je suis toujours d la mé̂me
",592867,place,MISC,,592872,", au coin. de la rue et de Wat"
"ace, au coin. de la rue et de ",592899,Waterloo,PER,LOC,592907," Road, a l'en
droit d'ou j'ai "
oin. de la rue et de Waterloo ,592908,Road,PER,,592912,", a l'en
droit d'ou j'ai vu Pa"
"̂tre.
asremarque, ct, des que ",593327,Paternoster,PER,,593338," s'ect engage sur
Ia route, da"
" mdintenamt. I'idéc nette de
",593692,Vacte,PER,MISC,593697, d accomplir se découvre a mo
" me le faut, le sac que porte ",594014,Pater,PER,,594019,"
ROSICT.
. Les trois policemen"
" faut, le sac que porte Pater
",594020,ROSICT,PER,,594026,".
. Les trois policemen prépo"
"résent, que la silhouette de
",594513,Taternoster,MISC,LOC,594524,", la-bas. Il sc hate, une mdin"
"c hate, une mdin dssurant son
",594568,Chapeau,PER,LOC,594575,", l'autre serrant contre lui l"
"t contre lui le perit sac. Le
",594621,Vent,MISC,,594625,", quitne frappe la face, le br"
"vant. Dicu)
Quil estlarge, ce ",594967,Reuve,PER,LOC,594972," :
senaes de o ae eie ca due e"
"ettent d Sc manger Cntre cuK.
",595195,Devant,PER,,595201," Sornerset flouse, je saute da"
drais jamdis. C'est affreux I ,595334,Ia,PER,LOC,595336," petite d.
eu denx crises horr"
"nine, voici cinguante livres,
",595869,Prener,PER,MISC,595875," un Cab, aller cher le docteur"
"er le docteur Scoundrel, dans
",595922,Tarley,PER,,595928," Street, donner lui ga d'avanc"
"eter ses brds autour du
CON.
 ",597123,Pardonne,PER,,597131," mnoi, me dit-elle pendant que"
"st assoupic, pour
le moinent, ",597620,Indis,PER,ORG,597625, si tu avais Vu ces crises... 
"mis un mndsgue, un masque. de
",597824,Vicillard,PER,LOC,597833,", sur cette petite ligure , il"
"ucles blondes,
hnes comme des ",597956,Rocons,PER,LOC,597962," de soic , et un cercle noir
C"
"e plus
parlet... Comme clle d ",598129,Grandi,PER,MISC,598135,"! Regarde. On croirait.
quclle"
"etient d Sonner joyeusement.
 ",598390,Noel,MISC,,598394,! dit Charlotte en se laissant
"ssant tommber Sur
ane chaise. ",598449,Scigneur,PER,,598457, ! Scigncur! que je soutfre! O
"fre! Oh)
C'est afreuN...
Qui, ",598511,Noel,MISC,PER,598515,", sainte journée. Jour de pai"
" journée. Jour de paix et de
",598553,Noie,MISC,LOC,598557," ro
222
LE VOLEUR
Le docteur m"
"de veau au blanc dTspagne.
 - ",598718,Monsieur,PER,,598726,", mne ditil, j'ai prévenu Vot"
"dais cent
livres. Aujourdhui, ",598838,Noel,MISC,PER,598842,", yous Comprener... Ell
m'a re"
"ives contrariétes, de grands ",599809,Chagrins,PER,LOC,599817,"... Mon,
dès le début, tout "
"in.
 Vraimentd
 Sur lhonneur, ",599886,Monsieur,PER,MISC,599894," ! dit-il en frappant de
la ma"
"che une douleur sans nor....
 ",600619,M.,PER,,600621," Horrible, cette agonie d'enta"
"céans cruels, sur de grandes ",600904,Vagues,PER,,600910," desolitude...
i Charlotte, ag"
" grandes Vagues desolitude...
",600925,i,PER,,600926," Charlotte, agenouillee derant"
"ette cniant que son étreinte
",601171,Rerechaufierd,PER,ORG,601184," plus... Elle reprend:
 ese eo"
"ce, trouble sculement par les
",601365,Sanglots,PER,LOC,601373,. d'Annie agenouilléc dans un
" a
NNI
ON N'ECHAPTE PAS A SON ",601509,DESTINS,PER,MISC,601516,"
-- Qui, je suis a londres dep"
"Vu Comient
on l'a trouvé sur ",602142,Waterloo,PER,,602150," Bridge, la nuit de Noël,
 Ce"
"oute, de le jeter dans
Ccette ",602511,Lamise,PER,,602517, qui charrie tant de cadavres.
"s lorsque je suis arrivé, le ",602815,Jendemdin,PER,LOC,602824," , il a cu la
force, pourtant,"
i Caternoster et son agonie a ,603226,Aure,MISC,LOC,603230,"
près de trois jours. L'enque"
"les canailles ! Mais qui les
 ",603688,Pair,MISC,PER,603692,". Et puis, canailles... Fstce "
"vre, et pourquoi menltentils! ",604580,Parceguel,PER,,604589,"
misere a tari le lait dans le"
"ent d la vrille du sucets, du ",604900,Momento,PER,,604907,"
lcurs reves vont se réaliser"
"s proies
SOnt taTes et que la ",605554,Chasse,PER,,605560, est pénible  Fi clle ne Se..
"dis d Celd, AUssl,
cematin de ",606394,Noil,MISC,,606398, oil je me suis mis en roure d
"er.
ade --
LE VOLETE
327 --
- ",606479,Le,MISC,,606481, sort de Paternoster ne mémeu
"LE VOLETE
327 --
- Le sort de ",606490,Paternoster,PER,,606501," ne mémeut pas Cnorie.
ment, "
"... Mais si ce n'était
pasun ",606935,saint,PER,,606940,", c'était un hoimine, ce qui "
oiets qui n'étaient pls sans ,607243,Srandeur,PER,LOC,607251,", et
Son A90As5i...
 Son assds"
" nous qui faisons état de me
",608268,Eriser,PER,LOC,608274, toute règle et de cracher au
"ctes qu'on Accomplit, sdns la ",608655,Conception,PER,,608665," de
leursrésultats, le fait n"
", hors d
rêve meme . dans le ",608857,Cauchemnar,PER,LOC,608867,". :- Jesonge a cet
homline que"
meme . dans le Cauchemnar. :- ,608872,Jesonge,PER,LOC,608879," a cet
homline que j'ai assail"
"ec Uhe ielle douleur, dans la ",608988,Chambre,PER,ORG,608995,", l,
i coté ; je songe d la l"
"de tempsen
 et
LE TOLEUE
49
- ",610292,Mon,MISC,,610295, Dieu! s'écrie Charlotte. Est
"Vu d quelle guerre intestine, ",611590,Sournoise,LOC,PER,611599," et
Sans quartier, se livrent "
"s ld vie, toi qui prétendsld
",612982,Connaitre,PER,LOC,612991, . Corninent ds tul pu croire 
", je veux étre diméc, Chdt-
",613683,Rellcmnent,PER,,613693,", bestialement, si ton Amnour "
"i, je n'airien d leur envier. ",614657,Estce,PER,,614662," parce que
 e suis pruvre . Ma"
"tituéc pour etre aimée d'un
",615009,Voleur,PER,,615015,"....
 Lais toi, tais. toi! lui"
"aimécconine je l'aurais dil,
",615127,Charlotre,PER,LOC,615136,", mais je n'ai jamndis dime qu"
"artis, le soit méme, pour le ",615386,midi,LOC,,615390,"
de la France. Nous y avons pa"
"aivoulu con
duire Charlorte a ",616056,Monte-,PER,,616062," Carlo, qu'elle n'avait jamais"
" con
duire Charlorte a Monte- ",616063,Carlo,PER,,616068,", qu'elle n'avait jamais
WU. M"
"is
WU. Moi, je le conndis, le ",616120,Casino,PER,,616126," célèbre. Je lui ii
Tendu vi"
 ceil ou continue a briller l',617820,Eclair,PER,,617826," de la foi, teure
Argent s éc"
"moyennes.i
Ttpuis, chosc tres ",617920,Comique,PER,,617927,", les rages violentes et les
d"
"our des jurons grotesques, le
",618123,Cravates,PER,MISC,618131," de travers, les plastrons de "
"rs, les plastrons de chemises ",618170,Casies,PER,MISC,618176,"
par les doigts nerveux. Ah!. "
" le noir, soit avec le rouge. ",618324,Beaucoup,PER,,618332," de noir
et besucoup de rouge,"
"harlotte me cdisir le brds.
- ",619037,Viens,PER,,619042,", viens, mne ditclle d'une voi"
"rôle d'idée! Enkin, si tu y ",620115,tiens,MISC,,620120,"...
19.
334
LE VOLEUE

 Ju nem"
"rois oul quatre perits Coups,
",620996,Rooer,PER,,621001,"-la Tlonte ct moi, qui n'étai"
e a fait de vains ckorts pour ,621557,Mditriser,PER,MISC,621566,",
l'a sdisie et comine affolé"
"u bateau que jai pris d Sdint
",623368,Malo,PER,,623372,", tout scul, Rogerla- Tlonte e"
"erla- Tlonte etant parti pour
",623418,Bordeaux,PER,LOC,623426, unc tois le coup fait a Orlé
"rléans. Oui, C'est
iinschse. ",623482,Charlotre,PER,,623491, doiterre dérorće d'angoisse
" dime, conkidente ilarmée de
",624023,336,PER,,624026,"
PE VOLEUR
projets qui luisemb"
"conkidente ilarmée de
336
PE ",624030,VOLEUR,PER,ORG,624036,"
projets qui luisemblent, mons"
"nde pourquoi je lui inlige un
",624448,Supplice,PER,,624456," pareil, puisquclle m'aime, pu"
"porte. Annie vient in'Ouvri.
 ",626241,Bonsoir,PER,,626248,", Annic. Madame est li haut ?
"
" Annic. Madame est li haut ?
 ",626279,Mousieur,PER,LOC,626287,"... Je... Monsieur...
Sa Lgure"
"rvous parler, 2 l
An, nomn de ",626636,Dien,MISC,LOC,626640," ? Ouest Madame ?.
 Flle est p"
"́chire l'enveloppe.
u........ ",626829,Notre,PER,,626834, vie i tous Acux serait un Mar
"journée de joie dont le son-
",627643,Venirme,PER,,627650, supplicie en écrivant ces li
" viens de
passer huit jours a ",628525,Vichy,PER,LOC,628530,". Jy serais meme restée plus
"
"de
passer huit jours a Vichy. ",628532,Jy,PER,,628534," serais meme restée plus
long"
"s parents
tiennent un hotel a ",628810,Vichy,PER,LOC,628815," 
Qui, ton frère me l'a appri"
"leurs aflaires ont prospére, ",628957,Rogeret,PER,,628964,"
i moinous les avous didés un"
"superbe, un des plus beaux
de ",629079,Vichy,PER,LOC,629084,", Choret Jeanne d'Arc.
 Ah lou"
", un des plus beaux
de Vichy, ",629086,Choret,PER,,629092," Jeanne d'Arc.
 Ah loui, je vo"
"s plus beaux
de Vichy, Choret ",629093,Jeanne,PER,,629099," d'Arc.
 Ah loui, je vois gd ,"
"de cocorte de Paris, MfeNe... ",629345,Metle,PER,MISC,629350,"... je ne me
souviens plus du "
"al (eaie ene 
Oui, C'est gd : ",629499,VUrbain,PER,,629506," Randdl.
C'est mon oricle, dis"
"ricle, disje ; al !'il est à ",629556,Vichy,PER,LOC,629561,"...
 Qui, avecld cocotte en qu"
 vais me iettre en route pour ,630316,Vichy,PER,LOC,630321,"
Ce soit, cmmpoigner mon oncle"
"Vichy
Ce soit, cmmpoigner mon ",630346,oncle,PER,,630351," demain, et lui tordre
le con."
"e, apres toutes les demarches ",630981,Vaines,PER,,630987,", toute
les recherches infruct"
" toute csperance de la revoir
",631161,Iamdis,PER,,631167, ct qu'il faut me résoudre d 
"l de rouler md colere, Cucore ",633627,Mne,PER,,633630,"
fois, dan5 le coton des argut"
"logiqnes. Aux Si-
migrees des ",633699,Lartufes,PER,LOC,633707," de la civilisation, aux Conto"
"imal pent seul répondre. Un.
",633851,Geste,PER,,633856," de fauve, terrible et muet, l"
"in, environ, guand jar
tive a ",634390,Vichy,PER,LOC,634395,. Un train quitte la gare du m
"averse le quai.
 Bonjour, Mon ",634535,Reveu,PER,MISC,634540,":
C'estune femme... - Margot! "
"pture Com.
plete, un divorce. ",635130,Entre,PER,,635135," nous, tu sdis, je n'en suispa"
"t. W'estce pas, que cest Ca l'",635316,Embetant,PER,,635324,", Si
etais arrivé hicr, scule"
m'a dit qu'il partait pour la ,636047,Suisse,PER,LOC,636053,",
mdis ce n'est certaincinent "
"d portéses plures, ce pigcon ",636316,Voyageur,PER,MISC,636324,". Lol-
jours par voies et par "
". Lol-
jours par voies et par ",636354,Chemins,PER,LOC,636361,". Mous l'appelons se
Juif-Frra"
"r Chemins. Mous l'appelons se
",636382,Juif,MISC,,636386,-Frrant. Ilne se plait nulle p
". Mais toi aussi,
ai e-
dr
LE ",636510,VOLEUR,PER,,636516,"
343
inon panvre ainli, tu as "
"l'air toque, djoute t.clle cn ",636576,Me,PER,,636578,"
regardant. Si tu pouvdis voir"
"J Il faudra que je te soigne.
",636691,Voyons,PER,,636697,", fais risctte... Puisque je r"
"sque je r'ai dit de ne pas te
",636748,Tourincnter,PER,ORG,636759,"... Et puis, ie Testons pas d "
" nous roulons vers la ville.
 ",636957,Ecoute,PER,,636963,", dit Margot enfrappant des ma"
" enfrappant des mains. Je de.
",637005,Vine,PER,,637009, la vérité. Lon oncle est pa
"viens dêtre venu
avec elle a ",637578,Monte,PER,,637583,"-Carlo, vers la tin de Thiver "
"dêtre venu
avec elle a Monte-",637584,Carlo,PER,,637589,", vers la tin de Thiver der
 n"
"d le diable y serait
 Jusdie, ",638813,cContinue,PER,,638822," Mlargot, il ne s'est livré a"
"e y serait
 Jusdie, cContinue ",638823,Mlargot,PER,,638830,", il ne s'est livré a au.
Cui"
"es villes d'eauy avec des co-
",639240,Cottes,PER,ORG,639246,", pour placer des billets de b"
" peine en te racontant cad de
",639827,Mande,PER,,639832," Mlargot. Pardonnemoi, je neme"
" en te racontant cad de
Mande ",639833,Mlargot,PER,,639840,". Pardonnemoi, je neme doutais"
"onde s'il fallait toujours
Se ",640204,Casser,PER,,640210, la tete d mediter sur les dir
"e peurpss.
. Jesuisattendue a ",640462,Cussct,PER,LOC,640468,", je suistrès demandée en ce"
"drai vers dix ou onre heures.
",640550,Liens,PER,MISC,640555,", voicilhorel Jeanne d'Arc, ou"
"re heures.
Liens, voicilhorel ",640569,Jeanne,PER,,640575," d'Arc, ou jhabite, prends-y
 "
"d
 Un peh. Son frère est mon ",641023,Associe,PER,ORG,641030,".
- Cestbien drôle, tout cd! "
"Cestbien drôle, tout cd! dit ",641064,Mlargot,PER,MISC,641071," comme li
voiture s'arrête de"
".
aa es Cai Le fus aee son om
",641473,Lssont,PER,ORG,641479," récllemnenr charinants, ces "
" ces propriétaires de
Thorel ",641534,Jeanne,PER,,641540, d'Arc. Ils ontéré enchanré
" cxcusée, Certainemient, dit ",641925,Mme,PER,,641928," Voisin ; clle
aurait éte si "
"oi, je ne suis pas faché de
 ",642096,Lavoir,PER,LOC,642102, point a affronter les sermons
"ns de la demoi.
396
RE VOLEBR
",642160,Sclle,PER,LOC,642165,". Apres tout, Clle durdit pu m"
"ais
Aussi bien de la vendre a ",642296,Dien,MISC,LOC,642300,".
fas avant déjenner, pourtan"
"urs de faim. Kleureu
Seinent, ",642412,Mme,PER,,642415," Voisin vient nous arrachet, s"
"e dévore ; et
les prrents de ",642579,Roger,PER,,642584, la flonte ont le bon esprit d
"u être fort jolie, Grdsse et
",643080,Tonde,PER,LOC,643085,", les chevcuy tout blanes et l"
"ntclles d peu pres? de
 Mande ",643783,M.,PER,,643785," Voisin.
- Qui, Monsieur, pas "
" Monsieur, mne dit Hme Voisin
",644274,Comine,PER,LOC,644280, un Gargon vient chercher son 
" mne dit Hme Voisin
Comine un ",644284,Gargon,PER,LOC,644290," vient chercher son Mari, un i"
nt d la misère perpétuelle. ,644573,Jout,MISC,PER,644577," nous a
réussi. Hous ne nous "
"int dire
que nous somines des ",644862,Egoistes,PER,LOC,644870,", nou, mais nous ne
Prenons pa"
"s Egoistes, nou, mais nous ne
",644890,Prenons,PER,,644897, pas parti. L'un nous dit blan
"e comment clle d plumé un pi
",645096,Seon,MISC,PER,645100,", je ris avec clle. Tulalic vi"
 on ne sait jamdis... Quant d ,645452,Broussaille,LOC,PER,645463,"
et d Roger, je ne vous cache "
" religieuses.
Du reste, voyer ",645922,la,PER,,645924, Mature: Certains animaun Se B
"ligieuses.
Du reste, voyer la ",645925,Mature,PER,LOC,645931,": Certains animaun Se Bour
ris"
"s.
Du reste, voyer la Mature: ",645933,Certains,PER,,645941," animaun Se Bour
rissent de ch"
"n, et les
inondations, et les ",646242,Maladics,PER,MISC,646250,", et toutes sorres de Réaus.
"
", et toutes sorres de Réaus.
",646280,Cesont,PER,LOC,646286, des mnauy peut être nécessd
"qui m'inquiète, d.
propos de ",646558,Broussaille,LOC,PER,646569," et de Roger, c'est leur Sante"
"nhin... C'est que ces Anglsis
",647139,Sontsi,PER,LOC,647145," brutes, et c'est tellement de"
"in ? Dans cingousix ans, nous ",647278,la,PER,,647280," marierons, mais
pasavant. Ga "
"? Dans cingousix ans, nous la ",647281,marierons,PER,,647290,", mais
pasavant. Ga ne vaut jd"
"rt, de porter.
toujours de la ",647627,Ranclle,PER,LOC,647634, : une Ruxion de poitrine csts
"propos, c'est votre parent, c
",647715,M.,PER,,647717, Randal qui est si riche et qu
"quière des hon
nêtes. gens. ",648016,In,PER,,648018," voleur a l'amnéricaine, peut"
"ère des hon
nêtes. gens. In ",648019,voleur,PER,,648025," a l'amnéricaine, peutetre ? "
" qu'il a amenéc ici, Mthe de ",648147,Vaucouleurs,PER,,648158,", qui V2
regretier son départ"
"ouvre dals
lesalon de Mthe de ",648433,Vaucouleurs,PER,,648444," ; ceserd plus Comimode
pour y"
 de Vaucouleurs ; ceserd plus ,648459,Comimode,PER,MISC,648467,"
pour yous deux. Je l'aime bea"
"li
Verte, n'est CCpas ?... Je ",648704,Crois,PER,LOC,648709,", Monsicur, que rielMe
peut vo"
" de Co-
Cortes qui turent des ",649434,Courtisanes,PER,,649445," et que d'épouses qui
restere"
"e
de trémoussent des parades ",649820,burlesques,PER,,649830,", tandis quon
joue des drames "
"ire
faire un tour au parc: et ",650325,M.,PER,,650327," Voisin, que je rencontre
uans"
"up de plaisi.
Du plaisir I... ",650420,Dame,MISC,,650424, ! Pourquoi pas ?... C'estplei
ois que si je rencontrais mon ,650720,oncle,PER,,650725,",
dans cette alléc oi je ine "
"es arbres sans Md.
Gesté. Le ",650984,Casino,PER,,650990," 1d bas, tout au bout, le Kios"
"sino 1d bas, tout au bout, le ",651016,Kiosque,PER,,651023," i
iusique, d Coté, ou grince"
"s pas jusqu ou iraient mes ie
",651584,Rexions,PER,LOC,651591," si je ne me trouvdis, tout d'"
"out d'un coup, devant
l'abbé ",651645,Eamargelle,PER,LOC,651655,". Rencontre bizarre, inattendu"
"p, devant
l'abbé Eamargelle. ",651657,Rencontre,PER,,651666," bizarre, inattendue,
presque "
clle I Sera ce la dernière ? ,651736,Pentete,PER,,651743,"
Que non. Wlais n'anticipons p"
" sais. jai
l'air de me nommer ",652513,Gaston,PER,MISC,652519,", mdis c'est moitout de
même."
" Cuant a l'abbé, vous l'aper
",652706,Cever,PER,,652711," dussi, j'espère, et mdintena"
ans le fracas occasionné par ,653840,Vinfeinal,PER,,653849,"
i Orchestre, la bas, quitermi"
"cas occasionné par Vinfeinal
",653850,i,PER,,653851," Orchestre, la bas, quitermine"
"s occasionné par Vinfeinal
i ",653852,Orchestre,PER,,653861,", la bas, quitermine avec rage"
"330
 LE VOLEUE
eymphonie d ld ",653937,Gloire,PER,,653943," de la Discorde. II m'avair.
s"
"E
eymphonie d ld Gloire de la ",653950,Discorde,MISC,,653958,". II m'avair.
semmble tont d'a"
" piston, mais je ml'aperçois ",654120,Mdinteuan,PER,LOC,654129,"
que c'est le tambour Jui memn"
"mne qui avait tort et que.
la ",654187,Rite,PER,ORG,654191,", le violon. le trombone, la c"
"le sort A vouli
qu'il quitlat ",655018,Vichy,PER,LOC,655023, juste au moment oi vous y Arr
" d la base de tous les grands
",655213,Centiments,PER,,655223,", sdns Cxcepter l'ainour. Mais"
"'ainour. Mais je n'admets
son ",655270,CHercice,PER,MISC,655278, que sous l'impulsion d'une co
vent causer plus de peine que ,656497,Vacte,PER,MISC,656502,"
ne doit produire de joie, je "
lle procède de la conscience ,656649,nette,PER,,656654," des Choses
et de la répudiat"
"non l'écraser
Sans trève. - ",657175,Le,PER,,657177," droit ! Oueitil, sans la forc"
"n la force - la vraie force .
",657257,Vicilleries,PER,,657268,", tout cd, bétises... Voyervo"
"u
etes voug descendud
Athoret ",658279,Jeanne,PER,,658285," d'Arc.
 Fxcellente idéc que "
"ur y transporter
mes penates. ",658406,Jusqu',PER,,658412,ici je logedis a lhdrel Saint-
"ejeu. Depuis quinre jours, je ",658591,tiens,MISC,,658596," les cattes.
Quinre heures sur"
nde difhiculté que jarrive d ,658975,Gagner,PER,,658981,"..
Jy parviens, cependant : et"
"culté que jarrive d Gagner..
",658984,Jy,PER,,658986," parviens, cependant : et j'ai"
"́ , tres
peu, mais il y en d. ",660026,Cesont,PER,,660032," des monstres, d Mon
avis. Qua"
"in a lhorel.
Saint-Vincent de ",660961,Paul,PER,,660965,". Je vous présenterai, de vou"
" vicige, tinn
ble de nouilles ",661171,saint,PER,,661176," Joseph, creme terresainte et
"
"e, tinn
ble de nouilles saint ",661177,Joseph,PER,,661183,", creme terresainte et
Chateau"
passerdi encore une semaine a ,661310,Vichy,PER,LOC,661315,".
après quoi, mon retour a Pa"
"mon retour a Paris s'impose.
 ",661360,Gnebonne,PER,,661368," Ceuvre 
 Justement. Je m'occu"
r les klles-mères aux abois. ,661462,Entreprise,PER,,661472," pr.
triotique autant que char"
"itable, car Vous saver que ld
",661532,Francese,PER,LOC,661540, dépeuple cffroyablement et q
"s. Mes circulaires ct mes de
 ",661687,Marches,PER,,661694, ont produit le meilleur ctlet
" Vous conndisser, je croisi.
 ",661866,Mme,PER,,661869," Boileau. Won, pas du tout.
 M"
" Lencr, regarder la bas, Aans ",662284,Cetle,PER,MISC,662289,"
allée, ces deux messicurs et"
" ne me rappelle pas...
 C'est ",662622,M.,PER,,662624," Armand de Bois-Créault, dit "
"́e de se séparer de lui.
 la ",662770,Connaisser,PER,,662780, vous3 demandé je anxicusemen
"épond l'abbé. Flle habie
la ",662963,Belgique,PER,LOC,662971, et je n'ai jamnais cu lhonncu
" pour luioui
tuer pour lui... ",663579,Ecouter,PER,,663586,": Nous sommes tous Malades,
dr"
... Ecouter: Nous sommes tous ,663605,Malades,PER,MISC,663612,",
driat
IE VOLEUE
357.
Anjourd"
"s
SOMlIReS Conddinnes par une ",663775,Mordle,PER,LOC,663781," Surannee d passer
de létat n"
". Vous me direr que le cas de
",664520,Mme,PER,,664523, de Bois-Créaulr est un cas C
"onndissdit la vie réelle des
",665324,Victimes,PER,MISC,665332,", si la contession ne lui avai"
"is pourquoi, clle me rappelle ",665727,Broussaille,LOC,PER,665738,",
358
LE VOLEUR
une Broussaill"
"me répond d'une
inclindison. ",665929,Graciense,PER,LOC,665938,".
 Cette damne estréclleinent"
"s je n'avais pas lhonmeur del
",666098,ConndItre,PER,MISC,666107,".
 Flle va a la Crande Giille,"
" del
ConndItre.
 Flle va a la ",666123,Crande,PER,,666129," Giille, dit l'abbé commel
Sa"
"nndItre.
 Flle va a la Crande ",666130,Giille,PER,,666136,", dit l'abbé commel
Saur de R"
"e, dit l'abbé commel
Saur de ",666165,Rogerla,PER,,666172," flonte disparait, au bout du "
re le hiosque d musique et le ,666241,Casino,PER,MISC,666247,". J'ai fort en
vied'y aller au"
"sentiments de l'amour, Comine ",666480,Ceu,PER,,666483,"
de la religion, perdent leur "
"able de
prendre sd place a la ",667481,Direction,MISC,ORG,667490," des Douriemes Provi
foires. I"
e sd place a la Direction des ,667495,Douriemes,PER,,667504," Provi
foires. I es Douriemes "
" Douriemes Provi
foires. I es ",667524,Douriemes,MISC,,667533," Provisoires demandent d Etre
"
"poserd ca cundidature
dans la ",667807,Bievre,PER,LOC,667813,. Candidature progressiste qui
"a cundidature
dans la Bievre. ",667815,Candidature,PER,,667826," progressiste qui serd
Soutenu"
"manderai des ex.
plications d ",668664,Rence,PER,MISC,668669,", si l'occasion s'en presente."
"n tour de pare, ces messicuss ",668993,Viendront,PER,,669002,".
Nous ietrouver quand la chan"
"e teumle jalouse,
 Ohssécrie ",670376,Renee,PER,,670381,", connnent durait cile pl ed-
"
"le cotnmicncement de l'Ammee.
",670512,VVoyons,PER,MISC,670519,", Ajoute.t clle encommptant su"
" Cing. Hor, pas plus de cing.
",670620,Rinsi,PER,,670625,"... Arinand nou commpris, bien"
"́nérations, coimme disait... ",670939,Moliere,PER,MISC,670946,". Con
Prener Yous des Choses p"
" Consultant Mon
portetenille. ",672004,Voics,PER,ORG,672009,".
 Bon, dit-clle en glissant l"
u cotsage ; je vousrendrai ca ,672095,Iardi,PER,,672100,". Ou, plautot...
Lonnermoi yot"
"s rendrai pas vorrebillet, et ",672496,Vousseren,PER,LOC,672505,"
le premier qui nen aurd pas c"
"us diuse, lexistenci que vous
",672649,MCMCT,PER,MISC,672654,":
 Enormement! jesuis fite pou"
"ler vous instruire. Vous dé-
",673254,Ciderer,PER,MISC,673261,"-Vous :
Pane Aucundoute.
 Jous"
"oi le
tnot. des carottes a la ",673555,Vichy,PER,LOC,673560,".
Mais clle apergoit son mari "
 Je reprochais vivcment d ML. ,673838,Randal,PER,,673844," de n'étre
pas vens a Paris C"
"eveuf
pas manquei de parole a ",674180,Marquerite,PER,,674190," de Vaucouleurs.
RRTIS
DARSE B"
uei de parole a Marquerite de ,674194,Vaucouleurs,PER,,674205,".
RRTIS
DARSE BIEUE ET LE DOAL"
" faite aux Époux Mouratet, a ",674333,Vichy,PER,LOC,674338,". J'ai quitte
londres pour Par"
"dient crodsser comtme des cor
",675040,Dedux,PER,ORG,675045," sinistres, d cet anniversaire"
"Mlais sdit on ce que l'avenir
",675418,NOMS,PER,,675422," TCSCTVE :
Qui aurait pu prév"
"res Retrissant la conduite de
",677302,Rence,PER,LOC,677307,"...: - Des lettres écrites, p"
" Je serdi députè avant
deux ",678337,Miois,PER,LOC,678342,", songes y. Celit immpose des "
" doit prs. Etre soupcennée.
 ",678542,Naturellement,PER,,678555,", di je repris en faisant des "
"la maison , on l'arait
TMavec ",678868,Rence,MISC,,678873,... Mlais je lui ai fait compr
"en
la correction en personnc. ",679000,Depuis,PER,,679006," deux mois, il nd
vu Renéc qu"
"quent. - C'estvrai,
arépondu ",679951,Mouratet,PER,ORG,679959,", la larmne a Veeil : et j'ai "
"épondu Mouratet, la larmne a ",679973,Veeil,PER,LOC,679978," : et j'ai commis
Ane autre so"
"e, moi, je serdi déquisé en ",680096,Barbe,PER,,680101,"-Bleuc, n
Cette fois, j'ai ri "
" stupide idiot...
Monsieur et ",680590,Mladamne,PER,MISC,680598," ne sont pas cucore prè̂ts,
 "
"r, dans le salon du boulevard
",680730,Milesherbes,PER,,680741,".
Cestbon. Je prends. un journ"
"out d fait, Ct que Renée,
en ",680901,Costumhe,PER,LOC,680909, de pierrette mnoins le chapea
"il je
9 ^ire -
LE VOLEDUE
367
",681314,Scrdi,PER,LOC,681319,. Je serai dans une loge - you
"ne mne sourit pas du tout. Ce
",682501,Resont,PER,LOC,682507, pas les Scrupules quime géne
"as du tout. Ce
Resont pas les ",682516,Scrupules,PER,MISC,682525," quime génent, bien entendu.
"
"s Epariles. Quen feraije, mon ",682707,Dien,MISC,,682711,"
D'autant plus qu'avec une éc"
"assc un bras Autour.
Au Cou.
 ",683205,Voyons,PER,,683211,", Sros. béte! Puisque je vous"
"ce que vous voudrer, vous
tne ",683746,Gariercr,PER,ORG,683754," un jour, ou ulil mcis, oul pa"
"ais on verrd. En tous Cis,
la ",684003,Situation,PER,,684012," Change.
 Je croyais, dis.jes "
"voyer demain a Londres, a mon
",684280,Adressc,PER,LOC,684287,". Et quant d vous, soyer cher "
"rien.
 A. la bonne heure, dit ",684395,Rence,PER,MISC,684400,". Vous etes senti
Comme tout. "
"e l'appartement.
 Voild Barbe ",684597,Bleue,PER,,684602,", ditclle. Anne, MA Scue
AANE."
"ngeste de
Toyou, et s'en Vd d ",684708,Grandes,PER,LOC,684715," enjammbées, les bras en
l'ai"
"bras en
l'air.
 Mouratet, une ",684763,Seconde,PER,,684770," apres, cntre dans le slon,
. "
"artiste, ducune
culuininure d'",685102,Epinal,PER,,685108,", si grandiose que l'ait faite"
 atroce que l'ait plaquée la ,685181,Machine,PER,,685188,", ne
pourraient donner lidée "
ch! S'écrie le directeur des ,685901,Bouriemes,PER,,685910,"
Proricoires, ravi de l'effet "
"uves tu ? demande Mouratet.
- ",686752,Detace,MISC,,686758,", cd va bicnl, voyons de dos.
"
"s hommes en habit, comme moi,
",687165,Sembetant,PER,ORG,687174,", Conmeinoi, et venus la sans "
"ux du Hhin, bijoux de prix et
",687377,Costumes,PER,,687385," Soimptueux, on ne sdit pas bi"
m'attendais d trouver sous le ,687921,Masque,PER,LOC,687927,"
qui m cst appitu. Du reste, t"
"e, tel mdsque, posésur relle
",687983,Kgure,PER,LOC,687988,", n'a pas du tout le meme dspe"
"cinents, princes, princesses,
",688192,Scigneurs,PER,LOC,688201, et Marquises. On ne Se croira
"ceptre a la main. Personne ne
",688570,Veutregner,PER,ORG,688580,. Tout le monde veut êrre de 
ratet fait scnsation. Dans un ,688680,Couloir,PER,LOC,688687,", une
 
LE VOLEUR
371
bande sy"
emimes. Il repond madisement. ,688805,Rence,PER,MISC,688810,",
quis est eloignée insensibl"
sje : elle était la il n'y a ,689403,Guun,MISC,,689407,"
instant, clle a da tourner d "
"
instant, clle a da tourner d ",689437,Gauche,PER,ORG,689443,"... Hon, dlors,
Cest d droite."
"s est ce une femnine extrdor-
",689543,Linaire,PER,LOC,689550," ? J'ergage la conversation, p"
"cur Barbe. Blere, s'écrie la ",689787,Dinde,PER,LOC,689792,",
que vous m'aver fait peur!
M"
" L1s sont tout de suite tres.
",689874,Camarades,PER,,689883,", 12 Dinde et lui. J'di cu la "
" de suite tres.
Camarades, 12 ",689888,Dinde,PER,,689893, et lui. J'di cu la main heure
" I Sd conversation.
ous uisse ",690269,Masosende,PER,,690278," orsrer ble ge, outeaie rele, "
"no noir s'est approchée de
i ",690476,Mouiater,PER,,690484,", loi parte al'oreille. Le dom"
"die
Le domino noir.
Ahl dirla ",690865,Dinde,PER,,690870,", ce n'est pas grand. chose, d"
"ns doute, un bateau qu'on lui ",690949,Monte,PER,LOC,690954,".
Onraconte tant de blagues, i"
"e, un bateau qu'on lui Monte.
",690956,Onraconte,PER,LOC,690965," tant de blagues, ici!...
i C'"
"drais bien saroir Ce
que fuit ",691052,Mouraiet,PER,MISC,691060,", tout de même. Je prends le "
"tion parvient d mes orcilles.
",691261,Jeme,PER,,691265," précipite.
 Mais des gardes "
"ient de retermer..
 Circuler, ",691745,Mlessieurs,PER,LOC,691755,", nous ditil d moi et a quel
q"
"aie 
 pétards et deux ddmnes ",692034,Sesont,PER,LOC,692040,". trouvées Mal.
Je m'approche"
", n'estce pas : Ah! les cocus
",692367,Assassins,PER,MISC,692376,", Monsicur !... Lencr, ou cnle"
"Unl cscalier dérobé. Voyer, ",692569,Cestfait,PER,ORG,692577,". Le
public ne. s' est pour di"
ur dinsi dire apercu de rien. ,692632,Regar,PER,,692637,"
der ces gensquirient et qui p"
"i plaisantent, ld, d coté de
",692694,NOMS,PER,ORG,692698,. C'est la vic. Ea comedie lai
" l'amphichestre, ceite perire ",693043,Rence,PER,MISC,693048,", folle et
dépravée comtine "
" jurés qui l'acquitreront ne
",693665,Veulent,LOC,MISC,693672," pas, nou plus, Ctre cocus , n"
"'assises qui applaudiront al.
",693773,Verdictct,PER,LOC,693782, attendront l'assdssin pour le
"dirigc vers legrand escalier, ",694144,Mdis,PER,LOC,694148,", Coiine je
 passe aupres d'un"
"ion. J'écoute, sans cuavoir.
",694268,Vair,PER,LOC,694272,".
374
LE VOLEUE
 Oui, dit un j"
" nousdvousvoélindustricl, cn
",695664,Belgique,PER,MISC,695672,". Oui, si d'auttresastres sont"
Renée etje n'ai pointvicité ,695983,Mourater,PER,MISC,695991," dans sd
prison. Je n'di pas e"
"me touche en aucune facon. Je
",696213,Resuis,PER,MISC,696219, passentimental. C'estun déla
" délaut, mais qui n'en
a 725 ",696273,3,PER,,696274,"
Cependant, je ne me dissimule"
"élaut, mais qui n'en
a 725 3
",696275,Cependant,PER,,696284,", je ne me dissimule point que"
"ossible, ne point
gonner d la ",697062,Justice,PER,,697069, l'occasion de contemmpler Mou
" en vais d'un pas léger cher
",697303,Marguerite,PER,,697313," de Vaucouleurs, cat je sais q"
"pas léger cher
Marguerite de ",697317,Vaucouleurs,PER,,697328,", cat je sais quc Margotd
repr"
" Vaucouleurs, cat je sais quc ",697346,Margotd,PER,MISC,697353,"
repris pied dans la politique"
"pelé
la semaine dernière au ",697436,ministère,PER,,697446,", n'a de nourciturien 
a lui r"
"main, je reçois un billet de ",698107,Mirgot,PER,,698113," qui
mannonce que les choses v"
es choses vont pour le mieun. ,698162,Le,MISC,,698164,"
SUrlendemain, un garde d chev"
"tère. Je pencire dans ce mo.
",698273,Rumentalheure,PER,,698286," indiquée, jai une conversati"
"uée, jai une conversation de
",698322,Vingt,PER,,698327, ininutes avec un monsicur qui
fort sur ines articles d la u ,698403,Revues,PER,,698409," de Montareuil, et
M'annonce q"
"nds le train, non pas pour la ",699137,Dalmatic,PER,MISC,699145,", mais pour
Druvelles.
Beaucou"
"almatic, mais pour
Druvelles.
",699168,Beaucoup,PER,,699176," de gens, d Md place, resterdi"
"t.
de temps uninemorial, a la ",699300,Bibliotheque,PER,LOC,699312,". Mais, Moi,
je suis Conscienc"
"
rète. Enréalité, c'est un ",700303,Mouton,PER,MISC,700309,". Il m'avoue qu'il cst
bacheli"
"res avoir fait pler.
Ter ines ",702026,Conteinporains,PER,,702040," je parviens a les Amuscr, j'a"
"s fort rapprochés des
micns. ",703266,Ouclles,PER,LOC,703273," étaient Ces apritudes, inné"
"nde
Sur lesquels il roule ses ",704285,Rots,MISC,LOC,704289,"... Ilcxiste, je le sais, un
C"
lesquels il roule ses Rots... ,704293,Ilcxiste,PER,LOC,704301,", je le sais, un
Certain péda"
"chemmple. Mon, je ne suis p2s
",705338,Sentimental,PER,,705349,. (Voir plus haut). Taut pis p
"conjugaun solitaires,
Couches ",705720,Mortuaires,PER,,705730," désertées, Chfants Martyrs,"
"rtuaires désertées, Chfants ",705752,Martyrs,PER,,705759,", pros-
tituées par force, pr"
"se !... En Attendant, je vais ",706077,Eerire,PER,LOC,706083,"
l'histoire il un honlne qui d"
" appris, d'abord, que Htme de ",706899,Bois-,PER,,706904,"
Tréaultmère s est donné la"
" pitoyable sur le corps de ce
",707251,MAlhcureuh,PER,MISC,707261," etre, Cette exploitation de S"
"coup d'honncu.
Jai inventé l'",707652,Ecluse,PER,,707658," d renversement. Ce n'est, i v"
"immple, je l'accorde, que den
",707800,Concevoir,PER,,707809," lidée, mais cnçore fallait-"
"eet uela rouvronspas! s Ecrie
",708090,Rogerldflonte,PER,,708103, qui entre sans s'etre fait au
" utiliser , clle est assc7 Co
",708394,Cdsse,PER,,708399,. Figure toi que le nommé Sre
"re bien garni dujour
dhui...
 ",708968,Ohljete,PER,LOC,708975," devine. Mais c'estimpossible,"
"s c'estimpossible, mou vicux.
",709017,Jusqu',PER,,709023,"d avant hier soir, Stéphanus "
"nt, Maturclement, dans trois:
",709281,Jours,PER,,709286,", mais dici la, il monte la ga"
"écrire.
 A tou dise, tépond ",709897,Roget,PER,,709902,". Alors, d Quand t.
 Voudrds.
"
"ond Roget. Alors, d Quand t.
 ",709923,Voudrds,PER,,709930,".
 Etil descend lescalier en C"
"en Chanrant .
Selle entant de ",709986,Venise,PER,LOC,709992,"
Au sourire MogHeur,
i Il faut"
"e entant de Venise
Au sourire ",710004,MogHeur,PER,ORG,710011,",
i Il faut que je te dise...
"
",
i Il faut que je te dise...
",710041,Delpichs,PER,MISC,710049,... Ou diable aije entendu pro
"e aije entendu proisonçer ce
",710091,Nom.la,PER,MISC,710097," I... Ah! a Vichy, par l'abbe "
"isonçer ce
Nom.la I... Ah! a ",710109,Vichy,PER,LOC,710114,", par l'abbe lamiargelle. Oui,"
"e... il me semble... Oh
Je me ",710200,Souviens,MISC,,710208," :
Je vais prendre une lidsse "
"tendu. Waintendnt,
Écouter : ",710901,Voici,PER,,710906, un iélégramlne que vousirer
"ramlne que vousirer porter du
",710947,Post,MISC,ORG,710951," oface de Charing-Cross, demai"
"sirer porter du
Post oface de ",710961,Charing,PER,,710968,"-Cross, demain, d sept heures
"
" trace les Mots sUivanltS .
a ",711130,Delpich,MISC,PER,711137,", 84, rue d'Arlon, Bruzelles. "
"du n° 84 de la rue
a'Arlon, d ",711357,Bruxelles,PER,LOC,711366,", se trouve un calé fréquent"
de la contiance de la cour de ,712304,Belgique,PER,LOC,712312,", qui d el
domricile.
a 1-
1
."
". C'est Delpich, Assurément.
",712629,Leint,PER,,712634," blatard, taille rentassée, t"
"́e, traits irréguliers, phy-
",712689,Siononie,PER,LOC,712697," quis'évade, il al'air d'un t"
ns une affaire d'attentat aun ,712777,Maeurs,PER,,712783,".
Je le laisse s'éloigner dan"
"rendra le train qui part pour
",712950,Ostende,PER,LOC,712957," a 8 heures 90.
'arrive a la g"
"portant ces mots : Cabinet
du ",713635,Directeur,MISC,,713644,". Ed seconde fois, deux ou tro"
"ttes, on me prend miesure. Je ",714290,tiens,MISC,,714295," i
 déposer des arthes malgre"
"let,
plutot, une bonne Clef.
 ",714937,Voici,PER,,714942, le passe partout de la mdison
" et je m'évertue...
Tnkn, le ",715099,Clou,PER,,715103, estarraché - et jaipris une 
"la maison est une Maison bien
",715651,Tenue,PER,MISC,715656,", confortable, désireuse de p"
"ercheraient en vain ailleurs
 ",715823,Voyons,PER,,715829," vos empreintes, dit lhdrelier"
is sur. Cesont des serrures d ,716119,Sccret,PER,LOC,716125,", Saver
 LE VOLEUE
387
Yous : "
ous m cn direr des nouvelles. ,716554,Ouanigul,PER,MISC,716562," passe-
pattont, voici quelque"
"en di pourcing minutes.
 Ah ! ",716738,monsieur,PER,,716746," Randal, s'écrie lhotelier, j"
"s Ctes un faineux lapin, Sauf
",716891,Votre,PER,,716896, respect. Vous manier la lime 
er une ou.-deux boutcilles de ,717699,Cham,PER,LOC,717703,".
pagne pour cclébrer a l'ava"
"oir des sentiments religicux, ",717846,monsieur,PER,,717854," Randal.
C'esttellement néces"
"up A faire la muit prochaine,
",718335,Avenue,PER,,718341," Louise, un flollandais dont j"
"ire la muit prochaine,
Avenue ",718342,Louise,LOC,,718348,", un flollandais dont j'ignore"
 n'avais pasété ala gare du ,719525,Mord,LOC,,719529,"?... Non, le vrai, C'est
qucjd"
"int faire part de monproiet d
",719606,Roger,PER,,719611," la flonte, de ne point l'emnm"
"ich, méhant commne il doit l'",719914,Etre,PER,LOC,719918," et pris i
l'imnproviste, n'au"
"de
lesabandonner acux mémes. ",720070,Etpuis,PER,LOC,720076,", le réléordmmed
aei
.
""
RE "
" d gauche, deuy pas a droite, ",720776,Mi,PER,,720778,"
lanterne au bout du bras. Hon"
" tapi la quand il m'd entendu
",721470,Venir,PER,LOC,721475,", et il doit trembler de peur "
"ir dici les mdins vides si...
",721845,Piens,MISC,LOC,721850, ! Qu'estce que. c'est que Cd 
"r. Sculement, ce n'est pas un ",722506,Canonnicr,PER,LOC,722515," que
je vais trouver, non, Ces"
"n'a pas cncore la main faite.
",722734,Ilfaut,PER,,722740," voir sd Egure, au camarade.
A"
"pelle.
ce que m'a dit l'abbé ",723452,Eamargelle,PER,LOC,723462,", a Vichy, du sujet
desrelatio"
"m'a dit l'abbé Eamargelle, a ",723466,Vichy,PER,LOC,723471,", du sujet
desrelations d'affa"
"et
desrelations d'affaires de ",723509,Mme,PER,,723512," Helène de Bois-Créault
avec"
n suis sarI c'est la tille de ,723696,Caroi,PER,,723701,"
nicr qui est la, je sais comm"
" faut prendre une iécision.
 ",724460,Wadaine,PER,,724467,", dis je d'une voix rude, votr"
"re vic est
i entre vos mains. ",724526,Cesser,PER,,724532," de pleurer, s'il vous plait, "
"a peine de vous dsscoir, pour ",724657,Changer,PER,MISC,724664,".
Tener, voici une chaise... M"
"faites ici d pareille
HeMTC.
 ",724781,Jesuis,PER,,724787," madaine Delpich, inurmure cet"
" bulreau pendant son
AbsCnCE.
",724932,Biratre,PER,LOC,724939, ! Er cette tentative d'etfrac
"us etes réclle-
ment madatne ",725195,Delpich,MISC,PER,725202,", que le secrétaire se trouve"
" qui est fait. Aller, Madame. ",725523,Racontermoi,PER,,725534,"
pourquoi vous voulicy forcer "
"il, Brasse,
blonde, ronde. Un ",726731,Rubens,MISC,PER,726737,", presque. Torse en Reur,
hinc"
"e, ronde. Un Rubens, presque. ",726748,Torse,PER,,726753," en Reur,
hinches de bacchante"
" Un Rubens, presque. Torse en ",726757,Reur,MISC,LOC,726761,",
hinches de bacchante, carnat"
"rence du sang, levres rouges, ",726858,Charnues,PER,LOC,726866,"
et gloutonnes, et des yeux bl"
"
rait faire des affaires avec ",727149,Shyloch,PER,MISC,727156," , unc livre de chaie
en moins"
"as. Hn vérité, on ne dirait
",727234,Jamdis,PER,LOC,727240, qu'elle d enduré un pareil M
"t récl. Elle l'afhirme.
Qui, ",727328,Mousieur,PER,LOC,727336,", je suis au supplice depuis n"
" Je
la console de Mon micur.
 ",727930,Voyons,PER,,727936,", Bladamne, calinervous. Vous "
es preures de la faiblesse de ,728592,Mi,PER,MISC,728594,"
puvre Mère:
les tiroirs sont"
"nés, bou5
pour les Criminels ",728844,Conservateurs,PER,,728857,". J'di inventé quelque
chose "
"rte de moule i base de gtycé
",728933,rine,PER,,728937,", ch forme d'assictie d soupe,"
"qué d la partie supéricure,
",729045,Jiniroduis,PER,LOC,729055, dans la cavité un certain me
"te, et loM d dinsi raicon du.
",729206,Cottre,PER,LOC,729212,". fort le plus solide, sans fu"
"es banlinotes tiennent pen
de ",729733,place,MISC,,729738,. Aller! dans mnon sr. C'est u
" sr. C'est uncallaire faite.
 ",729786,Mme,PER,,729789," Delpich, qui a hni de remuer "
"n métier que vous faires la,
",729996,Monsicur,PER,LOC,730004,", me dit-clle. Mais comine ces"
" la main.
 Connment! s'écrie ",730170,Mme,PER,,730173," Delpich, vous parten
déja! D"
"e Delpich, vous parten
déja! ",730202,Deja,MISC,,730206,! Et vous m'abaudonner? Vous m
"trcul peul, reprend.clle enmi
",730561,Maudant,PER,LOC,730568,". Mais, Vraiment, je ne sdis q"
"rend.clle enmi
Maudant. Mais, ",730576,Vraiment,PER,,730584,", je ne sdis que faire. Oudnd."
t obligée de vous cxpatrier. ,731691,Voiciun,PER,LOC,731698,"
paquet de billets de banque q"
"dois faire ! Oui, m'en aller,
",731996,Restce,PER,LOC,732002, pas ? Ouitter ce mari qui me 
"ment
Comprises, nous, pauvres ",732175,Lemies,PER,MISC,732181,"! Ohs je vous ii.
bien devine,"
"er fait si peur ! Vous le re.
",733436,Gretter,PER,ORG,733443, ? Dites que vous le regretter
"n, je crois. Et puis, la Chd-
",733578,Jeur,MISC,LOC,733582, du travail... Mais Wlichelet 
". Une Eausse adresse:
Durand, ",733991,Onford,PER,,733997," Strect, Londres.
 Durand ? de"
"Oimneil du juste, a lhorel du ",734631,Roi,PER,,734634," Falomon, lorsque
des coups vi"
"́s d md porte mne réveillent
",734707,Cu,PER,,734709," Sursdut.
Cestitnoseu ld Honte"
"ur cent sur md prise, mais je
",735180,tiens,MISC,,735185, I ceque nous partagions cn fr
"enlin honnétemnent, daller a ",735561,Venise,PER,LOC,735567,",
par cyemple, etc. Une phrase"
"lie sentimentale qui suit so4
",735720,Vent,PER,,735724," les Grandes joies.
 Mon vieus"
"ste a Bruxelles pour quelques
",736183,Jours,PER,,736188,". D'abord, je veus voir comnen"
"urneront les
Choses. Puis, je ",736252,tiens,MISC,,736257, d avoir les vetements que jai
"te, ce
Rubens, mais je ne mly ",737212,Lerdis,PER,,737218," pas.
le lendemain, je pars po"
"que tu ascu l'iaudact de MA5.
",737862,Surcr,PER,MISC,737867,", Chsuite, que tu te nommdis D"
"ait presque un viol, tu sais. ",738017,Piens,MISC,,738022,",
lu es un mnonstre ,Si j'etai"
"nt ellene
peut triompher qu'd ",738770,Certains,PER,,738778," Morncnts, psycholo.
Siques si"
"
peut triompher qu'd Certains ",738779,Morncnts,PER,,738787,", psycholo.
Siques si lon J. t"
" Certains Morncnts, psycholo.
",738799,Siques,PER,LOC,738805, si lon J. tient. fhistoire de
"tion. Les mauvdis traitements
",738901,Gueluifaisit,PER,,738913, cndurercon mari J Fausseté. 
" ou dutrc chose, et que Gene.
",739445,Vieve,PER,LOC,739450, a lintention de mettre le sie
"enue tout d'un coup, je ne le
",739550,Garamtis,PER,MISC,739558, pa5. L'idéc de réaliser ses
"dus dans ld
bruie des désirs ",739724,Vagues,PER,,739730,", taniot S'afhrmant Sans
les c"
" distinquent d peine, en leur ",740014,Style,PER,,740019," de
SGuS, oflciers d'académie"
"dans un perit
hotel de la rue ",740791,Berlior,PER,LOC,740798,", et moidutre part. Pres con-
"
s tout de suite. Cenevieve de ,741137,Prabant,PER,,741144,".
C'estcomme ga qu'on l'appell"
"ois. Flle est ires bien, vrai
",742118,Ment,MISC,,742122,. Besucoup de chic. Un grand c
"s été i droite et d gauche, ",742693,Cene,PER,LOC,742697,"
vievectmoi. Lantot ensemble, "
"et d gauche, Cene
vievectmoi. ",742710,Lantot,PER,LOC,742716," ensemble, tamtot sépares. Je"
"crcmmple, clle est a Aix les-
",742892,Bains,PER,,742897,". Moi, je suis a Royan. Je ne "
"ix les-
Bains. Moi, je suis a ",742914,Royan,PER,LOC,742919,". Je ne pourrais dire
exacteme"
"bcerve quelques familles bsur
",743046,Reoises,PER,LOC,743053, quiregardent la marée descen
e le continuelmnouvemnent des ,743189,Rots,PER,LOC,743193,". On dirait
qu'its le surveill"
"an ! Trés bien. TFravaille ,
",743528,Donne,PER,,743533, toi du mal. Continue ! Hous t
"lle
Consent d l'accompagner a ",745172,Vienne,PER,LOC,745178,":
 Tul'as peutetre pu sortir d"
"om
quc roI. I sappelle Urbain ",745683,Randal,PER,,745689,". W. serail-il pas
Tou parent "
"l n'en d pas pour lougtemps.
 ",746200,Jantmieuz,PER,,746209,".
 Tuas l'air de lui en vouloi"
'air de lui en vouloir. Lu me ,746248,Taconteras,MISC,PER,746258,"
pourguoi, pas I En attendant,"
"ur l'avertir de mon départ.
 ",746421,Ecris,PER,,746426, lui avec des larmes dans la v
ain de Paris Genevieve et mon ,746788,oncle,PER,,746793,". AhI cette
Agure de vicuz viv"
"lle, i peine inéldricolique,
",747473,Bete,MISC,,747477, et sale . Commie toutes les r
"vingtquatre heures d Rix les-
",747883,Bains,PER,,747888,", et je suis parti pour Londre"
"
Bains, et je suis parti pour ",747912,Londres,PER,LOC,747919,". Cette rencontre
inopince de "
"e rencontre
inopince de mnon. ",747955,oncle,PER,,747960,", si vicilli, si Casse, si pre"
". Je ne
pourrais audlyser ces ",748065,Sentiments,PER,MISC,748075,", mdis je mne Suis rap.
belé "
" mne Suis rap.
belé avec une ",748114,Certaine,PER,,748122," Emnotion lépoque oi nos rap
"
"'il ne veut pas crever seull,
",749096,Comlne,PER,LOC,749102," un Chien.
 Atilpeur de la mno"
"t pas crever seull,
Comlne un ",749106,Chien,PER,LOC,749111,".
 Atilpeur de la mnort ? dema"
" lorsque le domestique de
mon ",750017,oncle,PER,,750022,", cemnatin, vientme chercher a"
"vard flaussmann qu'habire mon
",750371,oncle,PER,,750376,. Geneviève nous accucille da
"d porte, restee
entr'ouverte, ",750490,Iaissc,PER,LOC,750496, passct les rales du moribond 
"aitresse, disje, de plus, mon
",750747,oncle,PER,,750752, a di setforcer d'en faire la 
". C'est Htme Delpich)
Liens ! ",750900,tiens,MISC,,750905, !... Mais je devine : Ce camb
"iolage qui
Et tant de bruir a ",750966,Bruzclles,MISC,LOC,750975,"... Racontermoi donc
Thistoire"
j'aikni. Ce parivre Delpich ! ,751267,Enkin,PER,,751272,".:. Fortuna vitred
eSt. Da mé"
" Enkin.:. Fortuna vitred
eSt. ",751296,Da,PER,,751298, mésaventure ne mn'a causé a
it l'abbé. Je le voydis dans ,751758,Votye,PER,MISC,751763,"
poche, d travers l'étokte de"
́ a tout . La part a reserver ,751855,d,PER,,751856," Mte Charlotte, prr
ereuiple, "
" luitirer
 les pieds, d wstre ",752545,oncle,PER,,752550,. L'aisser-le faire su besogne
"us plaisanier. Un cnterrement
",753215,Civil,PER,MISC,753220,", s'il vous plait.
- Ahl ah! a"
"e drap, rien ne bat plus a la ",753858,place,MISC,,753863," du cieuir,
12 main est froide"
"otid Crave
question que votte ",754158,oncle,PER,,754163," peut, maitlitnant débattre
a"
"st incoi

408
-a---
 E VOLEUR
",754539,Venant,PER,LOC,754545,", et, dinsi quon la dit, la mo"
"ous. bien,
uclle cut déplu d ",754659,Certains,PER,,754667," Gtecs, Cst presque unSyi
bole"
" crèverd de I2
 méme facon. ",754762,Certe,PER,,754767," bourgeoisie, qui est venue de"
"s
Chosesld.
Le notaire de mon ",755809,oncle,PER,,755814,", Mt. JabclLion, arrive
le len"
"ir.
 Je suis heureux de voir, ",755958,Monsicur,PER,MISC,755966,", mne dit-il, que
wotre oncle "
"avant de mourir a demcilleurs
",756037,Sentiments,PER,MISC,756047,. J'avais en mon étude un tes
 Toute sd fortune a llnstitut ,756174,Pasteur,MISC,,756181,", il se trouve an-
nule de ple"
", i
faut respecter toutes les ",756385,Convicrions,PER,LOC,756396,".
 LE VOLEDE
409
 'apprends qu"
́lancoliquement vers le Père ,756737,Lachaisc,PER,,756745,". Duelques
Voitures Sculement,"
"s le Père Lachaisc. Duelques
",756756,Voitures,PER,,756764," Sculement, derrière. Je suis"
'ai pu la dissuader de venir. ,757131,Meme,PER,,757135,",
Cematin, clle m'a fait une S"
"e,
Cematin, clle m'a fait une ",757164,Scene,PER,MISC,757169,".
C'est honteux, m'a tclle aut"
". digneinent ! Cd Se porte di
",757761,Ghement,PER,,757768,", la misèreI -- dans lespoir "
ce a l'immortaliré de l'ime. ,758133,Me,PER,,758135,"
Siter Cd, Quand vous aurcr le"
 cxactes de cetexcellent abbe ,759872,Lamargelle,LOC,,759882,". Mlais
j'entends résonner le"
'entends résonner le timbre. ,759921,Voici,PER,,759926," Genevieve, clle
entre dans le"
ds résonner le timbre. Voici ,759927,Genevieve,PER,MISC,759936,", clle
entre dans le salon. Je"
"es. L'avteur de md perte est
 ",760604,M.,PER,,760606, CeorgesRandal. Ilse dit votre
"i lettres de mi mère... Ici, ",761417,Mionsieur,PER,LOC,761426,"
l'abbé. il faiit que je vous"
"mari, qui était dans la dou-
",761650,Lourcuse,PER,,761658," conkdence, gardait les lettre"
"ans unl tiroir
de son bureau. ",761721,M.,PER,,761723," Raridal les a découvertes, C"
" unl tiroir
de son bureau. M. ",761724,Raridal,PER,LOC,761731," les a découvertes, Ct, du5-
"
ours. Que vous dire de plus ? ,762018,Ia,PER,,762020," piété Kliale,
tljours si fo"
"lle cxistence

922i
LE VOLEUR
",762261,M.,PER,,762263, Randal mn'a fait mener depuis
". C'estabsolument
etfrayant ! ",762424,M.,PER,,762426, Randal est un misérable et s
"s
tener tant d lui cacher, un ",763045,Scanddle,PER,MISC,763053," rerrible éclaterd....
Cest v"
"uscinent l'abbé. Due
faire I ",763218,Mon,MISC,,763221," Dieu, Eclairer nous... Voici "
"nent l'abbé. Due
faire I Mon ",763222,Dieu,MISC,,763226,", Eclairer nous... Voici ce qu"
"'abbé. Due
faire I Mon Dieu, ",763228,Eclairer,PER,,763236," nous... Voici ce qu'il taut
f"
" Je vais mem.
ployer a livrer ",763333,M.,PER,,763335, Randal a la justice après lu
" ! certaincinent, interrommpt ",763710,Genevieve,PER,,763719," avec
fcul, je suis une Croyan"
"existence ?
aoi mu anlerie de ",764149,Merileie,PER,,764157," Demetle rene aesai  e
1
..
.
"
" ?
aoi mu anlerie de Merileie ",764158,Demetle,PER,,764165," rene aesai  e
1
..
.
"".
1""
.
"
"la reconduire.
 J'ai promis a ",764427,M.,PER,,764429, Randal d'aller le voir auijoa
"rreterVous Sur
votre chemin d ",764731,Saint,PER,,764736," Thomas d'Aquin, et entender
l"
"dis-je. C'est entraordindire,
",765021,Vraiment,PER,,765029,".
 Qui, répond l'abbé, mais "
"orité des malhicureuses qui.
",766185,Euiie,PER,MISC,766190," 
424
TE VOLEUR
s5y enfermenit"
"st bien prise. la mort de ton
",766741,Cncle,PER,MISC,766746," m'd protondémnent troublée,"
"ee d'En prières, a l'églisc ",767016,Saint-,PER,,767022,"
Frienne du Mont, oil repose 1"
" prières, a l'églisc Saint-
",767023,Frienne,PER,,767030," du Mont, oil repose 1na bienh"
"a l'églisc Saint-
Frienne du ",767034,Mont,LOC,,767038,", oil repose 1na bienhenreuise"
" repose 1na bienhenreuise pd-
",767073,Tionne,PER,LOC,767079,. Cestl que Dien m'a parlé. I
" Je prierai pour toi, pour (d
",767344,Conversioi,PER,LOC,767354,". Oui, je renonce d Batan, d S"
"Conversioi. Oui, je renonce d ",767374,Batan,PER,LOC,767379,", d Ses poimpes...
 Je m'y opp"
"ne
devait pas s'embèter avec ",767582,Dalild,PER,LOC,767588,", chaqire fois qu'elle
avait t"
" cctte moitindt
tenque de mon ",767770,oncle,PER,,767775," . Cet hoinme que je haissdis
"
i ne m'affecte pas plus que l',767905,Evénc,PER,ORG,767911,".
meni le plus banal de monl c"
"me inscnsibilisé, d certains ",768114,Mornents,PER,ORG,768122,", ctsans
aucune waisoi. Tt je "
"cédait di
 
LE VOLEDR
ap25
i ",768204,Somincil,PER,,768212,", a l'abbe qui doit venirmi'ap"
"hien. C'estun hommme quia des
",768618,Sentiments,PER,,768628, religicun tres pronoucés et 
"lui. Si jaindis nous nous ic-
",768730,Voyons,PER,,768736,. nous scrons bons ainis. Du m
"a même tacilité. Ia liberte
",769117,Gontelle,PER,LOC,769125," jouit maintenant, Ct qui l'af"
" pour faire obeir a la loi di
",770176,Wine,PER,MISC,770180,", sément l'épouvante dans no"
"rivilege
Strictement humain - ",770463,Ia,PER,,770465," Conscience, C'est la Deur...
"
"ain - Ia Conscience, C'est la ",770487,Deur,MISC,,770491,"...
fnkn, vous voici veuf. Pro"
". Wolite confidere hominibus,
",770753,Riaux,PER,LOC,770758, femmes repentantes... Combien
" par Bruxclles. Vous my iroi.
",771029,Vercu,PER,LOC,771034,. J'y vais apres demain et j y
que j'ai volés a droite et d ,771327,Gariche,PER,,771334,", que
j'di conserves sans mém"
"restament,
la part quirevient ",771972,a,PER,,771973," Charlotte, du cas ou l'on ret"
"ute, cntre dufres
la villa de ",772289,Maisons,PER,,772296," Lafftte, la fortune de mon om"
lissements pénitentiaires de ,772771,Dalmatic,PER,MISC,772779,"..
Cétait un gros cahier de 5"
" de Télémaque. Bdine lirré
",772948,Tature,PER,MISC,772954,. J'ai expédie le rapport i q
"lui plus rien
donner poursd u ",773242,Revue,PER,,773247," y, quise vend très bien, Mdi"
"ndre leur scbile, mendier une ",774377,Laveur,PER,LOC,774383,"
ou uMe aumone, oui, ils parai"
"attager les sentimenis de ses
",774653,Yoisins,PER,LOC,774660,". Son bedu visage, tres séric"
"ave ethagarde :
unspectre, Un ",774931,Eamtot,PER,MISC,774937,". Il ue me voit pas, il ne voi"
"elle mère. Ahl pir
tié....
 ",775372,Cestmnon,PER,LOC,775380, tour. L'huissier m'introduit 
".
le Courbassol que j'ai vu a ",775500,Malenvers,PER,,775509,", le mêmere.
 Sard fuyant, la"
".
matie etait remdrgudble.
i. ",775757,In,PER,,775759, travail de tout premier ordre
"ravail de tout premier ordre, ",775791,Monsicuy,PER,,775799,"
Vous avezrendu, en lecrivant,"
"ntion du
 Souvernement. Wlais ",776043,Croyer,PER,,776049," bicn que son interven-
tion n"
"passer inapercus. Couver-
er, ",776186,Cestchoisir,PER,ORG,776197,". Et nous, qui sommnes placés"
" dis je avec aplomb. C'estun.
",776695,Iidi,MISC,,776699," ---
120
LE VOLEUE
wiaduc, mai"
"Cest par le fait un aqueduc.
 ",776802,Voilace,PER,LOC,776809," que je voulais dire, afhrmne "
"nt dc
tuellement vacants a la ",777037,Chambre,PER,ORG,777044,", ct si vous vous dé.
cidier "
"s tel ou telarron-
discement, ",777133,Candidature,PER,,777144," vraiment democratique, cest
a"
"inistre me fermne la bouche.
 ",777778,Jy,PER,LOC,777780," riens, ditil, après les doul"
" L'un n'empèche pas l'autre.
",777992,In,PER,,777994, mnot de moi d mon colleque de
mnot de moi d mon colleque de ,778025,Iinstruction,PER,,778037," Ou
blique...
it d5.
 Hon, non"
"ur, clle est heureuse, me dit ",778991,Roger,PER,,778996," Id
onte que j'ai eté voir en"
"etourne donc tes poches, pour
",779720,Noir,MISC,ORG,779724,".
 Si tu veux. Liens, des pros"
"ches, pour
Noir.
 Si tu veux. ",779739,Liens,MISC,,779744,", des prospectus, des immprime"
"arde. Maison fondée
en 7877. ",780062,Nousrenscignons,PER,,780077," les comtmercants continen.
ta"
"-- Tu peur tout oser, répond ",780412,Rogerla,PER,,780419," Tlonte. Le
principal, C'est q"
"oser, répond Rogerla Tlonte. ",780428,Le,PER,,780430,"
principal, C'est que l'affair"
"LE VOLEDE
bientot partir pour ",780583,Venise,PER,LOC,780589,". Mon dssocie s' Occuperd de
 "
"is tuqui
c'est, mon dssocie ? ",780689,Devine,PER,MISC,780695,"... Lu ne pourisis jamndis ,
j"
"y te le dire. C'est lssacat.
 ",780765,ISsacar,PER,MISC,780772, ! Comment : Cette crapule d'I
"
Paris, Cans l'atrestation de ",781072,Canonniet,PER,ORG,781081,".
.. Ln roletres avouable, ré"
"ur lui permettre d'échapper.
",781247,Croyer,PER,LOC,781253, Vous que j'aie cté vatre dup
"sque vous.
marcrrencontre rue ",781319,Baint,PER,,781324," Honore et aver tantinsiste
po"
" d'opérer l'arrestd-
tion de ",781675,Canonnier,LOC,,781684, d la grre du Hord et je l'ai 
"avie Cu conbance
en moi, Cher ",781846,monsieur,PER,,781854," Handdl, rien de ce qui s Cst
"
" ne veuwrien discuter, Tepond ",782335,lssacdr,PER,,782342," Merve.
Semlent. Vousignorerle"
"rien discuter, Tepond lssacdr ",782343,Merve,PER,,782348,".
Semlent. Vousignorerles caus"
"que possible son départ pour
",782671,Cayenne,PER,LOC,782678,", Car oncraintune évasion. Il"
éc d'Annic pleure comnme Une ,783189,Madeleine,PER,,783198," parceque
je viens de lui anno"
"étout, clle pleure a chaudes
",783433,Larmes,PER,,783439,". Gd n'a pas le sens commun.
 "
"
 Ju devrais venir avec moi a ",783497,Venise,PER,LOC,783503,", me di
Roger la florite qui m"
"enir avec moi a Venise, me di
",783511,Roger,PER,,783516, la florite qui m'accompague d
", et que peut etre...
Ćdue.-
",784505,Coujours,PER,,784513," peutetre !..
d^t ---
RRIS
SI "
"Coujours peutetre !..
d^t ---
",784535,RRIS,PER,ORG,784539,"
SI LES FEMMES SAVAIENT SY PRE"
"choses vagues sur md nouvelle
",785013,Situation,PER,,785022,", tnon désir dle mener une ex"
e voyais le pli de lironie se ,785157,Crcuser,PER,,785164," d ses levres,
et j'avais soif"
"n tort, je l'avoule, Ct Comme ",786119,Vousdrer,PER,LOC,786127,"
Cu raisom de traiter ainsi qu"
"e l'avoule, Ct Comme Vousdrer
",786128,Cu,PER,,786130, raisom de traiter ainsi quell
"us ayons fait, mon cher, nous ",787213,Aurions,PER,LOC,787220,"
i tort de nousen vouloir d no"
"raconter... n'importe guoi...
",788328,Fllecomprendra,PER,MISC,788342, : clle voudra bien. Hous part
́nees dans le désert oit les ,788798,Ossements,PER,,788807," blanchissent
Au dessouts du v"
uts du vol noir des vautours: ,788859,Bientot,PER,LOC,788866,", ils Se
tegatdétont avec col"
"s, dans urie grande détresse ",790326,Mordle,PER,,790332,".
J'dipense d vous. J'ai pense"
" y a de l'amertumne sur tout.
",790944,Ifaut,PER,,790949," noils taire, puisque nous le "
" nous le savons. Pourtant,
ne ",791000,Croyer,PER,LOC,791006," pas... Ecouter, si wous aver "
"s. Pourtant,
ne Croyer pas... ",791014,Ecouter,PER,MISC,791021,", si wous aver jatmdis besoin
"
"ies savaient s'y prendrce...
 ",791577,Conline,PER,LOC,791584, dit la chanson. Lit les homtm
ION PROVISOIRE - COMME TOUTES ,791743,IES,MISC,,791746,"
CONCLUSIONS
 Mafoi, dit l'abb"
"COMME TOUTES IES
CONCLUSIONS
 ",791760,Mafoi,PER,,791765,", dit l'abbé lamargelle comme"
"ous ache.
 vons de dejenner a ",791827,Thdrel,MISC,,791833," du Roi Salomon, on ne
mange p"
 vons de dejenner a Thdrel du ,791837,Roi,PER,,791840," Salomon, on ne
mange pas mnal"
s de dejenner a Thdrel du Roi ,791841,Salomon,PER,,791848,", on ne
mange pas mnal, icl, p"
"bstinence. n Miles voluptés,
",792077,Cormine,PER,MISC,792084," c'est male et voluptueun, de "
"dans l'existence ? Continuez.
",792798,Contenter,PER,,792807, vous de vivre pour vivre. I2 
"rent les hygienistes, est une ",792879,Lentative,PER,LOC,792888," du systeine
pour Saccommoder "
"cclimatation d la Bocièté.
 ",793053,Votre,PER,,793058," gaité est plutot grave.
 Je "
".-Achors
de nous, le crime en ",793310,Vantun,PER,,793316," dutre. Et quelle lumière
il "
tion n'est pas Sculernent une ,794242,Doctrine,PER,MISC,794250,", mais
une Vie, la marche de l"
"t le moi commmun dont
parlait ",794689,JeanJacques,PER,MISC,794700,. Flle n'a plus qu'une face. F
 Mehsonge ! s'écrie l'abbé. ,795262,Motre,PER,LOC,795267," époque est une.
époque d'ac"
"nt. I humianité le commprend
",795339,Vaguemneni,PER,LOC,795349,", et c'est pourcela qu'elle d "
"niscle de force.
i Jesus, dit ",796109,saint,PER,,796114," Augustin, a perfectionné l'e"
" de force.
i Jesus, dit saint ",796115,Augustin,PER,,796123,", a perfectionné l'escld
ve. "
"s torturés,
la grarideur des ",796379,Vaincus,PER,MISC,796386,", la gloire des dssommés ! Ce"
" lignorance et de I
peur s.:. ",796488,Etcetre,PER,,796495," kguie dit Christ, si veule, s"
"urrir
d
.


1.
N.
d^et --
 LE ",796779,VOLEPH,PER,MISC,796785,"
132
ii quatre mille hommmes a"
"nt d ces favorisees du cielb, ",797040,Ceniimes,PER,MISC,797048," pst jOur pour
iivre ? Et l'on"
"l
Cyréneen, qui revenait des ",797293,Champs,PER,LOC,797299,", Ct auquel on a
porterla Crai"
"roix, Ceuf quitravaillent?... ",797474,Motre,PER,LOC,797479,"
monde cEcidental les traine c"
"aces s'Evcillent 12.
625, a l'",797596,Orient,PER,MISC,797602,", libres de ces cntraves Ct de"
"dats ? des toges, Vos protes.
",798667,Seurs,PER,MISC,798672," I. dessitarres, vos juges ? M"
"r par moi même ) Com-
FIenET ",798914,VOuSl,PER,MISC,798919,"..
Treprend . Ctsatace s'illum"
"ifiée des foules, pour taire
",799181,Gaillir,PER,,799188, la grandeur de l'avenir de l'
"es labourées par la douleur, ",799502,Cerveaux,PER,MISC,799510,".
déchirés par l'angoisse, v"
"e. Il y d si
longtemps que la ",799743,Parole,PER,,799749," a Cesst d'etre un Fairsque
 l"
"ans !... Pourtant, j'espère. ",799881,Motre,PER,LOC,799886,"
epoque est tellement abiecte,"
"tendre. - Un apotre
Serait un ",800227,Individu,PER,MISC,800235,", l'abord - Iadividu qui a dis"
"Serait un Individu, l'abord - ",800247,Iadividu,PER,,800255," qui a dis-
parn. - Le jour ou"
"x et un monde nouveaul s'Epd-
",800536,Nouird,PER,LOC,800542," sous ses pas. C'en serd hni, "
"e cet imminense
Couvent de la ",800603,Bottise,PER,,800610," mcurtriere dont les Murs, Eta"
"ue du maurais pretre
.
1
.
LL ",800933,VOIEUR,PER,ORG,800939,"
433
et verrouiller par les do"
"igts rouges du soldat, de ce.
",800999,Cloitre,PER,LOC,801006," ou les Toules, le carcan de l"
"ternées devant
leur, idole - ",801179,leur,PER,,801183, Edole qui est leur lmage - cn
"ps, clle
laisse apercevoir la ",801342,Manne,PER,MISC,801347,", d moins qu'elle neprétère
"
" d moins qu'elle neprétère
 ",801378,Ouvrir,PER,,801384, a deuy battauts la grande por
"l'abattoir. - Oui, le jour ou ",801472,Individu,PER,,801480,"
reparditrd, rehiant les pacte"
 les pactes et déchirant les ,801530,Contrats,PER,,801538,"
qui lient les masses sur la d"
" dalle oil sont gravés leurs
",801596,Droits,PER,ORG,801602," , le jour ou lIndividu, laiss"
"Hlumanité, tout ; ou la Per-
",802028,JoInalite,PER,,802037," mneurt, carillui estinterdit "
"rnier jour, bagne des
Peuples ",802149,Rois,MISC,,802153, oil les hommes ne sont memne 
"uples et mornes -, on derniet
",802359,Jont,PER,LOC,802363,", civilisation du despotisine "
nt sdns doute de commettre de ,803442,Mouvedux,PER,LOC,803450," vols...
Mlisere...
L'abbé m'"
"ts de thédtre, épilogues de ",804204,Lctions,PER,ORG,804211,", on.
ii dimle Gd, je le sais "
"Qui, je vais le mettre 12. On ",805456,Cutiliserd,PER,LOC,805466," pour allumer
le teu. Ou bien "
".
D
311--
aint Amand (Cher).- ",805770,Imprimerie,PER,,805780," Bbsffifh iteres.
3
d
D M
Ai
M"
int Amand (Cher).- Imprimerie ,805781,Bbsffifh,PER,,805789," iteres.
3
d
D M
Ai
M
M 
N
 < "
