Gauche,Début,Texte,Label_modele,Label_spacy,Fin,Droit
sser ainsi la frontière ? Mon ,907,Dieu,MISC,,911, ! j'avais voulu voir le roi L
jamais vu de roi. Quel est le ,1016,Républicain,PER,ORG,1027," qui ne me comprendra pas ? 
J"
ieur est sans doute un ami de ,1474,M.,PER,,1476," Randal, me dit l'hôtelière co"
r est sans doute un ami de M. ,1477,Randal,MISC,PER,1483,", me dit l'hôtelière comme je "
e Georges comme vous savez -- ,1965,Georges,PER,,1972," Randal -- Eh bien, puisque vo"
s comme vous savez -- Georges ,1973,Randal,PER,,1979," -- Eh bien, puisque vous le c"
hier et je ne pense pas qu'il ,2096,revienne,PER,,2104, avant plusieurs jours. C'est 
ce pas ? J'ai vu des dames me ,2272,la,PER,,2274, retenir quelquefois deux mois
"i est dans le coin, là, c'est ",3566,la,PER,,3568, valise de M. Randal ; il n'a 
" coin, là, c'est la valise de ",3579,M.,PER,,3581, Randal ; il n'a pas voulu l'e
"in, là, c'est la valise de M. ",3582,Randal,MISC,PER,3588, ; il n'a pas voulu l'emporter
" 
– Pas le moins du monde. 
– ",3824,J',PER,,3826,espère que Monsieur sera satis
ce que contenait la valise de ,4263,M.,PER,,4265," Randal. Curiosité malsaine, j"
que contenait la valise de M. ,4266,Randal,MISC,PER,4272,". Curiosité malsaine, je l'acc"
"a bouclaient. Je n'aurai pas, ",4656,Dieu,MISC,,4660," merci, une effraction sur la "
e. À quoi ça peut-il servir ? ,4884,Mystère,PER,,4891,. Une petite bouteille étiquet
rouleau de papiers. Je dénoue ,5107,la,PER,,5109, ficelle qui l'attache. Qu'est
né la lecture des mémoires de ,6086,M.,PER,,6088, Randal -- l'appellerai-je Mon
la lecture des mémoires de M. ,6089,Randal,MISC,PER,6095, -- l'appellerai-je Monsieur ?
 M. Randal -- l'appellerai-je ,6115,Monsieur,PER,,6123, ? -- maintenant que j'ai en m
"intérieure, mais impérieuse. 
",6334,Naturellement,MISC,,6347,. Mais comment faire ? Le renv
es soirs « ces messieurs » me ,6647,casseront,PER,,6656, le nez dans un coin. Bien gra
is si j'y retourne et qu'on m',6985,observe,PER,,6992,", si l'on vient à remarquer ma"
"is point comment il écrit, ce ",8731,Voleur,PER,MISC,8737,-là ; mes phrases n'entrent pa
" rancune. 
Une chose qu'on me ",8982,reprochera,PER,,8992,", pourtant -- et avec raison, "
"olume, aurait dit son fait au ",9192,Voleur,PER,MISC,9198,. Il aurait suffi de le faire 
"nscience. 
Moi qui ai volé le ",9677,Voleur,PER,,9683,", je ne puis guère le flétrir."
"moi, je n'en ai pas le droit. ",9884,Peut,MISC,,9888,"-être. 
Georges Darien. 
Londr"
" ai pas le droit. Peut-être. 
",9896,Georges,PER,,9903," Darien. 
Londres, 1896. 
I --"
"le droit. Peut-être. 
Georges ",9904,Darien,PER,,9910,". 
Londres, 1896. 
I -- AURORE"
s y pousse de tous les côtés. ,10050,Mme,PER,,10053, Dubourg a laissé entendre à m
ubourg a laissé entendre à ma ,10085,mère,PER,,10089, qu'il était grand temps ; et 
"ent d'attendre davantage. 
Le ",10786,curé,PER,,10790," aussi : 
– Un des premiers pr"
" vie, disait plus tard Aglaé, ",11180,la,PER,,11182, cuisinière ; il faisait un te
" ans. 
– Un bel âge ! dit mon ",13570,oncle,PER,,13575,. On est déjà presque un jeune
"ute la candeur de l'enfance. 
",13661,Candeur,PER,MISC,13668, !... Mon enfance ? Je ne me r
"venirs ? Si vous voulez. 
Mon ",14975,père,PER,MISC,14979, ? j'ai deux souvenirs de lui.
urniquets chargés de pavés de ,15150,Reims,MISC,LOC,15155,", de porcelaines utiles et de "
" ouvriers, derrière nous, ont ",15710,murmuré,PER,,15717,". 
– C'est honteux, ont-ils di"
 l'ai entendu qui disait à ma ,15935,mère,PER,,15939," : 
– Ce sont des souteneurs, "
"sailles, où se tenait alors l'",16274,Assemblée,PER,,16283, Nationale. La séance était ou
ù se tenait alors l'Assemblée ,16284,Nationale,PER,,16293,. La séance était ouverte quan
 quand nous sommes entrés. Un ,16348,monsieur,PER,,16356," chauve, fortifié d'un gilet b"
as le retirer d'un collège de ,16751,Jésuites,PER,ORG,16759," ? 
Si, on me l'a dit mille fo"
quand ils le mettent chez les ,16885,Jésuites,PER,ORG,16893,", mais qu'il doit leur obéir a"
"ment ému, en pénétrant dans l'",17541,auguste,PER,,17548," enceinte, dans le sanctuaire "
dans le sanctuaire des lois ! ,17589,J',PER,,17591,en suis encore tout agité. Et 
'Histoire et il reconnaîtrait ,18010,M.,PER,,18012," Thiers à une demi-lieue... 
P"
" père, comme nous sortons. 
– ",18705,La,PER,,18707, parole est d'argent et le sil
" 
– La parole est d'argent et ",18731,le,PER,,18733," silence est d'or, me répond-i"
; au moins quelquefois. Et le ,19934,monsieur,PER,,19942," chauve, en gilet blanc, qui p"
"blanc, qui parlait quand nous ",19990,sommes,MISC,,19996," entrés, je vous jure que je n"
"e n'est pas Gambetta, ni même ",20404,M.,PER,,20406," Thiers, qui symbolisent pour "
" libre, mais policé. C'est ce ",20508,monsieur,PER,,20516,", dont j'ignore le nom, dont l"
". 
J'ai trois souvenirs de ma ",20787,mère,PER,,20791,". 
Un jour, comme j'étais tout"
quand on va se promener. » Ma ,21621,mère,PER,,21625," avait raison, je l'ai vu depu"
vaise habitude. Peut-être que ,23003,le,PER,,23005," Code est formel, pour les ong"
 cœur j'ai posé le volume sur ,23704,la,PER,,23706, table rustique du berceau ! A
"ement, avec fièvre. Je lis le ",24802,Contrat,PER,,24809," de louage, le Régime dotal, b"
"ivre est là, grand ouvert sur ",25480,la,PER,,25482," table, témoin muet, mais irré"
"i un autre souvenir, encore. 
",26371,M.,PER,,26373, Dubourg est un ami de la fami
"n autre souvenir, encore. 
M. ",26374,Dubourg,MISC,PER,26381, est un ami de la famille. C'e
mme est une grande amie de ma ,26745,mère,PER,,26749," et c'est avec son fils, Alber"
e je joue le plus volontiers. ,26814,J',PER,,26816,ai l'habitude d'aller le cherc
es domestiques. Il parait que ,27051,M.,PER,,27053, Dubourg s'est mal conduit... 
"oir de la chance, dit-il à ma ",27345,mère,PER,,27349,", à déjeuner ; Il ne sera pas "
"te, échapper au châtiment. 
– ",27583,Jamais,PER,,27589,", dit ma mère. Mais on aura eu"
" châtiment. 
– Jamais, dit ma ",27598,mère,PER,,27602,. Mais on aura eu égard à son 
" à son âge. 
– Belle excuse ! ",27655,Raison,PER,,27661, de plus pour n'avoir pas de p
-tu rien de plus immoral ? Et ,27840,monsieur,PER,,27848, fouille à pleines mains dans 
"our Dubourg, sois tranquille. ",28439,J',PER,,28441,"ai donné des ordres, ici. Et q"
" ordres, ici. Et quant à toi, ",28483,Georges,PER,MISC,28490,", si par hasard tu rencontres "
" son journal, je vois arriver ",28746,M.,PER,,28748," Dubourg. La domestique, par b"
"n journal, je vois arriver M. ",28749,Dubourg,MISC,PER,28756,". La domestique, par bêtise ou"
" lui aura permis d'entrer. 
– ",28827,La,PER,,28829, sotte fille ! dit mon père. E
" huit jours avant midi. 
Mais ",28901,M.,PER,,28903, Dubourg est à dix pas. Je sen
"it jours avant midi. 
Mais M. ",28904,Dubourg,MISC,PER,28911, est à dix pas. Je sens que je
"re me retient par le bras. 
– ",29103,Reste,PER,MISC,29108," là ! 
M. Dubourg parle depuis"
"t par le bras. 
– Reste là ! 
",29115,M.,PER,,29117, Dubourg parle depuis cinq min
"ond rien. Rien ; pas un mot. 
",29340,M.,PER,,29342, Dubourg continue. Il dit que 
"us importuner plus longtemps, ",30260,M.,PER,,30262, Randal ; je vais vous quitter
"importuner plus longtemps, M. ",30263,Randal,MISC,PER,30269, ; je vais vous quitter... Au 
". 
– Adieu, Monsieur. 
Alors, ",30455,M.,PER,,30457, Dubourg est parti. Il s'en es
"t. Je pense qu'ils ont, père, ",31384,mère,PER,,31388," et grand-père, exactement les"
"it gloria mundi , soupire mon ",32535,oncle,PER,,32540,", qui ne sait pas le latin, ma"
i a lu la phrase au bas d'une ,32605,vieille,PER,,32612, estampe qui représente Bélisa
"sque aux passants. 
C'est mon ",32690,oncle,PER,,32695,", à présent, qui veille sur me"
du dire à l'enterrement de ma ,32866,mère,PER,,32870,", ça vaut de l'or en barre ; l"
st l'argent seul qui donne la ,34574,liberté,MISC,,34581,. J'aime l'argent. J'ai vu la 
nt seul qui donne la liberté. ,34583,J',PER,,34585,aime l'argent. J'ai vu la joie
 la liberté. J'aime l'argent. ,34600,J',PER,,34602,ai vu la joie orgueilleuse de 
"dée me supplicie, je hais mon ",35083,oncle,PER,,35088, ; je le hais d'une haine terr
"... Les robes de sa fille, ma ",35446,cousine,PER,,35453," Charlotte, qui commence à por"
"s de banque, qu'il a changés. ",35640,J',PER,,35642,en suis arrivé à ne plus pouvo
"épris. 
Mais ce n'est pas mon ",36482,oncle,PER,,36487, que je méprise ; je continue 
imé par le casque d'airain de ,37661,la,PER,,37663," saine philosophie, les pieds "
e présenter à mes semblables. ,37855,J',PER,,37857,aurai du savoir-vivre. Je rega
 défense de la vivre. J'aurai ,38040,peur,PER,,38044,. Car il n'y a qu'une chose qu
rrière la pierre du sépulcre. ,38898,La,PER,,38900," bière est vide, la bière qu'o"
impides ; on n'en entend plus ,39209,le,PER,,39211, murmure ; on en oublie même l
"est un égout. 
Je ne suis pas ",39602,le,PER,,39604," seul, sans doute, à avoir dev"
débarrasser de la liane qui l',40483,étouffe,PER,,40490, ; il faut une hache pour coup
"ère, et cette hache, c'est la ",40570,Nécessité,PER,,40579, qui la tient. C'est elle qui 
nement classique. Loin de là. ,41474,J',PER,,41476,ai pris le parti de ne penser 
"unts qui m'engagent à vivre. 
",41633,Integer,PER,,41640," vitae, scelerisque purus . 
J"
", mais avec pas mal d'ironie. ",43011,J',PER,,43013,apprends donc cette Histoire d
rends donc cette Histoire des ,43046,Morts,PER,,43051," -- tout ça, c'est les procès "
s procès verbaux des vieilles ,43102,Morgues,PER,LOC,43109, -- cette Histoire des Morts q
Morgues -- cette Histoire des ,43132,Morts,PER,,43137, qu'on nous enseigne en dédain
chappe pas le moins du monde. ,44944,J',PER,,44946,assiste avec une satisfaction 
" que déplorable, fut méritée. ",45091,J',PER,,45093,"applaudis, comme il convient, "
e ; c'était nécessaire ; « et ,45266,Jésus,PER,,45271,-Christ vient au monde. » Pour
et que c'est fort heureux que ,45493,Jeanne,PER,,45499, d'Arc les ait chassés de Fran
 à un grain de sable ; que la ,45615,Révolution,MISC,,45625, française fut un grand mouvem
nmoins en blâmer les excès... ,45720,Poésie,MISC,,45726, de faussaires ; science d'app
"e, « jeune encor de gloire. » ",46009,J',PER,,46011,estime fort Raphaël pour les L
or de gloire. » J'estime fort ,46023,Raphaël,MISC,PER,46030," pour les Loges du Vatican, qu"
"ignore ; Michel-Ange, pour le ",46094,Jugement,PER,,46102," Dernier, que je n'ai jamais v"
"Michel-Ange, pour le Jugement ",46103,Dernier,MISC,,46110,", que je n'ai jamais vu. Boile"
"nt pas de poème épique, c'est ",46295,la,PER,,46297, faute à Voltaire. Je distingu
 il faudra qu'on la paye à ma ,46864,place,MISC,,46869, et qu'on paye double. Ce n'es
" des vaincus. 
Des vaincus... ",47516,J',PER,,47518,en vois partout. Ces universit
'on ne le pense généralement. ,48409,Croyez,MISC,,48415,"-vous, par exemple, que les An"
"leine. 
– Mon ami, me dit mon ",48674,oncle,PER,,48679," quand j'ai quitté le lycée, p"
rent à toi ; tu peux choisir. ,48886,Commerce,PER,,48894,", industrie, littérature, scie"
"t ouverte aux talents... 
Mon ",49054,oncle,PER,MISC,49059," s'amuse un peu, en me disant "
"t, pourtant, je déclare à mon ",49827,oncle,PER,,49832," que je désire, avant tout, fa"
". 
– Excellente idée, dit mon ",49963,oncle,PER,,49968,. Peut-être as-tu raison de ne
"Peut-être autre chose, aussi. ",50336,J',PER,,50338,ai eu le temps de m'en apercev
 un lit militaire. Je compte. ,50693,Collège,PER,,50700,", caserne. Voilà quatorze ans "
"AMIS 
J'ai suivi le conseil d'",52160,Issacar,PER,MISC,52167,", et je suis ingénieur. Où, co"
"nieur. Où, comment j'ai connu ",52214,M.,PER,,52216," Issacar, c'est assez difficil"
t jamais la connaissance d'un ,52325,Israélite,PER,MISC,52334,", d'abord ; c'est toujours lui"
"jours lui qui fait la vôtre. 
",52385,M.,PER,,52387, Issacar compte beaucoup sur m
m'intéresse pas mal ; et nous ,52455,sommes,MISC,,52461," grands amis. C'est très bon, "
" cause : l'observation, par l'",53052,Israélite,PER,MISC,53061,", d'une règle religieuse en mê"
" nous entendons. 
Je le sais. ",54542,Issacar,PER,MISC,54549, a une grande idée. Il veut cr
" pour qu'elle ait du succès. 
",55088,Néanmoins,PER,,55097,", j'ai été très heureux de voy"
"luses. 
– Vous voyez, m'a dit ",55631,Issacar,PER,MISC,55638,", que ça marche comme sur des "
", je réponds de la réussite. 
",56178,Malgré,PER,,56184," tout, je ne sais pas si nous "
s sur les sentiments moraux d',56288,Issacar,PER,MISC,56295, ; je n'ai pas le moindre dout
moindre doute à ce sujet-là ; ,56343,Issacar,PER,MISC,56350, lui-même ne m'en a pas laissé
"m'en a pas laissé l'ombre. 
– ",56393,La,PER,,56395," morale, dit-il, est une chose"
"plutôt, la directe émanation. ",56589,Jusqu',PER,,56595,"à une certaine époque, le XVIe"
et j'ai visité les prétoires. ,58494,Monsieur,PER,,58502,", c'est absolument piteux. Mai"
" victime, vous pouvez être le ",58926,sentimentaliste,PER,,58941, qui soupire ou la dupe qu'on 
ur véhémente colère contre un ,59203,Molochisme,PER,MISC,59213, dont celui d'aujourd'hui n'es
"pas ton corps », a dit Isaïe. ",59400,Monsieur,PER,,59408,", je ne connais point de parol"
oint de parole plus haute. -- ,59455,Riche,PER,MISC,59460, ! ne méprise pas ton corps ; 
"peu que ce soit, devant cette ",60398,morale,PER,,60404," qui ne repose sur rien, chose"
 un mauvais tour de la part d',61765,Issacar,PER,MISC,61772, ; je ne redoute pas qu'il veu
"et que le hasard, seul en eût ",62241,assuré,PER,,62247," la réussite. Le hasard, oui, "
e de suite dans les procédés. ,62881,La,PER,,62883, moustache courte et la barbe 
 crois que l'appui qu'Issacar ,63749,obtiendra,PER,,63758, de moi aura plutôt un caractè
s je ne suis sûr de rien. Mon ,64023,oncle,PER,,64028,", qui me fait une pension depu"
nsif. Plutôt un peu éméché... ,65508,Peut,MISC,,65512,-être que la définition n'est 
n peu éméché... Peut-être que ,65522,la,PER,,65524," définition n'est pas bonne, a"
"ologue. 
Alors je ne suis pas ",65631,amoureux,PER,,65639,". 
Mais je suis étonné, très é"
"rès étonné, même, lorsque mon ",65694,oncle,PER,,65699," me prend à part, un soir, et "
 paraît que c'est pressé. Mon ,65889,oncle,PER,,65894," tient sans doute à savoir, av"
"règle, correct, légal... 
Mon ",66340,oncle,PER,MISC,66345,", c'est un homme d'ordre ; une"
 dominantes : l'Orgueil et la ,66608,Luxure,PER,MISC,66614,", dont la somme, toujours, est"
"
Et avare ? Certainement. Mon ",67813,oncle,PER,,67818," est un avare tragique. 
Ce n'"
 de leur donner une musette d',68082,avoine,PER,,68088,. Ce n'est pas un de ces pince
ue chose d'effrayant chez mon ,69777,oncle,PER,,69782, ; c'est l'absence complète de
ère ; fort jolie surtout. Mon ,70677,oncle,PER,,70682,", le lendemain du mariage, pri"
 qui met sur le visage de mon ,71117,oncle,PER,,71122,", parfois, un voile de tristes"
 le sol et ses produits et se ,71742,libéreront,PER,,71752, de tout souci en plaçant la r
 seule Puissance. -- Mais mon ,72275,oncle,PER,,72280, est venu trop tard dans un mo
se seulement qu'inspire à mon ,72590,oncle,PER,,72595, cette vision décourageante de
"me de ses passions, mais leur ",73602,maître,PER,,73608, ; un maître exigeant et bruta
"ssions, mais leur maître ; un ",73614,maître,PER,,73620," exigeant et brutal, qui pouss"
avoir pour son argent ... Mon ,73776,oncle,PER,,73781, me fait souvent songer aux ba
its et de diriger des actes ! ,74704,Quelle,PER,,74710, pitié ! Surtout lorsqu'on cro
"ut lorsqu'on croit, comme mon ",74754,oncle,PER,,74759,", que l'âge est proche où l'au"
" Ah ! ces Américains, dit mon ",75000,oncle,PER,,75005," avec colère, quelles leçons i"
ses instincts autoritaires se ,75485,laissent,PER,,75493, voir ; il fait le bien sans p
; et lorsqu'il a dit à l'abbé ,75936,Lamargelle,LOC,PER,75946," qui, depuis quelque temps déj"
arti pour ma fille ? » l'abbé ,76166,Lamargelle,LOC,,76176, a immédiatement compris que l
l ne faut pas plaisanter avec ,76327,M.,PER,,76329," Urbain Randal. 
Mais ça, c'es"
e faut pas plaisanter avec M. ,76330,Urbain,PER,,76336," Randal. 
Mais ça, c'est une r"
pas plaisanter avec M. Urbain ,76337,Randal,MISC,,76343,". 
Mais ça, c'est une règle qu"
e que des plaisanteries à mon ,76487,oncle,PER,,76492,", tout à l'heure. 
Car je suis"
d'une odeur de chancissure... ,77803,Amour,PER,,77808," paternel, amour maternel, amo"
esses de leurs débuts ; à qui ,78439,la,PER,,78441, faute : aux hommes qui les di
"le, échoue misérablement. Mon ",78716,oncle,PER,,78721, (ou plutôt mon argent) en a f
s désespérées de ma jeunesse. ,79724,J',PER,,79726,"aime l'argent, encore ; je l'a"
l'aime plus que ne l'aime mon ,79837,oncle,PER,,79842, ! Chaque parole qu'il prononc
e à la gorge et lui crier : « ,80112,Menteur,PER,MISC,80119, ! Voleur ! » C'est aujourd'hu
ge et lui crier : « Menteur ! ,80122,Voleur,PER,MISC,80128," ! » C'est aujourd'hui, ce jou"
"ux pas ! 
– À quoi penses-tu, ",80267,Georges,PER,MISC,80274, ? crie mon oncle d'une voix f
"penses-tu, Georges ? crie mon ",80286,oncle,PER,,80291, d'une voix furieuse. Tu ne m'
ions. Mais sa voix n'est plus ,80510,la,PER,,80512, même ; elle tremble. Pas de p
ses actes. Il ne dit plus : « ,80952,Mets,LOC,MISC,80956,"-toi à ma place, je t'en prie "
ne dit plus : « Mets-toi à ma ,80966,place,MISC,,80971,", je t'en prie ; aurais-tu agi"
re de la Banque Européenne... ,81094,J',PER,,81096,ai pensé que lorsque tu aurais
 pas à te demander le tien... ,81258,J',PER,,81260,ai fait ça dans ton intérêt ; 
"ence. 
Je ne réponds pas. Mon ",82196,oncle,PER,,82201," reprend : 
– j'ai donc, aujou"
"
– C'est possible, répond mon ",82537,oncle,PER,,82542,". Lis un journal. Ou plutôt, a"
"rdereaux d'achat. Les voici. 
",82806,Naturellement,PER,,82819,". 
– Tu n'as aucune réclamatio"
"le. 
Il ne l'aura pas. 
– Mon ",83532,oncle,PER,MISC,83537,", dis-je en prenant une plume,"
"règlement. 
Mais il me saisit ",83611,la,PER,,83613," main. 
– Attends ! Rappelle-t"
" saisit la main. 
– Attends ! ",83633,Rappelle,PER,,83641,-toi qu'en acceptant aujourd'h
" me fasse grâce, moi ! 
– Mon ",83881,oncle,PER,MISC,83886,", ne faites aucune attention à"
ques lignes que je signe. Mon ,84052,oncle,PER,,84057, s'est rassis pendant que j'éc
"on d'entreprendre, me dit mon ",84322,oncle,PER,,84327, lorsqu'il m'a remis les titre
"de même, si le cœur t'en dit. ",84600,Méfie,PER,,84605,-toi des entraînements ; ils s
", il n'y a rien de tel que le ",84737,Respect,MISC,LOC,84744,. J'en ai fait l'expérience. L
ir bon cœur qu'à bon escient. ,85246,Rappelle,PER,,85254,-toi que le Petit Poucet a ret
 escient. Rappelle-toi que le ,85266,Petit,PER,,85271, Poucet a retrouvé son chemin 
". Et je saurai, aussi, que le ",85460,Respect,MISC,LOC,85467, est un chat malfaisant et san
 Viendras-tu ce soir chez les ,85667,Montareuil,PER,LOC,85677," ? me demande mon oncle. 
– No"
s Montareuil ? me demande mon ,85695,oncle,PER,,85700,". 
– Non ; je ne crois pas. 
–"
"crois pas. 
– Tu le devrais ; ",85747,Mme,PER,,85750, Montareuil est charmante pour
"erite, la femme de chambre de ",85990,Mme,PER,,85993," Montareuil, une jolie fille p"
"; mais pas avant dix heures. 
",86142,Mme,PER,,86145, Montareuil est une personne g
"nez pas les grandes chaleurs, ",86656,Mademoiselle,PER,MISC,86668," ? 
– Non, Monsieur. 
– Beauco"
"dés. 
– Oui, Monsieur... 
Mon ",86760,oncle,PER,,86765, parle de l'intention qu'il a 
s bijoux que lui a laissés sa ,86870,mère,PER,,86874,". 
– Quelle chose incompréhens"
"e chose incompréhensible, dit ",86914,Mme,PER,,86917," Montareuil, que ces perpétuel"
uels changements de mode dans ,86974,la,PER,,86976, joaillerie ! Et ce qu'on fait
che dans son appartement. Mon ,87250,oncle,PER,,87255," est radieux, plein d'attentio"
"douard de nouvelles qualités, ",87474,Mme,PER,,87477, Montareuil rentre dans le sal
nt. Pourquoi en dire du mal ? ,87879,Mme,PER,,87882, Montareuil referme l'écrin av
Vous viendrez aussi à Maisons-,88069,Laffitte,PER,,88077,", j'espère, monsieur Georges ?"
"à Maisons-Laffitte, j'espère, ",88089,monsieur,PER,,88097," Georges ? 
– Non, Madame ; je"
"-Laffitte, j'espère, monsieur ",88098,Georges,PER,MISC,88105," ? 
– Non, Madame ; je le regr"
mais j'ai déjà expliqué à mon ,88172,oncle,PER,,88177, les raisons qui ne me permett
"effet, j'ai reçu une lettre d'",88316,Issacar,PER,MISC,88323, qui m'appelle à Bruxelles. Ma
cette belle propriété que mon ,88464,oncle,PER,,88469," a achetée, je crois, par habi"
e mettent la mort dans l'âme. ,88595,J',PER,,88597,"ai même, peut-être, d'autres r"
ser de l'hospitalité de votre ,88717,oncle,PER,,88722,. Nous laissons Marguerite pou
"etour. C'est si joli, Maisons-",88856,Laffitte,PER,,88864, ! Et les courses ! Quelque ch
"uyaux d'orgue ! 
C'est l'abbé ",89108,Lamargelle,LOC,,89118, qui fait son entrée ; et j'en
 Monsieur ne va pas à Maisons-,89478,Laffitte,PER,,89486," demain, me dit-elle dans l'an"
 vais pas ; et je ne suis pas ,89695,le,PER,,89697, seul ; car il paraît qu'on vo
"de m'ennuyer, toute seule... 
",89849,La,PER,,89851," solitude, comme on l'a écrit,"
"'une semaine, j'ai trouvé mon ",90308,oncle,PER,,90313, dans une colère bleue. Mme Mo
 oncle dans une colère bleue. ,90337,Mme,PER,,90340," Montareuil, que j'avais renco"
"vaient l'air fort affligé. 
– ",90597,Mademoiselle,PER,,90609," Charlotte ne se mariera pas, "
e très malheureuse. C'est mon ,90745,oncle,PER,,90750," qui me l'apprend, d'une voix "
s voleurs sont venus chez les ,90937,Montareuil,PER,LOC,90947," ; ils ont tout enlevé, tout, "
"urs, bijoux. Le secrétaire de ",91019,Mme,PER,,91022, Montareuil a été forcé et mis
"personne, cette nuit-là, chez ",91627,Mme,PER,,91630," Montareuil ? 
– Si ; Margueri"
"ntant du vol, à peu près ? 
– ",91922,Quatre,PER,,91928," cent mille francs, à en croir"
"ent mille francs, à en croire ",91960,Mme,PER,,91963," Montareuil ; mettons-en, si t"
"rope, un des fondateurs de la ",92480,Digestion,MISC,,92489, Économique ; Mme Montareuil a
 de la Digestion Économique ; ,92503,Mme,PER,,92506, Montareuil aussi a toujours é
"é très charitable, ajoute mon ",92567,oncle,PER,,92572, qui ne se souvient plus de ce
 cynisme : que la charité est ,92694,la,PER,,92696, conséquence de l'usure et son
e dans le cœur. Que veux-tu ? ,92938,J',PER,,92940,ai bien été obligé de lui fair
"sidérable... 
– Je pense, mon ",93196,oncle,PER,,93201,", que vous avez été un peu vit"
"ain sur les coupables... 
Mon ",93686,oncle,PER,,93691," ricane. 
– Les coupables ! di"
as agi aussi brusquement avec ,94159,Mme,PER,,94162, Montareuil. J'ai pris des ren
squement avec Mme Montareuil. ,94175,J',PER,,94177,ai pris des renseignements. J'
es un peu mystérieuses de mon ,94810,oncle,PER,,94815," m'intéressent, alors, quel es"
"e te dire son nom, répond mon ",94912,oncle,PER,,94917, ; il ne t'apprendrait rien. C
trait. -- Il était l'amant de ,95055,Mme,PER,,95058," Montareuil. 
– Mme Montareuil"
"l'amant de Mme Montareuil. 
– ",95074,Mme,PER,,95077," Montareuil ! Un amant ! 
– Po"
"s la seule, je pense, dit mon ",95163,oncle,PER,,95168, en haussant les épaules... Ça
uis deux ans. C'est là qu'est ,95239,la,PER,,95241," bêtise. Qu'une femme, à n'imp"
e. Un de ces faux artistes de ,95772,Montmartre,PER,LOC,95782, dont le ciseau de sculpteur s
urbe en pince et qui ont dans ,95848,la,PER,,95850, main le poil de leurs pinceau
"avant-hier, dans la Seine. -- ",96159,Crime,PER,,96164," ou suicide ? Crime, certainem"
 Seine. -- Crime ou suicide ? ,96178,Crime,PER,MISC,96183,", certainement. Il n'avait pas"
 ont révélé son intimité avec ,96369,Mme,PER,,96372," Montareuil. 
– Ce n'est donc "
"on. Mais pourquoi diable, mon ",97041,oncle,PER,,97046,", me racontez-vous une pareill"
" ? 
– Une histoire ! crie mon ",97116,oncle,PER,,97121,. Une histoire ! Aussi vrai qu
sation ; c'est permettre à la ,98250,vieille,PER,,98257, barbarie de prévaloir contre 
"nicharde, je songeais à cette ",98466,vieille,PER,,98473," princesse qui, pendant le pil"
"ur, j'avais envie... Ah ! bon ",98641,Dieu,MISC,,98645, ! se souvenir qu'on a un sexe
"onnaire ! 
– Calmez-vous, mon ",98773,oncle,PER,,98778,". D'abord, ces titres, ceux qu"
"nt eux-mêmes... 
– Est-ce que ",99251,Mme,PER,,99254, Montareuil est au courant des
" au courant des choses ? 
Mon ",99299,oncle,PER,MISC,99304," tire sa montre. 
– À l'heure "
"e qui la mandait, seule, à la ",99426,Sûreté,PER,ORG,99432," ; elle est, depuis une demi-h"
" Mais que pense-t-elle ? 
Mon ",100167,oncle,PER,,100172," me regarde avec étonnement. 
"
'a rien à penser. Je suis son ,100261,père,PER,,100265, ; je pense pour elle... Après
" autour de moi, à voir clair. ",100686,J',PER,,100688,ai senti que je n'étais pas se
e sa curiosité de la vie ; sa ,102753,mère,PER,,102757,", morte de bonne heure, n'a pu"
" que moi, isolé, enfermé dans ",103457,la,PER,,103459, cage où l'on vous apprend à a
 apprend à avoir peur et dans ,103507,la,PER,,103509, cage où l'on vous enseigne à 
 passé -- et que les nerfs de ,104367,la,PER,,104369," femme n'oublient jamais, même"
 ont ouvert l'âme à moitié en ,104507,la,PER,,104509, froissant beaucoup. Car l'ind
on réprimée produit la pitié. ,104803,La,PER,,104805," pitié mesquine, espèce de com"
idées libératrices -- ou même ,105770,la,PER,,105772," bonté sans phrases, lorsqu'el"
"ur d'orage, dans le jardin de ",106734,Maisons,PER,,106741,"-Laffitte, où sa robe blanche "
"ge, dans le jardin de Maisons-",106742,Laffitte,PER,,106750,", où sa robe blanche frémissai"
"voyons que la vie, quand nous ",108904,sommes,MISC,,108910," ensemble, la vie dont nous ne"
"ne parlons jamais, hideuse et ",108968,vieille,PER,,108975,", -- vieille, vieille... 
J'ai"
"amais, hideuse et vieille, -- ",108980,vieille,PER,,108987,", vieille... 
J'ai conscience "
"deuse et vieille, -- vieille, ",108989,vieille,PER,,108996,"... 
J'ai conscience qu'elle n"
elle sent qu'elle n'est point ,109079,faite,PER,,109084, de ma chair. C'est comme si j
" où elle était assise, devant ",110064,la,PER,,110066, table où elle s'appuyait ; ce
", quand elle vient, c'est une ",110198,étrangère,PER,,110207, qui lui ressemble un peu ; ma
 peu ; mais je ne puis jamais ,110258,la,PER,,110260, voir telle que je l'ai revue 
"e l'entrevue ; je l'attends. 
",111546,La,PER,,111548," voici. Pour la première fois,"
"s, en face d'elle, je me sens ",111606,maître,PER,,111612," de moi, je n'éprouve pas les "
"Oui. 
C'est vrai. J'ai vu mon ",111791,oncle,PER,,111796, hier matin. Il m'a écouté san
as lui en vouloir de ne point ,112312,persister,PER,,112321, en dépit de tout. Les faits q
 elle voudra attendre ? » Mon ,113230,oncle,PER,,113235, s'est mis à ricaner. « Oh ! q
tresse. -- Ta... ? a crié mon ,113690,oncle,PER,,113695," en sursautant, car il a senti"
ariser notre situation. » Mon ,113887,oncle,PER,,113892," était blême, encore, et sa ma"
"é mon héritage, à moi ! » Mon ",114316,oncle,PER,,114321, ne s'est pas indigné ; il a s
echerche de la paternité... » ,114827,J',PER,,114829,ai bondi vers mon oncle et je 
nité... » J'ai bondi vers mon ,114847,oncle,PER,,114852, et je l'ai empoigné par les é
ase sous mes pieds et je vous ,115049,jette,PER,,115054, par la fenêtre. Il y a longte
"iant avec une dot, je ne puis ",116896,la,PER,,116898, donner qu'à un homme possédan
serai pas du droit qu'elle me ,117434,confère,PER,,117441,. Tu as séduit Charlotte ; tu 
a ; et il me semble que c'est ,117730,la,PER,,117732, même fureur qui me secouait a
" quelque chose, au loin, pour ",118400,éviter,PER,,118406, son regard que je sens peser 
nnais pas. Je ne te vois pas. ,118981,J',PER,,118983,ai peur... Je devine des chose
" dégoût, je veux autre chose. ",119437,J',PER,,119439,ai déjà cessé de vivre de leur
à cessé de vivre de leur vie. ,119475,J',PER,,119477,"ai... Tu sais, le vol commis c"
". Tu sais, le vol commis chez ",119511,Mme,PER,,119514," Montareuil, ces quatre cent m"
it asseoir sur le divan et me ,119809,jette,PER,,119814," ses bras autour du cou. 
– Tu"
"... Non, non, ne t'en va pas. ",120117,Reste,PER,,120122,. Ne te mets pas en colère si 
"ble, et je n'ai jamais osé... ",121367,J',PER,,121369,"avais peur... 
– Tu avais peur"
Dieu ne m'en empêcherait pas. ,121899,J',PER,,121901,espère que tu ne me quitteras 
qui es une femme et qui seras ,123183,mère,PER,,123187," demain, tu peux être empoigné"
ui volent avec un décret. Ils ,124575,comprendront,PER,,124587, que ces deux espèces de voleu
 murmure-t-elle en détournant ,125708,la,PER,,125710, tête ; je voudrais pouvoir te
"Et pendant longtemps, cloué à ",126957,la,PER,,126959," même place et comme pétrifié,"
"nt longtemps, cloué à la même ",126965,place,MISC,,126970," et comme pétrifié, je crois e"
"lendemain matin, à la gare du ",127275,Nord,LOC,,127279,", au moment où je vais prendre"
 Je me retourne. C'est l'abbé ,127398,Lamargelle,MISC,PER,127408,". 
– Vous partez en voyage, ch"
"– Vous partez en voyage, cher ",127441,monsieur,PER,,127449," ? 
– Oui ; pour affaires ; un"
Vous ne m'étonnez pas ; votre ,127556,oncle,PER,,127561, est un homme aimable et Melle
oncle est un homme aimable et ,127586,Melle,PER,,127591, Charlotte est absolument char
est un homme aimable et Melle ,127592,Charlotte,PER,,127601, est absolument charmante ; ma
 Providence sont insondables. ,128085,M.,PER,,128087, Édouard Montareuil est bien a
"ntareuil est bien affecté. 
– ",128128,J',PER,,128130,"espère qu'il se consolera, ave"
ur sur la route de l'Institut ,128325,Pasteur,PER,,128332,. La science est une grande co
"er mon train. Au revoir, cher ",128821,monsieur,PER,,128829,". Nous nous retrouverons, j'es"
"iable. 
V -- OÙ COURT-IL ? 
– ",130204,Naturellement,PER,,130217,", si vous essayez d'expliquer "
"s vrai que le voleur, c'est l'",130386,Atlas,PER,LOC,130391, qui porte le monde moderne su
"extrême, certainement, répond ",131045,Issacar,PER,MISC,131052, en allumant une cigarette. Ma
"ix-huit siècles, au sommet du ",131491,Golgotha,PER,MISC,131499," : le larron légal à droite, l"
ent à son action sont en bien ,132606,petit,PER,,132611," nombre. Ils existent, cependa"
personnes les plus versées en ,132772,la,PER,,132774, matière n'ont point de doutes
sonnes les plus versées en la ,132775,matière,PER,,132782, n'ont point de doutes à ce su
t point de doutes à ce sujet. ,132817,M.,PER,,132819, Alphonse Bertillon assure mêm
oint de doutes à ce sujet. M. ,132820,Alphonse,PER,,132828, Bertillon assure même qu'on p
ce seraient cent imbéciles. » ,133150,Imbéciles,PER,,133159," ou non, peu importe. Il suffi"
t les utopistes du Socialisme ,135804,la,PER,,135806, parachèvent. Mais la tentativ
 base la liberté absolue de l',137254,Individu,PER,MISC,137262, ; de la bloquer dans sa Cité 
de la bloquer dans sa Cité du ,137295,Lucre,ORG,,137300,", jusqu'à ce qu'elle se rende "
" se détruise elle-même, comme ",137387,Numance,PER,MISC,137394,". Ce rôle, il ne le remplit pa"
"iduelle. 
– Certainement, dit ",139091,Issacar,PER,MISC,139098,. Mais ce n'est pas seulement 
t il subsistera tant qu'elles ,139398,existeront,PER,,139408," ; il est là pour démontrer, p"
" loups sont des loups, répond ",140289,Issacar,PER,MISC,140296, ; et les hommes... Il y a ann
ite de chagrins et de misère. ,140579,Croyez,MISC,,140585,-vous que cette foule de misér
"eur, devant le public et même ",141782,le,PER,,141784," tribunal, fait bien meilleure"
s ne le faites ; et je serais ,142072,porté,MISC,,142077, à admettre que cette considér
"ez ce qu'on pense de vous. 
– ",143315,J',PER,,143317,ai déjà eu l'occasion de la co
 des titres avec lesquels mon ,143461,oncle,PER,,143466, avait réglé ses comptes de tu
perspective était engageante. ,144270,Néanmoins,PER,,144279,", elle ne m'attirait pas. J'ét"
"ne question de principes, dit ",144692,Issacar,PER,MISC,144699,. Rien de mauvais comme les pr
"on de principes, dit Issacar. ",144701,Rien,MISC,,144705, de mauvais comme les principe
"u'avait déjà tenue Jérémie, l'",146378,Individu,PER,,146386," la porte sur la poitrine, auj"
ccupation de notre époque est ,146867,la,PER,,146869," division du travail, car on a"
"lité. N'en faites pas une. 
– ",147058,Soit,MISC,,147062,. Je voulais dire qu'il y a de
ne sont point une sauvegarde. ,148035,Jusqu',PER,,148041,"ici, vous n'avez commis qu'un "
souvenez-vous bien qu'il faut ,148387,éviter,PER,,148393, à tout prix les violences con
"e vous révoltez pas trop, dit ",149430,Issacar,PER,MISC,149437, ; ça n'a jamais rien valu. Co
"le traîner, le boulet de leur ",149992,origine,PER,,149999," ! 
– Comme vous vous emportez"
"rs !... 
– Vous en aurez, dit ",150877,Issacar,PER,MISC,150884,. Je ne vous promets point que
elque chose du côté du Congo. ,151973,J',PER,,151975,"ai une idée... 
– Vous ne croy"
les ils feront la conquête de ,152222,la,PER,,152224," Suisse, pour créer un port à "
"isse, pour créer un port à La-",152257,Chaux,PER,,152262,"-de-Fonds ; seulement, il faut"
vous avez soulagé cette bonne ,152634,vieille,PER,,152641, dame ? C'était si naturel ! J
"èque ce soir ? 
– Non, répond ",152910,Issacar,PER,MISC,152917, ; vous m'enverrez ces vingt m
rez ces vingt mille francs de ,152962,Londres,PER,LOC,152969,", après-demain matin, en bank-"
" présent, en route, chantonne ",153178,Issacar,PER,MISC,153185, en prenant son chapeau. Le ca
'égouttement de l'eau bénite. ,154994,Issacar,PER,MISC,155001, fait les présentations comme 
"e industriel, j'ai appris par ",155167,M.,PER,,155169, Issacar combien vous êtes dés
"ndustriel, j'ai appris par M. ",155170,Issacar,MISC,PER,155177, combien vous êtes désireux de
l'avis de notre honorable ami ,155483,M.,PER,,155485," Issacar, et je suis heureux q"
écoute le moins possible. Mon ,155875,Dieu,MISC,,155879, ! Mon Dieu ! pourvu que ça ne
oins possible. Mon Dieu ! Mon ,155886,Dieu,MISC,,155890, ! pourvu que ça ne dure pas t
'exposer est tracé de main de ,156419,maître,PER,,156425,", et je dois avouer que vous m"
"s. 
– Quoi qu'il en soit, dit ",157147,Issacar,PER,MISC,157154, qui s'aperçoit sans doute que
la plus grande impression sur ,157328,M.,PER,,157330, Randal. Je connais M. Randal.
plus grande impression sur M. ,157331,Randal,MISC,PER,157337,. Je connais M. Randal. Il est
ion sur M. Randal. Je connais ,157350,M.,PER,,157352," Randal. Il est peu expansif, "
 sur M. Randal. Je connais M. ,157353,Randal,MISC,PER,157359,". Il est peu expansif, comme t"
r je ne comprends pas du tout ,157794,la,PER,,157796, signification des coups de pi
fication des coups de pied qu',157832,Issacar,PER,MISC,157839, me lance sous la table -- oh 
pied qu'Issacar me lance sous ,157854,la,PER,,157856, table -- oh ! oh ! c'est alle
s'agit pas ici des Bitumes du ,158024,Maroc,PER,,158029," ou du percement du Caucase, s"
s du Maroc ou du percement du ,158049,Caucase,PER,LOC,158056,", savez-vous. C'est une affair"
"is ? 
Moi ? Pas du tout. Mais ",158249,Issacar,PER,MISC,158256," en a pour moi. 
– Oui, dit-il"
"n a pour moi. 
– Oui, dit-il, ",158288,M.,PER,,158290, Randal a certaines raisons qu
" pour moi. 
– Oui, dit-il, M. ",158291,Randal,MISC,PER,158297, a certaines raisons qui le fo
e que nous leur donnerions de ,158863,la,PER,,158865," main droite, nous le leur rep"
 nous le leur reprendrions de ,158908,la,PER,,158910, main gauche. Il est impossibl
t. La science nous l'apprend. ,158994,La,PER,,158996," science, Monsieur ! La main-d"
" est une admirable chose, dit ",159490,Issacar,PER,MISC,159497,". Mais M. Randal, qui a pour e"
"able chose, dit Issacar. Mais ",159504,M.,PER,,159506," Randal, qui a pour elle tout "
"e chose, dit Issacar. Mais M. ",159507,Randal,MISC,PER,159513,", qui a pour elle tout le resp"
"ons et ouvriers, pleurant à l'",160580,unisson,PER,,160587, aux accents du De profundis  
"t une grande consolation, dit ",160693,Issacar,PER,MISC,160700,". Malheureusement, cette union"
"es, dont l'idée seule effraye ",160874,M.,PER,,160876," Randal. 
– Oui, dis-je, obéis"
 dont l'idée seule effraye M. ,160877,Randal,MISC,PER,160883,". 
– Oui, dis-je, obéissant à "
sant à une pression du pied d',160936,Issacar,PER,MISC,160943,", je crains énormément les grè"
'est nous qui les provoquons. ,161212,En,ORG,,161214," Angleterre, en France, en Amé"
a surproduction se refait par ,161337,la,PER,,161339, grève. Il est curieux que vou
"mpensation, en effet, accorde ",161818,Issacar,PER,MISC,161825, ; mais elle est peut-être un 
"on sociale... 
Coup de pied d'",161946,Issacar,PER,MISC,161953,. Silence. Second coup de pied
ilence. Second coup de pied d',161986,Issacar,PER,MISC,161993,". Je parle. 
– Certainement, u"
on qui prendrait d'assaut les ,162171,Banques,PER,LOC,162178, et dilapiderait les épargnes 
able en Belgique ; nous avons ,162343,la,PER,,162345," garde civique, ici, Monsieur,"
ne pas confier son argent aux ,162501,Banques,PER,LOC,162508, et de le garder chez soi. C'e
"it peut-être prudent, suggère ",163421,Issacar,PER,MISC,163428,". 
– Je ne dis pas. Mais je pu"
". 
– Excellente habitude, dit ",163564,Issacar,PER,MISC,163571, ; nous n'aurons pas de mal à 
"our vous demander à déjeuner, ",163666,M.,PER,,163668," Randal et moi. 
– Le plus tôt"
" vous demander à déjeuner, M. ",163669,Randal,MISC,PER,163675," et moi. 
– Le plus tôt possib"
 sur la table pour murmurer à ,165930,Issacar,PER,MISC,165937," : 
– Allons-nous en d'ici ; e"
"e faire connaître ce soir. 
– ",166092,Volontiers,PER,MISC,166102,", répond Issacar ; mais il est"
"e soir. 
– Volontiers, répond ",166111,Issacar,PER,MISC,166118, ; mais il est inutile de sort
"il, de vous présenter mon ami ",166271,Roger,PER,,166276," Voisin, dont vous désirez si "
 le jeune homme blond me tend ,166408,la,PER,,166410," main. 
– Je suis vraiment enc"
tification ; mon nom est bien ,166527,Roger,PER,,166532," Voisin mais, d'ordinaire, on "
"-la-Honte. 
VI -- PLEIN CIEL 
",166607,Minuit,PER,,166613, sonne au beffroi de la cathéd
"te. 
VI -- PLEIN CIEL 
Minuit ",166614,sonne,PER,,166619, au beffroi de la cathédrale c
 venons de faire nos adieux à ,166754,Issacar,PER,MISC,166761, avec lequel nous avons dîné à
 est quelquefois obligé de se ,167046,contenter,PER,,167055," de peu, et même de trop peu. "
"te tout court, comme on dit : ",167423,Monsieur,PER,,167431," Thiers. 
– Nous voici arrivés"
tituent tout l'ameublement de ,168160,la,PER,,168162, chambre où mon nouvel ami a é
"honnête industriel, comme dit ",168717,Issacar,PER,MISC,168724,... Nous a-t-il assez assommés
"– Vous en auriez été quittes, ",169643,Issacar,PER,MISC,169650," et toi, pour aller déjeuner c"
" trouvait au second étage, et ",169869,Issacar,PER,MISC,169876, soutenait qu'il était au troi
 caricature très drôle du pon ,170373,Pelche,PER,MISC,170379," , en chemise de nuit et bonne"
" ; elle a eu du mal, car nous ",171206,sommes,MISC,,171212," trois enfants, deux filles et"
"s revenu, tu t'es trouvé dans ",171798,la,PER,,171800, même position que lorsque tu 
"ize ans, elle était encore au ",172525,couvent,LOC,,172532, et les religieuses ne tarissa
vois maintenant : c'est vrai. ,173888,Rien,MISC,,173892, de plus anti-social -- dans l
on véhémente et superbe de la ,174257,Liberté,PER,,174264, et de la Beauté contre la Lai
uperbe de la Liberté et de la ,174274,Beauté,PER,,174280, contre la Laideur et la Servi
rté et de la Beauté contre la ,174291,Laideur,PER,,174298," et la Servitude ; et l'homme,"
x qui chante la grandeur de l',174507,Individu,PER,MISC,174515, et la haute majesté de la Nat
idu et la haute majesté de la ,174542,Nature,PER,MISC,174548, ; cette voix fière qui étouff
Nature ; cette voix fière qui ,174572,étouffe,PER,,174579, les bégaiements honteux des b
l à le ressentir. Je le sais. ,174981,J',PER,,174983,ai vu les figures des serfs de
"ceptions. Moi, j'en suis une. ",176161,J',PER,,176163,ai l'horreur de l'esclavage et
s. J'ai décroché une toile de ,176927,Lorenzo,PER,,176934," di Credi, une Vierge qui me p"
 la vérité à mon père et à ma ,177927,mère,PER,,177931,", fort étonnés de mon absence "
tu ne voudrais pas me croire. ,179121,J',PER,,179123,aurai bientôt quarante-huit an
 les doigts d'une main. Et ta ,179303,mère,PER,,179307,", ta pauvre mère dont les prod"
"e main. Et ta mère, ta pauvre ",179319,mère,PER,,179323, dont les prodiges d'abnégatio
"vés tous les trois, ta pauvre ",179413,mère,PER,,179417, dont la vie a été un long ren
"mois après, par les journaux. ",179989,J',PER,,179991,ai appris que mon père avait é
" il n'était pas coupable ? 
– ",180739,Quelle,PER,,180745, plaisanterie ! C'est moi qui 
quitté Paris ; ils tiennent à ,180987,Vichy,PER,LOC,180992, un hôtel qu'ils ont acheté et
essaire à leur établissement. ,181719,Censée,PER,,181725,", tu comprends. La vérité, c'e"
"ignolles, à côté de l'église. ",181999,La,PER,,182001, dernière fois que je l'ai vue
a dit qu'elle prierait le Bon ,182238,Dieu,MISC,,182242, pour moi deux fois par jour. 
 fois mes parents installés à ,182400,Vichy,PER,LOC,182405,". Mais, un beau jour, Broussai"
" de chaussons de lisières. 
– ",183761,Retirons,PER,,183769, vite nos bottines et mettons 
ça. C'est des bons. C'est des ,183829,Poissy,MISC,LOC,183835,". 
– Comme cela, dis-je en gli"
l faut attendre ; nous nous y ,184417,sommes,MISC,,184423, pris trop tôt. Ces garces de 
"s pieds sur l'entablement. 
– ",184644,Quelle,PER,,184650, nuit ! dit tout bas Roger-la-
 dit tout bas Roger-la-Honte. ,184687,Regarde,PER,,184694, donc là-haut. Crois-tu que le
rait que c'est merveilleux... ,185184,J',PER,,185186,ai lu tous les livres qui en p
deviendrais un grand peintre. ,186034,J',PER,,186036,ai tellement envie d'être un p
" lyre, depuis Saturne jusqu'à ",186382,Mercure,PER,LOC,186389, ; de l'analogie entre les dis
"te. Deux secondes après, nous ",187759,sommes,MISC,,187765, dans une chambre que les rayo
cabinet ! Faut-il être bête ! ,188970,Rien,MISC,,188974, de plus facile à forcer... Et
profond règne dans la maison. ,189971,J',PER,,189973,ai posé la lanterne sourde sur
"ire pour calmer mes nerfs. 
À ",190252,M.,PER,,190254," Delpich, banquier, 84, rue d'"
" pour calmer mes nerfs. 
À M. ",190255,Delpich,MISC,PER,190262,", banquier, 84, rue d'Arlon. 
"
manditaire parmi vos clients. ,190391,J',PER,,190393,ai déniché l'oiseau rare. C'es
e. C'est un jeune serin nommé ,190446,Georges,PER,,190453," Randal, ingénieur de son état"
 un jeune serin nommé Georges ,190454,Randal,PER,,190460,", ingénieur de son état, qui e"
le et il commence à couper le ,192742,métal,PER,,192747, ; on dirait le grignotement d
s et donner un tour de clef à ,194019,la,PER,,194021, serrure. L'ordre avant tout. 
"a si bien accueillis. 
Nous y ",194761,sommes,MISC,,194767,", et nous avons fermé la porte"
"jus est usque ad cœlum ... 
– ",195881,La,PER,,195883," mer est unie comme un lac, me"
e francs en or et en billets. ,196306,J',PER,,196308,ai bien peur que nous ne tirio
 que nous venons de prendre à ,197211,Cannon,PER,,197217," Street, c'est que si Paternos"
us venons de prendre à Cannon ,197218,Street,PER,,197224,", c'est que si Paternoster nou"
"i apportons, ce sera beau. 
– ",197333,Paternoster,PER,,197344," ? Qui est-ce ? 
– Ah ! oui, t"
"e ne sais plus où, du côté de ",197715,Bourges,MISC,LOC,197722," ou de Châteauroux... 
– Et il"
député qui venait d'être fait ,198213,ministre,PER,,198221,", et qui l'a encore été depuis"
et qui l'a encore été depuis. ,198253,Paternoster,PER,,198264, -- j'ai oublié le nom qu'il p
e compte ni du ministre ni de ,198395,la,PER,,198397, femme qui auraient été fort a
 plainte fortement motivée de ,198726,la,PER,,198728," femme, un divorce fut prononc"
"bien reconnu, depuis, dans le ",199996,Paternoster,PER,LOC,200007, qui s'est mis à trafiquer ave
"-là, il était accompagné d'un ",200083,curé,PER,,200087, et d'une toute jeune fille vr
ais pas ce que c'était que le ,200219,curé,PER,,200223, ; j'ai entendu dire que la pe
tes qui sillonnent la Cité de ,200444,Londres,LOC,,200451,", devant une haute maison noir"
"are enchanté et continue : 
– ",201337,J',PER,,201339,espère que votre santé est bon
une figure de cabotin ; c'est ,202098,la,PER,,202100," volonté, tenace et muette, ma"
" ne vous croirait pas, ricane ",202800,Paternoster,PER,MISC,202811,. Donnez-vous donc la peine de
t là des placements de Belge. ,203470,Jamais,PER,,203476," un Français, à l'heure actuel"
es que je traite ne peut être ,203979,basé,PER,,203983, que sur la confiance. Voilà p
"les, vous n'en voulez pas. 
– ",204540,Naturellement,PER,,204553," ! Ce n'est pas garanti, au mo"
is ; c'est aussi l'opinion du ,204769,ministre,PER,,204777," de Perse, et le premier secré"
ier secrétaire de l'ambassade ,204828,Ottomane,PER,LOC,204836," en tombait d'accord avec moi,"
t même en Extrême-Orient ; le ,205037,Japon,PER,LOC,205042, y a pris goût depuis quelques
 depuis quelques années et la ,205086,Chine,PER,LOC,205091, donne de belles espérances. V
a grandeur de la civilisation ,205458,occidentale,PER,,205469, et les rapports des Blancs et
es rapports des Blancs et des ,205504,Jaunes,MISC,ORG,205510, deviennent tous les jours plu
si joliment portraituré par l',205786,Empereur,PER,,205794," d'Allemagne, il nous souhaite"
 n'ont aucune difficulté à en ,206184,toucher,PER,,206191," les intérêts ? 
– Aucune ; on"
"ant peu... Ah ! oui, continue ",206981,Paternoster,PER,MISC,206992, en poursuivant son examen des
" japonais, un kaïmakan d'Asie ",207262,Mineure,PER,LOC,207269, ou un mandarin à bouton de cr
"discours, dit Roger-la-Honte. ",208374,Monsieur,PER,,208382," Paternoster, il faut poser vo"
 dit Roger-la-Honte. Monsieur ,208383,Paternoster,PER,,208394,", il faut poser votre candidat"
"e ! votre ton est sec, ricane ",208530,Paternoster,PER,MISC,208541,. Mais vous avez sans doute le
"ous que nous en fassions ? 
– ",209290,Renvoyez,PER,,209298,"-les à leur propriétaire, répo"
"i ou non. Vous me connaissez, ",210881,monsieur,PER,,210889," Roger-la-Honte, bien que j'ai"
 que j'aie le plaisir de voir ,210940,monsieur,PER,,210948, votre ami pour la première fo
s acquiesçons d'un sourire et ,211943,Paternoster,PER,MISC,211954,", après nous avoir compté les "
"se d'un hôtel du West-End. 
– ",213076,Malgré,PER,,213082," tout, dis-je quand nous nous "
ous allons faire une visite à ,213448,Broussaille,PER,LOC,213459,". 
– C'est une excellente idée"
"ons-y. 
Nous y allons. Nous y ",214151,sommes,MISC,,214157, ; et il y a même dix minutes 
"ais autre part. 
– Ida, c'est ",215353,la,PER,,215355," dame de Paris ? 
– Oui ; une "
"ablement, se déclare ravie et ",216378,sonne,PER,,216383," pour demander du Champagne. 
"
"our demander du Champagne. 
– ",216415,Quelle,PER,,216421, mauvaise idée vous avez eue d
"à dîner, dit-elle ; nous nous ",216515,sommes,MISC,,216521," ennuyées à mourir, toutes seu"
"oger ; et d'ailleurs, mon ami ",216644,Randal,MISC,PER,216650," n'aurait pas osé. 
– Vraiment"
"egarde, pendant qu'on dessert ",217291,la,PER,,217293, table et qu'on apporte le cha
"double, si fréquente chez les ",217895,Parisiennes,MISC,LOC,217906,", qui leur donne l'attrait spé"
rge ; des dents de loup ; une ,218084,mignonne,PER,,218092," fossette au menton. 
– Je vou"
des brunes. Mais mademoiselle ,218333,Broussaille,PER,,218344, n'y perdra rien pour avoir at
 quelque chose d'anglais dans ,218910,la,PER,,218912, physionomie : comme la lèvre 
ct mystérieux de la maison de ,220093,Kensington,PER,LOC,220103,". Là-dessus, Broussaille s'est"
"tropient les femmes. 
– Et la ",223470,Justice,PER,MISC,223477,", dis-je, ne tient guère la ba"
cielle. Ne me dites pas que j',224078,exagère,PER,,224085, ; je citerais des noms si je 
ls encombrent les ports de la ,225769,Manche,PER,,225775,. On les embarque sur les navi
 les navires qui vont à Terre-,225826,Neuve,PER,,225831,", à condition qu'ils aideront "
ner la morue. Je fais gras le ,225996,Vendredi,PER,,226004," Saint, depuis que j'ai appris"
rue. Je fais gras le Vendredi ,226005,Saint,PER,,226010,", depuis que j'ai appris ça. 
"
ant à la bourgeoisie -- c'est ,227181,la,PER,,227183," bourgeoisie avorteuse. 
– À t"
mérite pas d'autre nom. C'est ,227283,la,PER,,227285," bourgeoisie avorteuse. 
– Bra"
" le droit, je crois, nous qui ",227418,sommes,MISC,,227424," obligés d'en vivre. 
– Ah ! d"
"a cliente... Tu sais bien, la ",227574,petite,PER,,227580, femme du monde que j'avais mi
 toujours pas de nouvelles de ,227957,Canonnier,LOC,MISC,227966," ? 
– Non ; depuis plus de deu"
'est qu'il s'était échappé de ,228054,Cayenne,PER,LOC,228061,", il y a six mois... On dit qu"
" plusieurs fois, à côté de sa ",228260,mère,PER,,228264," adoptive. Mon cher, on dirait"
"roi des voleurs... Ma foi, ma ",228391,petite,PER,,228397," Ida, j'en suis désolé, mais j"
", mais je ne peux pas aller à ",228449,Paris,MISC,LOC,228454,. J'ai promis à un camarade de
je ne peux pas aller à Paris. ,228456,J',PER,,228458,ai promis à un camarade de lui
" pourquoi n'irais-tu pas, toi ",228635,Randal,MISC,PER,228641," ? 
– Oui, pourquoi ? demande "
le francs promis avant-hier à ,230050,Issacar,PER,MISC,230057,", je les lui ai envoyés. Qu'il"
" lui servent, à cet excellent ",230118,Issacar,PER,MISC,230125, ! Je lui souhaite bonne chanc
"le spleen, en Angleterre ? 
– ",230730,J',PER,,230732,espère que non ; mais je me la
"ntiendrait pas cinq minutes. 
",231049,La,PER,,231051, traversée est belle et courte
"me défends, pour la forme. 
– ",231457,Laissez,PER,,231464,"-vous donc faire, dit Ida ; vo"
"t c'est si gentil, chez moi ! ",231593,J',PER,,231595,ai un salon... on se croirait 
hez un dentiste américain. Si ,231656,saint,PER,,231661, Vincent de Paul vivait encore
méricain. Si saint Vincent de ,231673,Paul,PER,,231677," vivait encore, je suis sûre q"
x pas être plus difficile que ,231783,saint,PER,,231788," Vincent de Paul, et je promet"
ifficile que saint Vincent de ,231800,Paul,PER,,231804,", et je promets de me laisser "
. les nuits sont glaciales... ,232036,J',PER,,232038,ai pourtant mon grand manteau.
". 
– Ah ! moi qui oubliais... ",232099,J',PER,,232101,ai justement un boa dans ma va
"pis, je le mets tout de même. ",232350,Quelle,PER,,232356, horreur ! Mais nécessité n'a 
s instants avant l'arrivée de ,232831,la,PER,,232833," femme du monde. 
– Pas toutes"
"l ; aujourd'hui, on a soif de ",234268,Cartouche,MISC,LOC,234277,". Un voleur, Madame ! Un vrai "
ive de nous souvenir que nous ,234796,sommes,MISC,,234802," de sexes différents, nous n'e"
ira ou quand tes affaires t'y ,235161,appelleront,PER,,235172,", mais n'y demeure pas. Tu as "
vilaine histoire... Je te dis ,235404,la,PER,,235406," mauvaise aventure, mais c'est"
 te raconterais l'histoire de ,235773,Canonnier,LOC,MISC,235782, ; ce sera pour une autre fois
"ntage, mais refuse carrément. ",236107,Méfie,PER,,236112,"-toi d'elle, car c'est une enj"
"s sommes seuls dans le salon, ",236872,la,PER,,236874," femme du monde et moi. 
– Mon"
"ise. Ah ! l'on a bien raison, ",237106,Monsieur,PER,,237114," ! 
Je hoche la tête d'un air "
"aucoup moins prompt ! 
– Ah ! ",237533,Monsieur,PER,,237541,", si vous saviez quel plaisir "
"le bord, me direz-vous ? Ah ! ",238126,Monsieur,PER,,238134,", que je voudrais ne l'avoir j"
comment cela s'est passé. Mon ,238348,oncle,PER,,238353,", un frère de mon père, s'étai"
"t tout à fait cela. Bref, mon ",238821,oncle,PER,,238826," me dit : « Renée, il faut me "
'était si joli ; ce tableau ! ,239301,J',PER,,239303,ai rêvé devant pendant une dem
t une demi-heure. On voyait l',239354,Acropole,PER,LOC,239362,", dans le fond. C'est admirabl"
"s le fond. C'est admirable, l'",239397,Acropole,PER,LOC,239405, ; tout le monde le dit. C'est
t nous consoler de la mort de ,239821,Cabanel,MISC,PER,239828,. Je suis bien contente que no
"quand ma tante, la sœur de ma ",239922,mère,PER,,239926,", m'eut avoué dans quelle situ"
" se marie, quelques années de ",243587,liberté,MISC,,243594,". Donc, pas la servitude des e"
", quelques années de liberté. ",243596,Donc,MISC,,243600,", pas la servitude des enfants"
il n'y avait pas de remède... ,243846,J',PER,,243848,"ai eu bien du chagrin, dans ce"
Ida m'a mise en rapports avec ,244006,M.,PER,,244008, Canonnier. Elle a dû vous le 
mon mari. Je ne savais à quel ,244540,saint,PER,,244545," me vouer. Un Russe, qui m'ava"
"t manqué de parole. Un Russe, ",244642,Monsieur,PER,MISC,244650," !... Après ça, il fallait tir"
"ns. Je connais tant de monde, ",244824,Monsieur,PER,MISC,244832, ! Des gens qui ont des fortun
"a m'avait presque décidée, et ",245010,M.,PER,,245012, Canonnier m'a convaincue ; éc
"'avait presque décidée, et M. ",245013,Canonnier,LOC,PER,245022," m'a convaincue ; écoutez, Mon"
" vous en prie. J'adore ça. 
– ",246190,J',PER,,246192,"en suis désolé, Madame, mais j"
oleurs sont la modestie même. ,246680,M.,PER,,246682, Canonnier était comme vous ; 
urs sont la modestie même. M. ,246683,Canonnier,LOC,PER,246692, était comme vous ; il n'a jam
vantage. Je m'étonne même que ,247270,Canonnier,PER,MISC,247279, ait pu vous offrir ce que vou
rgent ! La vie est si chère ! ,248003,La,PER,,248005," toilette nous ruine, et les h"
ise ! Je risquerais tout pour ,249440,éviter,PER,,249446, ça... Il y a un coup à faire 
"très inhumain ! 
Elle me tend ",250181,la,PER,,250183," main, et sort avec un petit s"
" brûle, quand l'amour de leur ",250587,beauté,PER,,250593," les tenaille, quand leurs pas"
"indre, qu'en penses-tu, de la ",250724,petite,PER,,250730," femme ? Gentille, hein ? Mais"
"ous allons. 
– Au tonnerre de ",251117,Dieu,MISC,,251121,", dis-je, si ça peut signifier"
"cadence. 
– C'était l'avis de ",251313,Canonnier,LOC,MISC,251322, ; il disait aussi que la cout
"t bien vivre, j'espère que la ",251648,petite,PER,,251654, femme n'oubliera pas de venir
oyen d'en avoir. Tu peux être ,251890,assuré,PER,,251896, qu'elle prendra toutes les me
le n'avait plus personne sous ,252122,la,PER,,252124, main pour forcer les tiroirs 
 Paris était d'une simplicité ,252332,enfantine,PER,,252341, ; ce n'a été qu'un jeu pour m
"sent, qui est récompensée. 
– ",252983,Naturellement,MISC,,252996,", m'a-t-elle répondu ; les tem"
réquent alors qu'aujourd'hui. ,253245,J',PER,,253247,"entendais dire à mon mari, l'a"
" ses triomphes mondains, pour ",253499,la,PER,,253501," voir faire la belle, parée et"
" dupe. Quand on travaille, ma ",253982,mère,PER,,253986," me l'a appris jadis, on ne so"
e. Il y a longtemps que Henri ,254637,Heine,PER,,254642, l'a dit : Il n'y a plus en Eu
ts pour donner raison à Henri ,254774,Heine,PER,,254779, ; et nous avons pris le parti
artier tranquille de Londres. ,255879,La,PER,,255881, vie que j'avais menée jusque-
'un bâtiment ; quelque pauvre ,256603,vieille,PER,,256610," femme, sans argent et sans gî"
ts plongée dans l'affliction. ,257061,J',PER,,257063,offris quelque argent à la pau
on. J'offris quelque argent à ,257087,la,PER,,257089, pauvresse ; elle grelottait e
s au milieu de la noirceur de ,257307,la,PER,,257309, misère ; je lui fis servir un
ermis d'adoucir le sort de sa ,258068,mère,PER,,258072, ; il avait commis un faux et 
rte de chez lui. Il fit plus. ,258423,Dieu,MISC,,258427, poursuivant l'iniquité des pè
uivre le crime du fils sur la ,258632,mère,PER,,258636, jusqu'à ce qu'elle eût rendu 
"Si, répondit-elle en baissant ",259126,la,PER,,259128, tête ; ce malheureux garçon a
eurs années de prison... Ah ! ,259294,Monsieur,PER,,259302,", je suis si malheureuse de ne"
boit pas plus qu'un dixième d',259933,Anglaise,PER,LOC,259941, ; elle fait de la pâtisserie 
it de la pâtisserie comme une ,259981,Allemande,PER,LOC,259990, ; elle est économe comme une 
de adroitement à des corps de ,260970,Lédas,PER,MISC,260975," s'abandonnant au cygne, de Di"
r. Il n'y a pas d'erreur plus ,261442,grossière,PER,,261451, ; mais c'est toujours la viei
ière ; mais c'est toujours la ,261477,vieille,PER,,261484, histoire. « Il faut que je vo
" faut que je vous dise, écrit ",261529,Bussy,LOC,,261534,"-Rabutin à sa cousine, ce que "
"-Rabutin à sa cousine, ce que ",261564,M.,PER,,261566, de Turenne m'a conté avoir ou
it plaisir de me désabuser. » ,262081,J',PER,,262083,"espère, moi aussi, faire plais"
demoiselles viennent me voir. ,262619,Jolies,PER,,262625," ? Ailleurs, je ne sais pas ; "
out ce qu'elles désirent ; et ,262739,la,PER,,262741, femme est toujours belle quan
"elle est heureuse... Et puis, ",262803,Issacar,PER,MISC,262810, avait raison ; on n'a pas à s
 l'inaliénable propriété de l',264418,abbé,PER,,264422, Lamargelle. Je n'avais pas eu
aliénable propriété de l'abbé ,264423,Lamargelle,MISC,PER,264433,. Je n'avais pas eu le temps d
"ène. Oui, c'était bien l'abbé ",264816,Lamargelle,LOC,PER,264826,". 
– Hé ! bonjour, cher Monsie"
"où sortez-vous ? » 
– Ma foi, ",265037,monsieur,PER,,265045," l'abbé, répondis-je, j'en ai "
" remercier de vos attentions, ",265595,monsieur,PER,,265603," l'abbé. Asseyez-vous donc, je"
"en dans l'affaire, répondit l'",265773,abbé,PER,,265777," qui se mit à secouer la tête,"
r notre entrevue à la gare du ,267379,Nord,LOC,,267383,", à Paris, le jour où vous ête"
re n'avait pas été absolument ,267638,fortuite,PER,,267646,". Malgré tout, vous n'avez poi"
 pas été absolument fortuite. ,267648,Malgré,PER,,267654," tout, vous n'avez point oubli"
", j'étais perdu. Il fallait l'",267973,arrêter,PER,,267980," au premier mot agressif et, a"
"eur, l'importance du vol dont ",268204,Mme,PER,,268207, Montareuil a été la victime ?
cune de ses finesses ne m'est ,269435,étrangère,PER,,269444,. Mais vous vous méprenez sur 
doutable ; bien que j'aie mis ,270093,la,PER,,270095," main à la pâte, plus d'une fo"
"es revêtu. 
– Oh ! répondit l'",271321,abbé,PER,,271325," en riant, ma passion ne me fe"
"ieu, dis-je, je ne vois point ",271675,pourquoi,PER,,271683," je ne vous croirais pas, aprè"
"on écrivit Télémaque , sur la ",272338,Petite,PER,,272344," Place, à Versailles, est aujo"
"vit Télémaque , sur la Petite ",272345,Place,MISC,,272350,", à Versailles, est aujourd'hu"
"st aujourd'hui un lupanar. 
– ",272397,J',PER,,272399,"espère, dis-je, qu'on aura pla"
 Je l'ignore ; mais si l'on a ,272506,scellé,PER,,272512," la plaque dont vous parlez, s"
e un flotteur. Je ne suis pas ,275240,le,PER,,275242, seul... Les types sont à prés
" 
– Je vous crois ! s'écria l'",275963,abbé,PER,,275967, en ricanant. Les économistes 
e la misère actuelle vient de ,276043,la,PER,,276045, surproduction ; que le manque
 une seconde dépêche qui vous ,278259,apprendra,PER,,278268, quel train il faudra prendre 
" coup ici, en Angleterre ? 
– ",279014,Jamais,PER,,279020,". D'abord, parce que l'hospita"
ue l'hospitalité anglaise est ,279068,la,PER,,279070, moins tracassière des hospita
i et de la société. Peut-être ,279374,la,PER,,279376, bourgeoisie britannique payer
ai pas visité ; c'est Bethnal-,279890,Green,PER,,279895, Museum. Le sol en est recouve
 visité ; c'est Bethnal-Green ,279896,Museum,PER,,279902,. Le sol en est recouvert d'un
us pas eu de nouvelles de mon ,280647,oncle,PER,,280652," ? 
– Oui et non, répondit-il "
l d'un air un peu embarrassé. ,280710,J',PER,,280712,ai appris que votre oncle avai
rrassé. J'ai appris que votre ,280732,oncle,PER,,280737," avait éprouvé, ces temps dern"
"arlotte ?... 
L'embarras de l'",281364,abbé,PER,,281368," parut augmenter. 
– Je ne sai"
vais passer mon après-midi au ,282948,Jardin,PER,,282954," Zoologique, pour tuer le temp"
 l'œil liquéfié des castrats. ,283838,Leurs,PER,,283843," yeux, à eux... Les yeux des l"
" 
X -- LES VOYAGES FORMENT LA ",288078,JEUNESSE,PER,,288086," 
Tout d'un coup, j'aperçois l"
 nous entourent de manquer de ,289344,morale,PER,,289350," ; d'ailleurs, ils en ont une."
"e, par exemple, ou celle de l'",290437,Ecclésiaste,PER,MISC,290448,"... Voyons, il fait beau, allo"
le train se met en mouvement. ,291424,J',PER,,291426,"aurais préféré être seul, mais"
"ce l'un de l'autre, à côté de ",291549,la,PER,,291551, portière du fond. Le premier 
 fond. Le premier est un gros ,291593,monsieur,PER,,291601," d'aspect jovial, aux petits y"
"ond sur l'oreille, tandis que ",292325,la,PER,,292327," main gauche, plongée dans le "
" Monsieur d'aspect morose, au ",292457,teint,PER,,292462," jaunâtre, aux yeux inquiets, "
tes et utiles serviteurs de l',292922,État,MISC,LOC,292926,". » Non, il n'a point l'air ga"
rêpe qu'ils lui vendront pour ,293335,éviter,PER,,293341," la faillite, ils ont tort, ca"
'ils lui vendront pour éviter ,293342,la,PER,,293344," faillite, ils ont tort, car s"
"ec moi. 
Vaine espérance ! Le ",293595,Monsieur,PER,,293603, jovial m'en convainc très rap
ndant un mois ; il y a tant d',294142,Anglais,PER,LOC,294149,", à Boulogne ! 
– Je suis pas "
"e ! 
– Je suis pas du tout un ",294190,Anglais,PER,LOC,294197,", dis-je, car je vois poindre "
 pas les Anglais ; je suis un ,294356,Américain,PER,LOC,294365,". 
– Ah ! diable ! j'aurais dû"
Ah ! si nous avions encore le ,294693,Canada,PER,LOC,294699," ! 
– Oui, dis-je, Canada... Q"
"e, Canada... Québec, Toronto, ",294745,Montréal,PER,LOC,294753,"... 
– Parfaitement, approuve "
e-t-il en se tournant vers le ,294992,Monsieur,PER,,295000," triste, qu'il y a quelque cho"
"– Si, certainement, répond le ",295149,Monsieur,PER,,295157," triste d'une voix lugubre. 
–"
"– Si, certainement, répond le ",295479,Monsieur,PER,,295487," triste d'une voix lugubre. 
–"
ue l'histoire de la troisième ,295684,République,PER,,295694, ! Et qui sait ce que l'avenir
 l'avenir nous réserve ! Ah ! ,295745,M.,PER,,295747, Thiers avait bien raison de d
"– Si, certainement, répond le ",295882,Monsieur,PER,,295890," triste d'une voix lugubre. 
–"
"– Si, certainement, répond le ",296185,Monsieur,PER,,296193," triste d'une voix lugubre. 
–"
"idées concordent, continue le ",296283,Monsieur,PER,,296291, jovial. Votre approbation m'e
"rvateur. 
– Oh ! oh ! fait le ",296609,Monsieur,PER,,296617," triste. 
– Ni plus ni moins, "
"Ni plus ni moins, continue le ",296659,Monsieur,PER,,296667, jovial. Je suis socialiste en
" ? 
– Pas très bien, avoue le ",296939,Monsieur,PER,,296947," triste. 
– C'est que je n'ai "
"– Si, certainement, répond le ",297688,Monsieur,PER,,297696," triste d'une voix lugubre, ta"
"n leur faveur. 
– Oui, dit le ",298529,Monsieur,PER,,298537, triste ; on devrait bien fair
"n exagère beaucoup, répond le ",298643,Monsieur,PER,,298651," jovial. La plus grande, parti"
"t même de l'alcool. L'alcool, ",299065,Monsieur,PER,MISC,299073, ! Ils en boivent tant que les
ême à des prix très élevés... ,299319,Malgré,PER,,299325," tout, je suis d'avis qu'il fa"
"– Si, certainement, répond le ",299654,Monsieur,PER,,299662," triste d'une voix lugubre. 
–"
"ubre. 
– Ce qui fait défaut à ",299714,la,PER,,299716," Chambre, Monsieur, c'est un p"
"e. 
– Ce qui fait défaut à la ",299717,Chambre,PER,ORG,299724,", Monsieur, c'est un philanthr"
"un... 
– Du pain ? demande le ",299829,Monsieur,PER,,299837, triste. Ah ! ce serait si bea
es gens qui ont la conscience ,300781,nette,PER,,300786, ne redoutent point ces choses
 autrefois l'entreprise d'une ,301996,Maison,PER,,302002, centrale ; mon argent ne me r
"– Si, certainement, répond le ",302640,Monsieur,PER,,302648," triste d'une voix lugubre. 
–"
"e devrait jamais faire grâce, ",303223,Monsieur,PER,MISC,303231, ! Il y va du salut de la Soci
"ne guillotine pas assez ? 
Le ",303323,Monsieur,PER,,303331," triste ne répond pas. 
– Auta"
rer paternel pour les autres. ,303527,La,PER,,303529, bonté est obligatoire aujourd
t démontrée mathématiquement. ,303615,Mathématiquement,PER,,303631,", Monsieur ! Il conviendrait d"
"ropriété. 
– Ah ! oui, dit le ",303792,Monsieur,PER,,303800, triste. Justement ! Que chacu
". 
– Pas du tout ! s'écrie le ",303996,Monsieur,PER,,304004, jovial. Une maison ! Un jardi
ial. Une maison ! Un jardin ! ,304038,Jamais,PER,,304044, de la vie ! Qu'ils mettent de
"omprends pas bien, déclare le ",304562,Monsieur,PER,,304570," triste. 
– Permettez-moi de v"
en-être de leurs confrères du ,305531,Centre,PER,LOC,305537,", et ils deviendront aussi int"
"e bien mauvais livres, dit le ",306092,Monsieur,PER,,306100," triste en hochant la tête. 
–"
le Monsieur triste en hochant ,306119,la,PER,,306121," tête. 
– Il n'y a point de ma"
" de mauvais livres, répond le ",306175,Monsieur,PER,,306183, jovial. Il y a des livres ; e
éé l'instruction obligatoire. ,306467,Croyez,MISC,,306473,-vous que ce soit sans intenti
"sans intention ? 
– Je serais ",306521,porté,MISC,,306526," à croire, hasarde le Monsieur"
"is porté à croire, hasarde le ",306548,Monsieur,PER,,306556," triste, que l'instruction obl"
importe quoi ! Pendant qu'ils ,307163,liront,PER,,307169,", ils ne songeront point à agi"
" Monsieur, du papier !... 
Le ",307745,Monsieur,PER,,307753, triste ferme les yeux et semb
e aux dernières phrases de ce ,307883,Mauvais,PER,MISC,307890," Samaritain. Au fond, il n'a p"
ètre superbe que j'ai volé en ,308709,Suisse,PER,LOC,308715,", il y a trois mois. 
– Il est"
" le kilo, à peu près... Je me ",309031,le,PER,,309033, demande : quelle idée peut bi
t semble jaune à ceux qui ont ,309232,la,PER,,309234, jaunisse. S'ils pouvaient sav
"iments contigus, le Palais de ",310154,Justice,PER,,310161," et la Prison. M'y voici, tout"
lace en laissant le Palais de ,310257,Justice,PER,,310264," derrière vous, et vous vous e"
rclées de fer. Je traverse la ,310401,place,MISC,,310406,", j'aperçois les deux bornes, "
" marches du perron, la clef à ",310639,la,PER,,310641, main. Comment l'abbé Lamargel
lef à la main. Comment l'abbé ,310663,Lamargelle,PER,,310673, s'est-il procuré cette clef ?
timent occupé n'a pas du tout ,311293,la,PER,,311295, même odeur qu'une maison que 
"istence. Le voleur, enfant de ",311806,la,PER,,311808," nature, sait flairer la prése"
 ses contemporains civilisés. ,311874,Mille,PER,,311879," indices, imperceptibles à la "
"e, les bijoux de Madame et de ",313585,Mademoiselle,PER,,313597,", il sera inutile de rien cher"
"ouiller partout. 
C'est fait. ",313748,J',PER,,313750,ai fouillé partout et ma récol
t de billets de banque dont l',314581,abbé,PER,,314585, Lamargelle n'entendra jamais 
billets de banque dont l'abbé ,314586,Lamargelle,MISC,,314596, n'entendra jamais parler. Il 
assez disposé à me traiter de ,314877,Vandale,PER,MISC,314884,". Allons, un peu de philosophi"
i pas à craindre le retour du ,315225,maître,PER,,315231, de céans. Il est allé en pèle
le buffet et la bouteille sur ,316026,la,PER,,316028, table. Il y a des voleurs qui
bre. Par un brusque effort de ,317431,la,PER,,317433, volonté qui veille encore en 
 c'est mon rêve qui continue. ,317593,J',PER,,317595,"entends des coups sourds, mono"
t je me dirige vers la grande ,318478,place,MISC,,318483,. Elle est noire de monde cett
Elle est noire de monde cette ,318515,place,MISC,,318520," ! 
Elle est noire de monde et"
"sur son thorax. -- Il avance, ",319259,porté,MISC,,319264,", plutôt que soutenu, par les "
de forme -- le bourreau -- le ,319540,Monsieur,PER,,319548," triste de la nuit dernière. 
"
se. Je la soutiens ; j'aide à ,319864,la,PER,,319866," transporter, de l'autre côté "
"ansporter, de l'autre côté de ",319899,la,PER,,319901," place, chez un pharmacien don"
"porter, de l'autre côté de la ",319902,place,MISC,,319907,", chez un pharmacien dont la b"
"un soir, dans la maison d'une ",320521,vieille,PER,,320528," femme. La vieille femme, à so"
aison d'une vieille femme. La ,320539,vieille,PER,,320546," femme, à son entrée, avait eu"
amné. Il n'avait point tué la ,320847,vieille,PER,,320854," femme, ne l'avait même pas to"
"s au bourreau, à ce misérable ",321533,monsieur,PER,,321541, triste qui désire que tous le
s de deux francs sont en bien ,322369,petit,PER,,322374," nombre, et il y a tant d'affa"
"léchis, plus je trouve que le ",322776,monsieur,PER,,322784, jovial avait raison. On ne gu
"ui. 
XI -- CHEVEUX, BARBES ET ",322912,POSTICHES,PER,,322921," 
Je trouve l'abbé Lamargelle "
"T POSTICHES 
Je trouve l'abbé ",322940,Lamargelle,PER,,322950," chez lui, rue du Bac, au deux"
u deuxième étage d'une grande ,323004,vieille,PER,,323011," maison grise, d'aspect mépris"
 Ida ces dépouilles opimes de ,323736,la,PER,,323738," bourgeoisie. 
– Vous avez bie"
" inconnu. 
– Quoi ! s'écrie l'",324514,abbé,PER,,324518,. Vous en êtes là ! Vous prene
uire à l'horizon l'aube d'une ,326060,ère,PER,,326063, nouvelle. Je veux me joindre 
"il. Autrefois, quand on était ",326196,las,PER,,326199," et dégoûté du monde, on entra"
"it. Aujourd'hui, quand on est ",326318,las,PER,,326321," et dégoûté du monde, on entre"
sur des roulettes ; et que le ,327545,Quatrième,PER,ORG,327554," État, représenté par eux, pro"
"ravail égal, entre l'homme et ",327902,la,PER,,327904, femme... Et j'ai pensé que le
udeur d'ignorer le travail de ,328001,la,PER,,328003, femme... Je leur ai entendu r
rt d'accommoder les restes du ,329043,Capital,PER,LOC,329050," . -- On y tranche, règle, déc"
de défense accordé au putois. ,330131,Transfuge,MISC,,330140, de la bourgeoisie qui pensait
urgeoisie qui pensait trouver ,330179,la,PER,,330181," pâtée, comme d'autres, dans l"
"es, qu'elle est souvent vide. ",330288,Raté,MISC,,330292, fielleux qui laisse apercevoi
e Roger-la-Honte m'a appelé à ,332900,Rouen,PER,LOC,332905, ; il s'agissait d'une taxe ex
"nité, ont sûrement une vision ",333417,nette,PER,,333422," des choses, la prescience de "
"i, Balon le psychologue, avec ",334758,M.,PER,,334760, Talon le sociologue. Qu'y vou
"de la Cause, anachorète de la ",336102,Sociale,MISC,ORG,336109,", moine du Progrès, confesseur"
cher sa soif de progrès et de ,336904,liberté,MISC,,336911,". 
Vie frugale, méthode de tra"
"e, voilà le système de Balon. ",336985,Simplifiée,PER,,336995, ! Que dis-je ? Réduite à sa p
"s de plus, que l'Idée marche. ",337806,Certains,PER,,337814, écumeurs ne seront pas conten
 sais pas trop comment dire : ,338908,Petit,PER,,338913,", noueux, des genoux qui font "
"ugri, d'un porte-manteau pour ",339221,culs-de-jatte,PER,LOC,339234,". 
Comme j'ai eu raison de me "
le corridor. Qu'y a-t-il ?... ,342048,Mme,PER,,342051, Talmasco et moi nous nous pré
"nne encore. Cette fois, c'est ",343183,Mme,PER,,343186," Talmasco qui va ouvrir. 
– Pe"
pagnons qui viennent insulter ,343506,Mme,PER,,343509," Talmasco, lui reprocher ceci,"
tinuent à hurler dans la rue. ,343699,Mme,PER,,343702," Talmasco remonte, tout en lar"
ent se rendre compte que nous ,344058,sommes,MISC,,344064," en pleine période de lutte, q"
es sanglots et les soupirs de ,344439,Mme,PER,,344442," Talmasco, qui persiste à pleu"
"UREUSES 
Alors c'est cela, le ",346190,spectre,PER,,346197," rouge ; c'est cela, le monstr"
qui lui inculque la vanité et ,346490,la,PER,,346492, patience ; qui l'aveugle des 
s splendeurs futures du Quart-,346550,État,MISC,,346554,", existant par lui-même et tra"
"at ne suffisait pas, comme si ",346829,la,PER,,346831, notion du futur était nécessa
mais sa propre misère morale. ,347333,La,PER,,347335, Révolution prend l'aspect d'u
à se hisser dans ce char de l',348106,État,MISC,LOC,348110, qui n'est plus qu'une roulott
 culte du pouvoir absolu de l',348654,État,MISC,LOC,348658,", à leur glorification du cito"
t cessé avec l'existence de l',349293,Individu,PER,MISC,349301,", tous les progrès accomplis p"
"e administrative, qui a tué l'",349742,Individu,PER,MISC,349750,", devienne plus intelligente, "
"es, tous les jésus-christs de ",351405,Bonnat,PER,,351411,". 
Allons, la Bourgeoisie peut"
nelles sont les affaires de l',351827,État,MISC,LOC,351831,. » C'est Royer-Collard qui a 
s affaires de l'État. » C'est ,351841,Royer,PER,,351846,-Collard qui a dit ça ; et il 
h ! je devine : tu as revu la ,352660,petite,PER,,352666," femme du monde... 
– Renée ? "
lle que je voulais te parler. ,352998,J',PER,,353000,avais l'intention de te demand
"ela ; tu t'en repentirais. 
– ",353096,Naturellement,PER,,353109, ; et ça ne m'empêcherait pas 
".. 
– Après s'être échappé de ",353286,Cayenne,PER,LOC,353293, ; je sais ça. Mais en dehors 
" travaux forcés, d'abord ? 
– ",353426,Condamné,PER,MISC,353434, ! s'écrie Ida ; il n'a jamais
st un des chefs-d'œuvre de la ,353675,République,PER,LOC,353685, ; si elle n'avait pas créé le
e l'envoyer finir ses jours à ,353930,Cayenne,PER,LOC,353937," ou à la Nouvelle-Calédonie. 
"
Je ne cherche pas à disculper ,354595,Canonnier,LOC,MISC,354604, ; c'est un voleur de premier 
à un des gros seigneurs de la ,354916,République,PER,MISC,354926,", Ce n'était pas de l'argent q"
"l y a une vingtaine d'années, ",356625,Canonnier,PER,MISC,356634,", qui n'en avait guère que vin"
"me gouvernante, au service de ",356788,M.,PER,,356790," de Bois-Créault, le fameux pr"
général du commencement de la ,356858,République,PER,MISC,356868,. C'était une petite provincia
t sourde à toute autre chose. ,357171,Canonnier,LOC,MISC,357180,", qui faisait alors ses premiè"
 qu'elle eut mis au monde une ,357755,petite,PER,,357761," fille. 
– Et Canonnier, que f"
"e d'un anévrisme. Hélène, que ",358256,Mme,PER,,358259, de Bois-Créault avait invitée
"lle, se trouvait auprès de sa ",358348,mère,PER,,358352, quand ce malheur survint et p
ister à ses derniers moments. ,358418,Mme,PER,,358421," de Bois-Créault, émue de comp"
té ne fut donnée au procès de ,358741,Canonnier,LOC,,358750," ; il fut jugé, condamné et re"
"s... 
– J'ai entendu dire que ",359127,Canonnier,LOC,MISC,359136," était riche. 
– Très riche. S"
"s-Créault... 
– Certainement. ",359620,Mme,PER,,359623, de Bois-Créault la traite com
" fois ensemble, à la messe de ",359805,Saint,PER,,359810, Philippe du Roule ou aux prem
"yeux. Hélène est si jolie, et ",359987,Mme,PER,,359990, de Bois-Créault a l'air d'une
"e la franchise, la dignité et ",360094,la,PER,,360096," bonté. Ah ! oui, c'est une vr"
"i la chose était possible, si ",360211,Canonnier,LOC,MISC,360220," était mort. 
– Elle n'a pas d"
"robablement ? 
– Si. Un fils, ",360291,M.,PER,,360293, Armand de Bois-Créault. Un je
 le père ne met pas le holà ? ,360725,J',PER,,360727,aurais pensé qu'un ancien magi
"s-là, répond Ida en souriant. ",360824,M.,PER,,360826, de Bois-Créault est un homme 
"apprendre, et ce n'est pas la ",360986,mère,PER,,360990, qui irait l'instruire des fre
 la commission dont te charge ,361675,Canonnier,LOC,MISC,361684," ? 
– Tu ne l'imaginerais jama"
d'abominable dans ce que fait ,362255,Canonnier,LOC,MISC,362264, ? Engager sa fille à payer de
"si, sans doute, le cœur de sa ",362580,mère,PER,,362584, adoptive !... Et pourquoi ? P
"e !... Je sais bien que, pour ",362767,Canonnier,PER,MISC,362776,", tous les sentiments ordinair"
"en de mieux à faire... 
– Si. ",363709,J',PER,,363711,attends quelqu'un tantôt. L'ob
"gote noire, en redingote à la ",364624,papa,PER,,364628,". Ah ! homme de robe, tu as un"
" présente l'homme de robe. 
– ",365037,Monsieur,PER,,365045," le professeur Machin, crimina"
"un café. 
Et comment se porte ",365262,Mme,PER,,365265," Montareuil ? Pas trop mal, bi"
"nes. Il a fondé une Revue. 
– ",365987,La,PER,MISC,365989, « Revue Pénitentiaire. » N'en
"Il a fondé une Revue. 
– La « ",365992,Revue,LOC,,365997, Pénitentiaire. » N'en avez-vo
"ntellectuel français. 
– Ah ! ",366253,Monsieur,PER,,366261,", déclare le criminaliste, vou"
p perdu. L'apparition de la « ,366335,Revue,MISC,,366340, Pénitentiaire » a été l'événe
"u point de vue pécuniaire, sa ",366532,Revue,PER,MISC,366537, est un succès ; grâce à certa
s vous condamnerons à lire la ,367226,Revue,PER,MISC,367231, que lisent vos gardiens. » Ah
" mes réflexions. 
– Nous nous ",367375,sommes,MISC,,367381," aussi préoccupés, dit-il, de "
e à un abonnement annuel à la ,367682,Revue,PER,LOC,367687,". 
– C'est presque une affaire"
"resque une affaire faite, dit ",367729,Montareuil,PER,LOC,367739, ; de hauts fonctionnaires du 
", dit le criminaliste, que la ",367940,Revue,PER,MISC,367945, n'est point lue à l'air libre
"e, et souvent même ces lignes ",370018,harmoniques,PER,,370029, et fines qui sont particulièr
a dit ; mais je ne sais point ,370132,s',PER,,370134,il n'a pas été un peu loin. Qu
"ent reconnaître. Ainsi, vous. ",370324,Monsieur,PER,,370332, -- permettez-moi de faire une
a chaise et en regardant sous ,370563,la,PER,,370565, table. Parce que vous n'avez 
int porter des bottines aussi ,370807,pointues,PER,,370815,". Voilà, Monsieur. Ah ! la sci"
", aujourd'hui, c'est celle du ",371059,Voleur,PER,MISC,371065, ; il est vrai qu'elle les con
" Nous vous parlons là, me dit ",371156,Montareuil,PER,LOC,371166,", de choses qui ne doivent pas"
"i, dis-je, je suis ingénieur. ",371347,Ingénieur,PER,,371356, civil. Mais ne croyez pas que
'est superbe... Permettez-moi ,372455,Monsieur,PER,,372463,", de vous féliciter... Mais, j"
inue-t-il en se tournant vers ,372537,Montareuil,PER,LOC,372547,", ne pourriez-vous pas engager"
 ne pourriez-vous pas engager ,372578,monsieur,PER,,372586, votre ami à nous donner un ar
pour le prochain numéro de la ,372671,Revue,PER,,372676, ? Un article dans lequel il d
"ptivant ? 
– En effet, répond ",372810,Montareuil,PER,LOC,372820,". Pourquoi, mon cher Randal, n"
"rse. -- Moi, rédacteur à la « ",373063,Revue,MISC,,373068," Pénitentiaire » ! Non, c'est "
ire le Courrier de Londres et ,373189,Canonnier,LOC,MISC,373198, pour envoyer des Correspondan
et Canonnier pour envoyer des ,373216,Correspondances,LOC,,373231, d'Amérique... Mais le crimina
a décision avec anxiété. Si j',373355,acceptais,PER,,373364," ? Oui, je vais accepter. Il y"
 aura dans ma collaboration à ,373424,la,PER,,373426, Revue une belle dose d'ironie
ra dans ma collaboration à la ,373427,Revue,PER,MISC,373432," une belle dose d'ironie, qui "
avail aux voix fluviales ; je ,374218,préfère,PER,,374225, la trouver dans les voies fer
vre. Le prochain numéro de la ,374428,Revue,LOC,MISC,374433, sera d'un intérêt supérieur. 
de Moralité pour développer l',374611,Idéal,PER,,374616, public. Je n'ai plus qu'à en 
"n bon coup de seringue. 
La « ",375136,Revue,MISC,,375141, Pénitentiaire » a paru ; et m
s sur la moralité publique. » ,375279,J',PER,,375281,y étudiais l'action heureuse e
 en passant sous le tunnel du ,375788,Père,MISC,,375792,-Lachaise. Je sautais sans emb
assant sous le tunnel du Père-,375793,Lachaise,LOC,,375801,. Je sautais sans embarras du 
sautais sans embarras du plus ,375836,petit,PER,,375841," au plus grand, et je présenta"
stant fait par les Anglais du ,376170,Metropolitan,PER,,376182, Railway. Je démontrais que le
r les Anglais du Metropolitan ,376183,Railway,MISC,,376190,. Je démontrais que le manque 
s que la haute moralité de la ,376437,Suisse,PER,LOC,376443,", contrée accidentée, provient"
d'une visite ; celle de Jules ,378071,Mouratet,PER,,378079,", un de mes camarades de collè"
à la tête de la Direction des ,378380,Douzièmes,MISC,,378389," Provisoires, une nouvelle Dir"
"ilà, à son âge, Directeur des ",378695,Douzièmes,MISC,,378704," Provisoires ; et, même, il se"
"e intérieur est ravissant, et ",379559,Mme,PER,,379562, Mouratet est une des femmes l
"vantage, un des piliers de la ",380242,République,PER,LOC,380252,". 
– Ah ! dit Mouratet, on lui"
"en des choses, à cette pauvre ",380324,République,PER,MISC,380334, ! Mais n'est-ce pas encore le
tellectuelle de la nation. La ,380655,République,PER,,380665, française est la République a
. La République française est ,380680,la,PER,,380682, République athénienne... Mais
a République française est la ,380683,République,PER,,380693," athénienne... Mais, à propos,"
", sans ton article dans cette ",380970,Revue,PER,,380975," de Montareuil, je n'aurais pa"
n article dans cette Revue de ,380979,Montareuil,PER,,380989,", je n'aurais pas su où aller "
s artistes de la Renaissance. ,381309,Léonard,PER,,381316," de Vinci, par exemple... Ah !"
"nsitives... 
– La névrose est ",381654,la,PER,,381656, maladie de l'époque. Mais j'e
nques ; j'aime mieux aller au ,382139,Cirque,PER,LOC,382145, qu'en soirée. Mais Mouratet i
omptueuse maison du boulevard ,382415,Malesherbes,PER,,382426,". 
Je ne suis pas plutôt annon"
"ur, que votre étude dans la « ",382733,Revue,MISC,,382738, Pénitentiaire » m'a donc amus
gaie. Je n'aime rien tant que ,384081,la,PER,,384083," gaîté. 
– Alors, vous vous en"
"t-ce amusant, une soirée chez ",385191,Mouratet,PER,ORG,385199," ? Comme ci, comme ça. C'est a"
"rcé de fréquenter, le jour de ",385920,Jugement,PER,,385928," dernier, dans la vallée de Jo"
"nt dernier, dans la vallée de ",385956,Josaphat,PER,,385964,"... Elle n'est pas mal, décidé"
"n ; elle est fort grecque, la ",386064,République,PER,,386074," athénienne. 
Ah ! cette Répub"
"lique athénienne. 
Ah ! cette ",386099,République,PER,MISC,386109,", qui n'est même pas une monar"
st même pas une Corinthe !... ,386203,Quelle,PER,,386209," dèche, mon Empereur ! 
Je vou"
"rinthe !... Quelle dèche, mon ",386221,Empereur,PER,,386229," ! 
Je voudrais bien parler à "
", dit-elle en me laissant une ",386415,place,MISC,,386420, à côté d'elle ; le pianiste c
s retrouver ce soir en madame ,387362,Mouratet,PER,,387370,. Je m'y attendais si peu que 
ander un autre morceau ; la « ,387764,Marche,PER,,387770," des Monts Carpates. » 
Elle r"
tre morceau ; la « Marche des ,387775,Monts,MISC,,387780," Carpates. » 
Elle revient une"
qui fait valoir son charme de ,387905,Parisienne,PER,LOC,387915,". 
– Ça y est. Je lui ai dit q"
portez une pince-monseigneur. ,388422,J',PER,,388424,en entends parler depuis si lo
", je vous ferai une surprise. ",388565,J',PER,,388567,inviterai les trois personnes 
"out prendre, que le cachet du ",389294,Directeur,PER,,389303, des Douzièmes Provisoires ? C
ue le cachet du Directeur des ,389308,Douzièmes,MISC,,389317, Provisoires ? C'est peu proba
tenir moins qu'on n'espérait. ,390582,J',PER,,390584,"ai volé cent sous. 
J'ai appor"
fort difficile de leur passer ,391034,la,PER,,391036, main sous le menton. Mais on 
"est certain, par exemple, que ",392384,Mme,PER,,392387," Courbassol qui, je crois, vou"
"s je sois liée... 
Halte-là ! ",392774,Renée,MISC,PER,392779, est charmante ; c'est une bon
dit l'axiome si vrai de Bussy-,393057,Rabutin,MISC,,393064,", volé par Napoléon. Il ne fau"
"iers, femmes du monde qui ont ",394112,la,PER,,394114," désinvolture des cocottes, ho"
n persil !... Tiens ! elle me ,394389,salue,MISC,,394394,. Je rends le salut... Qui est
". C'est Margot, Marguerite, l'",394684,ancienne,PER,,394692, femme de chambre de Mme Monta
'ancienne femme de chambre de ,394713,Mme,PER,,394716," Montareuil. 
– Enfin, te voil"
 je suis fort heureux de voir ,394942,Margot,PER,,394948,", Je lui explique que mes occu"
 renvoyée sans certificat par ,395522,Mme,PER,,395525," Montareuil, à la suite de ce "
" par Courbassol, le député de ",396398,Malenvers,PER,MISC,396407,. Tu connais ? C'est lui qui m
in cette paire de solitaires. ,396481,Jolis,PER,MISC,396486,", hein ? Tu sais, Courbassol s"
"se... Demain, Courbassol va à ",396661,Malenvers,PER,MISC,396670,", avec sa bande, pour prononce"
e son portefeuille. Je vais à ,396837,Malenvers,PER,MISC,396846," avec lui, naturellement... Tu"
oce qui me forcera à rester à ,397072,Malenvers,PER,MISC,397081,", et tu y demeureras, toi auss"
"t tu y demeureras, toi aussi. ",397114,J',PER,,397116,irai envahir ta chambre... Ah 
es qui descendent l'allée des ,397570,Acacias,PER,LOC,397577, ; et elle se retourne pour m'
"intiller ses brillants. 
Ah ! ",397687,Marguerite,PER,,397697, de Vaucouleurs !... Tu prends
.. Tu prends ta revanche ; et ,397745,Mme,PER,,397748, Montareuil aurait sans doute 
"e ! 
XIV -- AVENTURES DE DEUX ",398281,VOLEURS,PER,,398288,", D'UN CADAVRE ET D'UNE JOLIE "
"OLEURS, D'UN CADAVRE ET D'UNE ",398312,JOLIE,PER,,398317," FEMME 
Si j'étais bavard, je "
"l'âme de la France, quoi ! 
– ",399036,Malenvers,PER,,399045," ! Malenvers !... 
On descend."
"France, quoi ! 
– Malenvers ! ",399048,Malenvers,PER,MISC,399057," !... 
On descend. La ville es"
ile qui peuvent s'appliquer à ,399306,Malenvers,PER,MISC,399315,". Moi, je ne fais pas de descr"
"leur. 
La ville est pavoisée (",399465,Quelle,PER,,399471, ville curieuse !) Des voiture
"et très médaillée, exécute la ",400265,Marseillaise,PER,MISC,400277, ; et au dernier soupir du tro
"e, le sourire sur les lèvres. ",400454,M.,PER,,400456, le maire rend hommage aux gra
mmage aux grandes qualités de ,400503,Courbassol,PER,LOC,400513,", à ses talents supérieurs qui"
"our n'est peut-être pas loin, ",400850,Messieurs,PER,MISC,400859, ! -- à la tête du gouvernemen
" en un gentil compliment, « à ",401549,Mme,PER,,401552," Courbassol, la vertueuse et d"
"ciller, remercie au nom de la ",401685,République,PER,MISC,401695,", embrasse la petite fille, et"
enaire. La fanfare reprend la ,401801,Marseillaise,PER,MISC,401813," et la foule hurle : 
– Vive l"
"t la foule hurle : 
– Vive la ",401845,République,PER,,401855," ! Vive Courbassol !... 
Les v"
tuitement au service du futur ,401939,ministre,PER,,401947," et de sa suite, sont prises d"
"eur langage peu châtié, et un ",403244,monsieur,PER,,403252," taciturne, au, teint basané, "
 comme nous passons devant la ,403588,Halle,PER,,403593, aux Plumes -- un vieux bâtime
 d'empêcher qu'on lui rende l',403956,Égypte,PER,LOC,403962,". 
Ça m'est égal. Moi, je pens"
"ini ? 
– Mettons sept heures. ",405557,Monsieur,PER,,405565,". À sept heures, je vous prome"
a nature et ne sait même plus ,408033,la,PER,,408035," voir, de l'homme qui se marty"
" à sept heures et demie, à la ",409017,Halle,PER,LOC,409022," aux Plumes, et ses affaires, "
es domestiques sont déjà à la ,409411,Halle,PER,LOC,409416," aux Plumes, sans doute, avec "
"n, derrière le rideau. Je m'y ",410386,place,MISC,,410391, et je cherche à me rappeler e
rche à me rappeler exactement ,410431,la,PER,,410433, disposition du bureau. Tout à
"s vont déposer sur le lit. 
– ",410949,Dieu,MISC,,410953, ! que c'est lourd ! dit l'hôt
"sera pour cette nuit... Vous, ",412156,Annette,PER,MISC,412163,", continue-t-il en s'adressant"
" sous, ça fait cinq francs... ",412650,Bien,MISC,,412654," entendu, Annette, ajoute-t-il"
" cinq francs... Bien entendu, ",412664,Annette,PER,MISC,412671,", ajoute-t-il, vous laisserez "
ne situation ! Que faire ?... ,413217,J',PER,,413219,entends l'hôtelier et sa femme
dor. La porte s'ouvre ; c'est ,413798,Annette,PER,MISC,413805,". 
– Eh ! bien, dit-elle à Jér"
"pas une chandelle romaine. 
– ",414325,J',PER,,414327,ai bien envie d'aller avec toi
"es domestiques non plus... 
– ",414462,Jamais,PER,,414468, de la vie ! s'écrie Annette. 
"irs, aux moustaches cirées... ",415886,la,PER,,415888," tête du mouchard... 
Le mouch"
"t ses bras, et son torse ; et ",415987,le,PER,,415989, voici sur ses pieds. Il s'ava
" a vu mon mouvement, et étend ",416437,la,PER,,416439," main. 
– N'aie pas peur ! Je "
rien à craindre. Je m'appelle ,416664,Canonnier,PER,MISC,416673,". 
– Canonnier ! C'est vous, C"
"e. Je m'appelle Canonnier. 
– ",416678,Canonnier,LOC,,416687," ! C'est vous, Canonnier ?... "
"r. 
– Canonnier ! C'est vous, ",416702,Canonnier,PER,MISC,416711," ?... C'est vous ?... 
– Oui, "
".. Comment t'appelles-tu ? 
– ",416865,Randal,MISC,PER,416871,". 
– Alors, moi aussi j'ai ent"
i j'ai entendu parler de toi. ,416921,J',PER,,416923,avais même l'intention de te v
tendais pas à te rencontrer à ,417044,Malenvers,PER,MISC,417053,. Le hasard est un grand maîtr
nvers. Le hasard est un grand ,417078,maître,PER,,417084,". Ah ! j'ai bien ri, en moi-mê"
"e temps. 
– Au contraire, dit ",417534,Canonnier,LOC,MISC,417543,. Ne nous pressons pas. Attend
"met à hausser les épaules. 
– ",417862,Regarde,MISC,,417869,"-moi ce cadavre, là, ce corps "
"i ce cadavre, là, ce corps de ",417902,vieille,PER,,417909, femme que ses enfants auraien
imentalisme !... Ah ! assez d',418511,oraison,PER,,418518," funèbre. Dis donc, je ne pens"
" j'ai rendez-vous ce soir. 
– ",418868,Mes,PER,,418871," félicitations. Moi, je suis v"
partir. Tu vas me comprendre. ,418966,J',PER,,418968,"ai quitté les États-Unis, il y"
x lieues environ au-dessus de ,419160,Malenvers,PER,MISC,419169,", et j'y attendais depuis deux"
"
– Comment, une occasion ? 
– ",419271,Naturellement,MISC,,419284,. Mon départ d'Amérique a été 
int d'autre raison d'être que ,419708,la,PER,,419710," facilité de l'espionnage. Or,"
 et arrêté deux heures après. ,419930,J',PER,,419932,ai donc envoyé mes bagages à P
de Courbassol me l'a fournie. ,420143,J',PER,,420145,"ai pris à R., ce matin, le tra"
"quent, pour un collègue de la ",420500,Sûreté,PER,,420506," Générale ; mais, en temps ord"
pour un collègue de la Sûreté ,420507,Générale,PER,,420515," ; mais, en temps ordinaire, j"
"rotechniciens. 
– Allons, dit ",421198,Canonnier,LOC,,421207, en se levant ; c'est le momen
" dans la main gauche et, dans ",422657,la,PER,,422659," main droite, son chapeau où s"
"emporter, puisque tu restes à ",423244,Malenvers,PER,MISC,423253,. Elles partiront pour Londres
", sont appuyés contre le mur. ",423714,Canonnier,LOC,MISC,423723," en prend un, arrache l'étoffe"
" papiers. 
– À merveille, dit ",423930,Canonnier,LOC,MISC,423939, en boutonnant son gilet. Je f
n !... Des billets de mille ; ,424536,mazette,PER,,424543," !... Quatre, cinq... Neuf, di"
ue moi... Voici cinq billets. ,424727,Mets,LOC,,424731,"-les dans ta poche, et allons-"
"oute la monnaie blanche, fait ",424853,Canonnier,LOC,MISC,424862, en passant devant la caisse f
nous dirigeons vers la grande ,425249,place,MISC,,425254, et nous avons la joie d'assis
comme nous quittons la grande ,426021,place,MISC,,426026,". 
– Je pensais qu'il est fort"
"e... 
Nous arrivons devant la ",427782,Halle,PER,,427787," aux Plumes. 
– Quel tas de lu"
" bavards, là-dedans ! murmure ",427853,Canonnier,LOC,,427862,", ils vont être gavés, bientôt"
"à dix heures, sur la place du ",428649,Carrousel,PER,LOC,428658,", devant le monument de Gambet"
vant le monument de Gambetta. ,428692,Convenu,PER,,428699, ? Bien. Je te quitte ; je vai
"le, songeant à ce que m'a dit ",428961,Canonnier,PER,MISC,428970,", à ce qu'il m'a laissé entend"
ans but m'a ramené près de la ,429404,Halle,PER,LOC,429409, aux Plumes. J'y entre ; car o
 permettre aux bonnes gens de ,429501,Malenvers,PER,MISC,429510, qui n'ont point pris part au 
"ation ; et, vers le milieu de ",431007,la,PER,,431009," table, debout, avec des geste"
"on. Il la déclame, non pas en ",431976,Robert,PER,,431982,"-Macaire, ni même en Bertrand,"
"la déclame, non pas en Robert-",431983,Macaire,PER,,431990,", ni même en Bertrand, mais en"
"Bertrand, mais en Courbassol. ",432033,La,PER,,432035," voix est lourde, monotone, fa"
"t de prudence, s'efforcent de ",432439,la,PER,,432441, retenir dans l'ornière de la 
"ai la conviction profonde, la ",432916,Chambre,PER,ORG,432923, va montrer par son vote qu'el
"ée et sublime, à la face de l'",433222,Europe,PER,LOC,433228," ! 
Alors, c'est du délire. De"
 délire. Des applaudissements ,433277,frénétiques,PER,,433288, font trembler la Halle aux Pl
 frénétiques font trembler la ,433306,Halle,PER,,433311, aux Plumes sur sa base. On ve
"d'une demi-minute. 
– Vive la ",433549,République,PER,,433559, ! Vive Courbassol ! hurle la 
e la confusion pour me serrer ,433687,la,PER,,433689," main, en signe d'intelligence"
-il ? Qu'y a-t-il ? demandent ,433871,Courbassol,PER,LOC,433881,", Machinard et plusieurs autre"
"-t-il ? demandent Courbassol, ",433883,Machinard,PER,LOC,433892, et plusieurs autres en se pré
" 
– Tenez, Messieurs, tenez ! ",434026,Regardez,PER,,434034, la caisse ! Voyez le secrétai
"uel malheur !... 
Courbassol, ",434190,Machinard,PER,LOC,434199, et plusieurs autres font pleu
" parapluies, et leurs cannes. ",434546,Margot,PER,,434552, ne les suit pas ; elle vient 
re dans le bureau de l'hôtel. ,435318,Margot,PER,,435324,", assise à côté de l'hôtelière"
"eveux, de la main gauche ; de ",435900,la,PER,,435902," main droite, il tient le vieu"
"rt derrière la glace. 
– Ah ! ",436000,Monsieur,PER,,436008,", que nous avons du malheur ! "
te la soirée à la porte de la ,436199,Halle,PER,,436204, aux Plumes au lieu de patroui
i donner de mes nouvelles par ,436583,M.,PER,,436585," Courbassol... 
Annette, tout "
"uvelles par M. Courbassol... 
",436601,Annette,PER,MISC,436608,", tout en larmes, me conduit à"
est pas celle où est morte la ,436687,vieille,PER,,436694, femme ; tant mieux ; quoique 
ité sur le vol d'hier ? C'est ,437508,la,PER,,437510, femme de chambre qui m'a raco
s avaient chez eux la mère de ,437618,la,PER,,437620," femme, une vieille qui était "
" eux la mère de la femme, une ",437632,vieille,PER,,437639, qui était morte dans l'après-
! -- Toutes les valeurs de la ,437756,vieille,PER,,437763, étaient dans le secrétaire ; 
tu penses si l'on doit rire à ,438035,Malenvers,PER,MISC,438044,". Le coup était mal monté, à m"
" avis ; car enfin, le mari et ",438106,la,PER,,438108, femme qui s'absentent ensembl
es becs de gaz de la place du ,438536,Carrousel,PER,LOC,438545,. Dix heures un quart. J'atten
rrousel. Dix heures un quart. ,438568,J',PER,,438570,attends Canonnier depuis vingt
"ace, le monument de Gambetta. ",439220,Quelle,PER,,439226," chose abjecte, cette colonne "
ouris déclouée de la porte du ,439485,Grenier,LOC,,439492, d'Abondance -- qui n'a plus b
"ze heures, et toujours pas de ",439594,Canonnier,LOC,MISC,439603,", C'est embêtant ; j'aurais bi"
les soirs pendant un mois sur ,439738,la,PER,,439740, place du Carrousel. J'ai reçu
ndant un mois sur la place du ,439750,Carrousel,PER,LOC,439759,". J'ai reçu, en rentrant chez "
is sur la place du Carrousel. ,439761,J',PER,,439763,"ai reçu, en rentrant chez moi,"
'ai beau regarder du côté des ,439930,guichets,LOC,,439938, qui donnent sur le quai et du
 du côté de ceux de la rue de ,439995,Rivoli,MISC,,440001,", je n'aperçois pas mon homme."
vengeur désigne la trouée des ,440207,Vosges,MISC,,440213," -- à l'ouest. 
Allons-nous-en"
"ends, il y en a, du nouveau ! ",440652,Canonnier,LOC,MISC,440661," est ici, et sa fille aussi..."
"cela ? 
– On savait, continue ",441987,Canonnier,LOC,MISC,441996,", que c'était pour venir cherc"
faisait surveiller l'hôtel de ,442269,M.,PER,,442271," de Bois-Créault, où demeurait"
"ouchard. 
– Comment ! s'écrie ",443030,Canonnier,LOC,MISC,443039," ; ce n'est pas... 
– Non, mil"
", si le gouvernement français ",443449,la,PER,,443451," demande, car tu n'es pas cond"
cendre et l'emmener avec moi. ,444053,Regarde,PER,,444060, par la fenêtre. Une fois que 
ette le moment où l'homme que ,444484,Canonnier,PER,MISC,444493, prend pour un mouchard aura l
"le, comment vous portez-vous, ",444773,Issacar,PER,MISC,444780," ? 
– Comment ! c'est vous ! s"
"user votre invitation, répond ",445175,Issacar,PER,MISC,445182, ; mais en ce moment je suis f
 du louche dans la conduite d',445320,Issacar,PER,MISC,445327,. Occupé ! Vous osez me racont
sse d'un restaurant de la rue ,445908,Lafayette,PER,LOC,445917,". 
– Non, me dit Issacar au de"
"rue Lafayette. 
– Non, me dit ",445934,Issacar,PER,MISC,445941," au dessert, non, je n'ai poin"
ne au Congo ; tant s'en faut. ,446013,J',PER,,446015,y ai perdu tout l'argent que j
u'ils se rencontrent. Je suis ,447145,Israélite,PER,MISC,447154, et j'en sais quelque chose. L
"'on n'égala pas, la misère et ",447706,la,PER,,447708, bêtise ; dont le plus grand n
"en profitant de son mieux. 
– ",447844,Naturellement,PER,,447857,. Je vous parle du plus grand 
es de ces gens-là et celles d',448584,Israélites,PER,MISC,448594, qui ont la notion du caractèr
t celles d'Israélites qui ont ,448603,la,PER,,448605, notion du caractère et des te
"ociale, et qui n'en connaisse ",449128,la,PER,,449130, cause. Pas un qui ne soit dis
" de bourses, demain gendarme. ",449592,Notre,MISC,,449597, logique est dans nos idées --
ns nos actes. La connaissance ,449689,nette,PER,,449694, des choses est déjà pour nous
la tête couronnée d'épines... ,450557,Ecce,PER,,450561, homo  !... Hé ! qu'il reste à
"de la Loi ! 
– Et, dites-moi, ",450826,Issacar,PER,MISC,450833,", n'avez-vous pas les doigts, "
"là ? 
– Toute la main, répond ",450935,Issacar,PER,MISC,450942,. Je ne veux pas vous le cache
"en souffrent encore. 
– C'est ",451129,Courbassol,PER,MISC,451139, qui va être nommé président d
este d'indignation. Comment ! ,452858,Issacar,PER,MISC,452865,", vous en êtes là !... Vous fa"
"!... 
– Pourquoi pas ? répond ",452933,Issacar,PER,MISC,452940,". Vous êtes admirable, vraimen"
e ? Ah ! non ; je n'engage ma ,453229,liberté,MISC,,453236, ni à droite ni à gauche ; je 
s deux autres. Il y a aussi l',453584,Artiste,PER,MISC,453591," ; mais, dans la Société actue"
".. 
– Vous le savez, continue ",453711,Issacar,PER,MISC,453718,", je suis Juif ; et par conséq"
"ez, continue Issacar, je suis ",453728,Juif,PER,MISC,453732," ; et par conséquent, tout à f"
ainement pas moyen de retenir ,454391,Issacar,PER,MISC,454398, davantage. N'importe ; Canonn
ssacar davantage. N'importe ; ,454422,Canonnier,LOC,MISC,454431, et sa fille ont pu mettre le 
"éjà, sans doute, à la gare du ",454515,Nord,LOC,,454519,", il faudra que je prenne le t"
 compte de ce qui se passe... ,455020,Dieu,MISC,,455024, de Dieu ! C'est Canonnier ! P
de ce qui se passe... Dieu de ,455028,Dieu,MISC,,455032, ! C'est Canonnier ! Pourvu qu
passe... Dieu de Dieu ! C'est ,455041,Canonnier,PER,MISC,455050," ! Pourvu qu'Issacar... 
Mais "
" ! Pourvu qu'Issacar... 
Mais ",455080,Issacar,PER,MISC,455087, n'est plus là. Il a sauté dan
 par Issacar aux mouchards de ,455499,la,PER,,455501, frontière... Que faire ?... R
a frontière... Que faire ?... ,455530,Rien,MISC,,455534,". J'ai beau me creuser la, têt"
tière... Que faire ?... Rien. ,455536,J',PER,,455538,"ai beau me creuser la, tête, j"
-je pas expliqué les choses à ,455641,Issacar,PER,MISC,455648,", tout à l'heure ?... Il n'a p"
s convaincu qu'il aurait aidé ,455760,Canonnier,LOC,MISC,455769," à échapper, si je lui avais d"
 solitude redouble mon ennui. ,456282,Sept,MISC,,456286, heures. Je sors. Je vais alle
"ux-tu qu'on prenne, mon ami ? ",457323,Réfléchis,MISC,,457332, un peu. Qui ? Ils ne sont pas
" vous jure, répond la voix de ",458161,la,PER,,458163, femme de chambre. Madame est 
"près, on frappe à la porte de ",458386,la,PER,,458388," chambre. 
– Mon cher ami, vou"
"ez-moi, sacredié ! C'est moi, ",458469,Machinard,PER,ORG,458478,". 
– Réponds, murmure Margot ;"
"rr !... 
– Bien, bien, répond ",458669,Machinard,PER,ORG,458678,. C'est tout ce que je voulais
seil et le portefeuille de la ,458881,Justice,PER,MISC,458888,. Je compte sur votre exactitu
ns. Rappelez-vous que c'est l',459003,Intérieur,PER,,459012," qu'il me faut. 
– Humrrr !..."
z-vous bien de me réserver la ,459140,Marine,PER,ORG,459146,". 
– Humrrr !... 
– Et mes con"
iez pas de me désigner pour l',459268,Agriculture,PER,LOC,459279,". 
– Humrrr !... 
Puis, on ent"
aire de moi un ministre de la ,459581,Justice,PER,MISC,459588," ! 
– Et puis, après ? dit Mar"
elle me demande mon adresse à ,459819,Londres,PER,LOC,459826, ; elle viendra peut-être me f
 visite dans quelque temps... ,459894,J',PER,,459896,en serai enchanté. Je lui donn
" va être heureux, Courbassol. ",460123,Ministre,PER,,460131, de la Justice ! Quel honneur 
"x, Courbassol. Ministre de la ",460138,Justice,PER,,460145, ! Quel honneur ! -- Quel honn
 -- Quel honneur même pour la ,460192,Justice,PER,MISC,460199,", car enfin Courbassol n'est p"
"me pour la Justice, car enfin ",460211,Courbassol,PER,LOC,460221, n'est peut-être encore que l'
"HELINE DE PAR LA LOI 
Nous ne ",460559,sommes,MISC,,460565, plus qu'à une demi-heure de B
"moirs d'argent, aux initiales ",461406,J.-J.B.,PER,MISC,461413,", qu'il a déposée dans le file"
d'un liquide contenu dans une ,461736,petite,PER,,461742, fiole que je portais dans mon
que sous les narines du vieux ,461972,monsieur,PER,,461980,. La tête du vieux monsieur se
es narines du vieux monsieur. ,461982,La,PER,,461984, tête du vieux monsieur se rej
ux monsieur. La tête du vieux ,461999,monsieur,PER,,462007," se rejette en arrière, la bou"
"tent, et c'est tout. Le vieux ",462141,monsieur,PER,,462149, se réveillera deux ou trois m
arrivée du train à Bruxelles. ,462224,J',PER,,462226,ai une grande expérience de ce
e précaution ; je reprends ma ,462377,place,MISC,,462382, et je déplie un journal où l'
ttre en usage sur la ligne du ,462541,Nord,LOC,,462545,". Allons, il ne sera pas trop "
 jette un regard sur le vieux ,462767,monsieur,PER,,462775, ; ses mains se crispent et il
"hôtel du Roi Salomon. 
– Ah ! ",463165,monsieur,PER,,463173, Randal ! s'écrie l'hôtelière 
"e... 
– Et puis, et puis !... ",463346,M.,PER,,463348," Canonnier, l'avez-vous vu ? 
"
". 
– Et puis, et puis !... M. ",463349,Canonnier,LOC,PER,463358,", l'avez-vous vu ? 
– M. Canon"
"anonnier, l'avez-vous vu ? 
– ",463380,M.,PER,,463382," Canonnier ? Je crois bien, qu"
"nnier, l'avez-vous vu ? 
– M. ",463383,Canonnier,LOC,PER,463392," ? Je crois bien, que je l'ai "
impe l'escalier au plus vite. ,463564,Canonnier,LOC,MISC,463573," est ici !... Alors, qu'est-ce"
"ée. 
– Enfin ! c'est toi, dit ",463923,Canonnier,LOC,MISC,463932, qui vient m'ouvrir. Je commen
rop tard. Et il ne faudra pas ,464223,m',PER,,464225,"imiter demain, car il est néce"
 Londres à la première heure. ,464306,J',PER,,464308,ai à faire ici dans deux ou tr
as rester ici bien longtemps. ,464602,J',PER,,464604,ai déjà fait porter mes bagage
s à la consigne de la gare du ,464664,Nord,LOC,,464668, et j'ai télégraphié à Paterno
ent. Tu sais ce qu'il donne ? ,464837,Mille,LOC,,464842, livres sterling. Il n'y a pas
"ésirons dîner. 
– Ici, répond ",465069,Canonnier,LOC,MISC,465078, ; dans ce salon. Nous serons 
uant une porte qui donne dans ,465209,la,PER,,465211, pièce où nous nous trouvons. 
e servante met le couvert sur ,465938,la,PER,,465940," table du salon. 
– Je vais te"
 je ne veux pas t'en faire un ,466594,mystère,PER,,466601, ; d'autant moins que je désir
largement à mes combinaisons. ,466676,J',PER,,466678,"ai besoin d'un homme instruit,"
i laisser deviner ce que nous ,468057,sommes,MISC,,468063," l'un, et l'autre. Elle me pre"
 les revues. Il ne faut point ,468257,l',PER,,468259,"effaroucher du premier coup, m"
"lle comprenne. Je reviens... 
",468388,Canonnier,LOC,MISC,468397, disparaît derrière la porte q
s colères personnelles et des ,468917,rancunes,LOC,,468925, individuelles ; et l'hallali 
"ne grande jeune fille, belle. ",469565,Malgré,PER,,469571," la masse de ses cheveux, d'un"
"la Française, l'expression de ",469797,la,PER,,469799, tête ne contredit point celle
" de mon arrivée, et nous nous ",470986,sommes,MISC,,470992," mis à table. 
– Non, Monsieur"
"x fois à Dieppe, trois fois à ",471141,Dinard,MISC,LOC,471147,", une fois à Nice et au Mont-D"
"u as raison de l'espérer, dit ",471284,Canonnier,LOC,MISC,471293, ; nous partirons demain matin
"t vite. 
– Est-ce votre avis, ",471560,monsieur,PER,,471568," Randal ? 
– Oh ! si tu demand"
 songent qu'au nivellement de ,471709,la,PER,,471711," Suisse. 
– Et ces utopistes p"
ngent qu'au nivellement de la ,471712,Suisse,PER,LOC,471718,". 
– Et ces utopistes politiqu"
"ue de chimères. Figurez-vous, ",471807,Mademoiselle,PER,MISC,471819,", que votre père avait trouvé "
ution de la question d'Alsace-,471895,Lorraine,PER,,471903,. Il proposait qu'on y reconst
"ai lu dernièrement, dans la « ",472272,Revue,MISC,,472277," Pénitentiaire », un article d"
 article de vous intitulé : « ,472327,La,PER,,472329, Kleptomanie devant la machine
"nt paraître telles en France, ",472475,Mademoiselle,PER,MISC,472487,", dis-je effrontément ; mais e"
"nt. 
– Oh ! j'ai appris toute ",472956,seule,MISC,,472961,". Au couvent, c'était très gen"
! j'ai appris toute seule. Au ,472966,couvent,LOC,,472973,", c'était très gentil. Les sœu"
ler le matin en criant : Vive ,473056,Jésus,PER,MISC,473061, ! Nous répondions : Vive Jésu
ésus ! Nous répondions : Vive ,473087,Jésus,PER,,473092," ! les yeux encore mi-clos, et"
" à peu près sur le même ton. 
",473183,Canonnier,LOC,MISC,473192," fait la grimace. 
– L'instruc"
".. Ainsi, une de mes amies de ",473491,"couvent,",PER,,473499, qui s'était mariée à dix-huit
t cédé à des entraînements... ,473667,Certains,PER,,473675, hommes manquent tellement de 
"– Le loup n'y est jamais, dit ",474036,Canonnier,LOC,MISC,474045," ; il est dans la bergerie, en"
"ue pas, assure audacieusement ",474313,Canonnier,LOC,MISC,474322,. Dieu merci ! il y a encore d
ure audacieusement Canonnier. ,474324,Dieu,MISC,,474328, merci ! il y a encore des gen
"n étrange, comme la nervosité ",474522,amère,PER,,474527," de l'ironie qu'on dompte, com"
is déshonoré leur victoire... ,475073,Père,MISC,PER,475077,", est-ce que tu n'as pas aussi"
" avec les déshérités, s'écrie ",475208,Canonnier,LOC,MISC,475217," qui oublie son rôle, ce ne se"
"le dans les yeux d'Hélène. 
– ",475510,Père,MISC,PER,475514,", demande-t-elle en se penchan"
" tu crois à la force ? 
– Mon ",475598,Dieu,MISC,,475602," ! mon enfant, répond Canonnie"
 être encore dans le salon de ,475869,Mme,PER,,475872, de Bois-Créault ; on y parlai
"it tellement délicieuse, chez ",476100,Mme,PER,,476103, de Bois-Créault ! Je ne manqu
"tain de son père. 
– Je vois, ",476370,Mademoiselle,PER,MISC,476382,", que vous étiez fort occupée "
" sont des hommes d'ordre, dit ",476881,Canonnier,LOC,MISC,476890, ; ils veulent mettre les pauv
"de ceux qui en possèdent, dit ",477534,Canonnier,LOC,MISC,477543,". 
– Et qu'est-ce que c'est qu"
"st-ce que c'est que l'argent, ",477585,père,PER,,477589," ? 
– Demande à Randal. 
– Non"
"l'argent, père ? 
– Demande à ",477605,Randal,MISC,PER,477611,". 
– Non, Mademoiselle, ne me "
"es sont sorties, puisque nous ",477914,sommes,MISC,,477920," entre la poire et le fromage,"
" la tête, font irruption dans ",478431,le,PER,,478433, salon. Nous nous levons tous 
"ommes, qui tient un papier de ",478514,la,PER,,478516, main gauche et dont la main d
" d'un pistolet, s'approche de ",478626,Canonnier,LOC,MISC,478635,". 
– Vous êtes le nommé Canonn"
"onnier. 
– Vous êtes le nommé ",478659,Canonnier,LOC,MISC,478668,", Jean-François ?... J'ai un m"
"Canonnier, Jean-François ?... ",478689,J',PER,,478691,ai un mandat d'arrêt décerné c
 la mort qu'il va ; car c'est ,479198,la,PER,,479200," mort, la mort lente, hideuse "
"qu'il va ; car c'est la mort, ",479207,la,PER,,479209," mort lente, hideuse et bête, "
 jamais dans les marécages de ,479294,Cayenne,PER,LOC,479301,. Mais il sait qu'il est inuti
" Canonnier. Cette fois-ci, il ",479922,salue,MISC,,479927," obséquieusement. 
– Mademoise"
"colère. 
– Non, certainement, ",480185,Mademoiselle,PER,MISC,480197,", mais... 
– Eh ! bien, je vou"
"Peut-être, car la proposition ",480843,ébauchée,PER,,480851, par le policier était certain
"du présent ? 
– Certainement, ",482065,Mademoiselle,PER,MISC,482077, ; je n'ai point l'honneur d'ê
appréhendez de retourner chez ,482620,Mme,PER,,482623, de Bois-Créault ; vous pensez
ès honorables et très riches. ,482924,M.,PER,,482926, de Bois-Créault est un ancien
"uis bien renseigné. Son fils, ",483211,M.,PER,,483213," Armand de Bois-Créault, n'a p"
vie à grandes guides. Quant à ,483337,Mme,PER,,483340," de Bois-Créault, c'est une fe"
e me la figure un peu comme l',483447,Égérie,PER,LOC,483453, vieillie de Numas en simarres
– Je ne sais pas si c'est une ,483606,Égérie,MISC,LOC,483612,", dit froidement Hélène. Je sa"
"ppris, j'en suis sûre, que ma ",484429,mère,PER,,484433, est morte il y a quatre ans e
i qu'elle était au service de ,484517,Mme,PER,,484520, de Bois-Créault et que je me 
 dame au moment où ce malheur ,484599,survint,PER,,484606,. Mme de Bois-Créault résolut 
moment où ce malheur survint. ,484608,Mme,PER,,484611, de Bois-Créault résolut de ne
ns quand je vins habiter chez ,484956,Mme,PER,,484959, de Bois-Créault ; j'étais jol
" trois ans, il est mon amant. ",485325,Mme,PER,,485328," de Bois-Créault, cette femme "
 je ne le sais pas davantage. ,485513,J',PER,,485515,ai entendu dire que les voleur
font respirer du chloroforme. ,485668,Mme,PER,,485671, de Bois-Créault connaissait a
édés des voleurs... Depuis... ,485750,Depuis,MISC,,485756,", j'ai tout subi sans rien dir"
-t-elle au bout d'un instant. ,486841,Attendre,PER,,486849, je ne savais quoi. Le moment 
" je pourrais me venger, oui ! ",486911,J',PER,,486913,"ai espéré que je le pourrais, "
ue de la haine et du dégoût ; ,487120,Mme,PER,,487123," de Bois-Créault aussi, à la l"
a haine et du dégoût ; Mme de ,487127,Bois-Créault,PER,,487139," aussi, à la longue, s'était p"
les caves de la Banque. Et sa ,487741,mère,PER,,487745, en est folle ; elle l'adore ;
"er à Barzot. 
– Mais, dis-je, ",487946,M.,PER,,487948," de Bois-Créault, le père, ne "
"temps, qu'il était un voleur. ",491056,Pensez,LOC,,491062,-vous que Mme de Bois-Créault 
it un voleur. Pensez-vous que ,491072,Mme,PER,,491075, de Bois-Créault me l'avait la
u sauvage. Je suis un voleur. ,492965,Mme,PER,,492968, de Bois-Créault avait oublié 
e soir... Voilà qui est fait. ,494771,Videz,PER,MISC,494776," le sac vous-même, pour être s"
"s journaux, un numéro de la « ",495066,Revue,MISC,,495071," Pénitentiaire », et un grand "
 ont été écrites à Barzot par ,495893,Mme,PER,,495896," de Bois-Créault, depuis trois"
e j'avais de l'affection pour ,496317,Mme,PER,,496320," de Bois-Créault, je vous dis."
enant. Il était fou de moi... ,496457,Croyez,PER,MISC,496463,-vous qu'on pourrait tirer par
comment nous sortirons d'ici. ,496811,La,PER,,496813," maison est surveillée, certai"
t de jeunes filles. C'est une ,497534,Anglaise,PER,LOC,497542," dont le mari, estampeur de pr"
"elques camarades et moi, nous ",497802,sommes,MISC,,497808, venus à son aide. Elle désira
"asse, l'air déconfit. 
– Ah ! ",498822,monsieur,PER,,498830," Randal, dit-il, quel malheur "
elque chose de spécial contre ,499219,M.,PER,,499221," Canonnier, savez-vous... 
– N"
ue chose de spécial contre M. ,499222,Canonnier,LOC,PER,499231,", savez-vous... 
– Ne vous fai"
"e course pour moi... 
– Bien, ",499389,monsieur,PER,,499397, Randal ; tout de suite. Ah ! 
t de suite. Ah ! j'oubliais : ,499440,M.,PER,,499442," Roger vient d'arriver... 
– R"
". 
– Roger-la-Honte ? 
– Oui, ",499496,monsieur,PER,,499504," Randal. 
– Dites-lui qu'il mo"
"r-la-Honte ? 
– Oui, monsieur ",499505,Randal,MISC,PER,499511,". 
– Dites-lui qu'il monte imm"
"e dans cinq minutes. 
– Bien, ",499901,monsieur,PER,,499909," Randal ; comptez sur moi, pou"
"l entre, la bouche pleine, la ",500081,serviette,PER,,500090," autour du cou. 
– Te voilà to"
"st arrivé, des histoires !... ",500331,Canonnier,LOC,,500340, arrêté... Ah ! vrai !... Sa f
". Tu vas aller à Ixelles, rue ",500866,Clémentine,PER,LOC,500876," ; tu sais ? 
– Parbleu ! 
– L"
" 
– Bien sûr. 
– Tu diras à l'",501030,Anglaise,PER,LOC,501038, de faire atteler son petit pa
-il ? Neuf heures. Préviens l',501224,Anglaise,PER,LOC,501232, que je serai chez elle vers o
 mon plan : je vais exiger de ,501709,Mme,PER,,501712," de Bois-Créault, sous la mena"
 Mais je ne veux pas être une ,502309,cocotte,PER,,502316," ; je veux être pire ; et, pou"
"n nom, d'un vrai nom. Je suis ",502399,Mlle,LOC,,502403, Canonnier. Il faut que je soi
", d'un vrai nom. Je suis Mlle ",502404,Canonnier,LOC,PER,502413,. Il faut que je sois Mme de B
anonnier. Il faut que je sois ,502435,Mme,PER,,502438, de Bois-Créault. -- Ne me dit
e d'état civil qu'il me faut. ,503114,M.,PER,,503116, Armand de Bois-Créault ne ser
. Une femme qui s'est laissée ,503287,toucher,PER,,503294," une fois, une seule fois, par"
"sera certain, après cela, que ",504178,Mme,PER,,504181, de Bois-Créault ne le fera pl
"e ce soin. 
– Ah !... Ah ! 
– ",504323,Naturellement,MISC,,504336,", puisque j'ai les lettres. Ce"
me l'interdisent. Je resterai ,504916,Mme,PER,,504919," de Bois-Créault, honnête et m"
le bruit du petit panier de l',506629,Anglaise,PER,LOC,506637,". 
– Les roussins viennent de "
", je couperai le fil. 
Nous y ",507360,sommes,MISC,,507366,. Je me retourne ; le fiacre e
paroxysme par les émotions de ,509789,la,PER,,509791," soirée. Certes, elle est inte"
 la cour du pensionnat dont l',510667,Anglaise,PER,LOC,510675," a ouvert la grille. 
– N'ayez"
nnat dont l'Anglaise a ouvert ,510685,la,PER,,510687," grille. 
– N'ayez pas d'inqui"
". 
– N'ayez pas d'inquiétude, ",510724,monsieur,PER,,510732," Randal, me dit cette veuve de"
"oi je reviens tout seul... 
– ",511391,Me,PER,,511393," voici de retour, dis-je à Rog"
" acheté, en passant, dans les ",511524,Galeries,PER,,511532, Saint-Hubert. Tout a été pour
" Tout a été pour le mieux. 
– ",511576,Chouette,PER,MISC,511584, ! dit Roger. Tu me raconteras
", non pas à Bruxelles, mais à ",511728,Louvain,PER,LOC,511735,. C'est Stéphanus qui me l'a i
Je vais commencer par l'hôtel ,512812,Mengelle,PER,,512820,". 
J'ai la main heureuse. C'es"
"r par l'hôtel Mengelle. 
J'ai ",512828,la,PER,,512830, main heureuse. C'est justemen
se. C'est justement à l'hôtel ,512872,Mengelle,PER,,512880, qu'est descendu le premier pr
"e lui fais passer ma carte : 
",512958,Georges,PER,,512965," Randal 
Ingénieur 
Collaborat"
"is passer ma carte : 
Georges ",512966,Randal,PER,,512972," 
Ingénieur 
Collaborateur à l"
"r ma carte : 
Georges Randal 
",512974,Ingénieur,PER,,512983," 
Collaborateur à la Revue Pén"
": 
Georges Randal 
Ingénieur 
",512985,Collaborateur,PER,,512998," à la Revue Pénitentiaire 
XVI"
"Ingénieur 
Collaborateur à la ",513004,Revue,MISC,,513009," Pénitentiaire 
XVIII -- COMBI"
OMBINAISONS MACHIAVÉLIQUES ET ,513065,LEURS,PER,,513070," RÉSULTATS 
En m'apercevant, B"
" un mouvement de surprise. 
– ",513152,Êtes,MISC,,513156,"-vous bien sûr, Monsieur, me d"
"ûr. 
– Je connais beaucoup un ",513561,M.,PER,,513563," Randal... 
– M. Urbain Randal"
" 
– Je connais beaucoup un M. ",513564,Randal,MISC,PER,513570,"... 
– M. Urbain Randal ? C'es"
"s beaucoup un M. Randal... 
– ",513577,M.,PER,,513579, Urbain Randal ? C'est mon onc
"eaucoup un M. Randal... 
– M. ",513580,Urbain,PER,,513586, Randal ? C'est mon oncle. Je 
" un M. Randal... 
– M. Urbain ",513587,Randal,PER,,513593, ? C'est mon oncle. Je sais en
 M. Urbain Randal ? C'est mon ,513606,oncle,PER,,513611,". Je sais en effet, Monsieur, "
rait dans sa villa de Maisons-,513812,Laffitte,PER,,513820, et j'aurais eu certainement l
 Je suis envoyé vers vous par ,514526,Mme,PER,,514529," Hélène Canonnier. 
Barzot ne "
voyé vers vous par Mme Hélène ,514537,Canonnier,LOC,,514546,". 
Barzot ne répond point. Son"
"continue, très lentement : 
– ",514649,Mlle,LOC,,514653, Canonnier se trouvait à Bruxe
"nue, très lentement : 
– Mlle ",514654,Canonnier,LOC,,514663, se trouvait à Bruxelles depui
"honneur, d'être très lié avec ",514798,M.,PER,,514800, Canonnier ; nous nous sommes 
"neur, d'être très lié avec M. ",514801,Canonnier,LOC,PER,514810, ; nous nous sommes rendu des 
"cadée. 
– Je connaissais donc ",515231,M.,PER,,515233, Canonnier. Mais je n'avais ja
"ée. 
– Je connaissais donc M. ",515234,Canonnier,LOC,PER,515243,. Mais je n'avais jamais eu le
e ces personnes ont laissée à ,515646,Mlle,MISC,,515650, Canonnier. La haute situation
 personnes ont laissée à Mlle ,515651,Canonnier,LOC,PER,515660,. La haute situation que vous 
ations exécutées au nom de la ,515783,Justice,PER,MISC,515790,", vous a certainement permis d"
nt permis d'apprendre comment ,515839,M.,PER,,515841," Canonnier fut ravi, hier soir"
permis d'apprendre comment M. ,515842,Canonnier,LOC,PER,515851," fut ravi, hier soir, à l'affe"
vénement pénible. Mlle Hélène ,515954,Canonnier,LOC,,515963,", restée seule, avec moi, m'av"
" ! 
Je hausse les épaules. 
– ",516348,Réellement,PER,,516358,", Monsieur ? Misérable ?... Di"
e présentais à vous au nom de ,516812,Mlle,LOC,,516816," Canonnier, et pas au mien. Ce"
sentais à vous au nom de Mlle ,516817,Canonnier,LOC,PER,516826,", et pas au mien. Ce n'est pas"
t me regarde avec étonnement. ,516996,J',PER,,516998,"ajoute : 
– Elle n'a pas l'int"
ité du début l'a complètement ,517187,abandonné,PER,,517196, -- que je veuille bien lui ap
" qu'Hélène réclame de lui. 
– ",517266,Mlle,MISC,,517270," Canonnier, dis-je, n'a point "
"élène réclame de lui. 
– Mlle ",517271,Canonnier,LOC,,517280,", dis-je, n'a point de positio"
" Vous avez tort, dis-je ; mon ",517725,oncle,PER,,517730, est un voleur. S'il ne m'avai
 le moment où j'ai appris que ,518019,Mlle,MISC,,518023," Canonnier avait quitté Paris,"
oment où j'ai appris que Mlle ,518024,Canonnier,LOC,PER,518033," avait quitté Paris, les pensé"
voir l'honnêteté modeste !... ,518639,J',PER,,518641,ai vu défiler bien des scéléra
se faire entendre. Hélas ! la ,518981,Justice,PER,MISC,518988, est ouverte à tous. Le restau
"Paillard aussi... Et puis, la ",519053,Justice,PER,MISC,519060,", les lois... Des mots, des mo"
e ! Il faudrait que ce fût un ,519195,saint,PER,,519200,", cet homme-là. Un grand saint"
"saint, cet homme-là. Un grand ",519225,saint,PER,,519230, et un grand savant. Il faudra
possible ; et à offrir à Mlle ,520125,Canonnier,LOC,PER,520134, telle somme qu'elle aurait pu
"nez de me dire, Monsieur, que ",520313,Mlle,MISC,,520317, Canonnier désire se créer une
"e me dire, Monsieur, que Mlle ",520318,Canonnier,LOC,PER,520327, désire se créer une position 
", à donner à votre enfant une ",521393,belle-mère,PER,,521403, de son âge ! Et vous préparer
"e jamais... Voyons, Monsieur. ",523035,Mlle,LOC,,523039, Canonnier désire se marier et
"ais... Voyons, Monsieur. Mlle ",523040,Canonnier,LOC,PER,523049, désire se marier et elle vous
t autant d'intérêt que vous à ,523290,éviter,PER,,523296, un scandale. C'est avec M. Ar
viter un scandale. C'est avec ,523321,M.,PER,,523323, Armand de Bois-Créault que ma
"de Bois-Créault que mad... 
– ",523361,Jamais,PER,MISC,523367, ! s'écrie Barzot qui se lève 
arzot qui se lève en frappant ,523409,la,PER,,523411, table du poing. Jamais !... Q
n frappant la table du poing. ,523428,Jamais,PER,,523434, !... Qu'il arrive n'importe q
sera pas !... Vous entendez ? ,523512,Jamais,PER,,523518," !... 
– Comme vous voudrez, d"
. -- Comme vous voudrez. Mlle ,523728,Canonnier,LOC,PER,523737, fera son chemin tout de même.
s certain que réclame de vous ,524496,Mlle,MISC,,524500," Canonnier ? 
– Je l'aime ! cr"
tain que réclame de vous Mlle ,524501,Canonnier,LOC,MISC,524510," ? 
– Je l'aime ! crie Barzot."
ndigne qui pesait sur elle... ,525793,Combien,MISC,,525800, de fois ai-je voulu l'arrache
"ble, vous pourrez dire à Mlle ",526956,Canonnier,LOC,PER,526965, que je ferai selon son désir 
"que j'irai voir, dès ce soir, ",527028,Mme,PER,,527031, de Bois-Créault. Vous ne voul
"doute, me donner l'adresse de ",527104,Mlle,LOC,,527108, Canonnier ? Non. Bien. C'est 
", me donner l'adresse de Mlle ",527109,Canonnier,LOC,PER,527118, ? Non. Bien. C'est donc sous 
t du résultat de ma démarche. ,527212,J',PER,,527214,ai votre carte... Les lettres 
ous entendrez à ce sujet avec ,527390,Mlle,MISC,,527394, Canonnier quand elle sera Mme
ntendrez à ce sujet avec Mlle ,527395,Canonnier,LOC,MISC,527404, quand elle sera Mme de Bois-C
lle Canonnier quand elle sera ,527421,Mme,PER,,527424, de Bois-Créault. Vous ne manq
"s -- au moins une par une. 
– ",527609,La,PER,,527611," vie est une comédie sinistre,"
a sensibilité de la nature et ,529053,la,PER,,529055, délicatesse du caractère entr
sprit et les élans du cœur... ,529737,Quelle,PER,,529743, vie ! C'est agir comme les Ba
ondulations et les inflexions ,530289,longues,PER,,530296, de sa chair qui s'attend frém
ais lui faire. Et pour moi... ,530721,Rien,MISC,,530725, de plus ridicule que d'être l
décidés au mariage. Parbleu ! ,531011,Canonnier,LOC,MISC,531020,", de Mazas où il se trouve, a "
nq cents livres que j'ai prié ,531649,Paternoster,PER,MISC,531660, de lui remettre. Hélène n'a r
je lui fais mes adieux chez l',531801,Anglaise,PER,LOC,531809,", elle me remercie de mes offr"
"ont si lâches ! 
Elle me tend ",532135,la,PER,,532137," main, monte dans la voiture q"
grand trot. Elle va retrouver ,532224,Mme,PER,,532227, de Bois-Créault qui est venue
 venir la rejoindre à l'hôtel ,532388,Mengelle,PER,,532396,. Elle sera ce soir à Paris...
"oir, ce sera le cambriolage à ",533125,Louvain,PER,LOC,533132,", avec Roger-la-Honte, sur les"
"OMPLÈTEMENT INATTENDUS 
« ... ",533729,Décidément,MISC,,533739,", mon cher, on ne connaît sa p"
 de famille. Un vicaire et un ,534182,adjoint,PER,,534189, ont suffi à confectionner le 
"gé de citations latines, du « ",534872,Réquisitoire,LOC,MISC,534884, à travers les Âges ! » Auriez
ensonges ! -- Il en pleuvait. ,535067,Pensez,PER,,535073, si je contribuais à l'averse 
"reusement, je ne suis plus la ",535431,petite,PER,,535437, femme apeurée qui se pressait
des noyés aux murailles de la ,537507,Morgue,PER,,537513,", ces débris de choses vécues "
", épithalames et épitaphes -- ",537718,Regrets,PER,,537725," éternels... Oui, éternels, le"
it-divers aux journalistes de ,538315,Louvain,PER,LOC,538322,". Triste ! Triste !... Non, Hé"
"... Non, Hélène n'est plus la ",538371,petite,PER,,538377, femme qui se pressait contre 
vie lui soit marâtre ou bonne ,538527,mère,PER,,538531,", elle ne sera plus jamais cet"
plus jamais cette femme-là -- ,538576,la,PER,,538578, femme que j'aurais voulu -- q
ceur certainement. On rêve de ,538865,la,PER,,538867, femme par laquelle l'univers 
ée se prend de vertige devant ,539115,Celle,PER,,539120, qui a la bravoure de s'offrir
"re de s'offrir ; elle semble, ",539166,Celle,PER,,539171,"-là, la mystérieuse prêtresse "
 ridicule effort... Vouloir ! ,539659,la,PER,,539661, volonté : une lame qu'on n'em
ussi inexorables que la hart. ,539952,Libre,PER,,539957," autant qu'il désirera l'être,"
 pis pour Roger-la-Honte ; il ,541681,attendra,PER,,541689,. Je n'irais pas à Venise même
" bien. Affaire conclue. 
Nous ",542000,sommes,MISC,,542006," mariés, collés. C'est fini, ç"
 vieux habitués du café de la ,542991,Mairie,PER,,542997,", en province -- rentiers à ce"
ouillent dans ces repaires du ,543813,Crime,PER,,543818, cosmopolite ; tous les vices 
s les sous-sols de la tour de ,544193,Babel,PER,LOC,544198,". 
Intéressant ? Certainement."
" regarde, ces souteneurs. Mon ",545695,Dieu,MISC,,545699, ! ce ne sont pas du tout les 
istoires qu'aime à débiter le ,546116,monsieur,PER,,546124, qui paye à la marchande d'amo
"r. Il parle à cœur ouvert, ce ",546185,monsieur,PER,,546193,-là. Secrets de famille et d'a
" cœur ouvert, ce monsieur-là. ",546198,Secrets,PER,,546205," de famille et d'alcôve, habit"
le penser que les rapports du ,546480,monsieur,PER,,546488, qui paye avec la courtisane s
 Ils se sont mis au diapason. ,546923,Leurs,PER,,546928," femmes payent leur dot après,"
- Je viens de rompre avec une ,549047,Allemande,PER,LOC,549056, qui m'annexait depuis quinze 
efuse de la remplacer par une ,549130,Danoise,MISC,LOC,549137,. Je veux avoir le temps de pl
otre peau comme la tunique du ,550401,Centaure,PER,,550409,". 
– C'est bien fait, me dit P"
l a lu mes articles dans la « ,550961,Revue,MISC,,550966, Pénitentiaire » et prétend qu
 que m'a faites ce malheureux ,551422,Canonnier,PER,MISC,551431,. Mais je ne me fie pas à Pate
nier. Mais je ne me fie pas à ,551457,Paternoster,PER,MISC,551468,. Je sais qu'il a pris des ren
ai fait la connaissance d'une ,552102,Anglaise,PER,LOC,552110,", une de ces malheureuses peti"
ui ai meublé près de Waterloo ,552372,Road,PER,,552376,", où elle vit fort satisfaite."
isfaite. Je passe pour un bon ,552428,papa,PER,,552432,", veuf et pas très riche, poin"
lle pas pour rien le Pont des ,552795,Soupirs,LOC,,552802,", avec votre éternel sac qui c"
 bandit qui vous enverra dans ,552937,la,PER,,552939," Tamise, par-dessus le parapet"
e que nous venons de faire en ,553442,Hollande,PER,LOC,553450,", et que nous ne regrettons pa"
"nu à Anvers où, si j'en crois ",553637,la,PER,,553639," rumeur publique, une jolie so"
"der à tourner sur ses gonds. 
",554056,Me,PER,,554058, voici dans la place. Il y fai
"ipal. D'un saut, je suis dans ",554627,le,PER,,554629," jardin ; d'un bond, je passe "
"clan... 
Je cours, je cours ! ",555187,J',PER,,555189,approche du quai. Il n'y a per
", et va me barrer le passage. ",555436,J',PER,,555438,ai ma pince à la main ; je peu
"Il m'atteint, il est sur moi. ",556114,J',PER,,556116,ai juste le temps de me retour
". Par là !... Au voleur !... 
",556475,La,PER,,556477," meute continue la poursuite, "
"coup, je le reconnais. 
C'est ",557561,Albert,PER,,557567," Dubourg, mon ami d'enfance, m"
; c'est plus prudent. Nous ne ,558454,sommes,MISC,,558460," pas riches, mais nous pouvons"
usé longtemps. Il m'a raconté ,559119,la,PER,,559121, triste histoire que je presse
 trouver d'emploi nulle part. ,559382,La,PER,,559384," mère parvenant, par un travai"
ouver d'emploi nulle part. La ,559385,mère,PER,,559389," parvenant, par un travail de "
 place dans les bureaux d'une ,559877,Compagnie,PER,ORG,559886," de Navigation, qui lui permet"
es bureaux d'une Compagnie de ,559890,Navigation,MISC,,559900,", qui lui permet de vivre, tou"
"
Ils y réussissent, je crois. ",560493,J',PER,,560495,ai passé la journée du lendema
"Que pour le métier de mouton 
",561118,Jamais,PER,,561124," aucun loup ne soupire ? 
Et l"
" existence-là, ses ennuis qui ",561909,la,PER,,561911," harassent, ses chagrins qui l"
"on, tous les deux, l'homme et ",562393,la,PER,,562395," femme, qui ne veulent pas voi"
"ère ; et pas d'amour, jamais. ",562639,Jamais,PER,,562645,". 
Pauvre Albert !... Voilà qu"
"ses, que je voudrais oublier. ",562824,J',PER,,562826,"y parviendrai peut-être, avec "
-la-Honte et de l'accompagner ,563120,à,LOC,,563121, Venise. Je l'attends justemen
 elle-même ; et la résolution ,564766,fière,PER,,564771, qu'elle sut prendre de maîtri
mme abandonnée par tous... Et ,565176,la,PER,,565178," détresse, la noirceur de cett"
"é, reposant sur un lit que sa ",565473,mère,PER,,565477,", aidée par Annie, lui a prépa"
robe noire d'ouvrière... Ah ! ,566283,Dieu,MISC,,566287," de Dieu !... 
La voici. Elle "
re d'ouvrière... Ah ! Dieu de ,566291,Dieu,MISC,,566295," !... 
La voici. Elle rentre, "
"re... Ah ! Dieu de Dieu !... 
",566302,La,PER,,566304," voici. Elle rentre, tout douc"
"sa tête, comme elle faisait à ",566542,Paris,MISC,LOC,566547,". J'ai eu si peur avant-hier, "
", comme elle faisait à Paris. ",566549,J',PER,,566551,"ai eu si peur avant-hier, hier"
"le, surtout à cet âge-là !... ",567321,J',PER,,567323,ai passé la nuit dans les tran
"arguerite, tu te souviens ? l'",567683,ancienne,PER,,567691, femme de chambre de Mme Monta
'ancienne femme de chambre de ,567712,Mme,PER,,567715, Montareuil. -- Elle ne savait
"à, la crainte de la pauvreté. ",567992,J',PER,,567994,"ai eu peur, tout d'un coup, un"
en m'aider à sauver l'enfant. ,568523,J',PER,,568525,ai demandé à Marguerite si ell
dresse. Elle me l'a donnée... ,568598,J',PER,,568600,"ai voulu, t'écrire, en rentran"
ête... je ne raisonnais plus. ,568922,J',PER,,568924,ai pris le train pour Londres.
"e regarde avec étonnement. 
– ",569150,J',PER,,569152,aurais dû !... Mais ne savais-
as osé... On m'en a dissuadé. ,569368,J',PER,,569370,"ai pensé... 
– Quoi ? demande "
"un malheureux, voilà tout. 
– ",569596,J',PER,,569598,"espère, répond-elle au bout d'"
"ui est revenue à toi, mais la ",570036,mère,PER,,570040, de ton enfant. Je ne te deman
" tu aimes aussi, peut-être... ",570376,Embrasse,PER,,570384,"-moi... N'est-ce pas, elle est"
" ou plutôt ce matin, car nous ",571578,sommes,MISC,,571584, à dimanche depuis cinquante m
t Charlotte en soupirant. Mon ,571678,Dieu,MISC,,571682, ! pourvu que mes craintes aie
 retour que vers le milieu de ,572578,la,PER,,572580, semaine... Mais quand viendra
mmeils si inquiétants pour sa ,572754,mère,PER,,572758,. Comme elle est pâle ! Ses ye
plication pleine d'angoisses. ,572994,La,PER,,572996, jolie petite bouche laisse pa
"es monotones et navrantes. 
– ",573071,Maman,PER,,573076,", bobo... Maman... bobo... 
Ch"
" navrantes. 
– Maman, bobo... ",573086,Maman,PER,MISC,573091,"... bobo... 
Charlotte la pren"
un langage autre que le mien. ,574684,Essayez,PER,,574691,-en... Le docteur Scoundrel pa
t ne peuvent m'offrir que des ,577592,sommes dérisoires,MISC,,577609,. Et voilà trois heures que je
"soit chez elle ! 
Elle y est. ",577803,Rapidement,PER,,577813,", je la mets au courant des ch"
une enfant ! Je voudrais bien ,578165,la,PER,,578167, voir. Elle doit être belle co
"attends, sans pouvoir presque ",578770,toucher,PER,,578777,", tellement je suis énervé, au"
"ds pendant une heure... 
Mais ",578882,la,PER,,578884," voici. Elle entre, les yeux r"
z lui quand j'y suis arrivée. ,579056,Quelle,PER,,579062, déveine !... Mais si tu pouva
" six ; ses clients, en effet, ",579685,observent,PER,,579694, peu les chômages indiqués par
 marché aussi bien le jour de ,579803,Pâques,PER,MISC,579809, que celui de la Trinité. Il e
"t au bout, là-bas, j'aperçois ",580247,Paternoster,PER,MISC,580258, qui s'en va et je le vois dis
 dont j'ai besoin... Ah ! bon ,580961,Dieu,MISC,,580965," !... Mais, pourtant, si je ne"
"l me le faut, il me le faut ! ",581087,J',PER,,581089,ai promis de le rapporter ; et
"ement, je ne veux pas aborder ",582065,Paternoster,PER,MISC,582076, pour lui demander un service.
", et se bombardant de « Merry ",582478,Christmas,PER,,582487, » ; aux voitures de gui et de
"Fleet Street, Strand, « Merry ",582767,Christmas,PER,,582776," »... 
Je viens de traverser l"
rrière la porte d'une maison. ,582990,J',PER,,582992,ai à peine eu le temps de l'y 
et je suis toujours à la même ,583383,place,MISC,,583388,", au coin de la rue et de Wate"
coin de la rue et de Waterloo ,583423,Road,LOC,,583427,", à l'endroit d'où j'ai vu Pat"
 seulement maintenant. L'idée ,584165,nette,PER,,584170, de l'acte à accomplir se déco
asse et je m'élance en avant. ,585408,Dieu,MISC,,585412," ! qu'il est large, ce fleuve "
"vagabond, écumeur du Pont des ",585539,Soupirs,LOC,,585546,", qui a vu mon sac et arrive s"
"ce. Bonne affaire ! 
– Tenez, ",586355,vieille,PER,,586362," femme, voici cinquante livres"
"octeur Scoundrel, dans Harley ",586455,Street,PER,,586461,", donnez-lui ça d'avance et ra"
"eux égarés. 
– Qu'as-tu fait, ",586923,Georges,PER,MISC,586930, ? me demande-t-elle d'une voi
"er ses bras autour du cou. 
– ",587623,Pardonne,MISC,,587631,"-moi, me dit-elle pendant que "
. Je n'ai plus la tête à moi. ,587918,J',PER,,587920,ai des pressentiments si noirs
"tort, dis-je en l'embrassant. ",587995,J',PER,,587997,espère que le médecin qui va v
 avais vu ces crises... Viens ,588157,la,PER,,588159," voir. 
Ah ! c'est effrayant.."
e des flocons de soie ; et un ,588478,cercle,PER,,588484," noir cave les yeux. 
– Est-el"
rler... Comme elle a grandi ! ,588638,Regarde,PER,,588645,. On croirait qu'elle a trois 
"ite de pouvoir trouver, en ce ",590136,saint,PER,,590141," jour qui commence, au souveni"
" Vraiment ? 
– Sur l'honneur, ",590514,Monsieur,PER,MISC,590522, ! dit-il en frappant de la ma
sieur ! dit-il en frappant de ,590547,la,PER,,590549, main la poche qui contient le
depuis une douzaine de jours. ,592223,J',PER,,592225,ai quitté Paris au reçu de la 
"é enterré hier. 
C'est l'abbé ",592424,Lamargelle,LOC,,592434, qui parle ; et je l'écoute en
onnaissiez que sous le nom de ,592878,Paternoster,PER,MISC,592889," ? 
– Seulement. 
– Moi, j'éta"
"ée... Puis, le délire a saisi ",593794,Paternoster,PER,MISC,593805, et son agonie a duré prés de 
s hommes dont ils n'ont point ,595418,la,PER,,595420," force, que les gens qui succo"
nditions d'existence que nous ,595787,sommes,MISC,,595793, assez vils pour accepter ? Es
que nous menons ; et que nous ,595931,sommes,MISC,,595937," bien lâches, pour ne pas nous"
uis mis en route à l'appel de ,597014,Paternoster,PER,,597025,". 
– Le sort de Paternoster ne"
... Mais si ce n'était pas un ,597485,saint,PER,,597490,", c'était un homme, ce qui est"
"rent. 
– Ce qui n'empêche pas ",597721,le,PER,,597723, fait d'avoir existé... Il ava
"rutes hypocrites, il a agi en ",598130,franc,PER,,598135, sauvage. Le coup de couteau d
bé. Mais puisque l'argent est ,598404,le,PER,,598406, seul lien qui attache les hom
pour soi et Dieu pour tous... ,598512,Naturellement,PER,,598525,", Dieu pour tous ! Sans Dieu, "
serait pas chacun pour soi... ,598591,La,PER,,598593," bassesse est obligatoire, et "
ns tous ; et notre misère est ,598756,égale,PER,,598761,". Et nous, même, nous qui fais"
" nous refuse le bonheur, nous ",598900,sommes,MISC,,598906," aussi malheureux, au fond, qu"
"er passer ? 
– Tu te trompes, ",601404,Georges,PER,MISC,601411,", je raisonne autrement aujour"
"urquoi m'as-tu dit de rester, ",604594,la,PER,,604596," semaine dernière, quand je vo"
 Penses-tu que je n'aie point ,604712,eu,PER,,604714," assez de souffrances, déjà, e"
"rai que j'ai souffert ? 
Nous ",605832,sommes,MISC,,605838," partis, le soir même, pour le"
is entrer dans ces temples de ,606418,la,PER,,606420, joie où l'anxiété humaine che
ai voulu conduire Charlotte à ,606527,Monte,PER,,606532,"-Carlo, qu'elle n'avait jamais"
lu conduire Charlotte à Monte-,606533,Carlo,PER,,606538,", qu'elle n'avait jamais vu. M"
"is vu. Moi, je le connais, le ",606590,Casino,PER,LOC,606596, célèbre. Je lui ai rendu visi
i affirme que ce qui vient de ,606727,la,PER,,606729," flûte retourne au tambour, je"
 crainte du retour inopiné du ,607490,maître,PER,,607496,. C'est risible et pitoyable. 
"e m'explique pas la cause. 
– ",609992,J',PER,,609994,espère que tu te sens mieux à 
 trois mois que nous sommes à ,610367,Nice,MISC,LOC,610371,. J'ai entendu dire que lorsqu
" éprouve, je sens la peur qui ",612662,la,PER,,612664, secoue palpiter en moi et pét
é d'un accident funeste. Mais ,614454,la,PER,,614456," femme, la femme qui aime, con"
 seul à le savoir. Alors ?... ,615568,J',PER,,615570,"ai peut-être vu quelque chose,"
"i à Southampton, et ce soir à ",616183,Londres,PER,LOC,616190,. C'est bon. Je parlerai à Cha
"rlotte ! 
Personne ne répond. ",616894,J',PER,,616896,"arrive au premier, j'ouvre vio"
"e tremblante. 
– Qu'y a-t-il, ",617038,vieille,PER,,617045," folle ? Allez-vous parler, à "
"ire l'enveloppe. 
« ......... ",617284,Notre,MISC,,617289, vie à tous deux serait un mar
drais funeste. Il ne faut pas ,617413,m',PER,,617415,"en vouloir, vois-tu ; je ne su"
doit toujours nous séparer... ,617684,J',PER,,617686,ai le cœur serré dans la griff
 viens de passer huit jours à ,619004,Vichy,PER,LOC,619009,. J'y serais même restée plus 
s parents tiennent un hôtel à ,619268,Vichy,PER,LOC,619273," ? 
– Oui, ton frère me l'a ap"
"superbe, un des plus beaux de ",619535,Vichy,PER,LOC,619540,", l'hôtel Jeanne d'Arc . 
– Ah"
" plus beaux de Vichy, l'hôtel ",619550,Jeanne,PER,,619556," d'Arc . 
– Ah ! oui, je vois "
aient chez eux se trouvait un ,619694,vieux,PER,,619699," monsieur, d'une soixantaine d"
chez eux se trouvait un vieux ,619700,monsieur,PER,,619708,", d'une soixantaine d'années, "
" une grande cocotte de Paris, ",619798,Melle,PER,MISC,619803,... Melle... je ne me souviens
"de cocotte de Paris, Melle... ",619807,Melle,PER,,619812,... je ne me souviens plus du 
 mains. -- Comme il s'appelle ,619922,M.,PER,,619924," Randal, j'avais pensé... 
– U"
"l, j'avais pensé... 
– Urbain ",619960,Randal,PER,,619966," ? 
– Oui, c'est ça ; Urbain R"
"l ? 
– Oui, c'est ça ; Urbain ",619995,Randal,MISC,,620001,". 
– C'est mon oncle, dis-je ;"
"; Urbain Randal. 
– C'est mon ",620016,oncle,PER,,620021,", dis-je ; ah ! il est à Vichy"
"oncle, dis-je ; ah ! il est à ",620046,Vichy,PER,LOC,620051,"... 
– Oui, avec la cocotte en"
 vais me mettre en route pour ,620809,Vichy,PER,LOC,620814," ce soir, empoigner mon oncle "
" Vichy ce soir, empoigner mon ",620838,oncle,PER,,620843," demain, et lui tordre le cou."
"versées, je les verse encore. ",623260,Projets,MISC,,623267,", rêves, plans ébauchés, aband"
"ndonnés, repris et rejetés... ",623325,J',PER,,623327,ai fait autre chose que ce que
et beaucoup moins. Pourquoi ? ,623431,Mélange,MISC,,623438, de violence et d'irrésolution
"in, environ, quand j'arrive à ",624820,Vichy,PER,LOC,624825,. Un train quitte la gare au m
ne femme... -- Margot ! c'est ,625009,Margot,PER,MISC,625015, ! -- qui m'accueille avec une
".. Et où est-il, lui ? 
– Ton ",625327,oncle,PER,MISC,625332," ? Il vient de partir, de me q"
abandonner ; et je suis comme ,625405,Calypso,PER,LOC,625412,. Tu vois que j'ai fait des pr
"oir. Du reste, je ne suis pas ",626151,la,PER,,626153, première avec qui il ait agi 
r chemins. Nous l'appelons le ,626832,Juif,MISC,,626836,-Errant. Il ne se plaît nulle 
ins. Je devine la vérité. Ton ,627449,oncle,PER,,627454, est parti parce que tu l'avai
'il te déteste tant ! reprend ,627619,Margot,PER,MISC,627625,". Il faut dire, aussi, que tu "
soir-là ; mais je pensais que ,627921,Mlle,MISC,,627925, Charlotte t'avait mis au cour
viens d'être venu avec elle à ,628014,Monte,PER,,628019,"-Carlo, vers la fin de l'hiver"
d'être venu avec elle à Monte-,628020,Carlo,PER,,628025,", vers la fin de l'hiver derni"
"'y étais aussi, moi, avec ton ",628125,oncle,PER,,628130," ; et si tu ne l'as pas vu, to"
" pas vu, toi, je t'assure que ",628179,Mlle,MISC,,628183, Charlotte a bien reconnu son 
tance à quitter les salons du ,628834,Casino,PER,MISC,628840,. C'était son père qu'elle ava
salons du Casino. C'était son ,628854,père,PER,,628858, qu'elle avait vu !... Son pèr
 a gagné beaucoup. Quand nous ,629386,sommes,MISC,,629392," partis, seulement, il m'a dit"
.. Tu sais que je ne suis pas ,630328,méchante,PER,,630336,"... 
– Non, dis-je en lui pren"
rre ou les actions de Paul... ,630710,Tâche,MISC,,630715, de te remettre au beau fixe d
 peux pas. Je suis attendue à ,630884,Cusset,PER,LOC,630890, ; je suis très demandée en ce
" heures, Tiens, voici l'hôtel ",630991,Jeanne,PER,,630997," d'Arc , où j'habite ; prends-"
" charmants... 
– Je le crois. ",631095,J',PER,,631097,ai justement une commission à 
 ces propriétaires de l'hôtel ,632028,Jeanne,PER,,632034, d'Arc . Ils ont été enchantés
"e, eût été invitée chez M. le ",632319,curé,PER,,632323,". 
– Si elle avait pu prévoir "
"it excusée, certainement, dit ",632410,Mme,PER,,632413, Voisin ; elle aurait été si h
" meurs de faim. Heureusement, ",632876,Mme,PER,,632879," Voisin vient nous arracher, s"
" ; très paternel, surtout. La ",633495,mère,PER,,633499,", qui a dû être fort jolie, gr"
les cheveux tout blancs et le ,633574,teint,PER,,633579," rosé, a l'air d'une bien dign"
"uiètent avec intelligence. 
– ",633851,Mangez,PER,,633857,-vous bien ? Buvez-vous bien ?
vous bien ? Buvez-vous bien ? ,633888,Dormez,MISC,,633894,-vous bien ? demande Mme Voisi
 ? Dormez-vous bien ? demande ,633915,Mme,PER,,633918," Voisin. 
– Oui, Madame ; très"
 ! Vous amusez-vous ? demande ,634075,M.,PER,,634077," Voisin. 
– Oui, Monsieur, bea"
nt-elles à peu près ? demande ,634273,M.,PER,,634275," Voisin. 
– Oui, Monsieur, pas"
ien vos précautions ? demande ,634369,Mme,PER,,634372," Voisin. 
– Oui, Madame, toujo"
" Voyez-vous, Monsieur, me dit ",634737,Mme,PER,,634740, Voisin comme un garçon vient 
t laisser aux aptitudes toute ,636523,liberté,MISC,,636530, de se développer. Je sais bie
e est une petite risque-tout. ,637675,Jolie,PER,,637680,", hein ? Dans cinq ou six ans,"
"ropos, c'est votre parent, ce ",638154,M.,PER,,638156, Randal qui est si riche et qu
"os, c'est votre parent, ce M. ",638157,Randal,MISC,PER,638163, qui est si riche et qui est p
re à mon mari que c'est votre ,638269,oncle,PER,,638274," ? 
– Oui, dis-je. Et c'est un"
"est un voleur. 
– Ah ! répond ",638328,Mme,PER,,638331, Voisin fort tranquillement ; 
"ette dame qu'il a amenée ici, ",638552,Mlle,MISC,,638556," de Vaucouleurs, qui va regret"
"faites bien de m'avertir, dit ",638751,Mme,PER,,638754, Voisin sans s'émouvoir ; je v
"t verre de chartreuse ? 
Non. ",640610,Mme,PER,,640613," Voisin s'échauffe un peu, et "
re faire un tour au parc ; et ,640741,M.,PER,,640743," Voisin, que je rencontre dans"
ns... Les braises du foyer et ,640982,la,PER,,640984," sottise des rêves, la parade "
ois que si je rencontrais mon ,641136,oncle,PER,,641141,", dans cette allée où je me pr"
", ses arbres sans majesté. Le ",641397,Casino,PER,,641403," là-bas, tout au bout ; le Kio"
"ais, tout d'un coup, devant l'",642048,abbé,PER,,642052, Lamargelle. Rencontre bizarre
"tout d'un coup, devant l'abbé ",642053,Lamargelle,LOC,,642063,". Rencontre bizarre, inattendu"
"up, devant l'abbé Lamargelle. ",642065,Rencontre,PER,,642074," bizarre, inattendue, presque "
ais : j'ai l'air de me nommer ,642897,Gaston,PER,MISC,642903, ; mais c'est moi tout de même
nt insulté par un couac de la ,644394,clarinette,PER,,644404,", appelait à son aide le corne"
aperçois maintenant que c'est ,644487,le,PER,,644489, tambour lui-même qui avait to
ui-même qui avait tort et que ,644529,la,PER,,644531," flûte, le violon, le trombone"
"n : vous auriez trouvé, votre ",645199,oncle,PER,,645204," ce matin, et vous l'auriez tu"
le sort a voulu qu'il quittât ,645363,Vichy,PER,LOC,645368, juste au moment où vous y arr
" de sang-froid, lorsqu'on est ",645724,assuré,PER,,645730, de l'impunité. Ce n'est pas u
 meurtre pour le meurtre vous ,645948,abandonne,PER,,645957," et vous avez devant vous, au "
 de cet être-là ne vaut point ,646174,la,PER,,646176, vôtre. Si vous vous obstinez 
Elle procède de la conscience ,646954,nette,PER,,646959, des choses et de la répudiati
 force -- la vraie force ? -- ,647571,Vieilleries,PER,LOC,647582,", tout ça ; bêtises... Voyez-v"
ra... Vengez-vous pendant que ,647845,la,PER,,647847, fureur vous barre le cerveau 
ou bien -- attendez. -- Votre ,647937,oncle,PER,,647942," est un scélérat, oui. Il y a "
"erçu ces jours-ci, continue l'",648072,abbé,PER,,648076, en portant un doigt à son fro
"-vous descendu ? 
– À l'hôtel ",648619,Jeanne,PER,,648625," d'Arc . 
– Excellente idée qu"
ur y transporter mes pénates. ,648748,Jusqu',PER,,648754,ici je logeais à Saint-Vincent
je logeais à Saint-Vincent de ,648788,Paul,PER,,648792," , avec la majorité de ces hom"
eurs des âmes contemporaines. ,649901,Leurs,PER,,649906, mœurs ! Comment voulez-vous q
in à l'hôtel Saint-Vincent de ,651314,Paul,PER,,651318," . Je vous présenterai, de vou"
"a vierge, timbale de nouilles ",651525,saint,PER,,651530," Joseph, crème terre-sainte et"
"ge, timbale de nouilles saint ",651531,Joseph,PER,,651537,", crème terre-sainte et Châtea"
Je déménagerai après le café. ,651610,Réflexion,MISC,,651619," faite, je passerai encore une"
passerai encore une semaine à ,651660,Vichy,PER,LOC,651665,". Après quoi, mon retour à Par"
 j'espère. La directrice sera ,652152,Mme,PER,,652155," Boileau. Vous connaissez, je "
"ous connaissez, je crois ? 
– ",652196,Mme,PER,,652199, Boileau ? Non ; pas du tout. 
"ileau ? Non ; pas du tout. 
– ",652232,Mme,PER,,652235," Ida Boileau, rue Saint-Honoré"
"upéfaction. 
– Vous exagérez. ",652431,J',PER,,652433,ai appris à ne plus guère m'ét
"e me rappelle pas... 
– C'est ",652963,M.,PER,,652965," Armand de Bois-Créault, dit l"
it l'abbé ; il est l'amant de ,653021,Mme,PER,,653024, Mouratet et le mari d'une fem
e n'ai jamais eu l'honneur de ,653343,la,PER,,653345," voir, bien que j'aille souven"
" si vous voulez, qui se nomme ",653485,Delpich,MISC,PER,653492, et avec lequel elle fait des 
"lt. 
– Elle est édifiante. 
– ",653747,Mme,PER,,653750, de Bois-Créault aimait son fi
" fils, dit l'abbé en secouant ",653807,la,PER,,653809, tête ; il est en train de la 
. Vous me direz que le cas de ,654813,Mme,PER,,654816, de Bois-Créault est un cas ex
" encore, pour leurs fils, que ",654937,Mme,PER,,654940, de Bois-Créault. Combien de f
"ils, que Mme de Bois-Créault. ",654958,Combien,PER,,654965," de femmes, surtout dans les c"
" me rappelle Broussaille, une ",656025,Broussaille,LOC,PER,656036, pleine de dignité. Elle va pa
evant nous. L'abbé se lève et ,656102,salue,MISC,,656107," d'un grand coup de chapeau, f"
". 
– Oui, certainement. C'est ",656278,Mlle,LOC,,656282," Eulalie Voisin, la fille... 
"
re le kiosque à musique et le ,656511,Casino,PER,MISC,656517,", j'ai fort envie d'y aller au"
"e vous le dirai pas, répond l'",656647,abbé,PER,,656651," en se levant. D'abord, j'ose "
Mouratet parvient à me serrer ,657171,la,PER,,657173, main et à me présenter à l'ad
la main et à me présenter à l',657201,adultère,PER,,657209," mâle. Un bellâtre, insignifia"
été dîner à la Restauration . ,657377,Dîner,MISC,,657382," médiocre, mais fort gai. Mour"
e sa place à là Direction des ,657753,Douzièmes,MISC,,657762," Provisoires, les Douzièmes Pr"
a candidature dans la Bièvre. ,658044,Candidature,PER,,658055, progressiste qui sera soutenu
ois-Créault aussi affirme que ,658376,le,PER,,658378, fait ne le surprendra point ;
"Évincé ! Vous voulez rire. 
– ",660507,Mécontent,PER,,660516,", alors. 
– Vous voulez me fai"
? Une vestale fin de siècle ! ,661225,J',PER,,661227,ai bien ri quand Armand m'a ra
ecevoir une forte somme de sa ,661715,mère,PER,,661719,", dans trois jours ; elle vend"
ou trois fermes qu'ils ont en ,661785,Normandie,PER,LOC,661794," ; mais, d'ici là, je suis à s"
ête depuis le commencement de ,661931,la,PER,,661933, semaine ; les horizontales se
... donnez-moi votre adresse. ,662338,J',PER,,662340,irai vous dire merci demain ma
z à me faire jouer le rôle de ,662620,Mme,PER,,662623, Putiphar... Tant pis pour vou
i le mot -- des carottes à la ,663754,Vichy,PER,LOC,663759,". 
Mais elle aperçoit son mari"
". 
– Je reprochais vivement à ",664031,M.,PER,,664033," Randal de n'être, pas venu à "
– Je reprochais vivement à M. ,664034,Randal,MISC,PER,664040," de n'être, pas venu à Paris l"
ur au commencement de l'année ,664163,prochaine,PER,,664172,". Maintenant, il faut qu'il ré"
 veux pas manquer de parole à ,664367,Marguerite,PER,,664377," de Vaucouleurs. 
XXIII -- BAR"
"s faite aux époux Mouratet, à ",664522,Vichy,PER,LOC,664527,. J'ai quitté Londres pour Par
" aux époux Mouratet, à Vichy. ",664529,J',PER,,664531,ai quitté Londres pour Paris a
sur la pente de l'inconduite. ,665465,J',PER,,665467,"en suis tout étonné moi-même, "
"ent, j'étais resté sceptique. ",666189,Mouratet,PER,,666197," jaloux, c'est trop drôle. 
Po"
ouratet lui-même me l'a avoué ,666288,la,PER,,666290," semaine dernière, un matin où"
s de sa beauté. -- Peut-être. ,667532,Malgré,PER,,667538," tout, il y a une chose que je"
 doit pas être soupçonnée. -- ,668659,Naturellement,PER,,668672,", ai-je repris en faisant des "
de quelqu'un ? -- Oui et non. ,668892,J',PER,,668894,avais pensé tout d'abord qu'Ar
"endu que nous irons ensemble, ",669507,la,PER,,669509," semaine prochaine, au bal de "
"emaine prochaine, au bal de l'",669541,Opéra,PER,LOC,669546,". Tu y viendras aussi, j'espèr"
"r, dans le salon du boulevard ",670878,Malesherbes,PER,,670889,". 
C'est bon. Je prends un jou"
" blanc, s'élance vers moi. 
– ",671116,Vite,PER,MISC,671120," ! Vite ! dit-elle, écoutez-mo"
"t gêné, ces temps-ci, mais sa ",671710,mère,PER,,671714, vient d'hypothéquer son hôtel
 mari pendant une demi-heure. ,671881,Pourrez,MISC,,671888,"-vous ? 
– Certainement. Compt"
" En principe, l'enlèvement me ",672533,sourit,PER,,672539, assez ; mais je dois avouer q
". 
En pratique, non, il ne me ",672614,sourit,PER,,672620, pas du tout. Ce ne sont pas l
" épaules. Qu'en ferai-je, mon ",672843,Dieu,MISC,,672847, ! D'autant plus qu'avec une é
"cile, ce que je vous demande. ",673105,Arracher,PER,,673113," une femme au foyer conjugal, "
"cent fois par jour, rien qu'à ",673231,Paris,MISC,LOC,673236,". Vrai, je n'aurais pas cru..."
"ien. 
– À la bonne heure, dit ",674526,Renée,MISC,PER,674531,. Vous êtes gentil comme tout.
"pinal, si grandiose que l'ait ",675245,faite,PER,,675250," la plume, si atroce que l'ait"
raient donner l'idée du Barbe-,675338,Bleue,PER,,675343, que j'ai devant moi. C'est qu
 quelque chose d'inouï. C'est ,675400,la,PER,,675402, bassesse entière de toute une
eh ! s'écrie le directeur des ,676001,Douzièmes,MISC,,676010," Provisoires, ravi de l'effet "
 J'en ai profité pour lire un ,676323,article,PER,,676330, qui traite du projet de loi s
"s retraites ouvrières, que la ",676395,Chambre,PER,ORG,676402," va discuter. 
– Elle ne le vo"
"s partons. 
Canaille, ce bal. ",677084,Triste,MISC,,677090," aussi, malgré toutes les exub"
r. Tout le monde veut être de ,678708,la,PER,,678710, cour. On voit ça ailleurs qu'
e faire la connaissance d'une ,679238,petite,PER,,679244, femme extraordinaire. Tu ne r
ous mettons à la recherche de ,679354,la,PER,,679356," femme extraordinaire, qui n'e"
"ez-le lui sans trêve. 
– Ah ! ",679835,monsieur,PER,,679843," Barbe Bleue, s'écrie la Dinde"
"s camarades, la Dinde et lui. ",679983,J',PER,,679985,ai eu la main heureuse. Si j'é
"up à sa conversation. 
– Ah ! ",680331,monsieur,PER,,680339," Barbe-Bleue, s'écrie-t-elle, "
"eur ! Quand je vous ai vu... 
",680421,La,PER,,680423, Dinde laisse tomber son évent
 ses réflexions et de sortir. ,681242,J',PER,,681244,ai à peine fait trois pas dans
"s ? Ah ! les cocus assassins, ",682509,Monsieur,PER,MISC,682517," !... Tenez, on enlève les cad"
ur ainsi dire aperçu de rien. ,682757,Regardez,MISC,,682765, ces gens qui rient et qui pla
"ur ; j'irai dans un instant. 
",683039,Réflexion,MISC,,683048," faite, je n'irai pas du tout."
roles attirent mon attention. ,684417,J',PER,,684419,"écoute, sans en avoir l'air. 
"
 et déshonoré avant la fin de ,684892,la,PER,,684894," semaine. 
Je descends l'escal"
"ine. 
Je descends l'escalier. ",684929,Déshonoré,PER,MISC,684938, ! Il aurait été déshonoré... 
"
XXIV -- ON DIRA POURQUOI... 
",686135,J',PER,,686137,aime autant l'avouer : je n'ai
uvais avec le mari tandis que ,686724,la,PER,,686726," femme s'oubliait, dans une lo"
"ossible, ne point donner à la ",687274,Justice,PER,MISC,687281, l'occasion de contempler mon 
"ue et que Courbassol, rappelé ",687622,la,PER,,687624, semaine dernière au ministère
e nouveau rien à lui refuser. ,687691,J',PER,,687693,explique les choses à Margot ;
"emain, je reçois un billet de ",688300,Margot,PER,,688306, qui m'annonce que les choses 
tion de vingt minutes avec un ,688536,monsieur,PER,,688544, qui me complimente fort sur m
 fort sur mes articles à la « ,688593,Revue,LOC,,688598," » de Montareuil, et m'annonce"
ssements pénitentiaires de la ,688810,Dalmatie,MISC,LOC,688818,", faire un rapport ; et je reç"
uvernement m'ayant confié une ,688984,mission,MISC,,688991," aussi importante, je suis obl"
ligé de partir immédiatement. ,689050,J',PER,,689052,envoie donc au juge d'instruct
"nds le train, non pas pour la ",689304,Dalmatie,MISC,LOC,689312,", mais pour Bruxelles. 
Beauco"
"lles. 
Beaucoup de gens, à ma ",689359,place,MISC,,689364,", resteraient à Paris et fabri"
influence du milieu présent ? ,693474,Mystère,PER,,693481,. Mais c'étaient peut-être de 
est de par la puissance de la ,693605,routine,PER,,693612," lâche, auraient produits ces "
t-être des actes très nobles. ,693701,J',PER,,693703,"ai répété, avec quelques varia"
c'est que les matériaux ne me ,694495,manqueront,PER,,694505, point. Ai-je déjà vu de chose
oses que je ne dirai pas !... ,694592,J',PER,,694594,"ai passé partout, ou à peu prè"
", ne s'y tromperont pas ; ils ",696469,comprendront,PER,,696481," que c'est vrai, que c'est véc"
rier. On dirait que je suis à ,696775,la,PER,,696777," tâche. Depuis un mois, je ne "
"ique m'a appris, d'abord, que ",696921,Mme,PER,,696924, de Bois-Créault mère s'est do
"bord, que Mme de Bois-Créault ",696941,mère,PER,,696945, s'est donné la mort quelques 
n cadavre... Ah ! la vie !... ,697318,Quelle,PER,,697324, farce ! -- jouée dans quel ab
"ouée dans quel abattoir !... 
",697367,La,PER,,697369, seconde fois que j'ai interro
tainement beaucoup d'honneur. ,697636,J',PER,,697638,ai inventé l' Écluse à renvers
" c'est impossible, mon vieux. ",699005,Jusqu',PER,,699011,"à avant-hier soir, Stéphanus c"
"n chantant : 
Belle enfant de ",700081,Venise,LOC,,700087," 
Au sourire moqueur, 
Il faut"
ononcer ce nom-là ?... Ah ! à ,700206,Vichy,PER,LOC,700211,", par l'abbé Lamargelle. Oui ;"
"?... Ah ! à Vichy, par l'abbé ",700224,Lamargelle,LOC,,700234,". Oui ; mais avant ça, il me s"
"lé, et qui porte l'adresse de ",700623,Delpich,MISC,,700630,". -- C'est parfait... 
Quelle "
", j'écris quelques mots et je ",700751,sonne,PER,,700756," Annie. 
– Annie, lui dis-je, "
ter au Post-office de Charing-,701044,Cross,PER,,701049,", demain, à sept heures du soi"
" tracé les mots suivants : 
« ",701205,Delpich,MISC,LOC,701212,", 84, rue d'Arlon, Bruxelles. "
er aujourd'hui à sept heures. ,701886,J',PER,,701888,"attends, tranquille comme un r"
s ; au premier les bureaux de ,702164,Delpich,MISC,LOC,702171," -- les bureaux, seulement, ca"
"s des magasins, en face. Et j'",702523,examine,PER,,702530," aussi, par la même occasion, "
"ssi, par la même occasion, un ",702563,monsieur,PER,,702571, qui sort bientôt de la maison
"e. C'est Delpich, assurément. ",702670,Teint,PER,,702675," blafard, taille rentassée, tr"
"ais, en flânant, à la gare du ",702916,Nord,LOC,,702920,". Il s'agit de voir, maintenan"
portant ces mots : Cabinet du ,703680,Directeur,PER,,703689," . La seconde fois, deux ou tr"
"ndue, mais il me répond que j'",704123,exagère,PER,,704130, et qu'il est toujours à la di
asse-partout de la maison ; j',704995,espère,PER,,705001," qu'il vous suffira. 
– Très b"
au de cire que je tenais dans ,705242,la,PER,,705244, main gauche. -- Je remercie b
" trouver ce qu'il cherche. 
– ",706105,J',PER,,706107,en étais sûr. Ce sont des serr
" de la serrure, on a la clef. ",706451,Regardez,MISC,,706459, comme ces deux-là s'adaptent 
"ai pour cinq minutes. 
– Ah ! ",706759,monsieur,PER,,706767," Randal, s'écrie l'hôtelier, j"
 à Louis XVI. Ça ne lui a pas ,707087,porté,MISC,,707092," bonheur, à ce pauvre roi, son"
"à ce pauvre roi, son amour de ",707132,la,PER,,707134," serrurerie ; car, enfin, sans"
ue vous avez fini votre clef. ,707249,Voyons,PER,,707255, un peu ; essayons sur la cire
"oir des sentiments religieux, ",707867,monsieur,PER,,707875, Randal. C'est tellement néces
"entiments religieux, monsieur ",707876,Randal,MISC,PER,707882,". C'est tellement nécessaire, "
à l'hôtelier et à moi : trois ,708291,Allemands,PER,LOC,708300, qui ont un coup à faire la nu
"ire la nuit prochaine, avenue ",708351,Louise,LOC,PER,708357, ; un Hollandais dont j'ignore
es aux projets indécis et une ,708448,Anglaise,PER,LOC,708456, qui m'a expliqué en détail co
"francs, payable en dentelles. ",708611,J',PER,,708613,ai quitté ces honnêtes gens au
" aux autres, et avant d'avoir ",708776,la,PER,,708778," tête lourde, heureusement. 
A"
 n'avais pas été à la gare du ,709505,Nord,LOC,,709509," ?...Non, le vrai, c'est que j"
été faites pour les serrures. ,710347,J',PER,,710349,"ouvre la porte, je passe, je l"
"ance vivement, je les écarte. ",710868,Rien,MISC,,710872,. Derrière le secrétaire ? Je 
 ?... Mais l'idée me vient de ,710973,toucher,PER,,710980, le brûloir d'un des becs de g
 j'ai rencontré ce malheureux ,712363,Canonnier,PER,MISC,712372, qui va recommencer. Seulement
"r. Seulement, ce n'est pas un ",712420,Canonnier,PER,MISC,712429," que je vais trouver ; non, ce"
ambriolage qui n'a pas encore ,712630,la,PER,,712632, main faite. Il faut voir sa f
"tends à du bruit, à un cri... ",712855,Rien,MISC,,712859,", j'avance un peu, ma lanterne"
appelle ce que m'a dit l'abbé ,713362,Lamargelle,LOC,,713372,", à Vichy, au sujet des relati"
" m'a dit l'abbé Lamargelle, à ",713376,Vichy,PER,LOC,713381,", au sujet des relations d'aff"
t des relations d'affaires de ,713420,Mme,PER,,713423, Hélène de Bois-Créault avec l
". En un clin d'œil, toute une ",713503,série,MISC,,713508," de possibilités, de certitude"
"s, se déroule en mon cerveau. ",713568,J',PER,,713570,en suis sûr ! c'est la fille d
 suis sûr ! c'est la fille de ,713602,Canonnier,LOC,MISC,713611, qui est là ; je sais comment 
" N'ayez pas peur ; c'est moi, ",713786,Randal,PER,MISC,713792,"... Randal, je vous dis... Hél"
"s peur ; c'est moi, Randal... ",713796,Randal,LOC,,713802,", je vous dis... Hélène ? C'es"
otre vie est entre vos mains. ,714432,Cessez,PER,,714438," de pleurer, s'il vous plaît, "
s voulez que je vous épargne. ,714504,Relevez,PER,,714511,-vous et donnez-vous la peine 
"ille heure. 
– Je suis madame ",714704,Delpich,MISC,,714711,", murmure cette femme en émoi,"
i vous êtes réellement madame ,715097,Delpich,MISC,,715104,", que le secrétaire se trouve "
"– Pour y prendre des lettres, ",715534,monsieur,PER,,715542,", dit-elle, des lettres de ma "
", dit-elle, des lettres de ma ",715572,mère,PER,,715576,. Ma mère... c'est un secret d
us dire toute la vérité... ma ,715697,mère,PER,,715701," a eu un amant. Oui, Monsieur,"
Nous entrons dans le cabinet. ,717971,J',PER,,717973,"allume le gaz, j'ouvre mon sac"
 de la faiblesse de ma pauvre ,718451,mère,PER,,718455," ! 
Les tiroirs sont ouverts, "
" ! 
Les tiroirs sont ouverts, ",718485,Mme,PER,,718488, Delpich fouille dans les papi
"Les tiroirs sont ouverts, Mme ",718489,Delpich,MISC,PER,718496," fouille dans les papiers, et "
 les criminels conservateurs. ,718708,J',PER,,718710,ai inventé quelque chose de mi
"ac. C'est une affaire faite. 
",719629,Mme,PER,,719632," Delpich, qui a fini de remuer"
"C'est une affaire faite. 
Mme ",719633,Delpich,MISC,PER,719640,", qui a fini de remuer les pap"
"la main. 
– Comment ! s'écrie ",719998,Mme,PER,,720001," Delpich, vous partez déjà ! D"
"ain. 
– Comment ! s'écrie Mme ",720002,Delpich,MISC,PER,720009,", vous partez déjà ! Déjà ! Et"
" vous m'avez compromise... 
– ",720171,Compromise,PER,MISC,720181," ! dis-je, légèrement interloq"
 aussi facile de sortir de la ,720287,place,PER,,720292, qu'il m'a été aisé d'y entrer
"é d'y entrer. Compromise ! 
– ",720340,J',PER,,720342,"exagère peut-être un peu, repr"
l'existence des lettres de la ,721120,mère,PER,,721124," coupable, et je me demande si"
"coupable, et je me demande si ",721155,Mme,PER,,721158," Delpich, pressentant les proj"
"able, et je me demande si Mme ",721159,Delpich,MISC,PER,721166,", pressentant les projets de s"
qui saura me comprendre. Nous ,721944,sommes,MISC,,721950," si rarement comprises, nous, "
yez bien que je veux savoir ! ,722799,Supposez,PER,,722807, qu'une autre femme... Une bru
-elle en m'entraînant dans la ,723205,petite,PER,,723211, chambre. Vous m'aviez fait si
l... Mais Michelet assure que ,723447,la,PER,,723449, femme rafraîchit. Faut voir..
nner encore dix mille francs. ,723653,J',PER,,723655,ai peur de ne pas avoir assez.
" une fausse adresse : Durand, ",723808,Oxford,MISC,,723814," Street, Londres. 
– Durand ? "
"nq minutes. 
... Je suis dans ",724079,la,PER,,724081," rue, portant mon sac -- allég"
"lle n'y va pas de main morte, ",724203,Mme,PER,,724206," Delpich ; et moi, pour la pre"
"n'y va pas de main morte, Mme ",724207,Delpich,MISC,PER,724214," ; et moi, pour la première fo"
"soir, à peu près à l'heure où ",724647,Delpich,MISC,LOC,724654, partait de Bruxelles. Je suis
"tement, en emportant mon sac. ",724931,Réglementairement,PER,,724948,", je ne devrais lui donner que"
vêtements que j'ai commandés. ,726105,J',PER,,726107,"ai donné, des arrhes au taille"
ich a été arrêté à la gare du ,726266,Nord,LOC,,726270,", en revenant d'Angleterre. Tr"
ient être prises aux sérieux. ,726483,Naturellement,PER,,726496,. Il passera devant le tribuna
s de prison. C'est bien fait. ,726614,J',PER,,726616,en veux à Delpich. Sa femme m'
"du la langue. 
Vers la fin de ",726681,la,PER,,726683," semaine, l' Indépendance anno"
", l' Indépendance annonce que ",726721,Mme,PER,,726724," Delpich, désolée du scandale "
 Indépendance annonce que Mme ,726725,Delpich,MISC,PER,726732,", désolée du scandale qui lui "
"l fallu employer, des ruses d'",727401,Apache,PER,MISC,727407, ! Heureusement que tu m'avais
"« N'ayez pas peur. C'est moi, ",727611,Randal,MISC,PER,727617,. » Et dire que tu as eu l'aud
"ait presque un viol, tu sais. ",727814,Tiens,MISC,,727819,", tu es un monstre ! Si j'étai"
 L'histoire des lettres de sa ,728597,mère,PER,,728601, ? Simple invention. Les mauva
oire des lettres de sa mère ? ,728604,Simple,PER,,728610, invention. Les mauvais traite
"ait orpheline à douze ans, et ",728728,Delpich,MISC,PER,728735, n'a jamais maltraité sa femme
l'argent que j'ai soustrait à ,730699,Delpich,MISC,PER,730706, reviendrait peu à peu dans la
'un défaut : elle ne sait pas ,731606,marcher,PER,,731613,. Elle marche très mal. Aussi 
 jamais sortir qu'en voiture. ,731712,Place,MISC,,731717, aux honnêtes femmes qui vont 
"dans. 
Mais voici l'été venu. ",732324,Belle,LOC,,732329, saison ; plages et villes d'e
"Aix-les-Bains. Moi, je suis à ",732620,Royan,PER,LOC,732625,. Je ne pourrais dire exacteme
e flâne sur la Grand'Conge. J',732723,observe,PER,,732730, quelques familles bourgeoises
Travaille ! Donne-toi du mal. ,733253,Continue,PER,,733261," ! Nous te regardons... 
Oui i"
"e voyage, qui n'en finit pas. ",733754,J',PER,,733756,"arrive enfin à Aix, dans l'apr"
 Geneviève lorsque je vois un ,734363,monsieur,PER,,734371," en franchir la grille, s'éloi"
"t de suite, en présence de ma ",734567,petite,PER,,734573, femme. J'ai eu bien tort de m
 présence de ma petite femme. ,734581,J',PER,,734583,ai eu bien tort de m'inquiéter
lle consent à l'accompagner à ,734842,Vienne,PER,LOC,734848,". 
– Tu l'as peut-être vu sort"
 que toi. Il s'appelle Urbain ,735352,Randal,MISC,,735358,. Ne serait-il pas ton parent 
" ? 
– Si ; dis-je ; c'est mon ",735417,oncle,PER,,735422,". 
– Ah ! dit Geneviève un peu"
is. Je retrouverai toujours l',735634,Autrichien,PER,LOC,735644,". Mais, quant à ton oncle, com"
"Autrichien. Mais, quant à ton ",735664,oncle,PER,,735669,", comme il est usé au dernier "
"r l'avertir de mon départ. 
– ",736087,Écris,MISC,,736092,-lui avec des larmes dans la v
ain de Paris Geneviève et mon ,736463,oncle,PER,,736468,. Ah ! cette figure de vieux v
"
Je vais m'éloigner lorsqu'un ",737182,monsieur,PER,,737190,", escorté de deux laquais, ent"
tte rencontre inopinée de mon ,737591,oncle,PER,,737596,", si vieilli, si cassé, si prè"
"vieilli, si cassé, si près de ",737631,la,PER,,737633," tombe, a remué quelque chose "
usement conservées. Je les ai ,737931,lues,PER,,737935," et relues à Londres, pendant "
tard. Elle m'a appris que mon ,738366,oncle,PER,,738371," est au plus bas, qu'un dénoue"
"'affaires. 
Je prends note de ",739003,la,PER,,739005," date. Hier, c'était le 12. C'"
 lorsque le domestique de mon ,739607,oncle,PER,,739612,", ce matin, vient me chercher "
 chercher « de la part de son ,739662,maître,PER,,739668," », c'est avec une rapidité fo"
"s conduire rue du Bac, chez l'",739816,abbé,PER,,739820, Lamargelle. Une demi-heure ap
"duire rue du Bac, chez l'abbé ",739821,Lamargelle,LOC,,739831,". Une demi-heure après, nous m"
evard Haussmann qu'habite mon ,739957,oncle,PER,,739962,. Geneviève nous accueille dan
"tresse, dis-je ; de plus, mon ",740355,oncle,PER,,740360, a dû s'efforcer d'en faire la
"e la sienne ; et enfin, c'est ",740416,la,PER,,740418, femme d'un certain Delpich...
".. 
– Ah ! diable ! s'écrie l'",740476,abbé,PER,,740480,. C'est Mme Delpich ! Tiens ! 
iable ! s'écrie l'abbé. C'est ,740488,Mme,PER,,740491, Delpich ! Tiens ! tiens !... 
e ! s'écrie l'abbé. C'est Mme ,740492,Delpich,MISC,PER,740499, ! Tiens ! tiens !... Mais je 
 soir-là ; je ne parle pas de ,741123,la,PER,,741125," femme, qui est charmante, mai"
ue sera le testament de votre ,741233,oncle,PER,,741238," ? 
– Tout à fait. C'est moi q"
"de sa plus belle écriture. 
– ",741314,J',PER,,741316,"en étais sûr, dit l'abbé. Je l"
"etrouvera jamais, ses traces. ",741586,J',PER,,741588,ai fait faire toutes les reche
avais perdue ! Et dire que la ,742041,vieille,PER,,742048," canaille qui crève là... 
– B"
" lui tirer les pieds, à votre ",742150,oncle,PER,,742155,. Laissez-le faire sa besogne.
"rer les pieds, à votre oncle. ",742157,Laissez,PER,,742164,-le faire sa besogne... En som
e seront pas fort élevés. Mon ,742426,oncle,PER,,742431, demande à être conduit au cha
". 
– Ah ! ah ! ah ! s'écrie l'",742832,abbé,PER,,742836, en se tordant de rire. Un ent
je n'aurais pas pensé à cela. ,742943,Quelle,PER,,742949," trouvaille ! Mais, continue-t"
st froide comme celle d'un... ,743475,J',PER,,743477,"appelle l'abbé. 
– Eh ! bien ?"
on ? Grave question que votre ,743723,oncle,PER,,743728, peut maintenant débattre avec
"Bizarre jusqu'à la fin, votre ",743802,oncle,PER,,743807,. Quand on vient le voir mouri
 qu'elle eût déplu à certains ,744209,Grecs,PER,MISC,744214,", est presque un symbole. J'ai"
"recs, est presque un symbole. ",744240,J',PER,,744242,ai dans l'idée que la Société 
dée que la Société crèvera de ,744283,la,PER,,744285, même façon. Cette bourgeoisie
latent en sanglots. Un si bon ,744782,maître,PER,,744788," ! Mais l'abbé, qui se relève "
" moi, mais elle est si bête ! ",745109,Rien,MISC,,745113," de tel comme consolation... 
"
"choses-là. 
Le notaire de mon ",745332,oncle,PER,,745337,", Me Tabel-Lion, arrive le len"
"là. 
Le notaire de mon oncle, ",745339,Me,PER,,745341," Tabel-Lion, arrive le lendema"
"onsieur, me dit-il, que votre ",745514,oncle,PER,,745519, est revenu avant de mourir à 
toute sa fortune à l'Institut ,745693,Pasteur,PER,,745700, ; il se trouve annulé de plei
s dernières volontés de votre ,745830,oncle,PER,,745835, : cet enterrement civil. Mais
pprends que la fortune de mon ,745949,oncle,PER,,745954, est encore considérable. Me T
ncle est encore considérable. ,745980,Me,PER,,745982, Tabel-Lion parle à demi-voix.
rige mélancoliquement vers le ,746229,Père,MISC,,746233, Lachaise. Quelques voitures s
"ement, derrière. Je suis dans ",746296,la,PER,,746298, première avec l'abbé Lamargel
 dans la première avec l'abbé ,746320,Lamargelle,LOC,PER,746330, qui a endossé des habits civi
 dizaine de vieux amis de mon ,746484,oncle,PER,,746489,", vieux voleurs probablement, "
illion et tu fais faire à ton ,746751,oncle,PER,,746756, des funérailles civiles ! Oui
"rêtre qui est ton ami, l'abbé ",746928,Lamargelle,LOC,,746938,", savait ce que tu es ! S'il s"
uées... Savez-vous quelle est ,747536,la,PER,,747538," base de la propriété, la vrai"
nce à l'immortalité de l'âme. ,747621,Méditez,PER,,747628," ça, quand vous aurez le temps"
"l. 
Les vieux amis me serrent ",747905,la,PER,,747907, main à la porte du cimetière 
e entr'ouverte qui donne dans ,748998,le,PER,,749000, salon où il va recevoir Genev
"ir Geneviève, l'arrivée de ma ",749052,petite,PER,,749058," femme. Je voudrais bien, hist"
ions exactes de cet excellent ,749309,abbé,PER,,749313, Lamargelle. Mais j'entends ré
exactes de cet excellent abbé ,749314,Lamargelle,LOC,PER,749324,. Mais j'entends résonner le t
"s'échangent d'abord ; puis, l'",749545,abbé,PER,,749549, demande d'une voix blanche : 
" ; et si vous le voulez bien, ",749685,monsieur,PER,,749693," l'abbé, je vais vous exposer "
e celui qui est sans péché me ,749793,jette,PER,,749798," la première pierre ! 
L'abbé "
"jette la première pierre ! 
L'",749823,abbé,PER,,749827," tousse légèrement. 
– Si j'ai"
les. L'auteur de ma perte est ,750000,M.,PER,,750002, Georges Randal. Il se dit vot
. L'auteur de ma perte est M. ,750003,Georges,PER,,750010," Randal. Il se dit votre ami, "
ur de ma perte est M. Georges ,750011,Randal,PER,,750017,". Il se dit votre ami, monsieu"
" Randal. Il se dit votre ami, ",750040,monsieur,PER,,750048," l'abbé, et vous le croyez un "
"et, hélas ! les lettres de ma ",750801,mère,PER,,750805,"... Ici, monsieur l'abbé, il f"
"es lettres de ma mère... Ici, ",750814,monsieur,PER,,750822," l'abbé, il faut que je vous r"
dans un tiroir de son bureau. ,751103,M.,PER,,751105," Randal les a découvertes, et,"
s un tiroir de son bureau. M. ,751106,Randal,MISC,PER,751112," les a découvertes, et, aussit"
ours. Que vous dire de plus ? ,751397,La,PER,,751399," piété filiale, toujours si fo"
as vous dire quelle existence ,751614,M.,PER,,751616, Randal m'a fait mener depuis.
vous dire quelle existence M. ,751617,Randal,MISC,PER,751623, m'a fait mener depuis. C'est 
 quelle existence M. Randal m',751626,a,PER,,751627, fait mener depuis. C'est la h
– C'est effrayant ! s'écrie l',751744,abbé,PER,,751748,. C'est absolument effrayant !
 C'est absolument effrayant ! ,751779,M.,PER,,751781, Randal est un misérable et s'
est absolument effrayant ! M. ,751782,Randal,MISC,PER,751788, est un misérable et s'est jou
arrêter. Ces lettres de votre ,752081,mère,PER,,752085,", qu'il possède, il ne les a p"
. Je vais m'employer à livrer ,752676,M.,PER,,752678, Randal à la justice après lui
e vais m'employer à livrer M. ,752679,Randal,MISC,PER,752685, à la justice après lui avoir 
"c feu ; je suis une croyante, ",753095,monsieur,PER,,753103," l'abbé. 
– Eh ! bien, vous n'"
"suis une croyante, monsieur l'",753106,abbé,PER,,753110,". 
– Eh ! bien, vous n'ignorez"
"resse. Vous êtes mon sauveur, ",753660,monsieur,PER,,753668," l'abbé, vous êtes mon sauveur"
" êtes mon sauveur, monsieur l'",753671,abbé,PER,,753675,", vous êtes mon sauveur !... 
"
"e lève pour la reconduire. 
– ",753779,J',PER,,753781,ai promis à M. Randal d'aller 
" reconduire. 
– J'ai promis à ",753793,M.,PER,,753795, Randal d'aller le voir aujour
"conduire. 
– J'ai promis à M. ",753796,Randal,MISC,PER,753802," d'aller le voir aujourd'hui, "
rêtez-vous sur votre chemin à ,754093,Saint-Thomas,MISC,,754105," d'Aquin, et entendez la messe"
"t-Thomas d'Aquin, et entendez ",754127,la,PER,,754129, messe. Ce sera une bonne prép
ransformé en infâme Golo... L',754314,abbé,PER,,754318," revient. 
– J'ai tout entendu"
st bien prise. La mort de ton ,756048,oncle,PER,,756053," m'a profondément troublée, m'"
", à l'église Saint-Étienne du ",756324,Mont,PER,,756328,", où repose ma bienheureuse pa"
t vrai ; mais je te pardonne. ,756553,Jamais,PER,,756559, un mot contre toi ne s'échapp
 cette mort inattendue de mon ,757050,oncle,PER,,757055, -- cet homme que je haïssais 
"out en cédant au sommeil, à l'",757473,abbé,PER,,757477, qui doit venir m'apprendre co
autre qu'on me charge de vous ,757753,remettre,PER,,757761,". 
Je déchire l'enveloppe, Gen"
"oi, dit l'abbé après avoir lu ",758075,la,PER,,758077," lettre que je lui ai passée, "
ent. Tâchez d'être loin quand ,759870,la,MISC,,759872, crise se produira et qu'elle 
iendra implorer votre pardon. ,759933,Nolite,PER,,759939," confidere hominibus , ni aux "
"s ; ça n'en finit pas. Enfin, ",761036,Me,PER,,761038, Tabel-Lion vient de m'annonce
"nte, entre autres la villa de ",761498,Maisons,PER,,761505,"-Laffitte, la fortune de mon o"
re autres la villa de Maisons-,761506,Laffitte,PER,,761514,", la fortune de mon oncle mont"
"s-Laffitte, la fortune de mon ",761534,oncle,PER,,761539, monte à un joli total. En chi
re des phrases de Télémaque . ,762127,Saine,PER,,762132, littérature. J'ai expédié le 
élémaque . Saine littérature. ,762146,J',PER,,762148,ai expédié le rapport à qui de
ncs 75 centimes à l'insoumis. ,762261,J',PER,,762263,"ai retenu le timbre, en ma qua"
 Le rapport m'a fait songer à ,762343,Montareuil,PER,LOC,762353,", que j'ai été voir. Il m'a re"
ui plus rien donner pour sa « ,762427,Revue,LOC,,762432," », qui se vend très bien, mai"
faire deux ou trois visites à ,762705,Margot,PER,LOC,762711,", qui est toujours au mieux av"
"s à terme. Cependant, je suis ",763062,las,PER,,763065, de m'entendre féliciter sur m
'invite à venir lui parler au ,763233,ministère,PER,,763242,". 
Dans dix minutes, ce sera u"
" minutes, ce sera une affaire ",763283,faite,MISC,,763288,". J'attends en effet, dans l'a"
"s, ce sera une affaire faite. ",763290,J',PER,,763292,"attends en effet, dans l'antic"
une tristesse qui veut rester ,763934,muette,PER,,763940," ; on dirait... 
Mais la porte"
 trouve devant Courbassol. Le ,764623,Courbassol,PER,LOC,764633, que j'ai vu à Malenvers ; le 
"ravail de tout premier ordre, ",764931,Monsieur,PER,MISC,764939," ! Vous avez rendu, en l'écriv"
blier. Vos articles dans la « ,765451,Revue,MISC,,765456, Pénitentiaire » ont été fort 
"e nom de la localité... 
–  A ",765784,Nothingabout,PER,LOC,765796,", dis-je avec aplomb. C'est un"
us vous convaincrez que votre ,766447,place,MISC,,766452," est parmi nous. 
Il y a beauc"
"nistre me ferme la bouche. 
– ",766886,J',PER,,766888,"y tiens, dit-il ; après les do"
point oublier ses réceptions. ,767308,Mme,PER,,767311," Courbassol, assure-t-il, sera"
istrat ; il s'appelle... ah ! ,768262,M.,PER,,768264, de Bois-Créault. Tu sais bien
ques sous et une propriété en ,768501,Normandie,PER,LOC,768510,. C'est dans l'une que Broussa
'aime mieux te le dire. C'est ,769791,Issacar,PER,MISC,769798,". 
– Issacar ! Comment ? Cette"
"te le dire. C'est Issacar. 
– ",769803,Issacar,PER,MISC,769810, ! Comment ? Cette crapule d'I
r ! Comment ? Cette crapule d',769839,Issacar,PER,MISC,769846," ? 
Mais le voici justement qu"
" Paris, dans l'arrestation de ",770111,Canonnier,LOC,MISC,770120,". 
– Un rôle très avouable, ré"
ché d'opérer l'arrestation de ,770708,Canonnier,LOC,MISC,770717, à la gare du Nord et je l'ai 
ion de Canonnier à la gare du ,770731,Nord,LOC,,770735, et je l'ai encore empêché de 
"iez eu confiance en moi, cher ",770877,monsieur,PER,,770885," Randal, rien de ce qui s'est "
ivé. Cette affaire ne m'a pas ,770966,porté,MISC,,770971," chance, à moi non plus. On m'"
 et je n'ai pu obtenir qu'une ,771063,place,MISC,,771068," de sous-préfet. 
– Où vous vo"
"ne veux rien discuter, répond ",771367,Issacar,PER,MISC,771374, nerveusement. Vous ignorez le
 que possible son départ pour ,771691,Cayenne,PER,LOC,771698,", car on craint une évasion. I"
"aujourd'hui ?... Ainsi, cette ",772172,vieille,PER,,772179, toquée d'Annie pleure comme u
"ôt, va revenir auprès d'elle. ",772424,Malgré,PER,,772430," tout, elle pleure à chaudes l"
xelles ; pour porter à l'abbé ,772712,Lamargelle,LOC,,772722, les papiers que je lui ai pro
"terrible, sinon sa platitude. ",775060,J',PER,,775062,"avais bien tort, je l'avoue, e"
son de traiter ainsi qu'elles ,775146,le,LOC,,775148, méritaient mes appréhensions 
nous en vouloir à nous-mêmes. ,776233,J',PER,,776235,espère que vous n'avez pas de 
r hasard ?... Une idée ! Vous ,776882,m',PER,,776884,"aimez peut-être ? 
– Je n'en s"
e deux courses effrénées dans ,777737,le,PER,,777739, désert où les ossements blanc
"ène, pas des mots. Des faits. ",778909,La,PER,,778911," femme qu'il vous faut, vous l"
s une grande détresse morale. ,779236,J',PER,,779238,ai pensé à vous. J'ai pensé...
se morale. J'ai pensé à vous. ,779255,J',PER,,779257,ai pensé... ce que vous pensez
"lu la peine, ce dernier vol ! ",780373,J',PER,,780375,aurais pu... si j'avais pu... 
"LUSIONS 
– Ma foi, dit l'abbé ",780678,Lamargelle,LOC,,780688, comme nous achevons de déjeun
"s mal, ici ; pas mal du tout. ",780792,Maison,PER,,780798," louche, mais cuisine parfaite"
". Maison louche, mais cuisine ",780820,parfaite,PER,,780828,. J'avoue que je suis gourmand
s voluptés de l'abstinence. » ,780954,Mâles,PER,,780959, voluptés ! Comme c'est mâle e
uet de papiers déposé sur une ,781401,petite,PER,,781407," table, vous verrez quelle all"
Je voudrais bien être à votre ,781596,place,MISC,,781601,", Vous n'avez pas de but dans "
us la signification du fait ? ,782479,Découvrez,MISC,,782488,"-vous, autrement que les gazet"
le passé de la bourgeoisie et ,782948,manifeste,PER,,782957," son futur. D'ailleurs, il est"
ation n'est pas seulement une ,783073,Doctrine,PER,MISC,783081,", mais une Vie, la marche de l"
" une époque de transition. 
– ",784024,Mensonge,PER,MISC,784032, ! s'écrie l'abbé. Notre époqu
"tion. 
– Mensonge ! s'écrie l'",784045,abbé,PER,,784049,. Notre époque est une époque 
"
– Mensonge ! s'écrie l'abbé. ",784051,Notre,MISC,,784056, époque est une époque d'accom
temps et ce qui sera bientôt. ,784434,Notre,MISC,,784439, civilisation ? On peut la déf
"misole de force. « Jésus, dit ",784931,saint,PER,,784936," Augustin, a perfectionné l'es"
asiées. Voilà un miracle !... ,785979,Avez,MISC,,785983,"-vous pensé quelquefois, aussi"
– Pour m'en servir ! répond l',787136,abbé,PER,,787140, en se levant avec un grand ge
e portais pas cette défroque. ,787587,J',PER,,787589,aurais l'air d'exister par moi
"tans !... Pourtant, j'espère. ",788592,Notre,MISC,,788597," époque est tellement abjecte,"
pôtre -- un apôtre qui aurait ,788853,la,PER,,788855," volonté, la volonté tenace de"
endre. -- Un apôtre serait un ,788928,Individu,PER,MISC,788936,", d'abord -- l'Individu qui a "
"ait un Individu, d'abord -- l'",788951,Individu,PER,MISC,788959, qui a disparu. -- Le jour où 
soit l'Amour ou qu'il soit la ,789083,Haine,PER,LOC,789088,", qu'il étende les bras ou que"
"'en sera fini, de cet immense ",789287,couvent,MISC,,789294, de la Sottise meurtrière dont
"ni, de cet immense couvent de ",789298,la,PER,,789300, Sottise meurtrière dont les m
évore ; de ce monastère de la ,789477,Renonciation,MISC,,789489," Perpétuelle où l'humanité, le"
ées devant leur idole -- leur ,789850,Idole,PER,ORG,789855, qui est leur Image -- en atte
le -- leur Idole qui est leur ,789869,Image,PER,MISC,789874, -- en attendant que leur Prov
"temps, elle laisse apercevoir ",790005,la,PER,,790007," manne, à moins qu'elle ne pré"
"battoir. -- Oui, le jour où l'",790137,Individu,PER,MISC,790145," reparaîtra, reniant les pacte"
la dalle où sont gravés leurs ,790258,Droits,MISC,ORG,790264," ; le jour où l'Individu, lais"
s leurs Droits ; le jour où l',790280,Individu,PER,MISC,790288,", laissant les rois dire : « N"
"er jour, ergastule des Foules ",790599,Souveraines,MISC,,790610, où l'on prêche que l'Homme n'
s pas l'inanité du sacrifice. ,791799,Malgré,PER,,791805," tout, l'idéal est en nous. C'"
