Gauche,Début,Texte,Label_modele,Label_spacy,Fin,Droit
"ître, s'il le faut, devant le ",674,Procureur du Roi,,PER,690,". (Ça se passe en Belgique.) 
"
 devant le Procureur du Roi. (,693,Ça,,MISC,695," se passe en Belgique.) 
Ça se"
ureur du Roi. (Ça se passe en ,708,Belgique,,LOC,716,".) 
Ça se passe en Belgique. J"
". (Ça se passe en Belgique.) 
",720,Ça,,MISC,722, se passe en Belgique. J'avais
"en Belgique.) 
Ça se passe en ",735,Belgique,,LOC,743,. J'avais été faire un petit v
 Dieu ! j'avais voulu voir le ,936,roi Léopold,,PER,947,", avant de mourir. Un dada. Je"
jamais vu de roi. Quel est le ,1016,Républicain,,ORG,1027," qui ne me comprendra pas ? 
J"
"
J'étais entré, en arrivant à ",1085,Bruxelles,,LOC,1094,", dans le Premier hôtel venu, "
"arrivant à Bruxelles, dans le ",1104,Premier hôtel,,MISC,1117," venu, l'hôtel du Roi Salomon."
"remier hôtel venu, l'hôtel du ",1135,Roi Salomon,,LOC,1146,. Je ne me fie guère aux maiso
ieur est sans doute un ami de ,1474,M. Randal,,PER,1483,", me dit l'hôtelière comme je "
" nom sur le registre. 
– Non, ",1552,Madame,,PER,1558," ; je n'ai pas cet honneur. 
–"
le même prénom ; il s'appelle ,1937,Georges,,MISC,1944, comme vous savez -- Georges R
e Georges comme vous savez -- ,1965,Georges Randal,,PER,1979," -- Eh bien, puisque vous le c"
nde ici. Ces messieurs sont à ,2397,Spa,,LOC,2400,", à Dinan, à Ostende, ou bien "
". Ces messieurs sont à Spa, à ",2404,Dinan,,LOC,2409,", à Ostende, ou bien dans les "
"sieurs sont à Spa, à Dinan, à ",2413,Ostende,,LOC,2420,", ou bien dans les villes d'ea"
u bien dans les villes d'eaux ,2453,de France,,LOC,2462, ou d'Allemagne ; partout où i
 villes d'eaux de France ou d',2468,Allemagne,,LOC,2477, ; partout où il y a du travai
"est bien certain. Mais,... 
– ",3507,Ah !,,MISC,3511, j'oubliais. La valise qui est
" coin, là, c'est la valise de ",3579,M. Randal,,PER,3588, ; il n'a pas voulu l'emporter
"qu'elle ne vous embarrasse ? 
",3796,– Pas,,PER,3801," le moins du monde. 
– J'espèr"
 -- car j'avais appris que le ,4099,roi Léopold,,PER,4110, était enrhumé et qu'il ne sor
ce que contenait la valise de ,4263,M. Randal,,PER,4272,". Curiosité malsaine, je l'acc"
ose et désœuvré ? Pourquoi le ,4424,roi Léopold,,PER,4435, était-il enrhumé ? Autant de 
"a bouclaient. Je n'aurai pas, ",4656,Dieu merci,,MISC,4666,", une effraction sur la consci"
 petite bouteille étiquetée : ,4926,Chloroforme,,LOC,4937,. Ne l'ouvrons pas ! Une boîte
né la lecture des mémoires de ,6086,M. Randal,,PER,6095, -- l'appellerai-je Monsieur ?
 ? Le renvoyer par la poste ? ,6397,Impossible,,MISC,6407,", mon départ précipité a dû dé"
rassante. Comment en sortir ? ,7309,Eh !,,MISC,7313," bien, le manuscrit lui-même m"
"ur qu'on sache où ça finira. 
",7881,Finir !,,MISC,7888," C'est ce livre, que je voudra"
n ou du mal (je l'ignore.) -- ,8671,J'ai essayé ;,,MISC,8684, pas pu. Je ne sais point comm
"is point comment il écrit, ce ",8731,Voleur-là ;,,MISC,8742, mes phrases n'entrent pas dan
"sonnage, un ancien élève de l'",9106,École Polytechnique,,ORG,9125,", par exemple, qui, tout le lo"
"olume, aurait dit son fait au ",9192,Voleur,,MISC,9198,. Il aurait suffi de le faire 
" une question de conscience. 
",9658,Moi qui ai volé le Voleur,,MISC,9683,", je ne puis guère le flétrir."
" ai pas le droit. Peut-être. 
",9896,Georges Darien,,PER,9910,". 
Londres, 1896. 
I -- AURORE"
" Peut-être. 
Georges Darien. 
",9913,Londres,,LOC,9920,", 1896. 
I -- AURORE 
Mes pare"
"rges Darien. 
Londres, 1896. 
",9929,I,,LOC,9930," -- AURORE 
Mes parents ne peu"
"
Londres, 1896. 
I -- AURORE 
",9942,Mes parents ne peuvent plus faire autrement,,MISC,9985,". 
Tout le monde le leur dit. "
s y pousse de tous les côtés. ,10050,Mme Dubourg,,PER,10061, a laissé entendre à ma mère q
"és, a mis mon père au pied du ",10183,mur,,MISC,10186,". 
– Comment ! des gens à leur"
"s mon père au pied du mur. 
– ",10191,Comment !,,MISC,10200," des gens à leur aise, dans un"
"ssurés, on comprend ça. Mais, ",10436,sapristi,,PER,10444," !... Et la fortune amassée, o"
"oui, il vous faut un enfant. 
",10919,Eh !,,MISC,10923," bien, puisque tout le monde l"
"oute ma vie, disait plus tard ",11173,Aglaé,,PER,11178,", la cuisinière ; il faisait u"
nvoqués pour la circonstance. ,11990,Solennité majestueuse !,,MISC,12013, Cérémonie imposante ! La robe
"ant-là. Vous le voyez, hein ? ",12254,Eh !,,MISC,12258," bien, c'est à moi ! 
Les mère"
 ! Comme il a dû travailler ! ,12355,Ah !,,MISC,12359," c'est bien beau, l'instructio"
"ressaillir des châles-tapis. 
",12682,Et je sors de là acclamé,,MISC,12706,", triomphant, avec le fil de f"
"quand je serai académicien ? 
",13419,Car j'irai loin,,MISC,13434,. On me le prédit tous les jou
 me le prédit tous les jours. ,13468,Sic itur ad astra,,MISC,13485,". 
J'ai le temps, d'ailleurs. "
"ute la candeur de l'enfance. 
",13661,Candeur !,,MISC,13670,... Mon enfance ? Je ne me rap
" souvenirs ? Si vous voulez. 
",14971,Mon père ?,,MISC,14981," j'ai deux souvenirs de lui. 
"
" j'ai deux souvenirs de lui. 
",15011,Un dimanche,,MISC,15022,", il m'a emmené à une fête de "
urniquets chargés de pavés de ,15150,Reims,,LOC,15155,", de porcelaines utiles et de "
" Tu vas voir, a-t-il dit, que ",15263,Phanor,,LOC,15269," est plus adroit que toi. 
Il "
un coup de patte autoritaire. ,15410,Phanor,,PER,15416," a gagné le gros lot, un grand"
 plus grave. Il m'a fait voir ,16210,Gambetta,,PER,16218,. C'était au Palais de Versail
ait voir Gambetta. C'était au ,16231,Palais de Versailles,,LOC,16251,", où se tenait alors l'Assembl"
"sailles, où se tenait alors l'",16274,Assemblée Nationale,,ORG,16293,. La séance était ouverte quan
chevaux. J'ai cru que c'était ,16490,Gambetta,,PER,16498,". 
Mon père s'est mis en colèr"
Comment ! je ne reconnais pas ,16561,Gambetta,,PER,16569, ! Il est assez facile à disti
as le retirer d'un collège de ,16751,Jésuites,,ORG,16759," ? 
Si, on me l'a dit mille fo"
quand ils le mettent chez les ,16885,Jésuites,,ORG,16893,", mais qu'il doit leur obéir a"
"ils l'enferment ailleurs ! 
– ",16971,Ah !,,MISC,16975," tu es vraiment bien nigaud, m"
"gité. Et puis, je croyais que ",17642,Gambetta,,PER,17650," ne quittait pas la tribune, q"
'Histoire et il reconnaîtrait ,18010,M. Thiers,,PER,18019," à une demi-lieue... 
Puis, il"
"tourne vers moi. 
– Le voilà, ",18083,Gambetta,,PER,18091," ! Tiens, là, là ! 
Oui, c'est"
"te. 
– C'est bien dommage que ",18637,Gambetta,,PER,18645," n'ait pas parlé, dis-je à mon"
s promis de te faire entendre ,18897,Gambetta,,PER,18905, ; ça ne dépend point de moi. 
"d'extraordinaire, je pense ? 
",19048,Moi ?,,MISC,19053, Pas du tout. Je ne m'attendai
"nt celui que j'espérais voir, ",19634,"Non, pas du tout",,MISC,19650,. Je ne me rappelle déjà plus 
"es, me représenter un homme d'",20197,État,,LOC,20201,", c'est son visage que j'évoqu"
"ment justifiées, ce n'est pas ",20386,Gambetta,,PER,20394,", ni même M. Thiers, qui symbo"
"e n'est pas Gambetta, ni même ",20404,M. Thiers,,PER,20413,", qui symbolisent pour moi le "
nt les cheveux avaient quitté ,20572,la France,,LOC,20581, dans le fiacre à Louis-Philip
té la France dans le fiacre à ,20599,Louis-Philippe,,PER,20613,", dont la blanchisseuse avait "
mander aumône à la grille : « ,21157,Allez,,LOC,21162," donc travailler, fainéant ; v"
"uois, qui dit toujours que le ",21882,Code,,MISC,21886," est formel. 
– Le Code est fo"
"rs que le Code est formel. 
– ",21902,Le Code,,MISC,21909," est formel. 
Le geste est fac"
"s ligatures aux consonnes. 
– ",22214,Le Code,,MISC,22221," est formel ! 
J'écoute ça, pl"
 souveraine et mystérieuse du ,22324,Code,,MISC,22328,", un peu terrifié aussi -- et "
se habitude. Peut-être que le ,23006,Code,,MISC,23010," est formel, pour les ongles. "
"ns la bibliothèque, saisir un ",23528,Code,,MISC,23532,", le cacher sous ma blouse et "
"ouvrant le livre sacré ! Non, ",24485,Ève,,PER,24488, n'a pas cueilli le fruit défe
" cueilli le fruit défendu, au ",24526,jardin d'Eden,,LOC,24539,", avec une émotion plus grande"
vec une émotion plus grande ; ,24572,le Tentateur,,MISC,24584, ne lui avait parlé qu'une seu
'entends chanter la gloire du ,24714,Code,,MISC,24718,", du Code qui est formel ! 
Je"
"chanter la gloire du Code, du ",24723,Code,,MISC,24727," qui est formel ! 
Je lis. Je "
"ement, avec fièvre. Je lis le ",24802,Contrat de louage,,MISC,24819,", le Régime dotal, beaucoup d'"
" lis le Contrat de louage, le ",24824,Régime dotal,,MISC,24836,", beaucoup d'autres choses com"
"– Qu'est-ce que tu fais là ? 
",25204,Mon grand-père,,MISC,25218, est devant moi. Il est entré 
"-ce que tu lis ? 
– Je lis le ",25420,Code !,,MISC,25426," 
À quoi bon nier ? Le livre e"
"and-père sourit. 
– Tu lis le ",25583,Code !,,MISC,25589," Ça t'amuse, de lire le Code ?"
"Code ! Ça t'amuse, de lire le ",25613,Code ?,,MISC,25619," Ça t'intéresse ? 
Je fais un "
"mmédiatement. 
– Pour lire le ",25885,Code,,MISC,25889,", mon ami, il ne suffit pas de"
lire ; il faut savoir lire le ,25957,Code,,MISC,25961,". Ce qu'il faut lire, dans ce "
est tout ce qui restera de la ,26300,Société,,ORG,26307,". 
Bon, bon. Nous verrons ça. "
"i un autre souvenir, encore. 
",26371,M. Dubourg,,PER,26381, est un ami de la famille. C'e
en convient sans difficulté : ,26641,Dubourg,,PER,26648,", c'est l'honnêteté en personn"
" mère et c'est avec son fils, ",26774,Albert,,PER,26780,", que je joue le plus volontie"
es domestiques. Il parait que ,27051,M. Dubourg,,PER,27061, s'est mal conduit... des déto
" plus se gêner devant moi. 
– ",27287,Dubourg,,PER,27294, peut se flatter d'avoir de la
me sous l'Empire ! Comme sous ,27957,Louis XV,,PER,27965," !... Et, quand on le prend su"
st ce qu'on fait partout pour ,28413,Dubourg,,PER,28420,", sois tranquille. J'ai donné "
" ordres, ici. Et quant à toi, ",28483,Georges,,MISC,28490,", si par hasard tu rencontres "
", si par hasard tu rencontres ",28520,Albert,,MISC,28526,", je te défends de lui parler."
" son journal, je vois arriver ",28746,M. Dubourg,,PER,28756,". La domestique, par bêtise ou"
" huit jours avant midi. 
Mais ",28901,M. Dubourg,,PER,28911, est à dix pas. Je sens que je
"re me retient par le bras. 
– ",29103,Reste là !,,MISC,29113," 
M. Dubourg parle depuis cinq"
"t par le bras. 
– Reste là ! 
",29115,M. Dubourg,,PER,29125, parle depuis cinq minutes ; d
"ond rien. Rien ; pas un mot. 
",29340,M. Dubourg,,PER,29350, continue. Il dit que des symp
"avouerait devant le monde... 
",29487,Silence,,MISC,29494,". 
Il dit qu'il a eu un moment"
" comptes depuis vingt ans... 
",29707,Silence,,MISC,29714,". 
Il dit qu'il a été un grand"
" lui donnerait des forces... 
",30020,Silence,,MISC,30027,". 
Il dit qu'il va partir très"
"serait peut-être le mieux... 
",30172,Silence,,MISC,30179,". 
– Eh ! bien, a-t-il murmuré"
"être le mieux... 
Silence. 
– ",30184,Eh !,,MISC,30188," bien, a-t-il murmuré, je ne v"
"us importuner plus longtemps, ",30260,M. Randal,,PER,30269, ; je vais vous quitter... Au 
". 
– Adieu, Monsieur. 
Alors, ",30455,M. Dubourg,,PER,30465, est parti. Il s'en est allé à
e déshériter complètement. Le ,32113,Code,,MISC,32117," est formel. 
II -- LE CŒUR D'"
"de est formel. 
II -- LE CŒUR ",32145,D'UN HOMME VIERGE EST UN,,MISC,32169," VASE PROFOND 
C'est entendu. "
CŒUR D'UN HOMME VIERGE EST UN ,32170,VASE,,MISC,32174," PROFOND 
C'est entendu. Je ne"
"urgatoire des accessits . 
–  ",32496,Sic,,PER,32499," transit gloria mundi , soupir"
ieille estampe qui représente ,32636,Bélisaire,,PER,32645, tendant son casque aux passan
i le bœuf n'obéirait point. » ,33287,Eh !,,MISC,33291," bien, l'enfant, l'enfant qui "
"pauvre -- et j'aime l'argent, ",34271,"Oui, j'aime l'argent ;",,MISC,34293, je n'aime que ça. C'est l'arg
"n en oublie même l'existence, ",39253,Dans la nuit,,MISC,39265," que lui font les voûtes, entr"
n'est censé ignorer la loi. » ,41344,Est,,LOC,41347,"-ce que c'est classique, ça, o"
"unts qui m'engagent à vivre. 
",41633,Integer vitae,,MISC,41646,", scelerisque purus . 
Je leur"
chonner du grec ! Ô cheval de ,42050,Troie,,LOC,42055,"... Mais n'anticipons pas. 
J'"
ironie. J'apprends donc cette ,43033,Histoire des Morts -- tout ça,,MISC,43062,", c'est les procès verbaux des"
s procès verbaux des vieilles ,43102,Morgues,,LOC,43109, -- cette Histoire des Morts q
des vieilles Morgues -- cette ,43119,Histoire des Morts,,MISC,43137, qu'on nous enseigne en dédain
n nous enseigne en dédain des ,43172,Actes des Vivants,,MISC,43189, -- comme on nous condamne à l
ole pendant que je traduis le ,44232,De officiis,,MISC,44243," , moi qui dépense ici, inutil"
our par jour et pied à pied ? ,44455,Ah !,,MISC,44459," si j'étais encore riche, seul"
faction visible à la ruine de ,44998,Carthage,,LOC,45006, ; je comprends que la fin de 
"il convient, à la victoire de ",45140,Cicéron,,PER,45147, sur Catilina ; et aussi au tr
 à la victoire de Cicéron sur ,45152,Catilina,,MISC,45160, ; et aussi au triomphe de Cés
aussi au triomphe de César. L',45196,empire Romain,,LOC,45209," s'établit, à ma grande joie ;"
tre juste : les invasions des ,45346,Barbares,,MISC,45354, ont eu du bon ; pourquoi pas 
on ; pourquoi pas ? Quant aux ,45396,Anglais,,LOC,45403,", je sais que trois voix crier"
et que c'est fort heureux que ,45493,Jeanne d'Arc,,PER,45505, les ait chassés de France. Je
 Jeanne d'Arc les ait chassés ,45522,de France,,LOC,45531,. Je vois clairement que la de
lairement que la destinée des ,45572,Empires,,MISC,45579, tient à un grain de sable ; q
 à un grain de sable ; que la ,45615,Révolution française,,MISC,45635, fut un grand mouvement libéra
nmoins en blâmer les excès... ,45720,Poésie de faussaires ;,,MISC,45742, science d'apprentis teinturie
"me mon goût, aussi. Je vénère ",45926,Horace,,MISC,45932,", « qu'on aime à lire dans un "
or de gloire. » J'estime fort ,46023,Raphaël,,PER,46030," pour les Loges du Vatican, qu"
ort Raphaël pour les Loges du ,46049,Vatican,,LOC,46056,", que j'ignore ; Michel-Ange, "
"ignore ; Michel-Ange, pour le ",46094,Jugement Dernier,,MISC,46110,", que je n'ai jamais vu. Boile"
"rnier, que je n'ai jamais vu. ",46135,Boileau,,PER,46142, a mon admiration ; et Malherb
s que Molière est supérieur à ,46227,Shakespeare,,PER,46238, et que si les Français n'ont 
r à Shakespeare et que si les ,46253,Français,,MISC,46261," n'ont pas de poème épique, c'"
"oème épique, c'est la faute à ",46306,Voltaire,,PER,46314,. Je distingue soigneusement e
distingue soigneusement entre ,46349,Bossuet,,PER,46356,", qui était un aigle, et Fénel"
"ssuet, qui était un aigle, et ",46381,Fénelon,,PER,46388,", qui fut un cygne. Plumages !"
"et Fénelon, qui fut un cygne. ",46408,Plumages,,LOC,46416," !... J'honore Franklin. 
Je v"
cygne. Plumages !... J'honore ,46431,Franklin,,PER,46439,". 
Je vis en vieillard... 
C'e"
"s la poudre rosée des dadas. 
",48060,– Serrez,,PER,48068, le texte ! s'écrie l'un. La l
"ez-vous, par exemple, que les ",48443,Anciens,,LOC,48450, n'avaient d'autre coiffure qu
"; 
Claudite jam rivos, pueri, ",48593,sat prata biberunt,,ORG,48611,". 
N'en jetez plus, la cour es"
" plus, la cour est pleine. 
– ",48654,Mon ami,,MISC,48661,", me dit mon oncle quand j'ai "
"rais-je ? Tu sais que, depuis ",48999,Bonaparte,,PER,49008,", la carrière est ouverte aux "
"e est ouverte aux talents... 
",49050,Mon oncle,,MISC,49059," s'amuse un peu, en me disant "
" afin d'être libre, après. 
– ",49938,Excellente idée,,MISC,49953,", dit mon oncle. Peut-être as-"
" ne serai libéré que demain. 
",50548,Libéré !,,MISC,50556, Ce mot me fait réfléchir long
"e faudra-t-il commettre ?... 
",51280,Quatorze ans !,,MISC,51294, Mais ça paye un assassinat bi
"qui sait si je serais pris ? 
",52092,III,,PER,52095, -- LES BONS COMPTES FONT LES 
"AMIS 
J'ai suivi le conseil d'",52160,Issacar,,MISC,52167,", et je suis ingénieur. Où, co"
t jamais la connaissance d'un ,52325,Israélite,,MISC,52334,", d'abord ; c'est toujours lui"
" cause : l'observation, par l'",53052,Israélite,,MISC,53061,", d'une règle religieuse en mê"
confidences aux médecins et à ,53345,consterner,,PER,53355, les apothicaires. Quoi qu'il 
"l en soit, mes relations avec ",53413,Issacar,,MISC,53420," m'auront été fort utiles, m'a"
 faut se faire quelque chose. ,53986,Collez,,MISC,53992,-vous sur la poitrine un écrit
" nous entendons. 
Je le sais. ",54542,Issacar,,MISC,54549, a une grande idée. Il veut cr
valisera en peu de temps avec ,54711,Anvers,,LOC,54717, et finira par tuer Hambourg. 
vec Anvers et finira par tuer ,54737,Hambourg,,LOC,54745,. Il m'a détaillé son projet a
é plus loin ; il m'a emmené à ,54892,L.,,PER,54894,", où j'ai pu me rendre un comp"
es choses ; il est certain qu',54964,Issacar,,MISC,54971," n'exagère pas, et que son idé"
collections de timbres-poste. ,55315,Issacar,,MISC,55322, a su se faire beaucoup d'amis
"ucoup d'amis, non seulement à ",55370,L.,,PER,55372,", mais à Bruxelles, et nous ne"
"s, non seulement à L., mais à ",55381,Bruxelles,,LOC,55390,", et nous ne nous sommes pas e"
"luses. 
– Vous voyez, m'a dit ",55631,Issacar,,MISC,55638,", que ça marche comme sur des "
"ment, l'affaire sera lancée à ",55826,Paris,,LOC,55831, et l'émission faite dans des 
s sur les sentiments moraux d',56288,Issacar,,MISC,56295, ; je n'ai pas le moindre dout
moindre doute à ce sujet-là ; ,56343,Issacar,,MISC,56350, lui-même ne m'en a pas laissé
smogonie. Le vieux système de ,56749,Ptolémée,,PER,56757, s'est écroulé ; mais le monde
Croyez-vous que ce soient les ,57936,Codes,,MISC,57941, qui indiquent la dose ? Certe
 nombreuses fissures dans les ,58013,Tables de la Loi,,MISC,58029, ; et la jurisprudence est bie
duit forcément la division de ,58679,l'Humanité,,ORG,58689, en deux fractions à peu près 
ur véhémente colère contre un ,59203,Molochisme,,MISC,59213, dont celui d'aujourd'hui n'es
oint de parole plus haute. -- ,59455,Riche !,,MISC,59462, ne méprise pas ton corps ; ca
l sans mépriser ton corps. -- ,60003,Ça,,MISC,60005,", voyez-vous, c'est une base, "
alisme n'est pas à la mode... ,60132,Parbleu !,,MISC,60141," Comment voudriez-vous, si l'i"
isoire ! -- à grands coups de ,60607,goupillon,,PER,60616, ou à grands coups de crosse. 
mépriser son corps ; -- de la ,61090,sanie,,MISC,61095, infecte qu'on vous infuse dan
rtain qu'il ne donnera pas de ,61667,crocs-en-jambe,,LOC,61681, à ceux qui marcheront avec lu
 un mauvais tour de la part d',61765,Issacar,,MISC,61772, ; je ne redoute pas qu'il veu
"s trous en lui, comme on dit. ",62055,Apte,,PER,62059, à formuler exactement une idé
meilleure chance de succès qu',62316,Issacar,,MISC,62323, ait dans son jeu. Ses aptitud
"ace, symbolisent les excès de ",62980,la Propriété,,MISC,62992,", dévoratrice d'elle-même, dit"
" dévoratrice d'elle-même, dit ",63023,Proudhon,,PER,63031, ; mais les cheveux ne désiren
" oppose. Les yeux, légèrement ",63344,bigles,,LOC,63350,", proclament des sentiments ég"
" oreilles... Mais descendons, ",63591,Issacar,,MISC,63598," boîte un peu ; chez lui, pour"
"ment, je crois que l'appui qu'",63741,Issacar,,MISC,63748, obtiendra de moi aura plutôt 
" de mes camarades de collège, ",64723,Édouard Montareuil,,PER,64741,", que ma cousine Charlotte va "
"re ; mais un peu naïf, un peu ",64846,gnan-gnan,,PER,64855, -- un fils à maman. -- Ça me 
n-gnan -- un fils à maman. -- ,64879,Ça,,MISC,64881," me fait quelque chose, on dir"
"e et de grands yeux noirs... 
",65083,Est,,LOC,65086,"-ce que je serais amoureux, pa"
"r, et me dit à demi-voix : 
– ",65753,Viens après-demain matin,,MISC,65777,", à dix heures. Je veux te ren"
endre mes comptes de tutelle. ,65835,Sois,,LOC,65839," exact. 
Diable ! Il paraît qu"
u non un règlement dérisoire. ,66026,Ça,,MISC,66028, doit être ça. C'est moi qui d
" en règle, correct, légal... 
",66336,Mon oncle,,MISC,66345,", c'est un homme d'ordre ; une"
r une soumission absolue à la ,66563,Loi,,MISC,66566, écrite. Ses dominantes : l'Or
 dominantes : l'Orgueil et la ,66608,Luxure,,MISC,66614,", dont la somme, toujours, est"
t point le bras en criant : « ,68584,Au voleur !,,MISC,68595, » car il aurait peur qu'on l'
t de tout souci en plaçant la ,71781,régie de l'Argent,,LOC,71798,", considéré comme unique Provi"
"rgent, considéré comme unique ",71823,Providence,,LOC,71833,", entre les mains d'une petite"
us mathématiquement par cette ,72033,Providence,,LOC,72043," tangible ; par le fait, le cu"
its qui masquent mal la seule ,72252,Puissance,,MISC,72261,. -- Mais mon oncle est venu t
près les toiles d'araignée du ,73050,Code,,MISC,73054,", mais renversera d'un seul co"
rons solitaires et tristes du ,73841,Moyen-Âge,,LOC,73850,". Combien y eut-il, derrière l"
vait se chanter la chanson de ,74348,l'Épée !,,MISC,74356, Quelle cohue d'oppresseurs et
"ils ne purent être empereurs, ",74461,Charles-Quints,,PER,74475, avortés en Gilles de Rais... 
"rs, Charles-Quints avortés en ",74487,Gilles de Rais,,PER,74501,"... 
Se voir réduit à spéculer"
"phère, sur le sol nouveau des ",74956,États-Unis,,LOC,74966,". 
– Ah ! ces Américains, dit "
"ol nouveau des États-Unis. 
– ",74971,Ah !,,MISC,74975," ces Américains, dit mon oncle"
"u des États-Unis. 
– Ah ! ces ",74980,Américains,,LOC,74990,", dit mon oncle avec colère, q"
quelles leçons ils donnent au ,75049,Vieux Monde !,,LOC,75062," 
Et il explique le système si"
"t si humanitaire, dit-il, des ",75132,Crésus,,MISC,75138," d'Outre-mer. Ce système, même"
faire le bien que d'étayer la ,75633,Société,,ORG,75640, actuelle et que c'est faire l
al que de la miner sourdement ,75703,C'est un philanthrope cynique,,MISC,75732,. Il prête aux gens afin d'en 
 lui ; et lorsqu'il a dit à l',75931,abbé Lamargelle,,PER,75946," qui, depuis quelque temps déj"
l ne faut pas plaisanter avec ,76327,M. Urbain Randal,,PER,76343,". 
Mais ça, c'est une règle qu"
" -- vous aboutissez à ça ! 
– ",77886,Nous disons,,MISC,77897,", net, huit cent mille francs."
"t internationaux, les fonds d'",78144,État,,LOC,78148," les imitant de leur mieux, mo"
"ue les choses tournent mal ? 
",78841,Attendre,,MISC,78849,", attendre des hausses improba"
"qui coule, avec ses phrases ! ",79963,Oh !,,MISC,79967, je voudrais qu'il eût fini --
e à la gorge et lui crier : « ,80112,Menteur !,,MISC,80121," Voleur ! » C'est aujourd'hui,"
ge et lui crier : « Menteur ! ,80122,Voleur !,,MISC,80130," » C'est aujourd'hui, ce jour-"
"ux maintenant, si je veux... 
",80218,Eh !,,MISC,80222," bien, je ne veux pas ! 
– À q"
"ux pas ! 
– À quoi penses-tu, ",80267,Georges,,MISC,80274, ? crie mon oncle d'une voix f
ses actes. Il ne dit plus : « ,80952,Mets-toi,,MISC,80960," à ma place, je t'en prie ; au"
 aurais-tu agi autrement ?... ,81017,Ç',,PER,81019,a été un coup terrible pour mo
our moi que ce désastre de la ,81073,Banque Européenne,,ORG,81090,... J'ai pensé que lorsque tu 
-tu ? Un contrat est toujours ,82132,léonin,,LOC,82138, ; l'homme n'a pas de prescien
valeurs ne sont pas cotées en ,82657,Bourse,,LOC,82663,", ni même en Banque. Lorsque j"
" cotées en Bourse, ni même en ",82676,Banque,,ORG,82682,. Lorsque je m'en suis rendu a
"à. 
Je m'en garderai bien. 
– ",82913,"Et, tu sais",,MISC,82924,", rien ne te force à accepter "
"taille. 
Il ne l'aura pas. 
– ",83528,Mon oncle,,MISC,83537,", dis-je en prenant une plume,"
"Mais il me saisit la main. 
– ",83623,Attends !,,MISC,83632, Rappelle-toi qu'en acceptant 
"u'on me fasse grâce, moi ! 
– ",83877,Mon oncle,,MISC,83886,", ne faites aucune attention à"
" ; il pourrait vous tromper. 
",83954,Et je me penche sur une feuille de papier,,MISC,83995, sur laquelle je trace quelque
", il n'y a rien de tel que le ",84737,Respect,,LOC,84744,. J'en ai fait l'expérience. L
es paraissent à première vue. ,84909,Montesquieu,,PER,84920, a écrit l'Esprit des Lois ; i
re vue. Montesquieu a écrit l',84931,Esprit,,ORG,84937," des Lois ; il est inutile, n'"
ui ménage bien des alinéas... ,85083,Ah !,,MISC,85087," à propos d'entraînements, res"
 escient. Rappelle-toi que le ,85266,Petit Poucet,,MISC,85278, a retrouvé son chemin tant qu
". Et je saurai, aussi, que le ",85460,Respect,,LOC,85467, est un chat malfaisant et san
vil et très puissant seigneur ,85613,Prudhomme de Carabas,,PER,85633,". 
– Viendras-tu ce soir chez "
"neur Prudhomme de Carabas. 
– ",85638,Viendras-tu ce soir chez les,,MISC,85666, Montareuil ? me demande mon o
 Viendras-tu ce soir chez les ,85667,Montareuil,,LOC,85677," ? me demande mon oncle. 
– No"
uil est charmante pour toi et ,85788,Édouard,,PER,85795, est enchanté de te voir ; Il 
ard est enchanté de te voir ; ,85822,Il est tellement timide,,MISC,85845, qu'il se trouve gêné lorsqu'i
"t seul en face de Charlotte. 
",85909,Ça,,MISC,85911,", je m'en moque absolument. Ma"
e absolument. Mais je pense à ,85955,Marguerite,,PER,85965,", la femme de chambre de Mme M"
coup les gens graves. Quant à ,86336,Édouard,,PER,86343,", c'est un jeune homme sérieux"
"e me serait pas difficile. 
– ",86469,Quel beau temps,,MISC,86484," nous avons eu aujourd'hui, Ma"
"ps nous avons eu aujourd'hui, ",86512,Mademoiselle !,,MISC,86526," 
– Oh ! oui, Monsieur. 
– On "
"ujourd'hui, Mademoiselle ! 
– ",86530,Oh !,,MISC,86534," oui, Monsieur. 
– On se serai"
"nez pas les grandes chaleurs, ",86656,Mademoiselle,,MISC,86668," ? 
– Non, Monsieur. 
– Beauco"
écouvre à chaque instant dans ,87443,Édouard,,PER,87450," de nouvelles qualités, Mme Mo"
leurs que j'ai retirées de la ,87695,Banque,,ORG,87701, afin de faire opérer les tran
ourses. Vous viendrez aussi à ,88061,Maisons-Laffitte,,LOC,88077,", j'espère, monsieur Georges ?"
"-Laffitte, j'espère, monsieur ",88098,Georges,,MISC,88105," ? 
– Non, Madame ; je le regr"
"e, monsieur Georges ? 
– Non, ",88116,Madame,,PER,88122, ; je le regrette ; mais j'ai 
invitation. Je dois partir en ,88260,Belgique,,LOC,88268," demain soir. 
En effet, j'ai "
"effet, j'ai reçu une lettre d'",88316,Issacar,,MISC,88323, qui m'appelle à Bruxelles. Ma
tre d'Issacar qui m'appelle à ,88340,Bruxelles,,LOC,88349,". Mais, surtout je ne tiens pa"
"rit de retour. C'est si joli, ",88848,Maisons-Laffitte,,LOC,88864, ! Et les courses ! Quelque ch
"un tuyau, mais un tuyau... 
– ",88972,Moi aussi,,MISC,88981, je viens vous parler de tuyau
es églises en construction au ,89308,Thibet,,LOC,89314, ne me disent rien de bon ; et
re du berger dans les yeux de ,89431,Margot,,PER,89437,". 
– Alors, Monsieur ne va pas"
"– Alors, Monsieur ne va pas à ",89470,Maisons-Laffitte,,LOC,89486," demain, me dit-elle dans l'an"
"elle en baissant les yeux. 
– ",89643,Eh !,,MISC,89647," bien, non, je n'y vais pas ; "
" de la maison. 
– Hélas ! dit ",89775,Marguerite,,PER,89785, avec un soupir. J'aurai le te
rsuader ; Je ne partirai pour ,90062,Bruxelles,,LOC,90071," qu'après-demain matin, et la "
"monterons la garde ensemble. 
",90151,IV,,LOC,90153, -- OÙ L'ON VOIT BIEN QUE TOUT
-- OÙ L'ON VOIT BIEN QUE TOUT ,90184,N'EST,,ORG,90189," PAS GAI DANS L'EXISTENCE 
Qua"
 VOIT BIEN QUE TOUT N'EST PAS ,90194,GAI,,MISC,90197," DANS L'EXISTENCE 
Quand je su"
N QUE TOUT N'EST PAS GAI DANS ,90203,"L'EXISTENCE 
",,MISC,90216,Quand je suis revenu de Belgiq
"ENCE 
Quand je suis revenu de ",90240,Belgique,,LOC,90248,", où je n'avais guère passé qu"
 son mouchoir sur ses yeux et ,90466,Édouard,,PER,90473,", d'une voix lugubre, m'avait "
"era pas, m'a dit l'un d'eux. 
",90660,Ah !,,MISC,90664, bah ! Pourquoi ? Qu'est-il do
t qui a suivi mon départ pour ,90879,Bruxelles,,LOC,90888,", par le fait -- les voleurs s"
s voleurs sont venus chez les ,90937,Montareuil,,LOC,90947," ; ils ont tout enlevé, tout, "
"urs, bijoux. Le secrétaire de ",91019,Mme Montareuil,,PER,91033, a été forcé et mis à sac. C'e
"à sac. C'est épouvantable. 
– ",91083,Horrible !,,MISC,91093, dis-je. Et l'on n'a pas arrêt
"as retrouvé cet homme brun ? 
",91532,– ,,PER,91534,Pas encore ; la police le rech
"chez Mme Montareuil ? 
– Si ; ",91652,Marguerite,,PER,91662,", la femme de chambre. Mais el"
"montant du vol, à peu près ? 
",91920,– Quatre cent mille francs,,MISC,91946,", à en croire Mme Montareuil ;"
"dait, à mon avis. Si le vieux ",92078,Montareuil,,LOC,92088," avait encore été de ce monde,"
"ait tant à son argent !... 
– ",92192,Un homme d'affaires,,MISC,92211,", naturellement ; et encore, j"
"si la différence existe... 
– ",92316,Usurier !,,MISC,92325, Le mot est bien gros. Il n'a 
"rope, un des fondateurs de la ",92480,Digestion Économique,,MISC,92500, ; Mme Montareuil aussi a touj
" rencontrée en arrivant... 
– ",92830,"Oui, nous venions",,MISC,92847, d'avoir un entretien qui n'av
ntre la fortune que possédait ,93084,Édouard,,PER,93091, il y a huit jours et celle qu
"is, beaucoup d'affection pour ",93307,Édouard,,PER,93314,"... 
– Elle ! Charlotte ! Elle"
"la main sur les coupables... 
",93682,Mon oncle ricane,,MISC,93698,". 
– Les coupables ! dit-il. N"
"et me frappe sur l'épaule. 
– ",93911,Écoute,,MISC,93917,", je ne veux pas ruser avec to"
"i, ni faire des cachotteries. ",93977,Garde,,LOC,93982, seulement pour toi ce que tu 
renseignements. J'ai été à la ,94219,Préfecture,,LOC,94229,", où je connais quelqu'un ; c'"
us qu'on prétend avoir vus... ,94644,Fausse piste ;,,MISC,94658, renseignement mauvais dont la
le en haussant les épaules... ,95196,Ça,,MISC,95198, durait depuis deux ans. C'est
e. Un de ces faux artistes de ,95772,Montmartre,,LOC,95782, dont le ciseau de sculpteur s
" retrouvé -- avant-hier, dans ",96146,la Seine,,LOC,96154,". -- Crime ou suicide ? Crime,"
 Seine. -- Crime ou suicide ? ,96178,Crime,,MISC,96183,", certainement. Il n'avait pas"
" parce que, depuis l'affaire, ",96617,Édouard,,PER,96624," ne la quitte pas, mais elle l"
"presse. 
J'éclate de rire. 
– ",96930,Oh !,,MISC,96934," oui, c'est regrettable ! Les "
Me prends-tu pour un enfant ? ,97272,Est,,LOC,97275,-ce que j'ai l'habitude d'inve
"ses obligations, je crois ! L'",98336,Église,,MISC,98342, même nous l'enseigne... Quand
: « Où est-ce qu'on viole ? » ,98597,Parole d'honneur,,MISC,98613,", j'avais envie... Ah ! bon Di"
"e d'honneur, j'avais envie... ",98632,Ah !,,MISC,98636, bon Dieu ! se souvenir qu'on 
"occupe, dans les ambassades ? ",99066,Figaro,,ORG,99072, prétendait qu'on s'y enfermai
" est au courant des choses ? 
",99295,Mon oncle,,MISC,99304," tire sa montre. 
– À l'heure "
"e qui la mandait, seule, à la ",99426,Sûreté,,ORG,99432," ; elle est, depuis une demi-h"
"scandale. Affaire classée. 
– ",99848,Édouard,,PER,99855," ne saura rien ? 
– Rien. Il n"
"le francs. 
Petite affaire. « ",99971,Plaie d'argent,,MISC,99985," n'est pas mortelle », disent "
". 
– Mais que pense-t-elle ? 
",100163,Mon oncle me regarde,,MISC,100183," avec étonnement. 
– Est-ce qu"
"urs livres, que le spectre de ",101420,la Vie,,MISC,101426,", qui les emplit de terreur, e"
 mois que nous nous aimons... ,106572,Ah !,,MISC,106576," je ne le sais pas, si nous no"
"ur d'orage, dans le jardin de ",106734,Maisons-Laffitte,,LOC,106750,", où sa robe blanche frémissai"
"nt : « Tais-toi, tais-toi ! » ",107321,Oh !,,MISC,107325, cela qui fut si doux -- cette
", je ne peux pas l'aimer ? -- ",107659,Oh !,,MISC,107663," c'est torturant, et je ne pui"
ours un fantôme entre nous... ,107826,Ah !,,MISC,107830, les mystérieuses et confuses 
es matrimoniales à son égard. ,112544,Édouard,,PER,112551, est censé avoir le cœur brisé
pposée regretter profondément ,112680,Édouard,,PER,112687, ; et on m'imagine généralemen
 oncle s'est mis à ricaner. « ,113259,Oh !,,MISC,113263, qu'elle le veuille ou non !..
"s premiers cheveux blancs, en ",113486,France,,LOC,113492,", avant d'avoir une volonté. -"
"'elle-même, en tous cas... -- ",113574,Illégalement,,MISC,113586,. -- Soit. C'est ce qu'a fait 
"dez-vous, que j'en ai envie ? ",115179,Hein,,PER,115183," ? (et je sentais ses os, que "
rasée contre vos tables de la ,115525,Loi !,,MISC,115530," Je peux vous la faire, à prés"
sa cravate. Écoutez-moi bien. ,115901,Accordez-moi la main,,MISC,115921, de Charlotte ; je ne vous dem
ser ; elles sont la base de l',117110,Ordre universel,,ORG,117125,", quoi que tu en puisses dire."
"sque Charlotte est entrée. 
– ",117839,Eh !,,MISC,117843," bien, que t'a dit mon père ? "
 toi ? Je ne l'ai jamais su ! ,118751,Dis-le moi,,MISC,118761,", si tu veux que je te réponde"
"arlotte. 
– Je t'aime, oui... ",118895,Oh !,,MISC,118899, Je ne sais pas... Je ne peux 
parle pas ; je ne veux pas... ,119749,Viens,,MISC,119754,". 
Elle m'entraîne, me fait as"
rappelles-tu ? en revenant de ,120078,Bruxelles,,LOC,120087,"... Non, non, ne t'en va pas. "
"pathie que je te demandais ! 
",120617,– ,,MISC,120619,Enfant ! dit-elle en me repren
"thie que je te demandais ! 
– ",120619,Enfant ,,MISC,120626,! dit-elle en me reprenant dan
 pieds toutes les infamies du ,123491,"Code ? 
",,MISC,123499,"– Non, dit Charlotte, je n'hés"
nfant... et surtout pour toi. ,123699,Oh !,,MISC,123703, j'aurais tant donné pour que 
"lève et vient près de moi. 
– ",123871,Dis-moi que tu voudras,,MISC,123893," bien. Je sais aussi, moi, que"
"s ? ce que je veux faire ! 
– ",124906,Oh !,,MISC,124910," c'est affreux, dit Charlotte "
t je n'aurais pas la force... ,125241,Oh !,,MISC,125245, si tu savais ce que je souffr
"e la prends dans mes bras. 
– ",125427,Eh !,,MISC,125431," bien, si tu m'aimes, Charlott"
"as heureuse, je te jure... 
– ",125674,"Non, murmure-t-elle en détournant la tête ;",,MISC,125717, je voudrais pouvoir te dire :
 et je ne veux pas que toi... ,125915,Oh !,,MISC,125919," mon ami, mon ami ! ne me repo"
"e me repousse pas ainsi... 
– ",125970,Si !,,MISC,125974," dis-je, je te repousserai -- "
"longtemps, s'ancra en moi. -- ",126222,Si !,,MISC,126226, je te repousserai si tu es as
"ent sur ses lèvres blêmes. 
– ",126678,Eh !,,MISC,126682," bien, va-t-en, alors ! crié-j"
"... 
Le lendemain matin, à la ",127267,gare du Nord,,LOC,127279,", au moment où je vais prendre"
je vais prendre le train pour ,127324,Bruxelles,,LOC,127333,", quelqu'un me frappe sur l'ép"
aule. Je me retourne. C'est l',127393,abbé Lamargelle,,PER,127408,". 
– Vous partez en voyage, ch"
". C'est l'abbé Lamargelle. 
– ",127413,Vous partez,,MISC,127424," en voyage, cher monsieur ? 
–"
oncle est un homme aimable et ,127586,Melle Charlotte,,PER,127601, est absolument charmante ; ma
uelles elle vous a habitué... ,127853,Ah !,,MISC,127857," ç'a été bien déplorable, ce q"
ovidence sont insondables. M. ,128088,Édouard Montareuil,,PER,128106," est bien affecté. 
– J'espère"
'autre jour sur la route de l',128316,Institut Pasteur,,ORG,128332,. La science est une grande co
"vous préférez les voyages. 
– ",128418,Oh !,,MISC,128422," voyages d'affaires... 
– Oui "
"solitude, de temps à autre : 
",128592,Quiconque est loup,,MISC,128610,", agisse en loup ; 
C'est le p"
" voir ? Et alors, pourquoi ? 
",129215,Ah !,,MISC,129219, pas de suppositions ! Ça ne s
"? 
Ah ! pas de suppositions ! ",129242,Ça,,MISC,129244, ne sert à rien -- surtout qua
s plus mauvais soutiens de la ,129396,Société,,ORG,129403,", bien que la bourgeoisie décl"
 cinquante mille individus en ,129923,France,,LOC,129929, et quelques malheureux millio
elques malheureux millions en ,129965,Europe,,LOC,129971, ; on est bien forcé d'admettr
"st encore la peur du diable. 
",130182,V,,LOC,130183," -- OÙ COURT-IL ? 
– Naturelle"
"s vrai que le voleur, c'est l'",130386,Atlas,,LOC,130391, qui porte le monde moderne su
"extrême, certainement, répond ",131045,Issacar,,MISC,131052, en allumant une cigarette. Ma
es de marque octroyées par le ,131309,Code,,MISC,131313,", rêvent de se conduire en for"
"ix-huit siècles, au sommet du ",131491,Golgotha,,MISC,131499," : le larron légal à droite, l"
oint de doutes à ce sujet. M. ,132820,Alphonse Bertillon,,PER,132838, assure même qu'on pourrait tr
même qu'on pourrait trouver à ,132876,Paris,,LOC,132881,", parmi les êtres placés dès l"
", on est obligé de prendre le ",133651,Code pénal pour base d'appréciation,,MISC,133686,". 
– Bien entendu ; le Code, c"
"ciation. 
– Bien entendu ; le ",133709,Code,,MISC,133713,", c'est la conscience moderne."
recte d'un des articles de ce ,134507,Code,,MISC,134511, qu'ils perfectionnent sans tr
issement désespéré devant les ,135145,Tables de la Loi,,MISC,135161, qui servent de socle au Veau 
a Loi qui servent de socle au ,135186,Veau d'Or,,LOC,135195,". 
– Certes, l'esclavage est g"
"emblable, et les utopistes du ",135793,Socialisme,,ORG,135803, la parachèvent. Mais la tenta
"oi, et même étymologiquement. ",136252,Vola,,MISC,136256," , ça ne veut pas dire : une s"
"ins des législateurs, dans un ",136347,Parlement,,ORG,136356," quelconque, lorsqu'on vote à "
"ités ordinaires, une sorte de ",136870,Bachi-Bouzouk du capitalisme,,PER,136898,". C'est un être à part, complè"
ur base la liberté absolue de ,137252,l'Individu,,MISC,137262, ; de la bloquer dans sa Cité 
ividu ; de la bloquer dans sa ,137287,Cité du Lucre,,LOC,137300,", jusqu'à ce qu'elle se rende "
" se détruise elle-même, comme ",137387,Numance,,MISC,137394,". Ce rôle, il ne le remplit pa"
oit la victime révoltée de la ,137543,Société,,ORG,137550,", un paria qui cherche à se ve"
"iduelle. 
– Certainement, dit ",139091,Issacar,,MISC,139098,. Mais ce n'est pas seulement 
" loups sont des loups, répond ",140289,Issacar,,MISC,140296, ; et les hommes... Il y a ann
t cinquante mille suicides en ,140364,Europe,,LOC,140370," ; et, en France seulement, qu"
"e suicides en Europe ; et, en ",140380,France,,LOC,140386," seulement, quatre-vingt-dix m"
ux violents qui le ravissent. ,141087,Violenti rapiunt illud,,PER,141109, . Que pensez-vous de cette pr
" lui refaire une virginité ? 
",141969,– Personne,,PER,141979,", assurément. On pourrait même"
". 
– Que voulez-vous ? ricane ",142676,Issacar,,MISC,142683,. Ils ont contre eux l'opinion
oyez-vous : c'est celle de la ,143167,Bourse,,LOC,143173, ; elle donne sa cote tous les
e si elle vous avait dit : Tu ,143616,risqueras,,ORG,143625, cette somme dans une entrepri
"ne question de principes, dit ",144692,Issacar,,MISC,144699,. Rien de mauvais comme les pr
"les influences passagères. 
– ",145289,Ça,,MISC,145291," m'est égal. Et puis, j'aime v"
du. La lanterne avec laquelle ,146316,Diogène,,PER,146323," cherchait un homme, et qu'ava"
" qu'avait déjà tenue Jérémie, ",146376,l'Individu la porte sur la poitrine,,MISC,146411,", aujourd'hui -- afin qu'on pu"
" ; excusez cette banalité. 
– ",149050,De bon cœur,,MISC,149061,. Ma vie ne sera peut-être pas
"e vous révoltez pas trop, dit ",149430,Issacar,,MISC,149437, ; ça n'a jamais rien valu. Co
ignait la bienveillance de la ,149680,Société,,ORG,149687,", ne vous refusez pas cette sa"
"s, je parie ? 
– Tout juste ! ",149854,Ah !,,MISC,149858, les bourgeois sont bien vils 
nt que les honnêtes filles du ,150094,Tiers-État,,LOC,150104, ont la prétention ridicule de
coup puisqu'elle ne vaut ?... ,150204,Auriez,,PER,150210,-vous eu quelque petite histoi
ers ? Votre brusque arrivée à ,150317,Bruxelles,,LOC,150326,", quand j'y réfléchis, me lais"
"rs !... 
– Vous en aurez, dit ",150877,Issacar,,MISC,150884,. Je ne vous promets point que
ose par le temps qui court... ,151621,Ah !,,MISC,151625," sapristi, quelle heure est-il"
ar le temps qui court... Ah ! ,151626,sapristi,,PER,151634,", quelle heure est-il donc ? 
"
", quelle heure est-il donc ? 
",151664,– Cinq heures et quart,,MISC,151686,". 
– Bon. Nous avons encore di"
"c ? 
– Cinq heures et quart. 
",151689,– Bon,,PER,151694,. Nous avons encore dix minute
nter quelque chose du côté du ,151966,Congo,,LOC,151971,". J'ai une idée... 
– Vous ne "
question n'est pas mûre ; les ,152083,Belges,,LOC,152089," y viendront, n'en doutez pas,"
" Suisse, pour créer un port à ",152254,La-Chaux-de-Fonds,,LOC,152271," ; seulement, il faut attendre"
"èque ce soir ? 
– Non, répond ",152910,Issacar,,MISC,152917, ; vous m'enverrez ces vingt m
rez ces vingt mille francs de ,152962,Londres,,LOC,152969,", après-demain matin, en bank-"
atin ! Mais je ne serai pas à ,153063,Londres,,LOC,153070,"... 
– Si. Vous y serez demain"
" présent, en route, chantonne ",153178,Issacar,,MISC,153185, en prenant son chapeau. Le ca
"ôté, en effet ; en face de la ",153309,Bourse,,LOC,153315,. C'est l'heure de l'apéritif 
poste sur son flanc gauche et ,154066,Issacar,,MISC,154073, lui fait face avec intrépidit
e libre ? Pour qui ? dis-je à ,154166,Issacar,,MISC,154173, dès que le garçon nous a muni
"en rapports avec des gens... 
",154524,– Chut !,,MISC,154532," Chut ! 
Issacar se retourne p"
"ts avec des gens... 
– Chut ! ",154533,"Chut ! 
",,MISC,154541,Issacar se retourne pour faire
"des gens... 
– Chut ! Chut ! 
",154541,Issacar,,MISC,154548, se retourne pour faire signe 
"mbres trop courts, une tête d'",154795,Espagnol,,MISC,154803, de contrebande avec des moust
ande avec des moustaches à la ,154844,Velasquez,,PER,154853,", le front déprimé, ridé comme"
'égouttement de l'eau bénite. ,154994,Issacar,,MISC,155001, fait les présentations comme 
"e industriel, j'ai appris par ",155167,M. Issacar,,PER,155177, combien vous êtes désireux de
"s. 
– Quoi qu'il en soit, dit ",157147,Issacar,,MISC,157154, qui s'aperçoit sans doute que
la plus grande impression sur ,157328,M. Randal,,PER,157337,. Je connais M. Randal. Il est
ion sur M. Randal. Je connais ,157350,M. Randal,,PER,157359,". Il est peu expansif, comme t"
"écouté. C'est un grand point, ",157550,croyez-le,,PER,157559, ; et je ne serais pas étonné 
"cs, mais trois cent mille. 
– ",157724,Oh !,,MISC,157728," oh ! dis-je, un peu au hasard"
fication des coups de pied qu',157832,Issacar,,MISC,157839, me lance sous la table -- oh 
n... Il ne s'agit pas ici des ,158013,Bitumes du Maroc,,PER,158029," ou du percement du Caucase, s"
s du Maroc ou du percement du ,158049,Caucase,,LOC,158056,", savez-vous. C'est une affair"
"à présenter, pour une fois ? 
",158225,Moi ?,,MISC,158230, Pas du tout. Mais Issacar en 
"is ? 
Moi ? Pas du tout. Mais ",158249,Issacar,,MISC,158256," en a pour moi. 
– Oui, dit-il"
"n a pour moi. 
– Oui, dit-il, ",158288,M. Randal,,PER,158297, a certaines raisons qui le fo
-vous pourquoi ? Parce que la ,159088,Belgique,,LOC,159096," est un pays riche, pour une f"
us le travailleur est pauvre. ,159187,La France,,LOC,159196,", au XVe siècle, était bien lo"
"e aujourd'hui, n'est-ce pas ? ",159292,Eh !,,MISC,159296," bien, à cette époque, l'ouvri"
" est une admirable chose, dit ",159490,Issacar,,MISC,159497,". Mais M. Randal, qui a pour e"
"able chose, dit Issacar. Mais ",159504,M. Randal,,PER,159513,", qui a pour elle tout le resp"
"els, qui les faisons vivre... ",160391,Ah !,,MISC,160395," oui, cela fait une belle récl"
nt à l'unisson aux accents du ,160603,De profundis  !,,MISC,160618," Tu sais, les bâtiments sont a"
"t une grande consolation, dit ",160693,Issacar,,MISC,160700,". Malheureusement, cette union"
"es, dont l'idée seule effraye ",160874,M. Randal,,PER,160883,". 
– Oui, dis-je, obéissant à "
"e seule effraye M. Randal. 
– ",160888,"Oui, dis-je, obéissant",,MISC,160910, à une pression du pied d'Issa
sant à une pression du pied d',160936,Issacar,,MISC,160943,", je crains énormément les grè"
t nous qui les provoquons. En ,161215,Angleterre,,LOC,161225,", en France, en Amérique, part"
"provoquons. En Angleterre, en ",161230,France,,LOC,161236,", en Amérique, partout. Le cap"
" En Angleterre, en France, en ",161241,Amérique,,LOC,161249,", partout. Le capitaliste, le "
"mpensation, en effet, accorde ",161818,Issacar,,MISC,161825, ; mais elle est peut-être un 
"ur une révolution sociale... 
",161931,Coup de pied d',,MISC,161946,Issacar. Silence. Second coup 
"on sociale... 
Coup de pied d'",161946,Issacar,,MISC,161953,. Silence. Second coup de pied
ilence. Second coup de pied d',161986,Issacar,,MISC,161993,". Je parle. 
– Certainement, u"
on qui prendrait d'assaut les ,162171,Banques,,LOC,162178, et dilapiderait les épargnes 
 Cela n'est guère probable en ,162321,Belgique,,LOC,162329, ; nous avons la garde civique
ne pas confier son argent aux ,162501,Banques,,LOC,162508, et de le garder chez soi. C'e
"it peut-être prudent, suggère ",163421,Issacar,,MISC,163428,". 
– Je ne dis pas. Mais je pu"
"que d'un œil, en gendarme. 
– ",163539,Excellente habitude,,MISC,163558,", dit Issacar ; nous n'aurons "
". 
– Excellente habitude, dit ",163564,Issacar,,MISC,163571, ; nous n'aurons pas de mal à 
"our vous demander à déjeuner, ",163666,M. Randal,,PER,163675," et moi. 
– Le plus tôt possib"
" nous donne son adresse : 67, ",164021,rue de Darbroëk,,LOC,164036, ; et se retire après force co
reille corvée ? demandai-je à ,164172,Issacar,,MISC,164179,". 
– Vous le verrez bientôt, m"
 d'efforts et de souffrance ; ,164852,Prudhomme,,PER,164861, seul ne l'ignore pas. Ah ! qu
hera leurs façons brutales... ,165437,Ah !,,MISC,165441, l'ironie anglaise : « Le chie
 sur la table pour murmurer à ,165930,Issacar,,MISC,165937," : 
– Allons-nous en d'ici ; e"
"e faire connaître ce soir. 
– ",166092,Volontiers,,MISC,166102,", répond Issacar ; mais il est"
"e soir. 
– Volontiers, répond ",166111,Issacar,,MISC,166118, ; mais il est inutile de sort
"aule du jeune homme blond. 
– ",166218,J'ai l'honneur,,MISC,166232,", me dit-il, de vous présenter"
"il, de vous présenter mon ami ",166271,Roger Voisin,,PER,166283,", dont vous désirez si vivemen"
tification ; mon nom est bien ,166527,Roger Voisin,,PER,166539," mais, d'ordinaire, on m'appel"
"is, d'ordinaire, on m'appelle ",166572,Roger-la-Honte,,PER,166586,". 
VI -- PLEIN CIEL 
Minuit so"
"on m'appelle Roger-la-Honte. 
",166589,VI,,PER,166591," -- PLEIN CIEL 
Minuit sonne a"
"hédrale comme nous pénétrons, ",166670,Roger-la-Honte,,LOC,166684," et moi, dans la rue, de Darbr"
"Honte et moi, dans la rue, de ",166709,Darbroëk,,PER,166717, ; nous venons de faire nos ad
 venons de faire nos adieux à ,166754,Issacar,,MISC,166761, avec lequel nous avons dîné à
 nous avons dîné à l'hôtel du ,166803,Roi Salomon,,LOC,166814,", où il habite. On est très bi"
", à cet hôtel-là. 
– Oui, dit ",166876,Roger-la-Honte,,PER,166890, ; aucun voleur chic ne descen
"r chic ne descend ailleurs, à ",166934,Bruxelles,,LOC,166943, ; excepté quand les affaires 
"u. Tu vas voir mon logement. 
",167112,Roger-la-Honte,,LOC,167126," me tutoie, et je le lui rends"
"e tutoie, et je le lui rends. ",167158,Familiarités,,PER,167170, d'associés. Ne serait-ce pas 
"us donner du Monsieur ? Donc, ",167338,Roger-la-Honte,,PER,167352, me tutoie et je l'appelle : R
e me tutoie et je l'appelle : ,167381,Roger-la-Honte,,LOC,167395," tout court, comme on dit : Mo"
"ourt, comme on dit : Monsieur ",167432,Thiers,,PER,167438,". 
– Nous voici arrivés, dit-i"
"dant qu'il ouvre la porte. 
– ",167621,Fais tout le bruit que tu pourras,,MISC,167654,", au contraire ; j'ai ramené d"
"lles d'éléphants en couches. 
",167881,Nous montons l'escalier,,MISC,167904, à la lueur d'allumettes nombr
"euses dont la dernière, quand ",167964,Roger,,PER,167969, a ouvert une porte au quatriè
laissé échapper l'occasion... ,168650,Ah !,,MISC,168654, le dégoûtant personnage que c
"honnête industriel, comme dit ",168717,Issacar,,MISC,168724,... Nous a-t-il assez assommés
e ! Laisse-moi rire un peu... ,169459,As-tu,,MISC,169464, vu avec quelle naïveté vanite
"– Vous en auriez été quittes, ",169643,Issacar,,MISC,169650," et toi, pour aller déjeuner c"
" trouvait au second étage, et ",169869,Issacar,,MISC,169876, soutenait qu'il était au troi
r avant une heure au moins... ,170094,Tiens,,MISC,170099,", pour tuer le temps, je vais "
"un quart, tous les soirs. 
Et ",170268,Roger-la-Honte,,PER,170282," dessine, sur une feuille de p"
 une caricature très drôle du ,170369,pon Pelche,,MISC,170379," , en chemise de nuit et bonne"
"s fleurs, c'était bon pour la ",170551,Grèce,,LOC,170556,", mais c'est trop beau pour la"
 mais c'est trop beau pour la ,170587,Belgique,,LOC,170595,", savez-vous, pour une fois. Ç"
"é chez un grand architecte, à ",171043,Paris,,LOC,171048," ; un emploi de confiance, pén"
"nce, pénible et mal rétribué. ",171100,Ma mère,,PER,171107, était la meilleure des mères 
" même pas envie de mourir. 
– ",171392,Ah !,,MISC,171396," c'est que, en parlant d'eux, "
"emple de mes sœurs ; l'aînée, ",172043,Eulalie,,PER,172050,", avait étudié la déclamation,"
"commençaient à en être fiers, ",172399,in petto,,MISC,172407," , quand son nom figurait sur "
"étrange, là-dedans ? Pourquoi ",173119,Roger-la-Honte,,PER,173133, n'aurait-il point des pensées
"i tu t'en es aperçu, continue ",173417,Roger,,PER,173422, ; mais les toiles des grands 
on véhémente et superbe de la ,174257,Liberté et de la Beauté contre la Laideur,,ORG,174298," et la Servitude ; et l'homme,"
oix qui chante la grandeur de ,174505,l'Individu,,MISC,174515, et la haute majesté de la Nat
idu et la haute majesté de la ,174542,Nature,,MISC,174548, ; cette voix fière qui étouff
réalités pour les chimères... ,175888,Ah !,,MISC,175892, la tristesse de leurs figures
"de leurs figures, au bas de l'",175936,escalier du Louvre,,LOC,175954," ! 
– Un philosophe allemand l"
ssées à bord des navires de l',176280,État,,LOC,176284," ne m'avaient pas donné, comme"
"es pièges à loups... Un jour, ",176705,au Louvre,,LOC,176714,", j'ai volé un tableau. Cela s"
s. J'ai décroché une toile de ,176927,Lorenzo di Credi,,PER,176943,", une Vierge qui me plaisait b"
"oile de Lorenzo di Credi, une ",176949,Vierge,,PER,176955, qui me plaisait beaucoup ; je
ant peu il ne restera plus au ,177288,Louvre,,LOC,177294, que les faux Rubens qui le dé
a plus au Louvre que les faux ,177308,Rubens,,PER,177314, qui le déshonorent et les Gui
ens qui le déshonorent et les ,177341,Guido Reni,,PER,177351, qui l'encombrent ; et que l'a
; et que l'administration des ,177399,Beaux-Arts,,LOC,177409, prendra alors le parti raison
"le devrait être, au milieu du ",177509,Sahara,,LOC,177515,. Mais continue ; qu'as-tu fai
s continue ; qu'as-tu fait de ,177550,ta Vierge,,PER,177559," ? 
– Je l'ai emportée à Londr"
"ierge ? 
– Je l'ai emportée à ",177584,Londres,,LOC,177591, et je l'y ai vendue. Je l'ai 
"e restaient, je suis revenu à ",177869,Paris,,LOC,177874,. Je n'ai rien caché de la vér
", en effet, dès mon arrivée à ",178437,Londres,,LOC,178444,". Huit jours après, je reçus u"
dé que je n'avais pas tort. « ,178704,Mon cher enfant,,MISC,178719,", m'écrivait-il, tu es encore "
rocurer l'ombre d'une joie... ,179540,Ah !,,MISC,179544," oui, je suis obligé de le pen"
très heureux ; ils ont quitté ,180964,Paris,,LOC,180969, ; ils tiennent à Vichy un hôt
quitté Paris ; ils tiennent à ,180987,Vichy,,LOC,180992, un hôtel qu'ils ont acheté et
"a pas éveillé les soupçons ? 
",181113,– ,,MISC,181115,"Pas du tout. Ma sœur Eulalie, "
"ons ? 
– Pas du tout. Ma sœur ",181136,Eulalie,,PER,181143,", l'actrice, venait de quitter"
" fréquentait les coulisses ? 
",181335,– Que tu,,MISC,181343, aimes les complications ! Le 
é de soixante-douze ans quand ,181420,Eulalie,,LOC,181427, en avait dix à peine. Il lui 
ie de vieillard sans famille. ,181576,Eulalie,,PER,181583, avait donc renoncé à la scène
"st aussi avare que dévote. 
– ",181837,Dévote,,MISC,181843," ? 
– Dans la dévotion jusqu'a"
 religieuse. Elle demeure aux ,181966,Batignolles,,LOC,181977,", à côté de l'église. La derni"
elle m'a dit qu'elle prierait ,182231,le Bon Dieu,,MISC,182242, pour moi deux fois par jour. 
 fois mes parents installés à ,182400,Vichy,,LOC,182405,". Mais, un beau jour, Broussai"
"lanche cornette des nonnes ! 
",182709,– Ne m'en parle pas,,MISC,182728,". Broussaille, qui n'est pas b"
exemple. Elle est partie pour ,182844,Londres,,LOC,182851,", et elle y est restée depuis."
" elle y est restée depuis. 
– ",182885,Ah !,,MISC,182889, bah ! Broussaille est à Londr
 Ah ! bah ! Broussaille est à ,182914,Londres,,LOC,182921,"... Et qu'est-ce qu'elle fait,"
" Et qu'est-ce qu'elle fait, à ",182954,Londres,,LOC,182961," ? 
Roger-la-Honte tire sa mon"
"ce qu'elle fait, à Londres ? 
",182965,Roger-la-Honte,,LOC,182979," tire sa montre. 
– Qu'est-ce "
 elle doit faire quelqu'un... ,183077,Ah !,,MISC,183081, il va être une heure du matin
"e moment de nous y mettre... 
",183151,Roger-la-Honte,,LOC,183165," va prendre une valise, à la t"
"s, d'autres choses encore. 
– ",183365,Où est ma lanterne sourde ?,,MISC,183392, Ah ! la voici ; elle est tout
– Où est ma lanterne sourde ? ,183393,Ah !,,MISC,183397, la voici ; elle est toute prê
ça. C'est des bons. C'est des ,183829,Poissy,,LOC,183835,". 
– Comme cela, dis-je en gli"
"s de bruit pour descendre. 
– ",183948,Descendre !,,MISC,183959, dit Roger-la-Honte. Est-ce qu
"descendre. 
– Descendre ! dit ",183964,Roger-la-Honte,,LOC,183978,. Est-ce que tu rêves ? Nous n
"; la fenêtre est éclairée. 
– ",184363,Halte !,,MISC,184370, murmure Roger. Il faut attend
" éclairée. 
– Halte ! murmure ",184379,Roger,,PER,184384,. Il faut attendre ; nous nous
ont pas longues à s'endormir. ,184557,Asseyons,,MISC,184565,"-nous un peu. 
Nous nous assey"
"s pieds sur l'entablement. 
– ",184644,Quelle nuit !,,MISC,184657, dit tout bas Roger-la-Honte. 
"
– Quelle nuit ! dit tout bas ",184671,Roger-la-Honte,,LOC,184685,. Regarde donc là-haut. Crois-
"se, toi ? 
– Non. Et toi ? 
– ",185087,Moi non plus,,MISC,185099,", malheureusement. Je voudrais"
sement. Je voudrais tant voir ,185140,Venise,,LOC,185146, ! Il parait que c'est merveil
ux qui la peignent. Ah ! voir ,185296,Venise,,LOC,185302," ! Et après, qu'il arrive n'im"
mporte quoi. Je m'en moque... ,185361,Tiens,,MISC,185366,", la lumière vient de s'éteind"
"s-je, si tu désires tant voir ",185471,Venise,,LOC,185477,", pourquoi n'as-tu pas fait le"
 ! Mais il faut que j'aille à ,186102,Venise,,LOC,186108, d'abord ; c'est là seulement 
trompe pas sur ma vocation... ,186194,Ah !,,MISC,186198," ces étoiles ! 
– Oui, c'est b"
"les cordes d'une lyre, depuis ",186366,Saturne,,LOC,186373, jusqu'à Mercure ; de l'analog
" lyre, depuis Saturne jusqu'à ",186382,Mercure,,LOC,186389, ; de l'analogie entre les dis
les distances des planètes au ,186442,soleil,,LOC,186448, et les divisions de la gamme 
"e l'harmonie des mondes... 
– ",186570,Ah !,,MISC,186574," certes, dit Roger-la-Honte, l"
"mondes... 
– Ah ! certes, dit ",186587,Roger-la-Honte,,PER,186601,", les yeux fixés au ciel ; c'e"
 à vous dégoûter de tout !... ,186889,Ah !,,MISC,186893," Allons, il est temps. En rout"
erveusement la barre d'appui. ,187502,Roger-la-Honte,,PER,187516,", qui a sorti de sa poche une "
" Une chambre de débarras, dit ",187903,Roger,,PER,187908, en allumant sa lanterne sourd
"n, la clef est à l'intérieur. ",188045,Ça,,MISC,188047, va bien ; nous n'aurons pas à
" nous diriger vers ton hôtel, ",188632,rue des,,LOC,188639, Augustins. Quand tu auras fai
"riger vers ton hôtel, rue des ",188640,Augustins,,LOC,188649,. Quand tu auras fait ce que j
"ème étage. 
– C'est bien, dit ",188879,Roger,,PER,188884,. Nous allons commencer. Une p
" faire trembler la maison. 
– ",189276,Ça,,MISC,189278," y est, murmure Roger, qui pos"
" maison. 
– Ça y est, murmure ",189294,Roger,,PER,189299,", qui pose un doigt sur ses lè"
"s entrons dans le cabinet. 
– ",189550,Quel fracas tu as,,MISC,189567, fait ! dis-je à Roger-la-Hont
 fracas tu as fait ! dis-je à ,189584,Roger-la-Honte,,LOC,189598,", qui sourit. 
– Mais non ; ça"
"ire pour calmer mes nerfs. 
À ",190252,M. Delpich,,PER,190262,", banquier, 84, rue d'Arlon. 
"
" Delpich, banquier, 84, rue d'",190284,Arlon,,LOC,190289,". 
« Mon cher ami, 
« Ne vous "
"banquier, 84, rue d'Arlon. 
« ",190294,Mon cher ami,,MISC,190306,", 
« Ne vous donnez plus la pe"
e. C'est un jeune serin nommé ,190446,Georges Randal,,PER,190460,", ingénieur de son état, qui e"
"rd de la potasse. Vous savez, ",190791,Delpich,,PER,190798,", si je me moque de la potasse"
 roulettes. Je montrerai à ce ,191081,Parisien,,LOC,191089,", qui vient faire ici le malin"
l bois nous nous chauffons en ,191235,Belgique,,LOC,191243,"... » 
La lettre ne va pas plu"
"t pas ce qui peut arriver. 
– ",191508,Apporte la lanterne,,MISC,191527,", dit Roger-la-Honte qui auscu"
". 
– Apporte la lanterne, dit ",191533,Roger-la-Honte,,PER,191547," qui ausculte le coffre-fort, "
quand on a travaillé dans les ,191867,Fichet,,LOC,191873,"... Enfin, on a moins de mal. "
 il ronfle comme une toupie d',192409,Allemagne,,LOC,192418,. Ah ! le gredin ! Je me le fi
"mais incessant, de la scie de ",192650,Roger,,PER,192655, : il a déjà pu percer le coff
e parti de remonter auprès de ,193102,Roger,,PER,193107,". 
– Te voilà ? demande-t-il, "
" remonter auprès de Roger. 
– ",193112,Te voilà ?,,MISC,193122," demande-t-il, le visage couve"
anque et quelques rouleaux de ,193756,louis,,PER,193761,", que nous mettons dans nos po"
"e, à présent ? 
– Non, répond ",193859,Roger,,PER,193864, ; il faut partir par où nous 
ndustriel et la lanterne dont ,194224,Roger,,PER,194229, n'a pas eu besoin au rez-de-c
e point quelques fourrures de ,195019,Madame,,PER,195025," ? Voyons ça, ajoute-t-il en f"
"est unie comme un lac, me dit ",195918,Roger-la-Honte,,LOC,195932, dans le salon du bateau que n
 bateau que nous avons pris à ,195979,Ostende,,LOC,195986,", car nous avons quitté Bruxel"
"stende, car nous avons quitté ",196010,Bruxelles,,LOC,196019, par le premier train du matin
 superbe et nous arriverons à ,196113,Cannon Street,,LOC,196126, à cinq heures. Nous pourrons 
"rons. Enfin, nous verrons. 
– ",196402,"Moi, pour mille francs",,MISC,196424,", j'aurais fait le coup ; pour"
"quin qu'on devrait pendre. 
– ",196568,Bah !,,MISC,196573," dit Roger, à quoi bon déshono"
" devrait pendre. 
– Bah ! dit ",196578,Roger,,PER,196583,", à quoi bon déshonorer une co"
che et j'aime la rigolade ; à ,196674,Prudhomme,,PER,196683, décapité je préfère Prudhomme
Prudhomme décapité je préfère ,196704,Prudhomme,,PER,196713," dévalisé. C'est égal, je voud"
"rais bien voir sa gueule ! 
– ",196773,Moi aussi ;,,MISC,196784, je suis sûr que son nez dépas
 belge et s'allonge déjà vers ,196859,Venise,,LOC,196865,". 
– Ah ! Venise, Venise ! sou"
"'allonge déjà vers Venise. 
– ",196870,Ah !,,MISC,196874," Venise, Venise ! soupire Roge"
"nge déjà vers Venise. 
– Ah ! ",196875,Venise,,LOC,196881,", Venise ! soupire Roger-la-Ho"
" vers Venise. 
– Ah ! Venise, ",196883,Venise,,LOC,196889, ! soupire Roger-la-Honte en s
"Ah ! Venise, Venise ! soupire ",196900,Roger-la-Honte,,PER,196914, en s'étendant sur une couchet
t en gondole sur les flots du ,197032,Canalazzo,,LOC,197041,". 
VII -- DANS LEQUEL ON APPRE"
"ts du Canalazzo. 
VII -- DANS ",197056,LEQUEL,,ORG,197062," ON APPREND, ENTRE AUTRES CHOS"
"lazzo. 
VII -- DANS LEQUEL ON ",197066,APPREND,,ORG,197073,", ENTRE AUTRES CHOSES, CE QUE "
"II -- DANS LEQUEL ON APPREND, ",197075,ENTRE,,ORG,197080," AUTRES CHOSES, CE QUE DEVIENN"
"APPREND, ENTRE AUTRES CHOSES, ",197096,CE,,ORG,197098, QUE DEVIENNENT LES ANCIENS NO
", ENTRE AUTRES CHOSES, CE QUE ",197103,DEVIENNENT,,ORG,197113," LES ANCIENS NOTAIRES 
– Mon a"
" NOTAIRES 
– Mon avis, me dit ",197155,Roger-la-Honte,,LOC,197169, dans le cab que nous venons d
me dit Roger-la-Honte dans le ,197178,cab,,ORG,197181, que nous venons de prendre à 
 que nous venons de prendre à ,197211,Cannon Street,,LOC,197224,", c'est que si Paternoster nou"
"– Paternoster ? Qui est-ce ? 
",197361,– Ah !,,MISC,197367," oui, tu ne sais pas. C'est l'"
", mais celui qui le porte est ",197519,Français,,LOC,197527,". C'est vrai, ça ; tu n'es au "
; mais dans quelques jours... ,197603,Eh !,,MISC,197607," bien, Paternoster, c'est un a"
" quelques jours... Eh ! bien, ",197614,Paternoster,,MISC,197625,", c'est un ancien officier min"
"e ne sais plus où, du côté de ",197715,Bourges,,LOC,197722," ou de Châteauroux... 
– Et il"
" où, du côté de Bourges ou de ",197729,Châteauroux,,LOC,197740,"... 
– Et il a levé le pied, c"
 les choses se sont passées : ,197995,Paternoster,,PER,198006, était marié avec une femme tr
ublié le nom qu'il portait en ,198304,France,,LOC,198310," -- le savait, mais fermait le"
"re raison, sur ce chapitre, à ",198566,Paternoster,,MISC,198577, ? C'est assez facile à expliq
apidés dans des opérations de ,199141,Bourse,,LOC,199147,", et qu'on n'en retrouva pas u"
"int, jusqu'ici, quel bénéfice ",199263,Paternoster,,PER,199274, avait retiré de sa complaisan
". 
– Quoi ! Mis en liberté ? 
",199422,– ,,MISC,199424,Absolument. Le ministre n'avai
ment les choses se passent en ,199553,France,,LOC,199559,... Paternoster vint donc retr
rnoster vint donc retrouver à ,199597,Londres,,LOC,199604, les écus dont il avait dépoui
"qui, au lieu de cascader à la ",199684,Bourse,,LOC,199690,", étaient empilés soigneusemen"
elle l'avoir vu arriver ici ; ,199802,J'étais un soir,,MISC,199817," à Victoria Station, par hasar"
river ici ; J'étais un soir à ,199820,Victoria Station,,PER,199836,", par hasard, et j'ai vu desce"
"bien reconnu, depuis, dans le ",199996,Paternoster,,LOC,200007, qui s'est mis à trafiquer ave
"h ! nous voici arrivés... 
Le ",200364,cab,,ORG,200367," s'arrête, en effet, dans une "
es étroites qui sillonnent la ,200436,Cité de Londres,,LOC,200451,", devant une haute maison noir"
"'escalier. Au deuxième étage, ",200542,Roger-la-Honte,,LOC,200556, tourne le bouton d'une porte 
rcs. Sur une interrogation de ,200736,Roger,,PER,200741,", l'un d'eux se lève, se dirig"
" notre entrée, tend la main à ",201070,Roger-la-Honte,,LOC,201084, et m'accueille d'un profond s
"ueille d'un profond salut. 
– ",201123,Vous voilà enfin !,,MISC,201141, dit-il à Roger. Il y a un gra
– Vous voilà enfin ! dit-il à ,201151,Roger,,PER,201156,. Il y a un grand mois que je 
"st de vos amis, je présume ? 
",201259,Roger-la-Honte,,LOC,201273, me présente ; Paternoster se 
"
Roger-la-Honte me présente ; ",201288,Paternoster,,MISC,201299, se déclare enchanté et contin
" quelque chose, en effet, dit ",202468,Roger-la-Honte,,PER,202482, en ouvrant son sac de voyage 
 titres que nous apportons de ,202583,Bruxelles,,LOC,202592, ; vous allez nous donner votr
" ne vous croirait pas, ricane ",202800,Paternoster,,MISC,202811,. Donnez-vous donc la peine de
c la peine de vous asseoir... ,202858,Oh !,,MISC,202862, Oh ! mais vous n'exagérez pas
peine de vous asseoir... Oh ! ,202863,Oh !,,MISC,202867, mais vous n'exagérez pas trop
"francs. Malheureusement... 
– ",203023,Ah !,,MISC,203027, dit Roger-la-Honte avec un ge
"alheureusement... 
– Ah ! dit ",203032,Roger-la-Honte,,PER,203046," avec un geste désespéré, voil"
"voilà que ça commence !... 
– ",203102,Attendez,,MISC,203110, donc que ce soit fini pour vo
 avez été faire ce coup-là en ,203324,Belgique,,LOC,203332,". 
– Qui vous l'a dit ? demand"
"
– Qui vous l'a dit ? demande ",203364,Roger-la-Honte,,PER,203378,". 
– Ce sont ces papiers eux-m"
 Ce sont là des placements de ,203463,Belge,,LOC,203468,". Jamais un Français, à l'heur"
lacements de Belge. Jamais un ,203480,Français,,LOC,203488,", à l'heure actuelle, ne garni"
moi. Il leur faut des fonds d',203812,États,,LOC,203817,", ou des valeurs garanties par"
des valeurs garanties par les ,203852,États,,LOC,203857, ; le reste ne représente rien
"nt que possible, vos coups en ",204087,France,,LOC,204093,. Voilà un bon pays ! Vous n'y
 ne possèdent guère que de la ,204315,Rente,,MISC,204320, ou des Chemins de fer. Excell
 guère que de la Rente ou des ,204328,Chemins de fer,,ORG,204342,. Excellent pays pour les vole
"iné les capitaux. 
– Oui, dit ",204427,Roger-la-Honte,,PER,204441,. Mais quand on vous apporte d
Mais quand on vous apporte du ,204473,Crédit foncier,,ORG,204487," ou des emprunts de Villes, vo"
it foncier ou des emprunts de ,204507,Villes,,MISC,204513,", vous n'en voulez pas. 
– Nat"
"u moins officiellement, par l'",204609,État,,LOC,204613," ; par conséquent, ça ne vaut "
ussi l'opinion du ministre de ,204781,Perse,,LOC,204786,", et le premier secrétaire de "
ier secrétaire de l'ambassade ,204828,Ottomane,,LOC,204836," en tombait d'accord avec moi,"
e vous placez votre papier en ,204947,Orient,,MISC,204953,". 
– Pour la plus grande parti"
"la plus grande partie, répond ",204993,Paternoster,,MISC,205004,", et même en Extrême-Orient ; "
"épond Paternoster, et même en ",205017,Extrême-Orient,,LOC,205031, ; le Japon y a pris goût depu
", et même en Extrême-Orient ; ",205034,le Japon,,LOC,205042, y a pris goût depuis quelques
oût depuis quelques années et ,205083,la Chine,,LOC,205091, donne de belles espérances. V
"es. Voyez, Monsieur, comme le ",205146,Progrès,,MISC,205153," choisit, pour sa marche en av"
rtent à peine 3 pour cent à l',205313,Européen,,LOC,205321,", touche, lui, 10 ou 12 pour c"
cidentale et les rapports des ,205490,Blancs,,ORG,205496, et des Jaunes deviennent tous
es rapports des Blancs et des ,205504,Jaunes,,ORG,205510, deviennent tous les jours plu
ternels. Ce n'est pas tout. L',205575,Asiatique,,LOC,205584,", enrichi grâce à vous, compre"
à nous faire courir ce fameux ,205744,Péril jaune,,MISC,205755, si joliment portraituré par l
si joliment portraituré par l',205786,Empereur d'Allemagne,,PER,205806,", il nous souhaite, après ses "
"'harmonie universelle, répond ",206381,Paternoster,,MISC,206392, avec un sourire patriarcal. P
ls ont conquis leurs grades à ,206750,Oxford,,LOC,206756," ; l'un d'eux, celui qui vous "
"comme c'est probable, il sera ",206931,Pair d'Angleterre,,MISC,206948," avant peu... Ah ! oui, contin"
air d'Angleterre avant peu... ,206962,Ah !,,MISC,206966," oui, continue Paternoster en "
"ant peu... Ah ! oui, continue ",206981,Paternoster,,MISC,206992, en poursuivant son examen des
"gneur japonais, un kaïmakan d'",207257,Asie Mineure,,LOC,207269, ou un mandarin à bouton de cr
"diez pour ça ? 
Nous faisons, ",207418,Roger-la-Honte,,MISC,207432," et moi, un signe affirmatif. "
"'est une grosse somme, assure ",207496,Paternoster,,PER,207507, en hochant la tête. Quand on 
"en répugnant, même à voler... ",207896,Eh !,,MISC,207900," bien, mes amis, ces papiers r"
" du petit au grand, c'est une ",208062,Société anonyme,,ORG,208077,. Des actionnaires ignorants e
"– Voilà un beau discours, dit ",208358,Roger-la-Honte,,PER,208372,". Monsieur Paternoster, il fau"
"discours, dit Roger-la-Honte. ",208374,Monsieur Paternoster,,PER,208394,", il faut poser votre candidat"
" Mais que nous offrez-vous ? 
",208493,– Diable !,,MISC,208503," votre ton est sec, ricane Pat"
"e ! votre ton est sec, ricane ",208530,Paternoster,,MISC,208541,. Mais vous avez sans doute le
olle de la sottise humaine... ,208938,Eh !,,MISC,208942," bien, Messieurs, voici ce que"
"pose : je garde la Rente, les ",209014,Chemins de fer et le Suez,,ORG,209039,", je vous rends toutes les val"
"ancs. 
– Vous plaisantez, dit ",209154,Roger-la-Honte,,PER,209168," ; cinquante mille francs, c'e"
réfléchi en parlant ? demande ,210193,Roger,,PER,210198,. Vous me semblez bien autorit
tiers-marrons s'appellent les ,210367,Napoléon,,PER,210375, de la finance ; et un couliss
"our le tout, je vous offre... ",210786,Attention !,,MISC,210797," je vais citer un chiffre, et "
" Vous me connaissez, monsieur ",210890,Roger-la-Honte,,PER,210904,", bien que j'aie le plaisir de"
 Qu'en penses-tu ? me demande ,211147,Roger,,PER,211152,". 
– Fais comme tu voudras. 
–"
"tu voudras. 
– C'est bon, dit ",211198,Roger,,PER,211203, ; nous acceptons. Mais nous n
" et un chèque pour le reste. 
",211910,Nous acquiesçons d'un sourire,,MISC,211939," et Paternoster, après nous av"
s acquiesçons d'un sourire et ,211943,Paternoster,,MISC,211954,", après nous avoir compté les "
"il nous reverra avant peu. 
– ",212461,Ah ! sapristi,,MISC,212474,", j'oubliais ! s'écrie-t-il co"
"ères, un notaire du centre de ",212574,la France,,LOC,212583,", m'a signalé l'autre jour un "
"ns cinq au confrère, ainsi... ",212890,"Gentil, hein",,MISC,212902," ?... Au revoir... 
Nous desce"
"ntil, hein ?... Au revoir... 
",212922,Nous descendons l'escalier,,MISC,212948, en silence. Notre cab nous at
 l'escalier en silence. Notre ,212967,cab,,ORG,212970, nous attend devant la maison 
end devant la maison ; nous y ,213009,montons,,LOC,213016, et Roger donne au cab l'adres
s y montons et Roger donne au ,213035,cab,,ORG,213038, l'adresse d'un hôtel du West-
u cab l'adresse d'un hôtel du ,213063,West-End,,LOC,213071,". 
– Malgré tout, dis-je quand"
mieux que ce que nous a donné ,213215,Paternoster,,MISC,213226,". 
– Non, dit Roger ; il ne ma"
"onné Paternoster. 
– Non, dit ",213240,Roger,,PER,213245," ; il ne manque pas, à Londres"
"t Roger ; il ne manque pas, à ",213268,Londres,,LOC,213275,", de gens exerçant le même mét"
ous allons faire une visite à ,213448,Broussaille,,LOC,213459,". 
– C'est une excellente idée"
"– C'est une excellente idée. 
",213492,Nous voilà partis,,MISC,213509,. Le cab file tout le long de 
" idée. 
Nous voilà partis. Le ",213514,cab,,ORG,213517, file tout le long de Piccadil
. Le cab file tout le long de ,213539,Piccadilly,,LOC,213549,", descend Brompton Road et s'a"
d Brompton Road et s'arrête à ,213587,Kensington,,LOC,213597,", devant une des petites maiso"
" n'éclaire aucune lumière. 
– ",213925,Bizarre !,,MISC,213934, dit Roger. Broussaille a dû s
"une lumière. 
– Bizarre ! dit ",213939,Roger,,PER,213944,. Broussaille a dû sortir et l
"ière. 
– Bizarre ! dit Roger. ",213946,Broussaille,,PER,213957, a dû sortir et la bonne a pro
rie que Broussaille est à l'« ,214108,Empire,,LOC,214114,". » Allons-y. 
Nous y allons. "
courons le promenoir sans que ,214229,Roger-la-Honte,,PER,214243," ait pu apercevoir sa sœur. 
–"
" cherches ta sœur, dit-elle à ",214515,Roger,,PER,214520,". 
– Oui. Sais-tu où elle est "
ut à l'heure avec une dame de ,214666,Paris,,LOC,214671,". 
– Comment est-elle, cette d"
"! 
– Quel nouveau ? Quoi ? 
– ",215003,Ah !,,MISC,215007, je ne veux rien te raconter ;
"ce qu'elle veut dire, s'écrie ",215170,Roger,,PER,215175, en descendant l'escalier. Mai
"lle est à deux pas d'ici, à l'",215270,hôtel Pathis,,LOC,215282, ; j'en suis certain ; Ida ne 
 Pathis ; j'en suis certain ; ,215305,Ida,,PER,215308, ne descend jamais autre part.
"art. 
– Ida, c'est la dame de ",215364,Paris,,LOC,215369," ? 
– Oui ; une sage-femme trè"
"comprends, c'est ici comme en ",215511,France,,LOC,215517,"... 
– Oui, on ne parvient pas"
"rs, on envoie un télégramme à ",215644,Ida,,MISC,215647," qui a toujours son aiguille, "
" qui a toujours son aiguille, ",215677,landerirette,,LOC,215689,", au bout du doigt, comme Mimi"
", car c'est une bonne fille. 
",215818,Nous attendons,,MISC,215832, une minute à peine au bureau 
ous chercher en courant. Nous ,215953,montons,,LOC,215960, au second étage et nous somme
La plus jeune saute au cou de ,216169,Roger-la-Honte,,LOC,216183, qui l'embrasse avec effusion.
 la main que lui tend la dame ,216289,brune,,PER,216294,", à laquelle il me présente. E"
vie et sonne pour demander du ,216401,Champagne,,LOC,216410,". 
– Quelle mauvaise idée vous"
t fallu deviner ta présence à ,216597,Londres,,LOC,216604,", répond Roger ; et d'ailleurs"
"ta présence à Londres, répond ",216613,Roger,,PER,216618," ; et d'ailleurs, mon ami Rand"
"oger ; et d'ailleurs, mon ami ",216644,Randal,,PER,216650," n'aurait pas osé. 
– Vraiment"
"i Randal n'aurait pas osé. 
– ",216672,Vraiment !,,MISC,216682, s'écrie Ida ; êtes-vous timid
"as osé. 
– Vraiment ! s'écrie ",216691,Ida,,PER,216694, ; êtes-vous timide à ce point
 prudence à ton âge ? demande ,217032,Ida,,PER,217035," en rougissant un peu. 
Le fai"
"double, si fréquente chez les ",217895,Parisiennes,,LOC,217906,", qui leur donne l'attrait spé"
" vous ne regardez que moi. 
– ",218209,Ah !,,MISC,218213," dis-je, je me livrais à l'éte"
t la majesté des brunes. Mais ,218320,mademoiselle Broussaille,,PER,218344, n'y perdra rien pour avoir at
"sième bouteille de Champagne, ",219870,Roger-la-Honte,,LOC,219884, a voulu savoir quelle était l
"faite par la grande rousse, à ",220001,l'Empire,,LOC,220009, ; et il a demandé aussi des r
ct mystérieux de la maison de ,220093,Kensington,,LOC,220103,". Là-dessus, Broussaille s'est"
ouragement dans les regards d',220210,Ida,,PER,220213,", et a fini par raconter une p"
"êt ; de plus, elle a donné au ",220449,Juif,,MISC,220453,", qui avait promis de renouvel"
e plus une chaise chez moi... ,220894,Ah !,,MISC,220898," c'est horrible... 
– Ne la gr"
"oi... Ah ! c'est horrible... 
",220918,– ,,MISC,220920,"Ne la gronde pas, Roger, implo"
"rible... 
– Ne la gronde pas, ",220938,Roger,,PER,220943,", implore Ida. Elle est un peu"
"la gronde pas, Roger, implore ",220953,Ida,,PER,220956,". Elle est un peu étourdie, tu"
"is. Ne me gronde pas... 
Mais ",221167,Roger,,PER,221172, n'en a pas la moindre envie. 
". Il rit à gorge déployée. 
– ",221230,Ah !,,MISC,221234, ah ! C'est vraiment drôle ! J
"e commander un mobilier... 
– ",221641,Ah !,,MISC,221645, dit Broussaille dont les larm
 as tant de mal à le gagner ! ,221777,Ça,,MISC,221779," ne fait rien, va ; je te rend"
" jours, et tu pourras aller à ",221865,Venise,,LOC,221871,... Quand je pense qu'avec ce 
"angerait... 
– C'est bon, dit ",222069,Roger,,PER,222074,. Ne parlons plus de ça. J'ira
 parlons plus de ça. J'irai à ,222108,Venise,,LOC,222114, une autre fois... Passe-moi c
ai à Venise une autre fois... ,222133,Passe-moi,,LOC,222142," cette bouteille, là-bas... Ma"
"e, là-bas... Mais quant à ton ",222187,Juif,,MISC,222191,", continue-t-il en faisant sau"
raccourcirai le nez et je lui ,222274,allongerai,,PER,222284," les oreilles, pas plus tard q"
"mois, il aura du toupet... 
– ",222547,Ah !,,MISC,222551," s'écrie Ida, fais attention. "
" du toupet... 
– Ah ! s'écrie ",222560,Ida,,PER,222563,", fais attention. Ne va pas tr"
"nce ! 
– Tu as raison, répond ",222752,Roger,,PER,222757, ; mais si tu mettais tes préc
" n'est pas sans dangers... 
– ",223011,Oh !,,MISC,223015," vous savez, quand on est adro"
"tropient les femmes. 
– Et la ",223470,Justice,,MISC,223477,", dis-je, ne tient guère la ba"
 ces soi-disant savants de la ,224202,Faculté,,ORG,224209,. C'est le prestige abrutissan
qui est en train de dépeupler ,224634,la France,,LOC,224643,". 
– On cherche des remèdes, d"
"– On cherche des remèdes, dit ",224676,Roger,,PER,224681, ; on parle d'un impôt sur les
" Ce serait moins ridicule. 
– ",224849,Ah !,,MISC,224853," oui, dit Ida, quel troupeau d"
"ns ridicule. 
– Ah ! oui, dit ",224863,Ida,,PER,224866,", quel troupeau d'ânes, ces lé"
orsque la femme sera libre en ,225259,France,,LOC,225265,", dit Roger, la France cessera"
"mme sera libre en France, dit ",225271,Roger,,PER,225276,", la France cessera d'être la "
"a libre en France, dit Roger, ",225278,la France,,LOC,225287, cessera d'être la France -- l
"ger, la France cessera d'être ",225303,la France,,LOC,225312, -- la France qu'elle est. -- 
e cessera d'être la France -- ,225316,la France,,LOC,225325, qu'elle est. -- Les législate
"en certaine. Conclusion... 
– ",225471,Conclusion,,MISC,225481," : il faut continuer. Eh bien,"
ue sur les navires qui vont à ,225820,Terre-Neuve,,LOC,225831,", à condition qu'ils aideront "
ner la morue. Je fais gras le ,225996,Vendredi Saint,,MISC,226010,", depuis que j'ai appris ça. 
"
ça de luxe ! dit Broussaille. ,226081,Madame,,PER,226087, ne se refuse plus rien. On vo
osses mériteraient qu'on leur ,226239,coupât,,PER,226245, le cou ; et quant aux pauvres
 ou amateurs qui pullulent en ,226851,France,,LOC,226857, et qui veillent à ce qu'elles
" la bourgeoisie avorteuse. 
– ",227312,Bravo !,,MISC,227319, crie Roger-la-Honte. Vilipend
"ie avorteuse. 
– Bravo ! crie ",227325,Roger-la-Honte,,PER,227339,. Vilipendons la bourgeoisie !
"sommes obligés d'en vivre. 
– ",227448,Ah !,,MISC,227452," dit Ida, on n'en dira jamais "
"ligés d'en vivre. 
– Ah ! dit ",227457,Ida,,PER,227460,", on n'en dira jamais ce qu'il"
 ce qu'il en faudrait dire... ,227511,Oh !,,MISC,227515," à propos, Roger, j'ai revu ma"
"udrait dire... Oh ! à propos, ",227526,Roger,,PER,227531,", j'ai revu ma cliente... Tu s"
j'avais mise en rapports avec ,227630,Canonnier,,MISC,227639, et qui lui a donné de si bons
e jour où je suis partie pour ,227732,Londres,,LOC,227739,", et m'a dit de faire mon poss"
"ir. 
– Attends un peu, répond ",227887,Roger,,PER,227892, ; il faut que je réfléchisse.
 toujours pas de nouvelles de ,227957,Canonnier,,MISC,227966," ? 
– Non ; depuis plus de deu"
'est qu'il s'était échappé de ,228054,Cayenne,,LOC,228061,", il y a six mois... On dit qu"
x mois... On dit qu'il est en ,228102,Amérique,,LOC,228110,... C'est sa fille qui a eu de
 magistrats... Je l'ai vue au ,228211,Bois,,LOC,228215," et au théâtre, plusieurs fois"
"e. 
– C'est tout naturel, dit ",228337,Roger,,PER,228342, ; son père est le roi des vol
" voleurs... Ma foi, ma petite ",228398,Ida,,MISC,228401,", j'en suis désolé, mais je ne"
", mais je ne peux pas aller à ",228449,Paris,,LOC,228454,. J'ai promis à un camarade de
" pourquoi n'irais-tu pas, toi ",228635,Randal,,PER,228641," ? 
– Oui, pourquoi ? demande "
" ? 
– Oui, pourquoi ? demande ",228671,Ida,,PER,228674," en se tournant vers moi. 
Je "
rai. Je manque d'expérience ? ,228787,Ça,,MISC,228789, ne fait rien. C'est en forgea
orgeron. Je viendrai chercher ,228867,Ida demain soir,,MISC,228882, et nous prendrons le train en
"drons le train ensemble, pour ",228925,la Ville-Lumière,,LOC,228941,". Nous nous levons, Roger et m"
"le-Lumière. Nous nous levons, ",228961,Roger,,PER,228966," et moi. 
– Comment ! s'écrie "
"nous levons, Roger et moi. 
– ",228978,Comment !,,MISC,228987, s'écrie Ida ; vous partez déj
" et moi. 
– Comment ! s'écrie ",228996,Ida,,PER,228999, ; vous partez déjà ? Et il n'
"spitalité. 
S'il avait pensé, ",229326,cet Hébreu,,MISC,229336," malfaisant, qu'il mettait déf"
ment sur la paille la sœur de ,229403,Roger-la-Honte,,PER,229417,", il pourra bientôt s'apercevo"
de son erreur. Broussaille et ,229480,Ida,,PER,229483, sont venues nous voir aujourd
"us avions employé la matinée, ",229875,Roger,,PER,229880," et moi, à déposer la plus gra"
le francs promis avant-hier à ,230050,Issacar,,MISC,230057,", je les lui ai envoyés. Qu'il"
" lui servent, à cet excellent ",230118,Issacar,,MISC,230125, ! Je lui souhaite bonne chanc
"s le chemin que j'ai choisi. 
",230311,Voilà Ces tristes réflexions auxquelles je me livre,,MISC,230362,", tout à fait malgré moi, dans"
ans le train qui m'éloigne de ,230419,Londres,,LOC,230426,. Ida est assise en face de mo
ain qui m'éloigne de Londres. ,230428,Ida,,LOC,230431, est assise en face de moi ; m
"vous déjà gagné le spleen, en ",230714,Angleterre,,LOC,230724," ? 
– J'espère que non ; mais "
 ; je me demandais comment la ,230837,Société,,ORG,230844, actuelle ferait pour se maint
"s voleurs et sans putains. 
– ",230913,Oh !,,MISC,230917," dit Ida, voilà une grande que"
" et sans putains. 
– Oh ! dit ",230922,Ida,,PER,230925,", voilà une grande question ! "
versée est belle et courte. À ,231085,Calais,,LOC,231091,", nous nous trouvons seuls dan"
"t. 
– Avez-vous un domicile à ",231170,Paris,,LOC,231175," ? me demande Ida. 
– Non, je "
domicile à Paris ? me demande ,231189,Ida,,PER,231192,". 
– Non, je n'en ai plus ; ma"
" Laissez-vous donc faire, dit ",231486,Ida,,PER,231489, ; vous ne serez pas dérangé ;
 dentiste américain. Si saint ,231662,Vincent de Paul,,PER,231677," vivait encore, je suis sûre q"
être plus difficile que saint ,231789,Vincent de Paul,,PER,231804,", et je promets de me laisser "
"rtant mon grand manteau... 
– ",232074,Ah !,,MISC,232078, moi qui oubliais... J'ai just
l est beau. Mais comment ?... ,232213,Oh !,,MISC,232217, que je suis sotte !... Vous m
" frileuse à ce point-là !... 
",232624,VIII,,MISC,232628, -- L'ART DE SE FAIRE CINQUANT
"à ce point-là !... 
VIII -- L'",232634,ART DE SE,,MISC,232643, FAIRE CINQUANTE MILLE FRANCS 
RANCS DE RENTE SANS ÉLEVER DE ,232697,LAPINS,,MISC,232703," 
Souvent, la femme est la per"
ofonde vérité que me rappelle ,232789,Ida,,MISC,232792,", quelques instants avant l'ar"
"Est-ce que tu crois vraiment, ",233519,Ida,,PER,233522,", qu'elles s'enflamment aussi "
"iminels ? 
– Si je le crois ! ",233604,Ah !,,MISC,233608, Seigneur ! Mais j'en suis sûr
"ls ? 
– Si je le crois ! Ah ! ",233609,Seigneur !,,MISC,233619," Mais j'en suis sûre, mon ami "
lais ensuite faire un tour au ,233889,Bois,,LOC,233893," et sur le boulevard, les fact"
" y a quinze ans, on rêvait de ",234233,Capoul,,PER,234239," ; aujourd'hui, on a soif de C"
"l ; aujourd'hui, on a soif de ",234268,Cartouche,,LOC,234277,". Un voleur, Madame ! Un vrai "
"soif de Cartouche. Un voleur, ",234290,Madame !,,MISC,234298, Un vrai voleur ! Un criminel 
"i je te parle ainsi, continue ",234673,Ida,,MISC,234676,", crois bien que ce n'est poin"
rouver exposé. Ne reste pas à ,235099,Paris,,LOC,235104, ; viens-y lorsqu'il te plaira
"bonne. 
– Je n'en doute pas ; ",235470,"Mais, sois tranquille : si jamais je suis",,MISC,235511," pris, on pourra chercher la f"
"cher la femme. 
– Hélas ! dit ",235562,Ida,,PER,235565,", elle ne sera peut-être pas d"
"être pas difficile à trouver, ",235615,J'ai connu des hommes rudement forts,,MISC,235651,", et qui se disaient sûrs d'eu"
"le temps, je te raconterais l'",235761,histoire de,,MISC,235772, Canonnier ; ce sera pour une 
 te raconterais l'histoire de ,235773,Canonnier,,MISC,235782, ; ce sera pour une autre fois
"le est sa position sociale ? 
",236381,– Ah !,,MISC,236387," ça, mon petit, permets-moi de"
"te entre, dit quelques mots à ",236670,Ida,,MISC,236673," et se retire. 
– Elle est là,"
"etire. 
– Elle est là, me dit ",236711,Ida,,PER,236714,. Viens avec moi ; je vais te 
"ise. Ah ! l'on a bien raison, ",237106,"Monsieur ! 
Je hoche la tête d'un air attristé",,MISC,237152,", mais convaincu. 
– Pourtant,"
"jugements... 
– Certainement, ",237454,Madame,,PER,237460,", dis-je d'un ton péremptoire,"
"it beaucoup moins prompt ! 
– ",237528,Ah !,,MISC,237532," Monsieur, si vous saviez quel"
" sur le bord, me direz-vous ? ",238121,Ah !,,MISC,238125," Monsieur, que je voudrais ne "
 vous aurez à parler de moi à ,238574,Ida,,PER,238577,", vous me ferez plaisir ; même"
"z plaisir ; même, appelez-moi ",238621,Renée,,PER,238626," maintenant, si vous voulez. M"
ait son vieux père aveugle... ,239036,Voyons,,PER,239042,", il y avait un si beau tablea"
"si beau tableau là-dessus, au ",239088,Salon !,,MISC,239095, Cette jeune fille... Ah ! c'e
 Salon ! Cette jeune fille... ,239117,Ah !,,MISC,239121, c'est une Grecque ; vous voye
jeune fille... Ah ! c'est une ,239132,Grecque,,MISC,239139, ; vous voyez que je commence 
"out... Non, je ne peux pas... ",239246,Ça,,MISC,239248, ne fait rien... Ah ! c'était 
eux pas... Ça ne fait rien... ,239265,Ah !,,MISC,239269, c'était si joli ; ce tableau 
t une demi-heure. On voyait l',239354,Acropole,,LOC,239362,", dans le fond. C'est admirabl"
"s le fond. C'est admirable, l'",239397,Acropole,,LOC,239405, ; tout le monde le dit. C'est
le dit. C'est dommage que les ,239452,Anglais,,LOC,239459, aient tout abîmé. Quels sauva
"ut abîmé. Quels sauvages, ces ",239498,Anglais,,LOC,239505," ! J'en ai connu un, l'année d"
ffée tout le milieu du dos... ,239585,Est,,LOC,239588,-ce que vous aimez la peinture
que vous aimez la peinture de ,239622,Bouguereau,,PER,239632," ? 
– Madame, dis-je en réprim"
"a peinture de Bouguereau ? 
– ",239638,Madame,,PER,239644,", dis-je en réprimant une grim"
"mément. 
– Moi, j'en raffole. ",239723,Bouguereau,,PER,239733,", c'est le peintre de l'âme ; "
t nous consoler de la mort de ,239821,Cabanel,,PER,239828,. Je suis bien contente que no
et qui s'est fait coiffer par ,241530,Virot,,PER,241535," d'une capote minuscule, naïve"
ler voler dans les magasins ! ,241687,Croiriez,,PER,241695,"-vous des choses pareilles ? 
"
"t à la mode. Vous auriez été, ",241792,Madame,,PER,241798,", en fort bonne compagnie à cô"
" vous aviez besoin pour... 
– ",242054,Ah !,,MISC,242058," dit-elle en faisant la moue, "
"e. 
– Je vous demande pardon, ",242342,Madame,,PER,242348,. J'admets très bien qu'une fe
"des passes... 
– À en faire ? ",242449,Oh !,,MISC,242453," certainement. Mais, voyez-vou"
 donner au monde ? Son mari ? ,243326,Ça,,MISC,243328, ne compte plus... Ah ! si l'o
n mari ? Ça ne compte plus... ,243347,Ah !,,MISC,243351," si l'on avait des enfants, en"
a famille comme elle l'est en ,243512,France,,LOC,243518,", veut avoir à juste titre, lo"
"en avoir, il est trop tard... ",243712,Ah !,,MISC,243716, vous pouvez le demander à Ida
h ! vous pouvez le demander à ,243743,Ida,,LOC,243746, : elle m'a vue pleurer bien d
Vous savez sans doute comment ,243976,Ida,,PER,243979, m'a mise en rapports avec M. 
ais à quel saint me vouer. Un ,244559,Russe,,LOC,244564,", qui m'avait promis monts et "
 m'avait manqué de parole. Un ,244635,Russe,,LOC,244640,", Monsieur !... Après ça, il f"
"t manqué de parole. Un Russe, ",244642,Monsieur !,,MISC,244652,"... Après ça, il fallait tirer"
il fallait tirer l'échelle... ,244696,Ida,,LOC,244699,", à qui j'avais fait part de m"
"ns. Je connais tant de monde, ",244824,Monsieur !,,MISC,244834, Des gens qui ont des fortunes
"des fortunes chez eux, soit à ",244882,Paris,,LOC,244887,", soit à la campagne, et des m"
"suis toujours instruite. Oui, ",244978,Ida,,PER,244981," m'avait presque décidée, et M"
"a m'avait presque décidée, et ",245010,M. Canonnier,,PER,245022," m'a convaincue ; écoutez, Mon"
ose me dit que vous sortez de ,245823,Polytechnique,,ORG,245836, ; il me semble vous voir avec
"dore ça. 
– J'en suis désolé, ",246208,Madame,,PER,246214,", mais je ne saurais trouver d"
oleurs sont la modestie même. ,246680,M. Canonnier,,PER,246692, était comme vous ; il n'a jam
"ît que c'est le prix. 
– Non, ",247053,Madame,,PER,247059,", dis-je froidement, car je me"
avertissements que m'a donnés ,247133,Ida,,PER,247136,". Non, Madame, ce n'est pas le"
"ents que m'a donnés Ida. Non, ",247143,Madame,,PER,247149,", ce n'est pas le prix. Le pri"
vantage. Je m'étonne même que ,247270,Canonnier,,MISC,247279, ait pu vous offrir ce que vou
s dites 33. C'est si peu !... ,247643,"Moi, je disais 50",,MISC,247660,". Eh ! bien, coupons la poire "
iment de ne pouvoir le faire. ,247789,Madame,,PER,247795,. Mais je ne puis vous donner 
"n, qui ne vaut pas vingt-cinq ",248420,louis,,PER,248425," ; mais les dessous, c'est obl"
" ! la délicieuse poupée !... 
",248679,Attention !,,MISC,248690, Pas de bêtises -- ou les 33 p
toutes nos communications par ,249219,Ida,,PER,249222,", n'est-ce pas ? J'ai toute co"
"romettrez jamais. D'ailleurs, ",249339,Ida,,PER,249342, m'en a assurée. C'est telleme
a... Il y a un coup à faire à ,249478,Paris,,LOC,249483,", actuellement, et deux villas"
"roque ; et croyez-bien, chère ",250069,Madame,,PER,250075,", que si je pouvais vous offri"
"ardies, les fières voleuses ! ",250377,Voleuses,,MISC,250385," de tout ce qu'on veut, et de "
"rs passions sont en jeu... 
– ",250647,Eh !,,MISC,250651," bien, me demande Ida qui est "
"u... 
– Eh ! bien, me demande ",250669,Ida,,PER,250672," qui est venue me rejoindre, q"
Mais quelle inconscience !... ,250786,Ah !,,MISC,250790," mon cher, elle n'est pas la s"
"e demander où nous allons. 
– ",251102,Au tonnerre de Dieu,,MISC,251121,", dis-je, si ça peut signifier"
" que nous méritons, nous, les ",251266,Barbares de la Décadence,,MISC,251290,". 
– C'était l'avis de Canonni"
"cadence. 
– C'était l'avis de ",251313,Canonnier,,MISC,251322, ; il disait aussi que la cout
"r après-demain. 
– Elle ! dit ",251723,Ida,,PER,251726," en riant, elle viendrait plut"
e ses amis et connaissances ? ,252185,Sois tranquille,,MISC,252200,", les indications qu'elle te d"
", en effet. Le coup à faire à ",252303,Paris,,LOC,252308, était d'une simplicité enfant
"n dit. Quant aux deux villas, ",252460,Roger-la-Honte,,LOC,252474, ayant amené à mon aide trois 
mps qu'il n'en aurait fallu à ,252637,Bailly,,PER,252643,. « Je suis capitonné. » Et je
er entre les petites mains de ,252778,Renée,,PER,252783, les cinquante mille francs qu
" fort en économie politique. 
",253389,Ah !,,MISC,253393, la petite poupée... Je donner
"-être, ou de ses victimes... 
",253717,Souhaits,,MISC,253725," ridicules, désirs dangereux, "
 que le disait très justement ,253883,Ida,,PER,253886, ; ce n'est pas la peine de co
" j'ai de bons renseignements, ",254104,Roger-la-Honte,,PER,254118, en a aussi de son côté ; et l
J'inclinerais à croire que la ,254209,Providence,,LOC,254219, néglige souvent les ivrognes 
 cieux différents ; passer de ,254491,Belgique,,LOC,254499," en Suisse, d'Allemagne en Hol"
"sser de Belgique en Suisse, d'",254513,Allemagne,,LOC,254522, en Hollande et d'Angleterre e
"que en Suisse, d'Allemagne en ",254526,Hollande,,LOC,254534, et d'Angleterre en France. Le
 d'Allemagne en Hollande et d',254540,Angleterre,,LOC,254550, en France. Le vol doit être i
n Hollande et d'Angleterre en ,254554,France,,LOC,254560,. Le vol doit être internation
as être. Il y a longtemps que ,254631,Henri Heine,,PER,254642, l'a dit : Il n'y a plus en Eu
ne l'a dit : Il n'y a plus en ,254670,Europe,,LOC,254676," des nations, mais seulement d"
 efforts pour donner raison à ,254768,Henri Heine,,PER,254779, ; et nous avons pris le parti
"ant un peu, une expression de ",254902,Talleyrand,,PER,254912, -- je suis un déloyal Europée
leyrand -- je suis un déloyal ,254935,Européen,,LOC,254943,". 
« Pourtant, me dis-je quelq"
t à la lamentable histoire de ,255634,Claude Gueux,,MISC,255646,. Je n'ai jamais volé mon pain
ans un quartier tranquille de ,255870,Londres,,LOC,255877,. La vie que j'avais menée jus
"e spectacle n'est pas rare, à ",256717,Londres,,LOC,256724,". Mais, ce soir-là, il pleuvai"
té obligée de se placer comme ,257775,housekeeper,,LOC,257786,", et même comme servante, afin"
mis un faux et avait quitté l',258117,Angleterre,,LOC,258127, avec le produit de son escroq
e produit de son escroquerie. ,258164,Annie,,PER,258169, -- c'est le nom de la pauvres
"aux ce qui s'était passé, mit ",258380,Annie,,PER,258385, à la porte de chez lui. Il fi
continué à se mal conduire en ,259189,France,,LOC,259195,", où il était parti. Il a été "
plusieurs années de prison... ,259289,Ah !,,MISC,259293," Monsieur, je suis si malheure"
"ettre à son aise. 
C'est donc ",259806,Annie,,PER,259811, qui a la charge de la maison 
boit pas plus qu'un dixième d',259933,Anglaise,,LOC,259941, ; elle fait de la pâtisserie 
it de la pâtisserie comme une ,259981,Allemande,,LOC,259990, ; elle est économe comme une 
 ; elle est économe comme une ,260020,Française,,LOC,260029, ; et dévouée comme un terre-n
on -- pas en vieux garçon. -- ,260568,Annie,,PER,260573, a donc du temps de reste. Ell
"pour lui, quand il sortira de ",260765,Centrale,,LOC,260773,", le plus d'argent possible. E"
de adroitement à des corps de ,260970,Lédas,,MISC,260975," s'abandonnant au cygne, de Di"
"as s'abandonnant au cygne, de ",261003,Dianes,,PER,261009," au bain, de Danaés sous la pl"
" cygne, de Dianes au bain, de ",261022,Danaés,,PER,261028, sous la pluie d'or. Elle est 
ndés par certaines maisons de ,261140,Saint-John's Wood,,MISC,261157,. Elle m'a montré l'autre jour
" très excitante, vraiment, en ",261266,Vénus Callipyge,,LOC,261281,". 
Si Annie a des loisirs, je "
"ment, en Vénus Callipyge. 
Si ",261287,Annie,,PER,261292," a des loisirs, je n'en manque"
" faut que je vous dise, écrit ",261529,Bussy-Rabutin,,PER,261542," à sa cousine, ce que M. de Tu"
"-Rabutin à sa cousine, ce que ",261564,M. de ,,PER,261570,Turenne m'a conté avoir ouï di
à la main. » -- « Le conte du ,261819,prince d'Orange,,PER,261834," m'a réjouie, répond la marqui"
"elle est heureuse... Et puis, ",262803,Issacar,,MISC,262810, avait raison ; on n'a pas à s
"nt appeler leur avenir, quand ",263152,Annie,,PER,263157, vient m'apporter un télégramm
nt de l'étranger ; elle vient ,263302,de France,,LOC,263311,"... Et je me rappelle, tout d'"
". Un instant après, la voix d'",263934,Annie,,PER,263939, protestant contre l'invasion 
" ? Quelle était cette tête ? 
",264302,IX,,PER,264304, -- DE QUELQUES QUADRUPÈDES ET
"lle était cette tête ? 
IX -- ",264308,DE QUELQUES QUADRUPÈDES ET DE CERTAINS BIPÈDES,,PER,264354," 
Cette tête et cette main éta"
 l'inaliénable propriété de l',264418,abbé Lamargelle,,PER,264433,. Je n'avais pas eu le temps d
" d'ébène. Oui, c'était bien l'",264811,abbé Lamargelle,,PER,264826,". 
– Hé ! bonjour, cher Monsie"
"it bien l'abbé Lamargelle. 
– ",264831,Hé !,,MISC,264835," bonjour, cher Monsieur, me di"
"e noir, d'où sortez-vous ? » 
",265027,– Ma foi,,MISC,265035,", monsieur l'abbé, répondis-je"
"sur moi ses yeux perçants. 
– ",267139,Ah !,,MISC,267143, ah ! s'écria-t-il en anglais.
 rappeler notre entrevue à la ,267371,gare du Nord,,LOC,267383,", à Paris, le jour où vous ête"
"entrevue à la gare du Nord, à ",267387,Paris,,LOC,267392,", le jour où vous êtes parti p"
ur où vous êtes parti pour la ,267429,Belgique,,LOC,267437," ? 
– Ce n'est pas le temps qu"
"eur, l'importance du vol dont ",268204,Mme Montareuil,,PER,268218, a été la victime ? Et dire qu
sur la trace du coupable... À ,268299,Paris,,LOC,268304,", à l'heure qu'il est, on n'a "
 que si l'on poussait jusqu'à ,268403,Londres,,LOC,268410,"... 
– Monsieur l'abbé, dis-je"
"cré dont vous êtes revêtu. 
– ",271305,Oh !,,MISC,271309," répondit l'abbé en riant, ma "
"s croirais pas, après tout. L'",271723,Église,,MISC,271729, n'a jamais beaucoup pratiqué 
"aller trop loin, n'est-ce pas ",271903,Bourdaloue,,PER,271913, qui a dit qu'en remontant aux
"aire trembler ? Relativement, ",272033,Bourdaloue,,PER,272043, est bien près de nous ; mais 
"e descente dans l'infamie, du ",272162,Roi-Soleil,,LOC,272172, au Roi Prudhomme ! Je vais vo
"s l'infamie, du Roi-Soleil au ",272176,Roi,,PER,272179, Prudhomme ! Je vais vous cite
pas : la maison dans laquelle ,272303,Fénelon,,PER,272310," écrivit Télémaque , sur la Pe"
dans laquelle Fénelon écrivit ,272319,Télémaque,,PER,272328," , sur la Petite Place, à Vers"
"on écrivit Télémaque , sur la ",272338,Petite Place,,LOC,272350,", à Versailles, est aujourd'hu"
"aque , sur la Petite Place, à ",272354,Versailles,,LOC,272364,", est aujourd'hui un lupanar. "
"et. 
– Ils ont l'éloquence de ",272727,Guizot,,PER,272733, : Enrichissez-vous ! Ce qui m
 besoins modernes. Je ne vous ,273477,tracerai,,LOC,273485," point, n'est-ce pas ? un para"
ntir chrétien et l'effroyable ,273575,Remords,,PER,273582, de l'antiquité. Ce serait dés
uité. Ce serait déshonorer le ,273623,Remords,,PER,273630,"... Quant à la morale, il n'y "
le qui lui dit simplement : « ,273820,Sois !,,MISC,273826, » Voilà la morale. Elle n'a r
"Elle n'a rien à voir avec, la ",273876,Société,,ORG,273883, actuelle. La morale ne saurai
" publique, quoi qu'en dise le ",273949,Code...,,MISC,273956, Vous voulez peut-être parler 
vent à étayer le piédestal du ,274408,Veau d'or,,MISC,274417,". Certainement, il eut été plu"
"loquence sacrée à Mazas... 
– ",275042,Un voleur !,,MISC,275053," murmura l'abbé, les yeux perd"
st une fenêtre ouverte sur la ,275659,Société,,ORG,275666, ? Que connaîtrait-on du monde
on excédant la consommation ! ,276504,Surproduction !,,MISC,276519, Mais le voleur ne se contente
"e, certain et lucratif. 
– En ",277584,France,,LOC,277590," ? 
– Oui. La France a déjà tr"
"ratif. 
– En France ? 
– Oui. ",277601,La France,,LOC,277610, a déjà trente milliards à l'é
z donc pas mieux votre pays ? ,277861,La France,,LOC,277870," n'est ni religieuse, ni athée"
" actions. 
– Et pour quand ? 
",277997,– Ah !,,MISC,278003," ça, je ne sais pas encore. Il"
"s fournissent des tuyaux ? 
– ",278570,Trente-trois,,LOC,278582, pour cent ; jamais un sou de 
"ent ; jamais un sou de plus. 
",278619,– Bon,,PER,278624,. Vous ferez une exception en 
"is aucun mauvais coup ici, en ",278998,Angleterre,,LOC,279008," ? 
– Jamais. D'abord, parce q"
ais avait été appliqué sur le ,279749,Continent,,LOC,279758,", la révolution sociale y aura"
it éclaté depuis vingt ans... ,279818,Tenez,,PER,279823,", il y a à Londres un musée qu"
" vingt ans... Tenez, il y a à ",279834,Londres,,LOC,279841, un musée que je n'ai pas visi
ue je n'ai pas visité ; c'est ,279882,Bethnal-Green Museum,,MISC,279902,. Le sol en est recouvert d'un
" envie de faire à d'autres, à ",280490,Paris,,LOC,280495,", depuis de longs mois, mais q"
"ui, en relisant la dépêche qu'",281700,Annie,,PER,281705," m'a apportée. Certes, il vaut"
e tend l'abbé en m'appelant à ,282571,Paris,,LOC,282576, ? Qui me dit qu'il ne va pas 
u'il ne va pas me trahir ?... ,282621,Hé !,,MISC,282625," qu'il me vende, si ça lui pla"
vais passer mon après-midi au ,282948,Jardin Zoologique,,LOC,282965,", pour tuer le temps. Ce sont "
"ur est interdit de dépenser. 
",283695,Douloureux,,LOC,283705, spectacle que celui de ces êt
 aux prunelles religieuses... ,284405,Ah !,,MISC,284409," quelle terrible angoisse, et "
"res, sur le terre-plein de la ",285802,Bourse,,LOC,285808,", à droite. C'est bien ; j'y s"
 cinq minutes ? À comparer la ,285987,Banque d'Angleterre,,ORG,286006,", gardée par un polichinelle à"
"rouge, à chapeau pointu, à la ",286075,Banque de France,,ORG,286091, défendue par des sentinelles 
aussi à placer mentalement la ,286174,Bourse de Paris,,ORG,286189,", bastionnée de cafés et flanq"
"nquée de lupanars, en face du ",286247,Royal Exchange,,ORG,286261, avec la statue de la reine à 
"nt et, derrière, l'effigie de ",286333,Peabody,,PER,286340," assise, les jambes en l'air, "
itent sous le péristyle de la ,286625,Bourse,,LOC,286631, et sur les marches ; et les r
"nnaître un criminaliste... 
– ",288023,Ça,,MISC,288025," viendra ! dit la Voix. 
X -- "
"aliste... 
– Ça viendra ! dit ",288040,la Voix,,MISC,288047,". 
X -- LES VOYAGES FORMENT LA"
"
– Ça viendra ! dit la Voix. 
",288050,X,,ORG,288051, -- LES VOYAGES FORMENT LA JEU
" viendra ! dit la Voix. 
X -- ",288055,LES VOYAGES FORMENT,,ORG,288074," LA JEUNESSE 
Tout d'un coup, "
"eux qui le fréquentent. 
– La ",288757,Bourse,,LOC,288763," est une institution, comme l'"
" est une institution, comme l'",288793,Église,,MISC,288799,", comme la Caserne ; on ne sau"
"ion, comme l'Église, comme la ",288810,Caserne,,LOC,288817, ; on ne saurait donc la décri
é de leur action combinée. Le ,289493,Code,,MISC,289497, a l'audace de fournir la solu
ommence à comprendre celle de ,290401,Sénèque,,PER,290408,", par exemple, ou celle de l'E"
"e, par exemple, ou celle de l'",290437,Ecclésiaste,,MISC,290448,"... Voyons, il fait beau, allo"
"beau, allons faire un tour au ",290498,Bois,,LOC,290502, ; je vous expliquerai la peti
une bâche noire étiquetée : « ,290948,Panorama,,MISC,290956," », me fait craindre de m'être"
"train là-bas, en tête. Vite ! ",291133,Dépêchez,,MISC,291141,"-vous ; il va partir. 
– C'est"
n fleuri d'une belle chaîne à ,291708,breloques,,LOC,291717," ; un de ces bons bourgeois, o"
" main gauche, plongée dans le ",292357,gousset,,LOC,292364,", fait tinter les pièces de mo"
"ssances, dans les discours du ",292868,Jour de l'An,,MISC,292880,", de « modestes et utiles serv"
tes et utiles serviteurs de l',292922,État,,LOC,292926,". » Non, il n'a point l'air ga"
la consolation d'un héritage. ,293139,Affligeante,,PER,293150," perspective ! En tout cas, le"
"er en conversation avec moi. 
",293574,Vaine,,LOC,293579, espérance ! Le Monsieur jovia
" avec moi. 
Vaine espérance ! ",293592,Le Monsieur jovial m',,MISC,293613,"en convainc très rapidement. 
"
"ouvez-vous pas, Monsieur ? 
– ",293838,"Oui, beau temps",,MISC,293853,"... très beau, dis-je avec un "
"i. 
– Monsieur est étranger ? ",293994,Ah !,,MISC,293998," ah ! vraiment... Anglais, san"
anger ? Ah ! ah ! vraiment... ,294016,Anglais,,LOC,294023,", sans doute ? J'ai vu beaucou"
ns doute ? J'ai vu beaucoup d',294057,Anglais,,LOC,294064,", dans ma vie. J'ai été à Boul"
"lais, dans ma vie. J'ai été à ",294090,Boulogne,,LOC,294098,", une fois, pendant un mois ; "
ndant un mois ; il y a tant d',294142,Anglais,,LOC,294149,", à Boulogne ! 
– Je suis pas "
"is ; il y a tant d'Anglais, à ",294153,Boulogne,,LOC,294161," ! 
– Je suis pas du tout un A"
"e ! 
– Je suis pas du tout un ",294190,Anglais,,LOC,294197,", dis-je, car je vois poindre "
l avec les fils de la perfide ,294308,Albion,,LOC,294314, ; je n'aime pas les Anglais ;
de Albion ; je n'aime pas les ,294335,Anglais,,LOC,294342," ; je suis un Américain. 
– Ah"
 pas les Anglais ; je suis un ,294356,Américain,,LOC,294365,". 
– Ah ! diable ! j'aurais dû"
"is ; je suis un Américain. 
– ",294370,Ah !,,MISC,294374, diable ! j'aurais dû m'en dou
pelle avoir vu un portrait de ,294491,Washington,,PER,294501,... Vous lui ressemblez étonna
s lui ressemblez étonnamment. ,294538,La France,,LOC,294547, aime beaucoup les États-Unis.
. La France aime beaucoup les ,294566,États-Unis,,LOC,294576,". Du reste, sans Lafayette... "
yette... Et vous détestez les ,294627,Anglais,,LOC,294634, ? Comme je vous comprends ! A
s ? Comme je vous comprends ! ,294663,Ah !,,MISC,294667, si nous avions encore le Cana
Ah ! si nous avions encore le ,294693,Canada,,LOC,294699," ! 
– Oui, dis-je, Canada... Q"
" avions encore le Canada ! 
– ",294705,"Oui, dis-je",,MISC,294716,", Canada... Québec, Toronto, M"
"e le Canada ! 
– Oui, dis-je, ",294718,Canada,,LOC,294724,"... Québec, Toronto, Montréal."
"a ! 
– Oui, dis-je, Canada... ",294728,Québec,,LOC,294734,", Toronto, Montréal... 
– Parf"
"ui, dis-je, Canada... Québec, ",294736,Toronto,,LOC,294743,", Montréal... 
– Parfaitement,"
"e, Canada... Québec, Toronto, ",294745,Montréal,,LOC,294753,"... 
– Parfaitement, approuve "
e-t-il en se tournant vers le ,294992,Monsieur triste,,MISC,295007,", qu'il y a quelque chose de t"
ement des étrangers à visiter ,295106,la France,,LOC,295115," ? 
– Si, certainement, répond"
"– Si, certainement, répond le ",295149,Monsieur triste d'une voix lugubre,,MISC,295183,". 
– C'est que, voyez-vous, no"
 à l'avant-garde du progrès ; ,295264,la France,,LOC,295273, est la reine de la civilisati
" reine, et cette reine, c'est ",295407,la France,,LOC,295416,. N'êtes-vous pas de mon avis 
"– Si, certainement, répond le ",295479,Monsieur triste d'une voix lugubre,,MISC,295513,". 
– Le monde, Monsieur, est é"
 l'avenir nous réserve ! Ah ! ,295745,M. Thiers,,PER,295754, avait bien raison de dire que
"– Si, certainement, répond le ",295882,Monsieur triste d'une voix lugubre,,MISC,295916,". 
– Vous me direz peut-être q"
"– Si, certainement, répond le ",296185,Monsieur triste d'une voix lugubre,,MISC,296219,". 
– Je suis fort heureux que "
"e socialiste-conservateur. 
– ",296591,Oh !,,MISC,296595, oh ! fait le Monsieur triste.
"nservateur. 
– Oh ! oh ! fait ",296606,le Monsieur triste,,MISC,296624,". 
– Ni plus ni moins, continu"
"-vous, où je veux en venir ? 
",296913,– ,,PER,296915,"Pas très bien, avoue le Monsie"
" ? 
– Pas très bien, avoue le ",296939,Monsieur triste,,MISC,296954,". 
– C'est que je n'ai point l"
", continue-t-il plus bas, cet ",297458,Américain,,LOC,297467, dont le pays fait preuve d'un
" car enfin, sans Lafayette... ",297563,Eh !,,MISC,297567," bien, vous me croirez si vous"
"– Si, certainement, répond le ",297688,Monsieur triste d'une voix lugubre,,MISC,297722,", tandis que je songe à cette "
"n leur faveur. 
– Oui, dit le ",298529,Monsieur triste ,,MISC,298545,; on devrait bien faire quelqu
le. Mais ils veulent vivre en ,298989,richards,,LOC,298997,", manger de la viande, boire d"
"t même de l'alcool. L'alcool, ",299065,Monsieur !,,MISC,299075, Ils en boivent tant que les d
r le peuple. Ce qui manque au ,299415,Parlement français,,ORG,299433,", Monsieur, ce n'est pas la bo"
vez-vous qu'il n'y a pas à la ,299538,Chambre,,ORG,299545," un seul philanthrope, un seul"
"– Si, certainement, répond le ",299654,Monsieur triste d'une voix lugubre,,MISC,299688,". 
– Ce qui fait défaut à la C"
"e. 
– Ce qui fait défaut à la ",299717,Chambre,,ORG,299724,", Monsieur, c'est un philanthr"
"un... 
– Du pain ? demande le ",299829,Monsieur triste,,MISC,299844,". Ah ! ce serait si beau ! 
– "
r le bon fonctionnement de la ,301117,Société,,ORG,301124,", seraient retirés une fois po"
es enfermerait dans de grands ,301217,Ateliers de Bienfaisance,,ORG,301241," établis, soit en France, soit"
"Bienfaisance établis, soit en ",301259,France,,LOC,301265,", soit aux colonies ; la quest"
vouables. Mais c'est défendu. ,302239,Sentimentalité,,LOC,302253, bête qui déshonore la philant
"– Si, certainement, répond le ",302640,Monsieur triste d'une voix lugubre,,MISC,302674,". 
– Il est bien clair qu'il s"
t la peine de mort. Un chef d',303162,État,,LOC,303166, conscient de ses devoirs ne d
"e devrait jamais faire grâce, ",303223,Monsieur !,,MISC,303233, Il y va du salut de la Sociét
ieur ! Il y va du salut de la ,303257,Société,,ORG,303264,. Ne pensez-vous point qu'on n
"on ne guillotine pas assez ? 
",303320,Le Monsieur triste,,MISC,303338," ne répond pas. 
– Autant l'on"
"er l'accès à la propriété. 
– ",303775,Ah !,,MISC,303779," oui, dit le Monsieur triste. "
"omprends pas bien, déclare le ",304562,Monsieur triste,,MISC,304577,". 
– Permettez-moi de vous don"
en-être de leurs confrères du ,305531,Centre,,LOC,305537,", et ils deviendront aussi int"
"e bien mauvais livres, dit le ",306092,Monsieur triste,,MISC,306107," en hochant la tête. 
– Il n'y"
rmettre. C'est la lecture. La ,306422,République,,MISC,306432, a créé l'instruction obligato
"is porté à croire, hasarde le ",306548,Monsieur triste,,MISC,306563,", que l'instruction obligatoir"
rités. Croyez-vous que si les ,306899,Français,,MISC,306907, d'aujourd'hui ne savaient pas
"er, Monsieur, du papier !... 
",307742,Le Monsieur triste ferme les yeux,,MISC,307775, et semble vouloir s'endormir.
e aux dernières phrases de ce ,307883,Mauvais,,MISC,307890," Samaritain. Au fond, il n'a p"
rnières phrases de ce Mauvais ,307891,Samaritain,,PER,307901,". Au fond, il n'a pas tort, ce"
"l n'a pas tort, ce gredin. Au ",307943,Moyen-Âge,,LOC,307952,", la cathédrale ; aujourd'hui,"
"nsieur jovial me réveille. 
– ",308446,Ah !,,MISC,308450," sacredié ! s'écrie-t-il, ma m"
ètre superbe que j'ai volé en ,308709,Suisse,,LOC,308715,", il y a trois mois. 
– Il est"
e heures dix... Nous serons à ,308864,N.,,LOC,308866, dans un quart d'heure... Vous
"aute rapidement sur le quai. 
",309503,Me,,PER,309505, voilà dans la ville ; une vil
"uite sur une grande place, la ",310053,place des Tribunaux,,LOC,310072,", que vous reconnaîtrez facile"
"grands bâtiments contigus, le ",310144,Palais de Justice et la Prison,,LOC,310174,". M'y voici, tout justement. V"
ez cette place en laissant le ,310247,Palais de Justice,,LOC,310264," derrière vous, et vous vous e"
"lle indices, imperceptibles à ",311906,la Vertu,,MISC,311914, planant sur les plus hauts so
 énorme et superbe secrétaire ,313392,Louis XVI,,PER,313401,", fleuri d'une garniture merve"
"c'est probable, les bijoux de ",313572,Madame,,PER,313578," et de Mademoiselle, il sera i"
es et de certaines actions du ,314218,canal de Suez,,LOC,314231,", qui iront dire bonjour à cel"
ront dire bonjour à celles du ,314268,Khédive,,PER,314275,", bientôt, dans le pays de Bea"
"ive, bientôt, dans le pays de ",314302,Beaconsfield,,LOC,314314,. Elles vont dormir dans mon s
assez disposé à me traiter de ,314877,Vandale,,MISC,314884,". Allons, un peu de philosophi"
prendre le premier train pour ,315072,Paris,,LOC,315077,", qui part à six heures cinq. "
. Il est allé en pèlerinage à ,315270,Notre-Dame,,PER,315280," de je ne sais quoi, avec sa f"
"à gauche, dans le vestibule ; ",315614,Une salle à manger,,MISC,315632,. Pourvu qu'il y ait quelque c
"et je me mets sur mes pieds. 
",317522,Est,,LOC,317525,-ce que je rêve encore ? On di
is regarder par la fenêtre... ,318042,Ah !,,MISC,318046, que je suis sot ! C'est jour 
"t vers la porte de la prison, ",318974,là-bas,,LOC,318980,", qui vient de s'ouvrir à deux"
de forme -- le bourreau -- le ,319540,Monsieur triste de la nuit dernière,,MISC,319575,". 
Les aides ont couché le pat"
eau tombe ; un jet de sang... ,319707,Ha !,,MISC,319711, l'horrible et dégoûtante abom
"s tard, je suis en route pour ",320144,Paris,,LOC,320149,". 
Un journal que j'ai acheté "
"t avait demandé, au nom de la ",321047,Société outragée,,ORG,321063,", un châtiment exemplaire. Dou"
" un verdict implacable, et la ",321155,Cour,,ORG,321159, avait prononcé la sentence de
entence qu'on avait envoyé de ,321259,Paris,,LOC,321264,", hier soir, les bois de justi"
", si l'on permettait à chaque ",322200,meurt-de-faim,,LOC,322213, de s'approprier une pièce de 
" quarante sous, où irait-on ? ",322272,Calculez,,LOC,322280, un peu et vous serez effrayé.
est encore de s'en tenir à la ,322487,Loi,,MISC,322490,", qui ne dit pas du tout que l"
e foi. Il y va du salut de la ,322719,Société,,ORG,322726,". 
Oui, plus j'y réfléchis, pl"
"ns comme lui. 
XI -- CHEVEUX, ",322902,BARBES ET POSTICHES,,MISC,322921," 
Je trouve l'abbé Lamargelle "
"e l'abbé Lamargelle chez lui, ",322961,rue du Bac,,LOC,322971,", au deuxième étage d'une gran"
"'est que ça ? Des couverts ? 
",323614,– Ah !,,MISC,323620, oui ; un petit cadeau que j'a
ense subitement à présenter à ,323707,Ida,,PER,323710, ces dépouilles opimes de la b
"s. 
– Bonne opération, hein ? ",323956,Ah !,,MISC,323960, rendez-moi la clef de la mais
" traces du voleur inconnu. 
– ",324497,Quoi !,,MISC,324503, s'écrie l'abbé. Vous en êtes 
l'œuf bien des actions que la ,325352,Société redoute,,ORG,325367,". 
– Votre façon d'envisager l"
démontré au bon peuple que la ,327362,Société collectiviste,,ORG,327383, existe en germe au sein de la
existe en germe au sein de la ,327414,Société capitaliste,,ORG,327433, ; qu'il suffit donc de conqué
sur des roulettes ; et que le ,327545,Quatrième État,,ORG,327559,", représenté par eux, prophète"
femme... Et j'ai pensé que le ,327935,Code bourgeois,,MISC,327949,", au moins, avait la pudeur d'"
"orique. Un autre, croque-mort ",328642,expansif,,PER,328650,", grand-prêtre de l'église de "
", grand-prêtre de l'église de ",328680,Karl Marx,,PER,328689,", orateur nasillard et publici"
rt d'accommoder les restes du ,329043,Capital,,LOC,329050," . -- On y tranche, règle, déc"
"ans le cerveau d'un homme. 
– ",329556,Un homme !,,MISC,329566, s'écrie un être maigre et bla
"n, qu'est-ce qu'un homme ? 
– ",329859,Un homme,,MISC,329867,", c'est une machine qui, au re"
"es, qu'elle est souvent vide. ",330288,Raté fielleux,,PER,330301," qui laisse apercevoir, entre "
"es dents jaunes, une âme à la ",330362,Fouquier-Tinville,,PER,330379,", et qui bat sa femme pour se "
"y remette jamais les pieds ! 
",331463,Un soir,,MISC,331470,", j'ai rencontré un socialiste"
"e ; elle a empiré, plutôt. 
– ",332289,Eh !,,MISC,332293," bien, pour prendre un instant"
"ères-ennemis les anarchistes, ",332388,croyez,,ORG,332394,-vous que cette propagande pro
"m'a répondu. 
– Au mouchard. 
",332836,XII,,PER,332839," -- L'IDÉE MARCHE 
Une lettre "
"ondu. 
– Au mouchard. 
XII -- ",332843,L'IDÉE,,MISC,332849," MARCHE 
Une lettre de Roger-l"
" L'IDÉE MARCHE 
Une lettre de ",332872,Roger-la-Honte,,PER,332886, m'a appelé à Rouen ; il s'agi
e Roger-la-Honte m'a appelé à ,332900,Rouen,,LOC,332905, ; il s'agissait d'une taxe ex
sommes partis ensemble pour l',333097,Angleterre,,LOC,333107,. Je suis très content d'être 
 très content d'être revenu à ,333146,Londres,,LOC,333153,. L'Anarchie est un peu perséc
 ils connaissent le secret du ,333492,Futur,,MISC,333497,", et peut-être... 
Mais pourqu"
"oisir. 
J'ai fait mon choix : ",333885,Balon,,PER,333890,", le psychologue anarchiste, q"
"sychologue anarchiste, que sa ",333926,Célébralité,,LOC,333937, soldatesque a rendu si célèbr
esque a rendu si célèbre ; et ,333974,Talmasco,,PER,333982,", dont le dernier livre a fait"
re a fait tant de bruit. Chez ,334033,Balon,,PER,334038,", pour commencer. 
Il me reçoi"
"ince-maille agité, d'un fesse-",334207,mathieu perplexe,,PER,334223,", d'un de ces parents pauvres "
"confus. 
– La confusion ! dit ",334541,Balon,,PER,334546, en souriant. Je ne connais qu
end une chose pour une autre. ,334630,Ça,,MISC,334632," arrive tous les jours. Ainsi,"
"onfond à chaque instant, moi, ",334731,Balon,,PER,334736," le psychologue, avec M. Talon"
"i, Balon le psychologue, avec ",334758,M. Talon,,PER,334766, le sociologue. Qu'y voulez-vo
"le cervelle il doit avoir, ce ",335217,Balon,,PER,335222, ! Et je ne crois pas trouver 
 félicitations au sujet de sa ,335325,Cérébralité,,LOC,335336," soldatesque . 
– Ne m'étouffe"
"bouchers !... 
Des bouchers ! ",335714,Brrr !!,,MISC,335721,!... Il faut l'entendre pronon
omme on n'a pas tort ! -- Car ,335892,Balon,,PER,335897, n'est pas seulement un psycho
nts : le lait est sa boisson. ,336061,Bénédictin de la Cause,,PER,336083,", anachorète de la Sociale, mo"
"de la Cause, anachorète de la ",336102,Sociale,,ORG,336109,", moine du Progrès, confesseur"
"orète de la Sociale, moine du ",336120,Progrès,,MISC,336127,", confesseur de la Foi vivifia"
" du Progrès, confesseur de la ",336146,Foi vivifiante,,MISC,336160,", il n'a nul besoin de fouette"
pour lui l'état présent de la ,336474,Société,,ORG,336481,", dédaigneuse de l'harmonie né"
"if de progrès et de liberté. 
",336914,Vie frugale,,MISC,336925,", méthode de travail simplifié"
"mplifiée, voilà le système de ",336978,Balon,,PER,336983,. Simplifiée ! Que dis-je ? Ré
a plus simple expression. Car ,337052,Balon,,PER,337057, a un procédé à lui. Je le con
"
Aussi, ça tient, ce que fait ",337323,Balon,,PER,337328,. C'est épais et solide. Il n'
resque l'histoire de l'œuf de ,337493,Colomb,,PER,337499,". Omne ex ovo . Quel œuf ! 
Ba"
'histoire de l'œuf de Colomb. ,337501,Omne ex ovo,,MISC,337512," . Quel œuf ! 
Balon est un po"
"mb. Omne ex ovo . Quel œuf ! 
",337527,Balon,,PER,337532, est un pondeur. Il a déjà fai
"éjà fait, des parasites de la ",337585,Société,,ORG,337592,", plusieurs vigoureuses peintu"
"ment, une fois de plus, que l'",337793,Idée,,MISC,337797, marche. Certains écumeurs ne 
"qui cane devant un bifteck ! 
",338191,Balon,,PER,338196, est convaincu de l'excellence
lent saupoudrées de salpêtre. ,338363,Balon,,PER,338368,", lui, à force de s'abreuver d"
re les hommes de demain. Ah ! ,338684,Balon,,PER,338689,", biberon de vérité, homme de "
"ugri, d'un porte-manteau pour ",339221,culs-de-jatte,,LOC,339234,". 
Comme j'ai eu raison de me "
 la fatalité du triomphe de l',339703,Idée,,PER,339707,. Quant à prévoir certaines év
"est très beau, ce que m'a dit ",340182,Balon,,PER,340187,". Et puis, il parle si bien ! "
"lité, la causalité, la céré...",340286,céri,,LOC,340290,"... Oh ! c'est très beau. 
Je "
" causalité, la céré...céri... ",340294,Oh !,,MISC,340298," c'est très beau. 
Je ne serai"
"rais pas fâché, cependant, si ",340355,Talmasco,,PER,340363, se montrait plus explicite. I
"ès que j'arriverai chez lui. 
",340477,Tiens !,,MISC,340484," j'y suis. 
Sa femme vient m'o"
"roduit. Et, une minute après, ",340558,Talmasco,,PER,340566, apparaît en personne. Je lui 
"le, ne sera que passagère... 
",340813,Talmasco,,PER,340821,", qui pourtant est un libertai"
"rité pour base, voyez-vous, l'",341403,Idée,,PER,341407, eût été invincible et nous n'
"ermettez-moi d'aller ouvrir. 
",341934,Talmasco,,PER,341942," descend. Tout à coup, j'enten"
le corridor. Qu'y a-t-il ?... ,342048,Mme Talmasco,,PER,342060, et moi nous nous précipitons.
nous nous précipitons... Mais ,342098,Talmasco,,PER,342106," remonte déjà l'escalier, le c"
"ui ne raisonnent pas, déclare ",342541,Talmasco,,PER,342549, en épongeant son nez meurtri.
"nne encore. Cette fois, c'est ",343183,Mme Talmasco,,PER,343195," qui va ouvrir. 
– Peut-être a"
" 
– Peut-être aussi, continue ",343240,Talmasco,,PER,343248,", n'avons-nous point mis, nous"
pagnons qui viennent insulter ,343506,Mme Talmasco,,PER,343518,", lui reprocher ceci, cela, et"
tinuent à hurler dans la rue. ,343699,Mme Talmasco,,PER,343711," remonte, tout en larmes. 
– B"
". 
– Bah ! ce n'est rien, dit ",343765,Talmasco,,PER,343773, ; un simple malentendu. Les c
es sanglots et les soupirs de ,344439,Mme Talmasco,,PER,344451,", qui persiste à pleurer dans "
 assez pénible. Je me lève et ,344525,Talmasco,,PER,344533," me dit, au moment où je le qu"
dre de l'Anarchie doit être : ,344613,Bonne volonté,,MISC,344626," et Fraternité. 
Oui, oui... c"
 doit être : Bonne volonté et ,344630,Fraternité,,ORG,344640,". 
Oui, oui... certainement..."
"mment... Mais, mais, mais... 
",344706,Un soir,,MISC,344713,", j'ai rencontré un anarchiste"
"e ; elle a empiré, plutôt. 
– ",345543,Eh !,,MISC,345547," bien, pour prendre un instant"
"ères-ennemis les socialistes, ",345642,croyez,,ORG,345648,-vous que cette propagande pro
 de croire à la divinité de l',345848,État,,LOC,345852,", mais les masses terrorisées "
II -- RENCONTRES HEUREUSES ET ,346155,MALHEUREUSES,,MISC,346167," 
Alors c'est cela, le spectre"
e monstre qui doit dévorer la ,346249,Société capitaliste !,,ORG,346270," 
Ce socialisme, qui change le"
gle des splendeurs futures du ,346544,Quart-État,,LOC,346554,", existant par lui-même et tra"
"mme si Hercule, qui combattit ",346909,Cacus,,PER,346914," dans les ténèbres, avait eu b"
"r pour terrasser le brigand. 
",346993,Pépinières,,MISC,347003," d'exploiteurs, séminaires de "
ns d'accessoires de la maison ,347076,Vidocq,,PER,347082,"... 
Des gouvernements aussi, "
 trônant devant le fantôme de ,347615,Karl Marx,,PER,347624," ou le spectre de Bakounine, q"
de Karl Marx ou le spectre de ,347642,Bakounine,,PER,347651,", qui pontifient, jugent et ra"
à se hisser dans ce char de l',348106,État,,LOC,348110, qui n'est plus qu'une roulott
" les foules, bêtes, serviles, ",348199,pudibondes,,PER,348209,", cyniques, envieuses, lâches,"
", éternellement vertueuses ! 
",348295,Ah !,,MISC,348299, comme on comprend le beau rir
armée bureaucratique devant l',348383,Individualité,,MISC,348396,", comme on comprend la victoir"
"nistrative, et le triomphe du ",348487,rond-de-cuir,,LOC,348499," ! Et l'on songe, aussi, aux e"
"Ie siècle, à ce respect de la ",348595,Loi,,MISC,348598," qu'ils prêchèrent, à leur cul"
 culte du pouvoir absolu de l',348654,État,,LOC,348658,", à leur glorification du cito"
a souveraineté illimitée de l',348784,État,,LOC,348788, peut passer des mains de la r
ion à l'autorité infinie de l',349235,État,,LOC,349239,", l'activité morale ayant cess"
ant cessé avec l'existence de ,349291,l'Individu,,MISC,349301,", tous les progrès accomplis p"
"ine administrative, qui a tué ",349740,l'Individu,,MISC,349750,", devienne plus intelligente, "
injustice à s'en prendre à la ,350012,Société,,ORG,350019,", chose vague, intangible, inv"
rile la haine déclamatoire... ,350207,Ah !,,MISC,350211, si les détroussés des entrepr
i en politique ni ailleurs... ,350914,Ah !,,MISC,350918," elle est tentante, certes, la"
 dans le purin bourgeois. Que ,351130,Prudhomme,,PER,351139," montre les dents, et ces sans"
ur jurer leur innocence ; ces ,351299,sans-Dieu,,PER,351308, décrocheront et raccrocheront
"les jésus-christs de Bonnat. 
",351414,Allons,,LOC,351420,", la Bourgeoisie peut dormir t"
"hrists de Bonnat. 
Allons, la ",351425,Bourgeoisie,,LOC,351436, peut dormir tranquille ; elle
 quoi ai-je été me mêler là ? ,351638,Est,,LOC,351641,"-ce que cela me regarde, moi, "
 les futurs rénovateurs de la ,351730,Société,,ORG,351737, ? « Toutes les affaires qui n
nelles sont les affaires de l',351827,État,,LOC,351831,. » C'est Royer-Collard qui a 
"t bien raison. 
Mais j'irai à ",351910,Paris,,LOC,351915," tout de même, pour me distrai"
"iment le cerveau, et l'air de ",352032,Londres,,LOC,352039, est malsain pour ces maladies
Comment ! c'est toi ! s'écrie ,352205,Ida,,PER,352208," que j'ai été voir, presque en"
d'aller te faire une visite à ,352339,Londres,,LOC,352346,", dans deux ou trois jours. 
–"
"brasse-moi. 
Je m'exécute, et ",352521,Ida,,PER,352524," continue : 
– La vérité, c'es"
"e chose de très important. 
– ",352629,Ah !,,MISC,352633, je devine : tu as revu la pet
tinuer. Es-tu sérieux ? Oui ? ,353175,Eh !,,MISC,353179," bien, écoute, j'ai reçu hier "
"n, écoute, j'ai reçu hier une ",353213,lettre de Canonnier,,MISC,353232,". Il est aux États-Unis... 
– "
ttre de Canonnier. Il est aux ,353245,États-Unis,,LOC,353255,"... 
– Après s'être échappé de"
".. 
– Après s'être échappé de ",353286,Cayenne,,LOC,353293, ; je sais ça. Mais en dehors 
" ce détail, j'ignore tout sur ",353355,Canonnier,,MISC,353364,. Pourquoi a-il été condamné a
"ux travaux forcés, d'abord ? 
",353424,– ,,MISC,353426,Condamné ! s'écrie Ida ; il n'
" travaux forcés, d'abord ? 
– ",353426,Condamné !,,MISC,353436, s'écrie Ida ; il n'a jamais é
"abord ? 
– Condamné ! s'écrie ",353445,Ida,,PER,353448, ; il n'a jamais été condamné 
st un des chefs-d'œuvre de la ,353675,République,,LOC,353685, ; si elle n'avait pas créé le
; si elle n'avait pas créé le ,353716,Pari Mutuel,,ORG,353727,", ce serait le seul. 
– Alors,"
e l'envoyer finir ses jours à ,353930,Cayenne,,LOC,353937," ou à la Nouvelle-Calédonie. 
"
r ses jours à Cayenne ou à la ,353946,Nouvelle-Calédonie,,LOC,353964,". 
– Certainement. La chose es"
"tout soupçon. Vois-tu Ida, la ",354242,Société bourgeoise,,ORG,354260, me fait l'effet de traiter le
"ctuel, comme le précepteur du ",354363,Dauphin,,PER,354370, traitait autrefois le compagn
Je ne cherche pas à disculper ,354595,Canonnier,,MISC,354604, ; c'est un voleur de premier 
'avoir commis un vol perpétré ,354849,au Havre,,LOC,354857,", dans une villa appartenant à"
à un des gros seigneurs de la ,354916,République,,MISC,354926,", Ce n'était pas de l'argent q"
" haute importance, paraît-il. ",355061,Canonnier,,MISC,355070, était bien l'auteur du vol ; 
"it expédiés à un de ses amis, ",355170,attorney,,PER,355178, à New-York. Mais on n'avait a
" à un de ses amis, attorney à ",355181,New-York,,LOC,355189,. Mais on n'avait aucune preuv
"t. 
– Il n'avait qu'à quitter ",355338,la France,,LOC,355347,". 
– C'est ce qu'il voulut fai"
 voulut faire. Il partit pour ,355396,Bordeaux,,LOC,355404, et s'y logea dans un hôtel qu
 ; il m'apprend qu'il sera en ,356258,France,,LOC,356264," d'ici deux mois environ, et m"
"l'ai entendu dire, à toi ou à ",356417,Roger-la-Honte,,LOC,356431,". 
– Elle a dix-neuf ans, à pe"
", à peu près ; elle s'appelle ",356485,Hélène,,MISC,356491,"... 
– N'a-t-elle pas été adop"
"ar la femme d'un magistrat ? 
",356556,– Pas,,PER,356561, tout à fait. Voici les choses
"l y a une vingtaine d'années, ",356625,Canonnier,,MISC,356634,", qui n'en avait guère que vin"
"me gouvernante, au service de ",356788,M. de Bois-Créault,,PER,356806,", le fameux procureur-général "
général du commencement de la ,356858,République,,MISC,356868,. C'était une petite provincia
"iale, bébête mais très jolie. ",356926,Canonnier,,MISC,356935," s'amusa à lui faire la cour, "
t sourde à toute autre chose. ,357171,Canonnier,,MISC,357180,", qui faisait alors ses premiè"
'assentiment de la famille de ,357661,Bois-Créault,,PER,357673,", qui garda la jeune femme à s"
"au monde une petite fille. 
– ",357772,Et Canonnier,,MISC,357784,", que faisait-il pendant ce te"
de la rupture d'un anévrisme. ,358244,Hélène,,MISC,358250,", que Mme de Bois-Créault avai"
"e d'un anévrisme. Hélène, que ",358256,Mme de Bois-Créault,,PER,358275, avait invitée à passer ses va
ister à ses derniers moments. ,358418,Mme de Bois-Créault,,PER,358437,", émue de compassion, se résol"
"ira ce qu'on voudra, continue ",358550,Ida,,MISC,358553," avec un grand geste, mais il "
"e, ce qu'ils ont fait-là, les ",358656,Bois-Créault,,LOC,358668,". Grâce à leur intervention, a"
ne publicité ne fut donnée au ,358731,procès de Canonnier,,MISC,358750," ; il fut jugé, condamné et re"
"à huis clos, pour ainsi dire. ",358816,Hélène,,PER,358822, ignora donc le sort de son pè
loin en loin. L'aime-t-elle ? ,358958,Canonnier,,MISC,358967," l'affirme et prétend, de son "
"s... 
– J'ai entendu dire que ",359127,Canonnier,,MISC,359136," était riche. 
– Très riche. S"
Très riche. Sa fortune est en ,359183,Amérique,,LOC,359191,. Mais il ne possède pas que d
genre de ceux qu'il a dérobés ,359315,au Havre,,LOC,359323, ; il n'a pas volé autre chose
"ents vaudraient avant peu, en ",359433,France,,LOC,359439,", beaucoup plus que leur pesan"
ait loin... Mais tu disais qu',359557,Hélène,,MISC,359563, vit avec la famille de Bois-C
Hélène vit avec la famille de ,359587,Bois-Créault,,PER,359599,"... 
– Certainement. Mme de Bo"
"s-Créault... 
– Certainement. ",359620,Mme de Bois-Créault,,PER,359639, la traite comme sa propre fil
armes m'en venaient aux yeux. ,359963,Hélène,,MISC,359969," est si jolie, et Mme de Bois-"
"yeux. Hélène est si jolie, et ",359987,Mme de Bois-Créault,,PER,360006, a l'air d'une femme si supéri
is sûre qu'elle aurait adopté ,360173,Hélène,,MISC,360179," si la chose était possible, s"
"i la chose était possible, si ",360211,Canonnier,,MISC,360220," était mort. 
– Elle n'a pas d"
"robablement ? 
– Si. Un fils, ",360291,M. Armand de Bois-Créault,,PER,360316,. Un jeune homme de vingt-cinq
"ains. 
– Ils sont riches, ces ",360537,Bois-Créault,,LOC,360549," ? 
– Oh ! oui ; surtout depui"
"riches, ces Bois-Créault ? 
– ",360555,Oh !,,MISC,360559, oui ; surtout depuis trois an
"nnais pas ces gens-là, répond ",360807,Ida,,PER,360810, en souriant. M. de Bois-Créau
 la commission dont te charge ,361675,Canonnier,,MISC,361684," ? 
– Tu ne l'imaginerais jama"
mment faire tenir la lettre à ,361986,Hélène,,PER,361992," ? 
– Ah ! ma foi, si ; ce n'e"
"e tenir la lettre à Hélène ? 
",361996,– Ah !,,MISC,362002," ma foi, si ; ce n'est pas là "
d'abominable dans ce que fait ,362255,Canonnier,,MISC,362264, ? Engager sa fille à payer de
 faite de tous les hasards... ,362720,Ah !,,MISC,362724, c'est indigne !... Je sais bi
"e !... Je sais bien que, pour ",362767,Canonnier,,MISC,362776,", tous les sentiments ordinair"
"re, dis-je, ce que te demande ",363033,Canonnier,,MISC,363042,". 
– Mais... 
– Il faut le fai"
"uses, sois-en sûre. Du reste, ",363188,Hélène,,PER,363194, prendra le parti qui lui conv
"à son père. 
– C'est bon, dit ",363288,Ida,,PER,363291,. Elle aura la lettre avant de
 faire à présent ? me demande ,363607,Ida,,PER,363610," après déjeuner. 
– Un petit t"
"emande Ida après déjeuner. 
– ",363630,Un petit tour sur le boulevard,,MISC,363660, ; et si tu n'as rien de mieux
"ait couper plusieurs fois. 
– ",363910,Eh !,,MISC,363914," bien, non, mon petit, tu ne t"
"t un travail d'écriture... 
– ",364129,Ah !,,MISC,364133, les misérables ! Ne m'en dis 
"lever ce soir à sept heures. 
",364241,Allez,,LOC,364246, donc vous moquer des prédicti
ccompagné de l'homme de robe. ,364475,Philosophe,,PER,364485,", juge ou professeur, je ne sa"
"oire, en redingote à la papa. ",364630,Ah !,,MISC,364634," homme de robe, tu as une bien"
"us, tes yeux couleur d'eau de ",364736,Seine,,LOC,364741," et ta grande barbe noire ! 
Q"
"'y a pas à s'y tromper, c'est ",364833,Édouard Montareuil,,PER,364851, en personne. Il vient à moi l
"be. 
– Monsieur le professeur ",365060,Machin,,PER,365066,", criminaliste. 
Saluts, poign"
"es le tribut de son activité, ",365836,Édouard Montareuil,,PER,365854, s'est décidé à agir vigoureus
"nes. Il a fondé une Revue. 
– ",365987,La « ,,MISC,365992,Revue Pénitentiaire. » N'en av
"ent intellectuel français. 
– ",366248,Ah !,,MISC,366252," Monsieur, déclare le criminal"
"u point de vue pécuniaire, sa ",366532,Revue,,MISC,366537, est un succès ; grâce à certa
loyés et gardiens des prisons ,366651,de France,,LOC,366660, et de Navarre ont été obligés
s des prisons de France et de ,366667,Navarre,,LOC,366674, ont été obligés de s'y abonne
à ces dévoués serviteurs de l',366875,État,,LOC,366879, le passe-temps intellectuel q
s vous condamnerons à lire la ,367226,Revue,,MISC,367231, que lisent vos gardiens. » Ah
ue que lisent vos gardiens. » ,367259,Ah !,,MISC,367263, les malheureux ! Leur sort n'
e à un abonnement annuel à la ,367682,Revue,,LOC,367687,". 
– C'est presque une affaire"
"resque une affaire faite, dit ",367729,Montareuil,,LOC,367739, ; de hauts fonctionnaires du 
", dit le criminaliste, que la ",367940,Revue,,MISC,367945, n'est point lue à l'air libre
 que vous êtes un disciple de ,369785,Lombroso,,PER,369793,", et je vous en fais mon compl"
", aujourd'hui, c'est celle du ",371059,Voleur,,MISC,371065, ; il est vrai qu'elle les con
" Nous vous parlons là, me dit ",371156,Montareuil,,LOC,371166,", de choses qui ne doivent pas"
"que vous êtes ingénieur... 
– ",371315,"Oui, dis-je, je suis ingénieur",,MISC,371345,. Ingénieur civil. Mais ne cro
"urs, puisque M. le professeur ",371522,Machin,,PER,371528, parlait tout à l'heure de la 
"gé aux rapports étroits... 
– ",372179,Vraiment !,,MISC,372189, s'écrie le criminaliste. Ah !
lements de l'esprit humain... ,372419,Ah !,,MISC,372423, c'est superbe... Permettez-mo
main... Ah ! c'est superbe... ,372441,Permettez-moi Monsieur,,PER,372463,", de vous féliciter... Mais, j"
inue-t-il en se tournant vers ,372537,Montareuil,,LOC,372547,", ne pourriez-vous pas engager"
"ptivant ? 
– En effet, répond ",372810,Montareuil,,LOC,372820,". Pourquoi, mon cher Randal, n"
e ! Il ne manquerait plus que ,373137,Roger-la-Honte,,LOC,373151, pour faire le Courrier de Lon
 Roger-la-Honte pour faire le ,373166,Courrier de Londres,,MISC,373185, et Canonnier pour envoyer des
ire le Courrier de Londres et ,373189,Canonnier,,MISC,373198, pour envoyer des Correspondan
et Canonnier pour envoyer des ,373216,Correspondances d'Amérique,,MISC,373242,... Mais le criminaliste et Mo
ra dans ma collaboration à la ,373427,Revue,,MISC,373432," une belle dose d'ironie, qui "
"tas -- ce qu'on rigolera ! 
– ",373555,Eh !,,MISC,373559," bien, dis-je, puisque vous se"
"vous semblez le désirer... 
– ",373612,Ah !,,MISC,373616, merci ! merci ! s'écrient en 
"er dans les voies ferrées. 
– ",374264,Ah !,,MISC,374268," dit le criminaliste, les chem"
vre. Le prochain numéro de la ,374428,Revue,,MISC,374433, sera d'un intérêt supérieur. 
ttirera l'attention ; c'est l',374537,Esquisse,,MISC,374545, d'un Code rationnel et obliga
ntion ; c'est l'Esquisse d'un ,374551,Code rationnel et obligatoire de Moralité,,MISC,374592, pour développer l'Idéal publi
de Moralité pour développer l',374611,Idéal public,,MISC,374623,. Je n'ai plus qu'à en tracer 
andes protestations d'amitié. ,374825,Montareuil,,PER,374835, m'apprend qu'il voudrait avoi
"ès, il me quitte. Il sait que ",375014,Paris,,LOC,375019, est menacé d'une épidémie de 
ir au bien en passant sous le ,375778,tunnel du Père-Lachaise,,LOC,375801,. Je sautais sans embarras du 
té relativement restreinte de ,376119,Londres,,LOC,376126, à l'usage constant fait par l
l'usage constant fait par les ,376159,Anglais,,LOC,376166, du Metropolitan Railway. Je d
stant fait par les Anglais du ,376170,Metropolitan Railway,,ORG,376190,. Je démontrais que le manque 
"ouvent, hélas ! reprocher aux ",376279,Belges,,LOC,376285,", ne saurait, être imputé qu'à"
s que la haute moralité de la ,376437,Suisse,,LOC,376443,", contrée accidentée, provient"
un métropolitain souterrain à ,376900,Paris,,LOC,376905,. Je disais beaucoup de mal de
dre la peine de le définir. « ,377309,Imitons-le,,MISC,377319,", disais-je en terminant. Le c"
"t-être intéressés ; et, comme ",377440,Lombroso,,PER,377448,", il faut en laisser la défini"
aisir d'une visite ; celle de ,378065,Jules Mouratet,,PER,378079,", un de mes camarades de collè"
 et que je croyais employé au ,378190,ministère des Finances,,ORG,378212,". Mais il a fait du chemin, de"
re. -- Il est à la tête de la ,378366,Direction,,ORG,378375," des Douzièmes Provisoires, un"
à la tête de la Direction des ,378380,Douzièmes Provisoires,,MISC,378401,", une nouvelle Direction que l"
"mes Provisoires, une nouvelle ",378416,Direction,,ORG,378425, que le gouvernement s'est réc
t récemment décidé à créer au ,378480,ministère des Finances,,ORG,378502,", en raison de l'habitude pris"
n de l'habitude prise par les ,378542,Chambres,,ORG,378550, de ne voter les budgets annue
"mois. Ah ! il a de la chance, ",378649,Mouratet,,PER,378657," ! Le voilà, à son âge, Direct"
"ilà, à son âge, Directeur des ",378695,Douzièmes Provisoires,,MISC,378716," ; et, même, il sera bientôt d"
 sa présence indispensable au ,378939,Parlement,,ORG,378948,", lors de la discussion du bud"
 d'en reculer le vote jusqu'à ,379077,la Trinité,,LOC,379087,", ou simplement jusqu'à Pâques"
"rinité, ou simplement jusqu'à ",379111,Pâques,,MISC,379117,". Heureux gaillard ! 
Nous dîn"
"à Pâques. Heureux gaillard ! 
",379139,Nous dînons ensemble au cabaret,,MISC,379170,", en garçons, bien qu'il soit "
"ns, bien qu'il soit marié. 
– ",379210,"Oui, mon cher",,MISC,379223,", depuis plus de trois ans. Av"
femmes les mieux habillées de ,379614,Paris,,LOC,379619,". » C'est vrai, mais je ne sai"
"nt du prodige, absolument. 
– ",379726,Vois-tu,,MISC,379733,", dis-je -- car nous avons rep"
 bon tutoiement du collège -- ,379813,vois-tu,,LOC,379820,", les femmes ont des secrets à"
"vantage, un des piliers de la ",380242,République,,LOC,380252,". 
– Ah ! dit Mouratet, on lui"
" piliers de la République. 
– ",380257,Ah !,,MISC,380261," dit Mouratet, on lui reproche"
"de la République. 
– Ah ! dit ",380266,Mouratet,,PER,380274,", on lui reproche bien des cho"
"en des choses, à cette pauvre ",380324,République !,,MISC,380336, Mais n'est-ce pas encore le m
usqu'à l'accuser d'austérité. ,380478,Calomnie,,MISC,380486, pure ! Il n'y a pas d'homme o
tellectuelle de la nation. La ,380655,République française,,LOC,380675, est la République athénienne.
a République française est la ,380683,République athénienne,,LOC,380704,"... Mais, à propos, ne m'a-t-o"
m'intéresse... Je ne viens en ,380891,France,,LOC,380897," que de loin en loin. 
– C'est"
", sans ton article dans cette ",380970,Revue de Montareuil,,MISC,380989,", je n'aurais pas su où aller "
ois les grands artistes de la ,381296,Renaissance,,LOC,381307,". Léonard de Vinci, par exempl"
s artistes de la Renaissance. ,381309,Léonard de Vinci,,PER,381325,", par exemple... Ah ! la peint"
"nard de Vinci, par exemple... ",381342,Ah !,,MISC,381346, la peinture ! Ma femme en est
"ières dans les galeries, chez ",381443,Durand-Ruel,,PER,381454, et ailleurs. Quand elle revie
"s. Les nerfs, tu comprends... ",381605,Ah !,,MISC,381609," ces natures sensitives... 
– "
nes que tu consens à passer à ,381921,Paris,,LOC,381926,. Ma femme reçoit quelques ami
nques ; j'aime mieux aller au ,382139,Cirque,,LOC,382145, qu'en soirée. Mais Mouratet i
er d'une somptueuse maison du ,382405,boulevard Malesherbes,,LOC,382426,". 
Je ne suis pas plutôt annon"
"i vient de faire son entrée. 
",383472,Eh !,,MISC,383476," bien, elle peut se vanter d'a"
"umoir. Un peu enfant, hein ? 
",384001,– ,,MISC,384003,Absolument charmante ; très sp
"ndrais-tu, au bout du compte, ",384528,prébendé de la démocratie imbécile,,MISC,384562,", acolyte de la bande qui tail"
laire avec le couteau du père ,384645,Coupe-toujours,,PER,384659, ? Tu ne mérites même pas qu'o
" crevé le cerceau de papier. 
",385159,Est,,LOC,385162,"-ce amusant, une soirée chez M"
"t-ce amusant, une soirée chez ",385191,Mouratet,,ORG,385199," ? Comme ci, comme ça. C'est a"
a moitié d'un couple titré en ,385566,Portugal,,LOC,385574, et une princesse russe tout e
"e, et un nombre respectable d'",385838,Israélites,,MISC,385848,. Un peu le genre de société q
"rcé de fréquenter, le jour de ",385920,Jugement dernier,,MISC,385936,", dans la vallée de Josaphat.."
" de Jugement dernier, dans la ",385946,vallée de Josaphat,,LOC,385964,"... Elle n'est pas mal, décidé"
"n ; elle est fort grecque, la ",386064,République athénienne,,LOC,386085,". 
Ah ! cette République, qui "
"e, la République athénienne. 
",386088,Ah !,,MISC,386092," cette République, qui n'est m"
"lique athénienne. 
Ah ! cette ",386099,République,,MISC,386109,", qui n'est même pas une monar"
'est même pas une monarchie ! ,386146,Ah !,,MISC,386150," cette Athènes, qui n'est même"
as une monarchie ! Ah ! cette ,386157,Athènes,,LOC,386164,", qui n'est même pas une Corin"
"hènes, qui n'est même pas une ",386189,Corinthe,,LOC,386197," !... Quelle dèche, mon Empere"
"t bien, ma pose d'extase ?... ",386707,Oh !,,MISC,386711, je me demande comment je ne s
"! Non, l'on ne voit pas ça au ",387248,Palais-Royal,,LOC,387260,"... 
– Moi non plus, dis-je, j"
" pas ça au Palais-Royal... 
– ",387267,Moi non plus,,MISC,387279,", dis-je, je ne pensais guère "
 de vous retrouver ce soir en ,387355,madame Mouratet,,PER,387370,. Je m'y attendais si peu que 
" mon habit. 
– Vrai ? demande ",387527,Renée,,PER,387532, en éclatant de rire. On n'ima
"fier, je vous le demande ?... ",387632,Ah !,,MISC,387636, le pianiste croate a fini ; a
ander un autre morceau ; la « ,387764,Marche des Monts Carpates,,MISC,387789,". » 
Elle revient une minute a"
qui fait valoir son charme de ,387905,Parisienne,,LOC,387915,". 
– Ça y est. Je lui ai dit q"
" son charme de Parisienne. 
– ",387920,Ça,,MISC,387922, y est. Je lui ai dit qu'il ét
uss de demain. Pourquoi pas l',387993,Offenbach,,PER,388002," d'hier ?... Écoutez, j'ai bea"
"êter une minute, à présent... ",388791,Ah !,,MISC,388795, si : voici le poète belge qui
"ui se prépare, à déclamer l'« ",388853,Ode au Béguinage,,MISC,388869,". » Regardez-le là-bas, devant"
"out prendre, que le cachet du ",389294,Directeur des Douzièmes Provisoires,,MISC,389329, ? C'est peu probable. Mais le
nent des mains souveraines du ,389462,Peuple,,ORG,389468,". Le Peuple, citoyens ! Et nou"
"e indignation de Mouratet, ce ",389851,Mouratet,,PER,389859, qui vit au milieu du luxe pay
aurait trouvé une odeur. Mais ,389969,Mouratet,,PER,389977, ignore tout ! Ce n'est pas un
"cuse ; pourtant... 
Pourtant, ",390078,Mouratet,,PER,390086," se donne du mal, lui aussi, p"
reux qui font les affaires de ,390280,la France,,LOC,390289,". Le bénéfice qu'il a retiré, "
"e, je le veux bien. Mais l'en ",390405,blâmerai,,LOC,390413,-je ? Dieu m'en garde. Il ne f
"ens auxquels je sois liée... 
",392763,Halte-là !,,ORG,392773, Renée est charmante ; c'est u
"s je sois liée... 
Halte-là ! ",392774,Renée,,PER,392779, est charmante ; c'est une bon
"ai de Bussy-Rabutin, volé par ",393075,Napoléon,,PER,393083,. Il ne faut pas oublier trop 
"peu, pourtant, de retourner à ",393693,Londres,,LOC,393700,". C'est si laid et si noir, à "
"si laid et si noir, à côté de ",393738,Paris,,LOC,393743, ! On pourrait le chercher à H
s ! On pourrait le chercher à ,393772,Hyde Park,,LOC,393781,", l'équivalent de cette allée "
équivalent de cette allée des ,393815,Acacias,,LOC,393822, où je me promène en ce moment
çons de faire son persil !... ,394373,Tiens !,,MISC,394380, elle me salue. Je rends le sa
" bien contente de te voir... 
",394902,"Moi aussi, je suis fort heureux de voir Margot",,MISC,394948,", Je lui explique que mes occu"
"ent beaucoup à l'étranger. 
– ",395038,Ah !,,MISC,395042," oui, tu es ingénieur. C'est u"
tu ne puisses voir dans leurs ,396150,Échos,,ORG,396155, le nom de Marguerite de Vauco
ir dans leurs Échos le nom de ,396166,Marguerite de Vaucouleurs,,PER,396191,". Eh ! bien, mon cher, Marguer"
"ouleurs. Eh ! bien, mon cher, ",396214,Marguerite de Vaucouleurs,,PER,396239,", c'est moi. 
C'est elle !... "
" elle !... Et nunc erudimini, ",396288,puella,,PER,396294," ... 
– Pour le moment, contin"
entretenue principalement par ,396373,Courbassol,,LOC,396383,", le député de Malenvers. Tu c"
" par Courbassol, le député de ",396398,Malenvers,,MISC,396407,. Tu connais ? C'est lui qui m
in cette paire de solitaires. ,396481,Jolis,,MISC,396486,", hein ? Tu sais, Courbassol s"
"ps qu'il nous rase... Demain, ",396645,Courbassol,,PER,396655," va à Malenvers, avec sa bande"
"se... Demain, Courbassol va à ",396661,Malenvers,,MISC,396670,", avec sa bande, pour prononce"
e son portefeuille. Je vais à ,396837,Malenvers,,MISC,396846," avec lui, naturellement... Tu"
oce qui me forcera à rester à ,397072,Malenvers,,MISC,397081,", et tu y demeureras, toi auss"
"re... Ah ! au fait, c'est à l'",397167,hôtel du Sabot d'Or,,LOC,397186, que nous allons tous ; c'est 
 qui est l'agent électoral de ,397255,Courbassol,,LOC,397265,". Alors, c'est convenu ? Tu pr"
es qui descendent l'allée des ,397570,Acacias,,LOC,397577, ; et elle se retourne pour m'
"it scintiller ses brillants. 
",397682,Ah !,,MISC,397686, Marguerite de Vaucouleurs !..
"intiller ses brillants. 
Ah ! ",397687,Marguerite de Vaucouleurs,,PER,397712, !... Tu prends ta revanche ; 
.. Tu prends ta revanche ; et ,397745,Mme Montareuil,,PER,397759," aurait sans doute mieux fait,"
"re, à force de démoraliser la ",397984,Société,,ORG,397991,", par l'amener au bord de l'ab"
 d'hommes lors des travaux du ,398184,Saint-Gothard,,LOC,398197,", mais grâce auxquelles on par"
" percer la montagne ! 
XIV -- ",398263,AVENTURES DE DEUX VOLEURS,,PER,398288,", D'UN CADAVRE ET D'UNE JOLIE "
"-- AVENTURES DE DEUX VOLEURS, ",398290,"D'UN CADAVRE ET D'UNE JOLIE FEMME 
",,MISC,398325,"Si j'étais bavard, je sais bie"
"CADAVRE ET D'UNE JOLIE FEMME 
",398325,Si j'étais bavard,,MISC,398342,", je sais bien ce que je dirai"
antes ou aspirant à y entrer. ,398776,Courbassol,,LOC,398786," est dans le train, et son col"
"ans le train, et son collègue ",398822,Un Tel,,PER,398828,", et son ami Chose, et son con"
"n collègue Un Tel, et son ami ",398841,Chose,,PER,398846,", et son confrère Machinard ; "
argot. Une partie de l'âme de ,399015,la France,,LOC,399024,", quoi ! 
– Malenvers ! Malenv"
"France, quoi ! 
– Malenvers ! ",399048,Malenvers !,,MISC,399059,"... 
On descend. La ville est "
ile qui peuvent s'appliquer à ,399306,Malenvers,,MISC,399315,". Moi, je ne fais pas de descr"
gens qui n'ignorent point que ,400103,Courbassol,,LOC,400113," au pouvoir, cela signifie : é"
"or et très médaillée, exécute ",400262,la Marseillaise,,MISC,400277, ; et au dernier soupir du tro
mmage aux grandes qualités de ,400503,Courbassol,,LOC,400513,", à ses talents supérieurs qui"
"our n'est peut-être pas loin, ",400850,Messieurs !,,MISC,400861, -- à la tête du gouvernement.
"- à la tête du gouvernement. 
",400893,Courbassol,,LOC,400903," déclare, en réponse, qu'il es"
"ciller, remercie au nom de la ",401685,République,,MISC,401695,", embrasse la petite fille, et"
"tite fille, et se dirige avec ",401741,Courbassol,,LOC,401751, vers un landau centenaire. La
entenaire. La fanfare reprend ,401798,la Marseillaise,,MISC,401813," et la foule hurle : 
– Vive l"
trottoir. Mais l'omnibus de l',402098,hôtel du Sabot d'Or,,LOC,402117, fait son entrée dans la cour 
vi lui-même de l'omnibus de l',402192,hôtel des Deux-Mondes,,LOC,402213," , d'un char-à-bancs, d'une ta"
"historique et d'un tape-cul. 
",402354,Allons,,LOC,402360,", il y a de la place pour tout"
 robes surannées des dames de ,402631,Malenvers,,PER,402640,. Les représentants du peuple 
marche dans l'ordre suivant : ,402945,landaus,,MISC,402952,", premier omnibus, char-à-banc"
"re, comme nous passons devant ",403585,la Halle aux Plumes,,LOC,403604, -- un vieux bâtiment rectangu
s occasions de dire du mal de ,403914,la France,,LOC,403923, et d'empêcher qu'on lui rende
 d'empêcher qu'on lui rende l',403956,Égypte,,LOC,403962,". 
Ça m'est égal. Moi, je pens"
"er qu'on lui rende l'Égypte. 
",403965,Ça,,MISC,403967," m'est égal. Moi, je pense ave"
"s publiques, je représente le ",404080,Vol sans Phrases,,MISC,404096,". 
Il est une heure, ou peu s'"
he antique s'arrête devant le ,404179,Sabot d'Or,,LOC,404189," , tendu de tricolore d'un bou"
". Le propriétaire, qui a reçu ",404285,Courbassol,,PER,404295," et ses amis, à titre d'agent "
" et de mon pardessus, je vois ",405963,Margot,,PER,405969," descendre l'escalier, son bou"
tudier le langage des fleurs. ,406069,Courbassol,,PER,406079, est fort empressé auprès d'el
"? Non ; eh ! bien, alors ?... ",406249,Suum cuique,,MISC,406260," . 
Plusieurs personnes sont d"
r sur le tapis vert du gazon. ,407749,Les oiseaux,,MISC,407760,", qui ont vu ça, chantent narq"
"zon. Ah ! c'est un beau pays, ",408557,la France,,LOC,408566," ! C'est un beau pays... 
Je p"
.. Si l'on pouvait y vider le ,408770,Palais-Bourbon,,LOC,408784,", tout de même, une fois pour "
" toutes ! 
J'ai été dîner à l'",408843,hôtel des Deux-Mondes,,LOC,408864," . C'est le Sabot d'Or , je le"
el des Deux-Mondes . C'est le ,408876,Sabot d'Or,,LOC,408886," , je le sais, qui fournit les"
"ir, à sept heures et demie, à ",409014,la Halle,,LOC,409022," aux Plumes, et ses affaires, "
"m'adresser, quand j'arrive au ",409346,Sabot d'Or,,LOC,409356, . Tous les employés et les do
t les domestiques sont déjà à ,409408,la Halle,,LOC,409416," aux Plumes, sans doute, avec "
"t pis ; j'y suis, j'y reste. 
",410225,Si,,MISC,410227, l'on venait pourtant ? Car il
que part. Où ? Sous le lit... ,410349,Ah !,,MISC,410353," non, derrière le rideau. Je m"
"e ça pèse autant. Maintenant, ",411067,Jérôme,,PER,411073,"... 
L'hôtelière, en grande to"
"ccompagnée d'une servante. 
– ",411163,Ah !,,MISC,411167," te Voilà. Tu es prête, j'espè"
"une voix mouillée de larmes. 
",411285,– Bon,,PER,411290,. Moi aussi ; je n'ai qu'à pas
"éclarerons que demain matin. 
",411574,Ah !,,MISC,411578," bien, vrai !... Ce paquet bla"
"blanc, c'est un cadavre... 
– ",411635,Ma pauvre maman !,,MISC,411652, gémit l'hôtelière en s'avança
"-chaussée, autrefois... Vous, ",411897,Jérôme,,PER,411903,", vous allez rester ici à veil"
"sera pour cette nuit... Vous, ",412156,Annette,,MISC,412163,", continue-t-il en s'adressant"
"an ! sanglote l'hôtelière. 
– ",412467,Ah !,,MISC,412471," je t'en prie, as-tu fini ? de"
" cinq francs... Bien entendu, ",412664,Annette,,MISC,412671,", ajoute-t-il, vous laisserez "
 tout. Faites bien attention. ,412951,Jérôme,,PER,412957, et vous ; n'oubliez pas que v
 sa femme et la servante ; et ,413103,Jérôme,,PER,413109, s'assied sur une chaise dépai
"e plus loin possible du lit. 
",413176,En voilà,,MISC,413184,", une situation ! Que faire ?."
dor. La porte s'ouvre ; c'est ,413798,Annette,,MISC,413805,". 
– Eh ! bien, dit-elle à Jér"
"e s'ouvre ; c'est Annette. 
– ",413810,Eh !,,MISC,413814," bien, dit-elle à Jérôme en fa"
"tte. 
– Eh ! bien, dit-elle à ",413832,Jérôme,,PER,413838," en faisant un signe de croix,"
"n tête-à-tête avec un mort ? 
",413932,– Ah !,,MISC,413938," non, pour sûr, répond le garç"
" Tu n'es pas gêné, vraiment ! ",414104,"Moi, je vais monter tout en haut de la maison",,MISC,414149,", au quatrième, pour regarder "
"n envie d'aller avec toi, dit ",414363,Jérôme,,PER,414369, ; les singes ne reviendront p
"es fusées à l'envers... 
Mais ",414563,Jérôme,,PER,414569, se lève et va la prendre par 
 un mort ! si c'est permis... ,414684,Allons,,MISC,414690,", viens tout de même, continue"
" revient ? 
– Il sonnera, dit ",414827,Jérôme,,PER,414833,", et nous l'entendrons bien. 
"
"s deux ou trois minutes... 
– ",415064,Eh !,,MISC,415068," bien, comment la trouves-tu, "
"s... 
– Eh ! bien, comment la ",415086,trouves-tu,,LOC,415096,", celle-là ? 
Horreur ! C'est "
"nt la trouves-tu, celle-là ? 
",415110,Horreur !,,MISC,415119, C'est le cadavre qui a parlé 
a parlé !... j'en suis sûr... ,415171,Oh !,,MISC,415175, j'en suis sûr !... La voix pa
"ar je me demande si je rêve. 
",415475,Ha !,,MISC,415479, je ne rêve qu'à moitié... La 
"avance lentement vers moi. 
– ",416046,Bonsoir,,MISC,416053,", cher Monsieur. Comment vous "
rien à craindre. Je m'appelle ,416664,Canonnier,,MISC,416673,". 
– Canonnier ! C'est vous, C"
"r. 
– Canonnier ! C'est vous, ",416702,Canonnier,,MISC,416711," ?... C'est vous ?... 
– Oui, "
"nnier ?... C'est vous ?... 
– ",416736,"Oui, moi-même en personne",,MISC,416761,". Ça t'étonne ? 
– Un peu. J'a"
" entendu parler de vous... 
– ",416830,Ah !,,MISC,416834,"... Comment t'appelles-tu ? 
–"
"!... Comment t'appelles-tu ? 
",416863,– Randal,,PER,416871,". 
– Alors, moi aussi j'ai ent"
tendais pas à te rencontrer à ,417044,Malenvers,,MISC,417053,. Le hasard est un grand maîtr
"e temps. 
– Au contraire, dit ",417534,Canonnier,,MISC,417543,. Ne nous pressons pas. Attend
a chaise que vient de quitter ,417818,Jérôme,,PER,417824,", et se met à hausser les épau"
nquer de sentimentalisme !... ,418498,Ah !,,MISC,418502, assez d'oraison funèbre. Dis 
e comprendre. J'ai quitté les ,418982,États-Unis,,LOC,418992,", il y a trois semaines, à bor"
e de commerce qui m'a amené à ,419064,Saint-Nazaire,,LOC,419077,". De là, je me suis rendu à R."
"re. De là, je me suis rendu à ",419105,R.,,LOC,419107,", une petite ville à dix lieue"
x lieues environ au-dessus de ,419160,Malenvers,,MISC,419169,", et j'y attendais depuis deux"
urs une occasion de rentrer à ,419232,Paris,,LOC,419237,"... 
– Comment, une occasion ?"
– Naturellement. Mon départ d',419299,Amérique,,LOC,419307," a été signalé à la police, qu"
des raisons qui m'appellent à ,419440,Paris,,LOC,419445,. Tu sais comme les gares de l
omme qui veut aller de Lyon à ,419621,Bordeaux,,LOC,419629,", ou de Nancy à Cette, à passe"
"ler de Lyon à Bordeaux, ou de ",419637,Nancy,,LOC,419642," à Cette, à passer par Paris, "
"yon à Bordeaux, ou de Nancy à ",419645,Cette,,LOC,419650,", à passer par Paris, n'a poin"
"e Nancy à Cette, à passer par ",419665,Paris,,LOC,419670,", n'a point d'autre raison d'ê"
'ai donc envoyé mes bagages à ,419961,Paris,,LOC,419966, chez quelqu'un que je connais
j'ai attendu tranquillement à ,420058,R.,,PER,420060, l'occasion de les suivre. Cet
" Cette occasion, le voyage de ",420116,Courbassol,,LOC,420126, me l'a fournie. J'ai pris à R
l me l'a fournie. J'ai pris à ,420155,R.,,PER,420157,", ce matin, le train qui vous "
"quent, pour un collègue de la ",420500,Sûreté Générale,,ORG,420515," ; mais, en temps ordinaire, j"
"coups des pyrotechniciens. 
– ",421186,"Allons, dit Canonnier",,MISC,421207, en se levant ; c'est le momen
" verrons encore assez clair. 
",421306,Nous sortons,,MISC,421318,", jetant tous les deux un rega"
"ons. 
– Le bureau ; bon, fait ",421619,Canonier,,PER,421627,. Et qu'est-ce que c'est que c
e à coucher de Monsieur et de ,421717,Madame,,PER,421723,", sans doute... Tout juste. No"
"u travail, il n'y a que ça... ",421833,Tiens,,MISC,421838,", tu as un outil américain, co"
"x que ça, à présent. Et puis, ",422026,Edison,,PER,422032, a inventé une petite batterie
e ; ne les change ni ici ni à ,422844,Paris,,LOC,422849,", à cause des numéros. Quant à"
ur le lit et fait deux tas de ,422976,louis,,PER,422981,", à peu près égaux. 
– Prends "
"emporter, puisque tu restes à ",423244,Malenvers,,MISC,423253,. Elles partiront pour Londres
chose pour les faire tenir... ,423605,Ah !,,MISC,423609," ça... 
Des drapeaux, qu'on a "
", sont appuyés contre le mur. ",423714,Canonnier,,MISC,423723," en prend un, arrache l'étoffe"
" papiers. 
– À merveille, dit ",423930,Canonnier,,MISC,423939, en boutonnant son gilet. Je f
"ire un vieux portefeuille. 
– ",424439,Ah !,,MISC,424443, ah ! dit-il en s'approchant d
"oute la monnaie blanche, fait ",424853,Canonnier,,MISC,424862, en passant devant la caisse f
", et surtout les pluies d'or. ",425398,Divertissements innocents,,MISC,425423,", plaisirs purs... 
Un temps d"
piétinant une devise latine : ,425904,Pax,,MISC,425907," et Labor . 
– À quoi pensais-"
nt une devise latine : Pax et ,425911,Labor,,ORG,425916," . 
– À quoi pensais-tu pendan"
feu d'artifice ? demandé-je à ,425981,Canonnier,,MISC,425990, comme nous quittons la grande
u'il est fort heureux pour la ,426073,Société,,ORG,426080, que les malfaiteurs soient de
s auront bientôt. Le maire de ,426429,Chicago,,LOC,426436,", pendant la terrible conflagr"
"n vienne dire, à présent, que ",426641,Chicago,,LOC,426648, n'est pas la première ville d
" après cela, si les tramp s d'",426742,Amérique,,LOC,426750,", qui se contentent jusqu'ici "
"the fun of the thing  ? 
– En ",427075,Europe,,LOC,427081,", on n'en est pas là. 
– Pas e"
a morale et ses besoins... La ,427345,Société !,,ORG,427354, C'est la coalition des impuis
 avait été constituée par des ,427485,Forts pour l'oppression des,,ORG,427512, Faibles ? Elle a été établie 
s Forts pour l'oppression des ,427513,Faibles,,ORG,427520, ? Elle a été établie par des 
 ? Elle a été établie par des ,427550,Faibles,,ORG,427557,", et par la ruse, pour l'asser"
"se, pour l'asservissement des ",427601,Forts,,LOC,427606,". C'est le Faible qui règne, p"
"âtre... 
Nous arrivons devant ",427779,la Halle aux Plumes,,LOC,427798,". 
– Quel tas de lugubres bava"
" qui n'ait, comme l'enfant de ",428159,Sparte,,LOC,428165,", un renard qui lui ronge le v"
on de te voir... Tu reviens à ,428548,Paris,,LOC,428553," demain matin ? 
– Oui. 
– Eh "
"ris demain matin ? 
– Oui. 
– ",428580,Eh !,,MISC,428584," bien, tu me trouveras demain "
"à dix heures, sur la place du ",428649,Carrousel,,LOC,428658,", devant le monument de Gambet"
"ec ces messieurs. Au revoir. 
",428833,Neuf heures,,MISC,428844, sonnent au clocher d'une égli
"le, songeant à ce que m'a dit ",428961,Canonnier,,MISC,428970,", à ce qu'il m'a laissé entend"
 avait chassé les vendeurs du ,429307,Temple,,MISC,429313, -- peut-être qu'ils n'y serai
" n'y seraient pas revenus... 
",429363,Ma marche sans but,,MISC,429381, m'a ramené près de la Halle a
e sans but m'a ramené près de ,429401,la Halle,,LOC,429409, aux Plumes. J'y entre ; car o
 permettre aux bonnes gens de ,429501,Malenvers,,MISC,429510, qui n'ont point pris part au 
 très lourd ; les citoyens de ,430520,Malenvers,,MISC,430529, tendent leurs oreilles en feu
irs détachés (mais elles sont ,430733,émues,,PER,430738," tout de même, les gaillardes "
stes de calicot qui mesure du ,431066,madapolam,,MISC,431075,", Courbassol parle, parle, par"
"icot qui mesure du madapolam, ",431077,Courbassol,,PER,431087," parle, parle, parle... 
Sa fi"
" parle, parle... 
Sa figure ? ",431124,Ah !,,MISC,431128, je ne sais pas ! Je n'en vois
" voit que ça, dans la face de ",431365,Courbassol,,LOC,431375,. On ne peut pas y voir autre 
"ré soi, à un débris sexuel de ",431751,Hottentote,,PER,431761,". Cette lèvre-là, c'est une ga"
"on. Il la déclame, non pas en ",431976,Robert-Macaire,,PER,431990,", ni même en Bertrand, mais en"
"en Robert-Macaire, ni même en ",432003,Bertrand,,PER,432011,", mais en Courbassol. La voix "
" ni même en Bertrand, mais en ",432021,Courbassol,,LOC,432031,". La voix est lourde, monotone"
 voguer de ses propres ailes. ,432312,La France,,LOC,432321, est lasse de se voir gouverné
"ai la conviction profonde, la ",432916,Chambre,,ORG,432923, va montrer par son vote qu'el
u'elle se refuse à être dupe. ,433016,La France,,LOC,433025," veut être libre, citoyens ! B"
"ée et sublime, à la face de l'",433222,Europe,,LOC,433228," ! 
Alors, c'est du délire. De"
s sur sa base. On veut porter ,433351,Courbassol,,LOC,433361, en triomphe. Et c'est entouré
e lui et ses amis arrivent au ,433446,Sabot d'Or,,LOC,433456," où les propriétaires, par une"
" 
– Vive la République ! Vive ",433567,Courbassol,,PER,433577, ! hurle la foule tandis que n
"ris désespérés s'élèvent : 
– ",433779,Au voleur !,,MISC,433790, Au voleur !... À moi ! Au sec
-il ? Qu'y a-t-il ? demandent ,433871,Courbassol,,LOC,433881,", Machinard et plusieurs autre"
"-t-il ? demandent Courbassol, ",433883,Machinard,,LOC,433892, et plusieurs autres en se pré
"ls nous ont tout pris, tout ! ",434126,Ah !,,MISC,434130, les coquins !... Mon Dieu ! q
"Mon Dieu ! quel malheur !... 
",434178,Courbassol,,LOC,434188,", Machinard et plusieurs autre"
"uel malheur !... 
Courbassol, ",434190,Machinard,,LOC,434199, et plusieurs autres font pleu
as ; elle vient de déclarer à ,434596,Courbassol,,LOC,434606, que l'émotion lui a brisé les
 état de supporter le voyage. ,434700,Courbassol,,LOC,434710, a affirmé qu'il comprenait ça
... Margot passera la nuit au ,434793,Sabot d'Or,,LOC,434803, et prendra le train demain ma
"t d'heure, ils rouleront vers ",435146,Paris,,LOC,435151,", en compagnie d'un homme qui "
"mes coulent sur ses joues. 
– ",435465,Ma pauvre dame,,MISC,435479,", dit-elle, comme je vous plai"
ent le vieux portefeuille que ,435951,Canonnier,,MISC,435960, a découvert derrière la glace
"couvert derrière la glace. 
– ",435995,Ah !,,MISC,435999," Monsieur, que nous avons du m"
t restés toute la soirée à la ,436187,porte de la Halle aux Plumes,,LOC,436215, au lieu de patrouiller les ru
t préparez-vous à comparaître ,436407,demain matin,,PER,436419," devant le juge d'instruction,"
"en prison préventive, vous et ",436534,Jérôme,,PER,436540,", je lui ferai donner de mes n"
"uvelles par M. Courbassol... 
",436601,Annette,,MISC,436608,", tout en larmes, me conduit à"
 dont la porte fait face à la ,436827,mienne,,LOC,436833,", se balancer aux doigts de Ma"
ue c'est curieux ? me demande ,436923,Margot,,PER,436929, dans le train qui nous ramène
ns le train qui nous ramène à ,436962,Paris,,LOC,436967,. Nous n'avons passé que deux 
"ert un vol dans la maison. 
– ",437070,"Oui, dis-je",,MISC,437081,", il y a des coïncidences biza"
"'est-ce que tu fais, toi ?... ",437276,Ah !,,MISC,437280," oui, tu es ingénieur. Tu es t"
"p ? 
– Il en faut partout. 
– ",437407,Ça,,MISC,437409, doit bien gêner les poissons.
it bien gêner les poissons... ,437442,Ah !,,MISC,437446," à propos, tu ne sais pas la v"
tu penses si l'on doit rire à ,438035,Malenvers,,MISC,438044,". Le coup était mal monté, à m"
"ue ça peut sembler naturel ? 
",438211,– Pas un instant,,MISC,438227,". 
– Quelles canailles ! La fa"
"e un gros soupir. 
XV -- DANS ",438406,LEQUEL LE VICE EST BIEN,,MISC,438429," PRÈS D'ÊTRE RÉCOMPENSÉ 
Je vi"
 DANS LEQUEL LE VICE EST BIEN ,438430,PRÈS D'ÊTRE,,MISC,438441," RÉCOMPENSÉ 
Je viens d'aller "
 LE VICE EST BIEN PRÈS D'ÊTRE ,438442,"RÉCOMPENSÉ 
Je viens d'aller",,PER,438470," regarder l'heure, à la lueur "
ur d'un des becs de gaz de la ,438527,place du,,LOC,438535, Carrousel. Dix heures un quar
es becs de gaz de la place du ,438536,Carrousel,,LOC,438545,. Dix heures un quart. J'atten
ix heures un quart. J'attends ,438578,Canonnier,,MISC,438587," depuis vingt minutes, et je n"
à laquelle la disparition des ,438859,Tuileries,,LOC,438868, a donné l'aspect d'un désert.
" donné l'aspect d'un désert. 
",438900,Dix heures et demie,,MISC,438919,". Ah ! ça, Canonnier aurait-il"
"t. 
Dix heures et demie. Ah ! ",438926,ça,,MISC,438928,", Canonnier aurait-il oublié l"
"Dix heures et demie. Ah ! ça, ",438930,Canonnier,,MISC,438939, aurait-il oublié le rendez-vo
"u de la place, le monument de ",439210,Gambetta,,PER,439218,". Quelle chose abjecte, cette "
! Cette pierre à aiguiser les ,439308,surins,,ORG,439314,", vomie par les carrières d'Am"
"ns, vomie par les carrières d'",439342,Amérique,,LOC,439350,", ce pilori de N'a-qu'un-Œil s"
"ères d'Amérique, ce pilori de ",439365,N',,LOC,439367,a-qu'un-Œil sur lequel Mariann
 chauve-souris déclouée de la ,439476,porte du Grenier d'Abondance,,LOC,439504, -- qui n'a plus besoin de por
"ze heures, et toujours pas de ",439594,Canonnier,,MISC,439603,", C'est embêtant ; j'aurais bi"
"et toujours pas de Canonnier, ",439605,C'est embêtant ;,,MISC,439621, j'aurais bien voulu le revoir
ndant un mois sur la place du ,439750,Carrousel,,LOC,439759,". J'ai reçu, en rentrant chez "
"trant chez moi, une lettre de ",439808,Roger-la-Honte,,PER,439822, qui me demande de me trouver 
ui me demande de me trouver à ,439854,Bruxelles,,LOC,439863, dans trois ou quatre jours...
quai et du côté de ceux de la ,439988,rue de Rivoli,,LOC,440001,", je n'aperçois pas mon homme."
"des finances, et la statue de ",440141,pierre du Grand Tribun,,PER,440163, dont le bras vengeur désigne 
nt le bras vengeur désigne la ,440196,trouée des Vosges,,LOC,440213," -- à l'ouest. 
Allons-nous-en"
"uée des Vosges -- à l'ouest. 
",440229,Allons,,LOC,440235,"-nous-en. Demain, j'irai voir "
"-en. Demain, j'irai voir chez ",440270,Ida,,MISC,440273," si elle a des nouvelles, sans"
"arlons jamais. 
J'arrive chez ",440499,Ida,,PER,440502,", rue Saint-Honoré, vers une h"
"s jamais. 
J'arrive chez Ida, ",440504,rue Saint-Honoré,,LOC,440520,", vers une heure de l'après-mi"
"une heure de l'après-midi. 
– ",440557,Ah !,,MISC,440561, s'écrie-t-elle dès qu'elle pé
"ends, il y en a, du nouveau ! ",440652,Canonnier,,MISC,440661," est ici, et sa fille aussi..."
" ici, et sa fille aussi... 
– ",440695,Vraiment !,,MISC,440705, sa fille ! Et depuis quand ? 
"? 
– Depuis hier soir, répond ",440763,Canonnier,,MISC,440772, qui a reconnu ma voix et qui 
 Il est entré sans encombre à ,440970,Paris,,LOC,440975,", l'avant-dernière nuit. Hier "
"nuit. Hier matin, il a chargé ",441024,Ida,,PER,441027, de faire remettre une lettre 
"se. Mais cette réponse, c'est ",441154,Hélène,,MISC,441160," elle-même qui l'a apportée, v"
"ère au bout du monde, s'écrie ",441286,Ida,,PER,441289,", et que son devoir est de tou"
"hagrin, par son départ, à ces ",441516,Bois-Créault,,LOC,441528, qui ont toujours été si parfa
"t. Elle le croit menacé... 
– ",441650,"Oui, dit Canonnier",,MISC,441668,. Je lui avais appris dans ma 
"nt te retrouver hier soir. 
– ",441926,Ah !,,MISC,441930, bah ! dis-je ; et comment cel
"cela ? 
– On savait, continue ",441987,Canonnier,,MISC,441996,", que c'était pour venir cherc"
ur venir chercher ma fille en ,442042,France,,LOC,442048, que j'avais quitté l'Amérique
 en France que j'avais quitté ,442068,l'Amérique,,LOC,442078,. On le savait ; j'ai été trah
s passé depuis mon départ des ,442224,États-Unis,,LOC,442234,", on faisait surveiller l'hôte"
"de Bois-Créault, où demeurait ",442302,Hélène,,PER,442308,". Ma fille, hier, en quittant "
"elle ? 
– Je te crois, répond ",442714,Canonnier,,MISC,442723,". Si tu veux voir l'individu, "
"-là n'est pas un mouchard. 
– ",443012,Comment !,,MISC,443021, s'écrie Canonnier ; ce n'est 
"ouchard. 
– Comment ! s'écrie ",443030,Canonnier,,MISC,443039," ; ce n'est pas... 
– Non, mil"
"anonnier ; ce n'est pas... 
– ",443061,"Non, mille fois non",,MISC,443080,". Si c'est lui qui t'effraye, "
Quitter le plus vite possible ,443280,Paris,,LOC,443285," et la France avec ta fille, j"
lus vite possible Paris et la ,443292,France,,LOC,443298," avec ta fille, je présume ? O"
 il est bien improbable que l',443385,Angleterre,,LOC,443395," accorde ton extradition, si l"
"elégué. 
– J'irai peut-être à ",443534,Londres,,LOC,443541," ; mais ça dépend. Où va-tu, t"
"a-tu, toi ? 
– Moi, je vais à ",443594,Bruxelles,,LOC,443603,". 
– Eh ! bien, moi aussi j'ir"
" Moi, je vais à Bruxelles. 
– ",443608,Eh !,,MISC,443612," bien, moi aussi j'irai à Brux"
"Eh ! bien, moi aussi j'irai à ",443638,Bruxelles,,LOC,443647,". 
– C'est de la folie ! La Be"
"es. 
– C'est de la folie ! La ",443675,Belgique,,LOC,443683, t'arrêtera et t'extradera san
"e, si l'on sait que je suis à ",443779,Bruxelles,,LOC,443788," ; mais si on l'ignore ? Car, "
"ras libre de tes mouvements. 
",444163,– Bon,,PER,444168,. Je prendrai avec Hélène le t
"nts. 
– Bon. Je prendrai avec ",444187,Hélène,,MISC,444193, le train de Belgique cette ap
prendrai avec Hélène le train ,444203,de Belgique,,LOC,444214, cette après-midi même. Quand 
 cette après-midi même. Quand ,444244,seras-tu,,LOC,444252,", à Bruxelles, toi ? 
– Je par"
"-midi même. Quand seras-tu, à ",444256,Bruxelles,,LOC,444265,", toi ? 
– Je partirai demain "
ette le moment où l'homme que ,444484,Canonnier,,MISC,444493, prend pour un mouchard aura l
"qui vient de se retourner. 
– ",444682,Eh !,,MISC,444686," bien, lui dis-je en lui donna"
"le, comment vous portez-vous, ",444773,Issacar,,MISC,444780," ? 
– Comment ! c'est vous ! s"
omment ! c'est vous ! s'écrie ,444817,Issacar,,MISC,444824, absolument abasourdi ; ah ! v
"je ne m'attendais guère... 
– ",444893,Moi non plus ;,,MISC,444907, et je suis bien heureux de vo
"user votre invitation, répond ",445175,Issacar,,MISC,445182, ; mais en ce moment je suis f
"oment je suis fort occupé... 
",445227,– Occupé !,,MISC,445237," dis-je très haut, car je comm"
 du louche dans la conduite d',445320,Issacar,,MISC,445327,. Occupé ! Vous osez me racont
à moi qui vous trouve dans la ,445409,rue Saint-Honoré,,LOC,445425,", le nez en l'air, rimant un s"
prises avec les cannibales du ,445534,Congo,,LOC,445539,". 
Je fais signe à un cocher d"
"rêter devant nous. 
– Allons, ",445624,Issacar,,MISC,445631,", dis-je en le prenant par le "
 les usages européens dans ce ,445772,Congo,,LOC,445777, où vous avez sans doute fait 
adresse d'un restaurant de la ,445904,rue Lafayette,,LOC,445917,". 
– Non, me dit Issacar au de"
"rue Lafayette. 
– Non, me dit ",445934,Issacar,,MISC,445941," au dessert, non, je n'ai poin"
je n'ai point fait fortune au ,445989,Congo,,LOC,445994, ; tant s'en faut. J'y ai perd
j'ai été obligé de revenir en ,446089,France,,LOC,446095," il y a un mois. 
– Je croyais"
"us aviez une belle idée... 
– ",446171,Oh !,,MISC,446175," superbe ! Seulement, je n'ai "
ez des incomplets. C'est chez ,447096,les Juifs,,MISC,447105, surtout qu'ils se rencontrent
u'ils se rencontrent. Je suis ,447145,Israélite,,MISC,447154, et j'en sais quelque chose. L
" abjecte, quoi qu'on en dise. ",447338,Les Juifs,,MISC,447347, -- cela peut vous paraître ét
"e étrange, mais c'est vrai -- ",447403,les Juifs,,MISC,447412, sont absolument dépaysés dans
es de ces gens-là et celles d',448584,Israélites,,MISC,448594, qui ont la notion du caractèr
nce de la finance et celle de ,448735,Spinoza,,PER,448742," vivant à La Haye, sur le Spui"
 et celle de Spinoza vivant à ,448752,La Haye,,LOC,448759,", sur le Spui, dans l'humble m"
"noza vivant à La Haye, sur le ",448768,Spui,,LOC,448772,", dans l'humble maison où il g"
"à polir des verres. 
– Et ces ",448878,Israélites,,MISC,448888," qui ont, d'après vous, la not"
"jourd'hui coupeur de bourses, ",449575,demain gendarme,,PER,449590,. Notre logique est dans nos i
la tête couronnée d'épines... ,450557,Ecce homo  !,,MISC,450569,... Hé ! qu'il reste à son gib
e d'épines... Ecce homo  !... ,450573,Hé !,,MISC,450577," qu'il reste à son gibet, si c"
"soif, au bout du glaive de la ",450802,Loi !,,MISC,450807," 
– Et, dites-moi, Issacar, n'"
"bout du glaive de la Loi ! 
– ",450811,"Et, dites-moi",,MISC,450824,", Issacar, n'avez-vous pas les"
"de la Loi ! 
– Et, dites-moi, ",450826,Issacar,,MISC,450833,", n'avez-vous pas les doigts, "
" poignée de ce glaive-là ? 
– ",450913,Toute la main,,MISC,450926,", répond Issacar. Je ne veux p"
"là ? 
– Toute la main, répond ",450935,Issacar,,MISC,450942,. Je ne veux pas vous le cache
"en souffrent encore. 
– C'est ",451129,Courbassol,,MISC,451139, qui va être nommé président d
ui va être nommé président du ,451171,Conseil,,ORG,451178,", demain ou après-demain au pl"
après-demain au plus tard ; l',451220,Élysée,,LOC,451226, essaye aujourd'hui une ou deu
 sérieux... Vous me direz que ,451319,Courbassol,,PER,451329, ne l'est guère non plus ; mai
"t de la poigne, comme on dit, ",451712,la France,,LOC,451721, est satisfaite ; en fait de l
inuer... Que vous disais-je ? ,451859,Ah !,,MISC,451863, oui... Dès que Courbassol ser
sais-je ? Ah ! oui... Dès que ,451879,Courbassol,,PER,451889," sera installé, on procède à l"
idé. On nettoie les écuries d',451992,Augias,,PER,451998,"... 
– Ah ! et vous aurait-on "
"ie les écuries d'Augias... 
– ",452005,Ah !,,MISC,452009, et vous aurait-on laissé entr
"romis de me nommer préfet. 
– ",452136,Vraiment !,,MISC,452146, Mes compliments. Mais qu'avez
" J'ai rendu des services, dit ",452255,Issacar,,MISC,452262,... des services... depuis que
is d'une troisième affaire... ,452520,Ah !,,MISC,452524," si je la réussissais, celle-l"
este d'indignation. Comment ! ,452858,Issacar,,MISC,452865,", vous en êtes là !... Vous fa"
"!... 
– Pourquoi pas ? répond ",452933,Issacar,,MISC,452940,". Vous êtes admirable, vraimen"
ntraires aux prescriptions du ,453038,Code,,MISC,453042,", je serais condamné à n'en ja"
 autrefois battue en brèche ? ,453203,Ah !,,MISC,453207, non ; je n'engage ma liberté 
 policier ; quant à l'homme d',453529,État,,LOC,453533,", c'est un composé des deux au"
s deux autres. Il y a aussi l',453584,Artiste,,MISC,453591," ; mais, dans la Société actue"
"ssi l'Artiste ; mais, dans la ",453608,Société,,ORG,453615," actuelle, c'est un monstre. 
"
".. 
– Vous le savez, continue ",453711,Issacar,,MISC,453718,", je suis Juif ; et par conséq"
"ez, continue Issacar, je suis ",453728,Juif,,MISC,453732," ; et par conséquent, tout à f"
ainement pas moyen de retenir ,454391,Issacar,,MISC,454398, davantage. N'importe ; Canonn
ssacar davantage. N'importe ; ,454422,Canonnier,,MISC,454431, et sa fille ont pu mettre le 
"t sont déjà, sans doute, à la ",454507,gare du Nord,,LOC,454519,", il faudra que je prenne le t"
dra que je prenne le train de ,454557,Bruxelles,,LOC,454566," ce soir, et que je les décide"
s décide à partir demain pour ,454618,Londres,,LOC,454625, ; je n'ai pas confiance en l'
 compte de ce qui se passe... ,455020,Dieu de Dieu !,,MISC,455034, C'est Canonnier ! Pourvu qu'I
passe... Dieu de Dieu ! C'est ,455041,Canonnier !,,MISC,455052," Pourvu qu'Issacar... 
Mais Is"
! C'est Canonnier ! Pourvu qu',455063,Issacar,,MISC,455070,"... 
Mais Issacar n'est plus l"
" ! Pourvu qu'Issacar... 
Mais ",455080,Issacar,,MISC,455087, n'est plus là. Il a sauté dan
édé d'une dépêche envoyée par ,455474,Issacar,,MISC,455481, aux mouchards de la frontière
-je pas expliqué les choses à ,455641,Issacar,,MISC,455648,", tout à l'heure ?... Il n'a p"
s convaincu qu'il aurait aidé ,455760,Canonnier,,MISC,455769," à échapper, si je lui avais d"
-- et tous les stratagèmes... ,455991,Ah !,,MISC,455995, il est bien inutile que je pr
"oute, avec celui qui ramènera ",456098,Canonnier,,MISC,456107,"... 
Je suis navré et énervé a"
"fuse ma proposition, telle ce ",456418,Grec,,MISC,456422, incorruptible qui repoussa le
e qui repoussa les présents d',456465,Artaxercès,,PER,456475,. C'est elle qui tient à m'off
"emble le monde renversé... 
– ",456575,À moi ?,,MISC,456582, Oh ! pas du tout. Je ne deman
" monde renversé... 
– À moi ? ",456583,Oh !,,MISC,456587, pas du tout. Je ne demande qu
got est veuve jusqu'à demain. ,456762,Courbassol,,PER,456772, a fait annoncer qu'il ne vien
"hoir à une indigne rivale. 
– ",456866,"Oui, mon cher",,MISC,456879,. Il me trompe avec une actric
 ce qui devrait arriver -- si ,457168,Courbassol,,PER,457178, n'était pas nommé ministre ? 
" Ils ne sont pas nombreux, en ",457376,France,,LOC,457382,", les gens à qui l'on peut con"
"
– Qu'y a-t-il donc ? demande ",457877,Margot,,PER,457883,". 
Moi, je ne sais pas... Mais"
 voix de la femme de chambre. ,458182,Madame,,PER,458188," est toute seule. 
– Voyons, v"
"us êtes là ?... Répondez-moi, ",458447,sacredié !,,MISC,458457," C'est moi, Machinard. 
– Répo"
"ez-moi, sacredié ! C'est moi, ",458469,Machinard,,ORG,458478,". 
– Réponds, murmure Margot ;"
" je pousse un rugissement. 
– ",458635,Humrrr,,LOC,458641," !... 
– Bien, bien, répond Ma"
"rr !... 
– Bien, bien, répond ",458669,Machinard,,ORG,458678,. C'est tout ce que je voulais
as... Il faut vous rendre à l',458765,Élysée,,LOC,458771, pour midi. Le président vous 
 vous offrir la présidence du ,458848,Conseil,,ORG,458855, et le portefeuille de la Just
seil et le portefeuille de la ,458881,Justice,,MISC,458888,. Je compte sur votre exactitu
"exactitude, n'est-ce pas ? 
– ",458940,Humrrr,,LOC,458946," !... 
– Et mes félicitations."
"l'Intérieur qu'il me faut. 
– ",459031,Humrrr,,LOC,459037," !... 
– Et mes compliments, v"
"t mes compliments, vient dire ",459077,Chose,,PER,459082, à travers la porte. Souvenez-
ire Chose à travers la porte. ,459103,Souvenez,,PER,459111,-vous bien de me réserver la M
z-vous bien de me réserver la ,459140,Marine,,ORG,459146,". 
– Humrrr !... 
– Et mes con"
" de me réserver la Marine. 
– ",459151,Humrrr,,LOC,459157," !... 
– Et mes congratulation"
" mes congratulations, reprend ",459198,Un Tel par le trou de la serrure,,MISC,459230,. N'oubliez pas de me désigner
iez pas de me désigner pour l',459268,Agriculture,,LOC,459279,". 
– Humrrr !... 
Puis, on ent"
"signer pour l'Agriculture. 
– ",459284,Humrrr,,LOC,459290," !... 
Puis, on entend leurs p"
"vite, il faut partir, quitter ",459431,Paris,,LOC,459436,"... 
– Qu'est-ce que tu fais ?"
aire de moi un ministre de la ,459581,Justice !,,MISC,459590," 
– Et puis, après ? dit Margo"
"toi aussi bien qu'un autre ? 
",459681,Ah !,,MISC,459685," la malheureuse ! C'est vrai, "
elle me demande mon adresse à ,459819,Londres,,LOC,459826, ; elle viendra peut-être me f
lui ordonner d'aller porter à ,460008,Courbassol,,LOC,460018,", chez l'indigne rivale, la no"
"lle du bonheur qui l'attend. 
",460081,Ah !,,MISC,460085," oui, il va être heureux, Cour"
"Ah ! oui, il va être heureux, ",460111,Courbassol,,PER,460121,. Ministre de la Justice ! Que
" va être heureux, Courbassol. ",460123,Ministre de la,,ORG,460137, Justice ! Quel honneur ! -- Q
 -- Quel honneur même pour la ,460192,Justice,,MISC,460199,", car enfin Courbassol n'est p"
"me pour la Justice, car enfin ",460211,Courbassol,,LOC,460221, n'est peut-être encore que l'
ncore que l'avant-dernier des ,460269,Courbassols,,LOC,460280,"... 
Je me hâte de rentrer che"
arer à partir. Je veux être à ,460372,Bruxelles,,LOC,460381," ce soir car une pensée, tout "
"oup, m'a traversé le cerveau. ",460447,Canonnier,,MISC,460456," a été arrêté, c'est certain ;"
"st devenue sa fille ? 
XVI -- ",460526,ORPHELINE,,PER,460535," DE PAR LA LOI 
Nous ne sommes"
s plus qu'à une demi-heure de ,460594,Bruxelles,,LOC,460603, et le voyageur qui me fait fa
"moirs d'argent, aux initiales ",461406,J.-J.B.,,MISC,461413,", qu'il a déposée dans le file"
es après l'arrivée du train à ,462213,Bruxelles,,LOC,462222,. J'ai une grande expérience d
ientôt mettre en usage sur la ,462532,ligne du Nord,,LOC,462545,". Allons, il ne sera pas trop "
" à l'hôtel du Roi Salomon. 
– ",463160,Ah !,,MISC,463164, monsieur Randal ! s'écrie l'h
"e... 
– Et puis, et puis !... ",463346,M. Canonnier,,PER,463358,", l'avez-vous vu ? 
– M. Canon"
"anonnier, l'avez-vous vu ? 
– ",463380,M. Canonnier,,PER,463392," ? Je crois bien, que je l'ai "
impe l'escalier au plus vite. ,463564,Canonnier,,MISC,463573," est ici !... Alors, qu'est-ce"
 cette comédie jouée hier par ,463649,Issacar,,MISC,463656, ? Avait-il deviné le but de l
"ée. 
– Enfin ! c'est toi, dit ",463923,Canonnier,,MISC,463932, qui vient m'ouvrir. Je commen
r. Qu'est-ce qui t'a retenu à ,464008,Paris,,LOC,464013," ? 
Autant ne point le lui avo"
est nécessaire de partir pour ,464277,Londres,,LOC,464284, à la première heure. J'ai à f
imable ; je pense aussi que l',464500,Angleterre,,LOC,464510, vaut mieux pour moi que la Be
re vaut mieux pour moi que la ,464538,Belgique,,LOC,464546,", et j'étais décidé à ne pas r"
s bagages à la consigne de la ,464656,gare du Nord,,LOC,464668, et j'ai télégraphié à Paterno
"is pas davantage. D'ailleurs, ",464930,Paternoster,,PER,464941, n'aurait aucun intérêt à me r
"ésirons dîner. 
– Ici, répond ",465069,Canonnier,,MISC,465078, ; dans ce salon. Nous serons 
x à notre aise pour causer... ,465142,Hélène,,MISC,465148," est là, continue-t-il en indi"
"hambre au second. Et toi ? 
– ",465286,"Moi, je ne sais pas encore",,MISC,465312,", mais peu importe. Je suis mo"
" même apporté ma valise... 
– ",465399,"Tes valises, tu veux dire",,MISC,465424,". 
– Si tu y tiens ; quoique l"
" depuis très peu de temps. 
– ",465521,Ah !,,MISC,465525, tu l'as fabriquée dans le tra
"on. 
– Je vais te présenter à ",465983,Hélène,,MISC,465989, dès que cette fille sera part
" dispositions envers toi ? 
– ",466337,Oh !,,MISC,466341, elle m'est toute dévouée ; el
nous avons exécuté ensemble à ,467147,Malenvers,,MISC,467156, aura été le dernier auquel tu
"ase. 
– D'autre part, reprend ",467368,Canonnier,,MISC,467377,", il faut une femme jeune, jol"
"adroite. Cette femme, ce sera ",467455,Hélène,,MISC,467461,. J'ignore quels sont ses sent
ui aurai dessillé les yeux... ,467893,Ah !,,MISC,467897," je vais l'amener, continue-t-"
"lle comprenne. Je reviens... 
",468388,Canonnier,,MISC,468397, disparaît derrière la porte q
rain ; la désagrégation de la ,468835,Société sous le vent du scandale,,ORG,468867,", sous la tempête des colères "
 Je songe au sort d'un ami de ,469229,Roger-la-Honte,,PER,469243,", qui s'était introduit, il y "
"s chez eux, les pauvres ?... 
",469510,Hélène,,MISC,469516," est devant moi. 
Une grande j"
rythmique. Chose rare chez la ,469770,Française,,LOC,469779,", l'expression de la tête ne c"
"rands beaux yeux taciturnes. 
",470844,Hélène,,PER,470850, m'a adressé quelques phrases 
"mables que je lui ai rendues, ",470912,Canonnier,,MISC,470921, a déclaré qu'il était très he
"ble. 
– Non, Monsieur, répond ",471031,Hélène,,MISC,471037, à une question que je lui pos
 voyagé. J'ai été deux fois à ,471120,Dieppe,,LOC,471126,", trois fois à Dinard, une foi"
"x fois à Dieppe, trois fois à ",471141,Dinard,,LOC,471147,", une fois à Nice et au Mont-D"
"ois fois à Dinard, une fois à ",471160,Nice,,LOC,471164, et au Mont-Dore. Voilà tout. 
"Dinard, une fois à Nice et au ",471171,Mont-Dore,,LOC,471180,". Voilà tout. Mais, maintenant"
"u as raison de l'espérer, dit ",471284,Canonnier,,MISC,471293, ; nous partirons demain matin
partirons demain matin pour l',471331,Angleterre,,LOC,471341," ; c'est un commencement. 
– V"
t ? Que je suis contente ! La ,471407,Belgique,,LOC,471415," n'est pas bien intéressante, "
"rcevoir, en marchant vite. 
– ",471541,Est,,LOC,471544,"-ce votre avis, monsieur Randa"
"re avis, monsieur Randal ? 
– ",471581,Oh !,,MISC,471585, si tu demandes à Randal... Il
ngent qu'au nivellement de la ,471712,Suisse,,LOC,471718,". 
– Et ces utopistes politiqu"
"ue de chimères. Figurez-vous, ",471807,Mademoiselle,,MISC,471819,", que votre père avait trouvé "
 la solution de la question d',471888,Alsace-Lorraine,,LOC,471903,. Il proposait qu'on y reconst
osait qu'on y reconstituât le ,471942,royaume de Pologne,,LOC,471960,. Les Alsaciens seraient rentr
ât le royaume de Pologne. Les ,471966,Alsaciens,,LOC,471975, seraient rentrés en France et
Alsaciens seraient rentrés en ,471996,France,,LOC,472002, et les Prussiens en Allemagne
ient rentrés en France et les ,472010,Prussiens,,LOC,472019," en Allemagne. Le tout, bien e"
en France et les Prussiens en ,472023,Allemagne,,LOC,472032,". Le tout, bien entendu, soumi"
 article de vous intitulé : « ,472327,La Kleptomanie,,LOC,472341, devant la machine à coudre » 
es peuvent paraître telles en ,472467,France,,LOC,472473,", Mademoiselle, dis-je effront"
"nt paraître telles en France, ",472475,Mademoiselle,,MISC,472487,", dis-je effrontément ; mais e"
dis-je effrontément ; mais en ,472519,Angleterre,,LOC,472529,", je vous assure... 
– Soit ; "
"je verrai, puisque je serai à ",472589,Londres,,LOC,472596," demain. 
– Tu sais donc l'ang"
sais donc l'anglais ? demande ,472641,Canonnier,,MISC,472650,". 
– Assez bien, père. Je lis "
"ngues vivantes au couvent. 
– ",472933,Oh !,,MISC,472937, j'ai appris toute seule. Au c
éveiller le matin en criant : ,473051,Vive Jésus !,,MISC,473063, Nous répondions : Vive Jésus 
" à peu près sur le même ton. 
",473183,Canonnier,,MISC,473192," fait la grimace. 
– L'instruc"
" même ton. 
Canonnier fait la ",473201,grimace,,PER,473208,". 
– L'instruction est une bel"
"chose, dit-il. 
– Oui, répond ",473271,Hélène,,MISC,473277,. L'instruction qu'on donne au
"t que le loup n'y est pas. 
– ",474008,Le loup,,MISC,474015," n'y est jamais, dit Canonnier"
"– Le loup n'y est jamais, dit ",474036,Canonnier,,MISC,474045," ; il est dans la bergerie, en"
"u que de beaux caractères. 
– ",474266,Oh !,,MISC,474270," il n'en manque pas, assure au"
"ue pas, assure audacieusement ",474313,Canonnier,,MISC,474322,. Dieu merci ! il y a encore d
noyé qui revient sur l'eau... ,474417,Hélène,,MISC,474423," continue, de sa voix riche, c"
is déshonoré leur victoire... ,475073,Père,,PER,475077,", est-ce que tu n'as pas aussi"
" avec les déshérités, s'écrie ",475208,Canonnier,,MISC,475217," qui oublie son rôle, ce ne se"
éclair brille dans les yeux d',475499,Hélène,,MISC,475505,". 
– Père, demande-t-elle en s"
"ille dans les yeux d'Hélène. 
",475508,– Père,,PER,475514,", demande-t-elle en se penchan"
"s lui, tu crois à la force ? 
",475592,– Mon Dieu !,,MISC,475604," mon enfant, répond Canonnier,"
"Mon Dieu ! mon enfant, répond ",475624,Canonnier,,MISC,475633,", je... je... 
– C'est le droi"
"t l'expression du droit... 
– ",475797,Ah !,,MISC,475801," s'écrie Hélène en riant, il m"
"n du droit... 
– Ah ! s'écrie ",475810,Hélène,,PER,475816," en riant, il me semble être e"
 être encore dans le salon de ,475869,Mme de Bois-Créault,,PER,475888, ; on y parlait comme vous le 
"it tellement délicieuse, chez ",476100,Mme de Bois-Créault,,PER,476119, ! Je ne manquais pas une prem
tions du souvenir vont gagner ,476316,Hélène,,MISC,476322,", au déplaisir certain de son "
"tain de son père. 
– Je vois, ",476370,Mademoiselle,,MISC,476382,", que vous étiez fort occupée "
". pour lire, par exemple ? 
– ",476490,Oh !,,MISC,476494," si, Monsieur, je lisais beauc"
" sont des hommes d'ordre, dit ",476881,Canonnier,,MISC,476890, ; ils veulent mettre les pauv
"s lu d'autres romans, reprend ",477005,Hélène,,MISC,477011, en souriant. On dit qu'il y a
"de ceux qui en possèdent, dit ",477534,Canonnier,,MISC,477543,". 
– Et qu'est-ce que c'est qu"
"l'argent, père ? 
– Demande à ",477605,Randal,,PER,477611,". 
– Non, Mademoiselle, ne me "
"ère ? 
– Demande à Randal. 
– ",477616,"Non, Mademoiselle",,MISC,477633,", ne me le demandez pas. Je ne"
"rt, entrent dans le salon. 
– ",477849,Eh !,,MISC,477853," bien, dit Canonnier dès qu'el"
"s le salon. 
– Eh ! bien, dit ",477864,Canonnier,,MISC,477873," dès qu'elles sont sorties, pu"
" tous deux, et surtout à toi, ",478087,Hélène,,MISC,478093,", mes idées sur la civilisatio"
" d'un pistolet, s'approche de ",478626,Canonnier,,MISC,478635,". 
– Vous êtes le nommé Canonn"
"onnier. 
– Vous êtes le nommé ",478659,Canonnier,,MISC,478668,", Jean-François ?... J'ai un m"
"Vous êtes le nommé Canonnier, ",478670,Jean-François,,PER,478683, ?... J'ai un mandat d'arrêt d
 d'arrêt décerné contre vous. ,478733,Empoignez,,ORG,478742, cet homme ! dit-il à deux de 
 chacun un des bras du père d',478829,Hélène,,PER,478835,". 
Et Canonnier sort d'un pas "
"n des bras du père d'Hélène. 
",478838,Et Canonnier,,MISC,478850," sort d'un pas ferme, entre le"
"sans un regard, sans un mot. 
",478923,Ah !,,MISC,478927," oui, il doit croire à la forc"
 jamais dans les marécages de ,479294,Cayenne,,LOC,479301,. Mais il sait qu'il est inuti
"ssi... 
On frappe à la porte. ",479736,Hélène,,MISC,479742, se lève de la chaise sur laqu
"rd, celui qui vient d'arrêter ",479893,Canonnier,,MISC,479902,". Cette fois-ci, il salue obsé"
n mandat contre moi ? demande ,480124,Hélène,,MISC,480130, dont la voix tremble de colèr
"colère. 
– Non, certainement, ",480185,Mademoiselle,,MISC,480197,", mais... 
– Eh ! bien, je vou"
"ent, Mademoiselle, mais... 
– ",480210,Eh !,,MISC,480214," bien, je vous prie de ne m'ad"
"ous aurez ce mandat. 
XVII -- ",480304,ENFIN,,ORG,480309," SEULS !... 
Après le départ d"
"
Après le départ du policier, ",480351,Hélène,,PER,480357, a regagné sa chaise ; et elle
"s inévitablement, l'avenir qu'",480669,Ida,,PER,480672, avait prophétisé : une vie d'
"ait que la faire souffrir. 
– ",481695,"Non, Mademoiselle",,MISC,481712,", il n'y a rien à tenter en fa"
"du présent ? 
– Certainement, ",482065,Mademoiselle,,MISC,482077, ; je n'ai point l'honneur d'ê
appréhendez de retourner chez ,482620,Mme de Bois-Créault,,PER,482639, ; vous pensez sans doute qu'e
"ifficilement votre départ... 
",482722,Hélène,,MISC,482728," sourit. 
– Monsieur, me deman"
connaissez-vous la famille de ,482799,Bois-Créault,,PER,482811," ? 
– Pas personnellement. Mai"
"la famille de Bois-Créault ? 
",482815,– Pas personnellement,,PER,482836,. Mais j'en ai entendu souvent
"uis bien renseigné. Son fils, ",483211,M. Armand de Bois-Créault,,PER,483236,", n'a point d'occupation défin"
vie à grandes guides. Quant à ,483337,Mme de Bois-Créault,,PER,483356,", c'est une femme dont le cara"
e me la figure un peu comme l',483447,Égérie,,LOC,483453, vieillie de Numas en simarres
le apercevoir des spectres de ,483528,Rhadamantes modernes,,MISC,483548," autour de sa table à thé. 
– "
– Je ne sais pas si c'est une ,483606,Égérie,,LOC,483612,", dit froidement Hélène. Je sa"
"st une Égérie, dit froidement ",483629,Hélène,,MISC,483635,. Je sais que c'est une maquer
"ence passée. 
Je m'incline et ",484361,Hélène,,MISC,484367," poursuit : 
– Mon père vous a"
"cline et Hélène poursuit : 
– ",484382,Mon père vous,,MISC,484395," a appris, j'en suis sûre, que"
i qu'elle était au service de ,484517,Mme de Bois-Créault,,PER,484536, et que je me trouvais chez ce
moment où ce malheur survint. ,484608,Mme de Bois-Créault,,PER,484627, résolut de ne plus me renvoye
ns quand je vins habiter chez ,484956,Mme de Bois-Créault,,PER,484975," ; j'étais jolie, amusante ; e"
" trois ans, il est mon amant. ",485325,Mme de Bois-Créault,,PER,485344,", cette femme si honorable, m'"
nce... Que pouvais-je faire ? ,486062,Ah !,,MISC,486066," j'ai songé à m'enfuir, à m'éc"
"fait mourir sous la douche ! 
",486709,Hélène,,MISC,486715," s'arrête, la gorge serrée par"
ue de la haine et du dégoût ; ,487120,Mme de Bois-Créault,,PER,487139," aussi, à la longue, s'était p"
"itudes ? Ils sont riches, ces ",487540,Bois-Créault,,LOC,487552,". 
– Oui, répond Hélène ; mais"
" Bois-Créault. 
– Oui, répond ",487569,Hélène,,MISC,487575, ; mais pas assez. Ils ne le s
ettrait à sec les caves de la ,487727,Banque,,ORG,487733,. Et sa mère en est folle ; el
prices. Elle assassinerait... ,487894,Ah !,,MISC,487898, j'ai dû coûter cher à Barzot.
"er à Barzot. 
– Mais, dis-je, ",487946,M. de Bois-Créault,,PER,487964,", le père, ne s'est jamais ape"
"oncevable... 
– Lui ! s'écrie ",488047,Hélène,,PER,488053, en se levant et en marchant n
it. Il y avait un portrait de ,489141,Troplong,,PER,489149," en face du lit... 
– C'est à "
as croire ! dis-je pendant qu',489213,Hélène,,MISC,489219, s'arrête pour jeter un coup d
r qui s'efforce de ramener au ,489834,bercail,,LOC,489841," la brebis égarée... 
– Elle n"
" n'attendra pas à demain, dît ",489899,Hélène,,PER,489905,. Barzot est déjà à Bruxelles.
dît Hélène. Barzot est déjà à ,489925,Bruxelles,,LOC,489934,". 
– Il est ici ? Vous le save"
"ise que vous lui avez volée. 
",490248,Ah !,,MISC,490252, bah !... Ah ! bah !... Mais e
"ui avez volée. 
Ah ! bah !... ",490262,Ah !,,MISC,490266, bah !... Mais elle est pleine
es points sur les i ? demande ,490531,Hélène,,MISC,490537,. Il vaut mieux parler franche
it un voleur. Pensez-vous que ,491072,Mme de Bois-Créault,,PER,491091, me l'avait laissé ignorer ? «
"y regarde pas à deux fois, en ",491748,France,,LOC,491754, ; vous le savez ; j'ai soin d
"s de votre père, qui sont les ",492102,vôtres,,MISC,492108,", et le témoignage que portera"
dministration qui la fourre à ,492301,Saint-Lazare,,LOC,492313, à son gré -- et je vous y fer
"et je vous y ferais crever, à ",492357,Saint-Lazare,,LOC,492369," ! » 
– Quelle honte ! Ah ! to"
"-Lazare ! » 
– Quelle honte ! ",492392,Ah !,,MISC,492396, toutes ces atrocités n'auront
"ment vous faire voir, reprend ",492499,Hélène,,MISC,492505," d'une voix plus calme, que je"
" là à supposer que vous... 
– ",492607,"Oui, dis-je, je suis un voleur",,MISC,492637,. Je ne veux pas vous faire un
u sauvage. Je suis un voleur. ,492965,Mme de Bois-Créault,,PER,492984, avait oublié les voleurs quan
". Vous n'avez pas d'argent ? 
",493259,– ,,PER,493261,"Pas un sou, pas une robe. Je n"
is rien emporté en quittant l',493325,hôtel de Bois-Créault,,LOC,493346,. Mme Ida m'a donné un peu de 
"ureusement, sa fortune est en ",493539,Amérique,,LOC,493547," et vous ne pouvez, au moins q"
"sterling, qui sont déposées à ",493743,Londres,,LOC,493750," à ma disposition, et dont la "
e soir... Voilà qui est fait. ,494771,Videz,,MISC,494776," le sac vous-même, pour être s"
"es. 
– Si vous voulez, répond ",494883,Hélène,,MISC,494889, en riant ; ce sera plus prude
", et un grand portefeuille qu'",495117,Hélène,,MISC,495123," se hâte d'ouvrir. 
– C'est ic"
nt intéresser prodigieusement ,495351,Hélène,,MISC,495357,", ces épîtres ; elle a tressai"
 ont été écrites à Barzot par ,495893,Mme de Bois-Créault,,PER,495912,", depuis trois ans. Il n'y a p"
e j'avais de l'affection pour ,496317,Mme de Bois-Créault,,PER,496336,", je vous dis... Et puis, est-"
" Et puis, est-ce qu'on sait ? ",496382,Barzot,,PER,496388, ne doit pas avoir la tête à l
enant. Il était fou de moi... ,496457,Croyez,,MISC,496463,-vous qu'on pourrait tirer par
"ettres. 
– Je suis prête, dit ",496650,Hélène,,MISC,496656, en se levant ; je n'ai qu'à m
 partions demain matin pour l',496985,Angleterre,,LOC,496995,", au nez des policiers qui n'a"
cher de prendre le train pour ,497086,Ostende,,LOC,497093, et le bateau pour Douvres ; j
our Ostende et le bateau pour ,497112,Douvres,,LOC,497119, ; j'aurais prié l'hôtelier de
trouve en notre possession... ,497418,Ah !,,MISC,497422," bon, je sais où vous irez. Je"
" irez. Je connais une dame, à ",497473,Ixelles,,LOC,497480,", qui tient un pensionnat de j"
t de jeunes filles. C'est une ,497534,Anglaise,,LOC,497542," dont le mari, estampeur de pr"
sirait monter un pensionnat à ,497864,Bruxelles,,LOC,497873, pour les jeunes misses anglai
 en veuve d'un colonel tué au ,498060,Tonkin,,LOC,498066, et tous les papiers nécessair
ôtelier ; je vais l'envoyer à ,498432,Ixelles,,LOC,498439, ; on ne le suivra sans doute 
"ivra sans doute pas... Tenez, ",498483,Hélène,,MISC,498489,", entrez dans votre chambre, s"
"à partir. 
Je sonne tandis qu'",498605,Hélène,,MISC,498611,", après avoir ramassé les papi"
"ête basse, l'air déconfit. 
– ",498817,Ah !,,MISC,498821," monsieur Randal, dit-il, quel"
elque chose de spécial contre ,499219,M. Canonnier,,PER,499231,", savez-vous... 
– Ne vous fai"
e suite. Ah ! j'oubliais : M. ,499443,Roger,,PER,499448," vient d'arriver... 
– Roger-l"
"r-la-Honte ? 
– Oui, monsieur ",499505,Randal,,PER,499511,". 
– Dites-lui qu'il monte imm"
"st lui qui fera ma course. 
– ",499586,Ah !,,MISC,499590," gémit l'hôtelier, la larme à "
 ; et tout aussitôt j'entends ,500016,Roger-la-Honte,,PER,500030," monter l'escalier. Il entre, "
"a serviette autour du cou. 
– ",500109,Te voilà tout de même !,,MISC,500132, me dit-il ; on te croyait per
'est-ce que tu faisais donc à ,500217,Paris,,LOC,500222, ? Broussaille disait qu'on t'
"st arrivé, des histoires !... ",500331,Canonnier arrêté,,MISC,500347,... Ah ! vrai !... Sa fille es
ires !... Canonnier arrêté... ,500351,Ah !,,MISC,500355, vrai !... Sa fille est ici ? 
e je t'avais écrit de venir à ,500521,Bruxelles,,LOC,500530,"... 
– Roger, dis-je, il faut "
"it de venir à Bruxelles... 
– ",500537,Roger,,PER,500542,", dis-je, il faut que tu fasse"
"ant l'hôtel ? 
– Deux, répond ",500746,Roger-la-Honte,,LOC,500760, ; je les ai vus ; ils montent
"porte. 
– Bon. Tu vas aller à ",500853,Ixelles,,LOC,500860,", rue Clémentine ; tu sais ? 
"
" Bon. Tu vas aller à Ixelles, ",500862,rue Clémentine,,LOC,500876," ; tu sais ? 
– Parbleu ! 
– L"
", rue Clémentine ; tu sais ? 
",500890,– Parbleu !,,MISC,500901," 
– Les roussins ne te fileron"
" 
– Bien sûr. 
– Tu diras à l'",501030,Anglaise,,LOC,501038, de faire atteler son petit pa
-il ? Neuf heures. Préviens l',501224,Anglaise,,LOC,501232, que je serai chez elle vers o
"quarts d'heure au plus tard. 
",501357,– Sois tranquille,,PER,501374,", dit Roger ; tu me coupes mon"
"tard. 
– Sois tranquille, dit ",501380,Roger,,PER,501385, ; tu me coupes mon dîner en d
"end l'escalier en courant. 
– ",501480,Eh !,,MISC,501484," bien, dis-je à Hélène qui vie"
"urant. 
– Eh ! bien, dis-je à ",501500,Hélène,,MISC,501506, qui vient de sortir de sa cha
 mon plan : je vais exiger de ,501709,Mme de Bois-Créault,,PER,501728,", sous la menace d'un scandale"
"vec son fils ?... 
– Oui, dit ",501872,Hélène,,PER,501878, dont toute la physionomie exp
"n nom, d'un vrai nom. Je suis ",502399,Mlle Canonnier,,PER,502413,. Il faut que je sois Mme de B
anonnier. Il faut que je sois ,502435,Mme de Bois-Créault,,PER,502454,. -- Ne me dites pas que ces g
" on est avide de scandale, en ",502611,France,,LOC,502617,", et combien les journaux sera"
lle porter mes conditions aux ,502896,Bois-Créault,,PER,502908,"... Le mariage et le silence, "
"plet, le plus irrémédiable... ",503001,Oh !,,MISC,503005," soyez tranquille, continue Hé"
" ! soyez tranquille, continue ",503033,Hélène,,MISC,503039,", ce n'est que le mariage cons"
e d'état civil qu'il me faut. ,503114,M. Armand de Bois-Créault,,PER,503139," ne sera mon mari que de nom, "
 le plus simplement du monde. ,503682,Les Bois-Créault,,LOC,503698,", qui ont l'espoir de me voir "
"sera certain, après cela, que ",504178,Mme de Bois-Créault,,PER,504197," ne le fera plus chanter. 
– E"
"chanter. 
– En effet, murmure ",504244,Hélène,,PER,504250," ; dorénavant, c'est moi qui m"
"i me chargerai de ce soin. 
– ",504307,Ah !,,MISC,504311,"... Ah ! 
– Naturellement, pui"
"rgerai de ce soin. 
– Ah !... ",504315,Ah !,,MISC,504319," 
– Naturellement, puisque j'a"
t le mois que je passerai à l',504457,hôtel de Bois-Créault,,LOC,504478,". 
– Vous n'y resterez qu'un m"
me l'interdisent. Je resterai ,504916,Mme de Bois-Créault,,PER,504935,", honnête et malheureuse femme"
" Barzot demain matin. 
– Non, ",505046,Hélène,,MISC,505052,", il ne faut pas lui écrire. I"
"digeriez-vous, cette lettre ? ",505253,Réfléchissez,,PER,505265,". 
– C'est vrai : Alors, comme"
"
– C'est impossible ! s'écrie ",505596,Hélène,,MISC,505602,. Vous qui l'avez volé dans le
"mi... Maintenant, descendons, ",506417,Hélène,,MISC,506423, ; il est neuf heures et demie
le bruit du petit panier de l',506629,Anglaise,,LOC,506637,". 
– Les roussins viennent de "
"l'hôtelier. 
– Bien. Allons. 
",506736,Hélène,,PER,506742, prend le petit sac qui contie
tons de la maison juste comme ,506842,Roger-la-Honte,,PER,506856," descend du panier. 
– Je n'ai"
" 
Je saute dans la voiture où ",506970,Hélène,,MISC,506976," a déjà pris place, je touche "
possibilité de nous escorter. ,507168,Ixelles,,LOC,507175, est à gauche. Je prends à dro
" Nous sommes suivis, dis-je à ",507242,Hélène,,MISC,507248,", mais pas pour longtemps. Qua"
"n, file comme une flèche. Les ",507663,lanternes du fiacre,,ORG,507682, paraissent s'éteindre lenteme
" des lumières, là-bas ; c'est ",507931,Ixelles,,LOC,507938,". 
– Dans un quart d'heure, di"
"ns un quart d'heure, dis-je à ",507975,Hélène,,MISC,507981, qui a gardé le silence depuis
i ; écoutez et répondez-moi : ,508367,Croyez,,MISC,508373,-vous que je fasse bien d'agir
"cée se pose sur la mienne. 
– ",509017,Oh !,,MISC,509021, si vous saviez comme je voudr
"tes, voulez-vous me prendre ? ",509268,Me,,PER,509270," garder avec vous, toute à vou"
suis intelligente et belle... ,509631,Embrassez-moi fort,,MISC,509649,... encore plus fort... et dit
"Je ferai ce que vous voudrez, ",510342,Hélène,,MISC,510348, ; mais calmez-vous. Nous parl
"cheval, car nous entrons dans ",510480,Ixelles,,LOC,510487,", et je désire qu'on nous rema"
 la cour du pensionnat dont l',510667,Anglaise,,LOC,510675," a ouvert la grille. 
– N'ayez"
oir souhaité une bonne nuit à ,510828,Hélène,,MISC,510834," et, après avoir, aussi, mis l"
" Me voici de retour, dis-je à ",511420,Roger-la-Honte,,LOC,511434, qui m'attend en accumulant de
" acheté, en passant, dans les ",511524,Galeries Saint-Hubert,,ORG,511545,". Tout a été pour le mieux. 
–"
" Tout a été pour le mieux. 
– ",511576,Chouette !,,MISC,511586, dit Roger. Tu me raconteras t
"r le mieux. 
– Chouette ! dit ",511591,Roger,,PER,511596,. Tu me raconteras tout ça en 
"e coup est à faire, non pas à ",511710,Bruxelles,,LOC,511719,", mais à Louvain. C'est Stépha"
", non pas à Bruxelles, mais à ",511728,Louvain,,LOC,511735,. C'est Stéphanus qui me l'a i
"xelles, mais à Louvain. C'est ",511743,Stéphanus,,PER,511752, qui me l'a indiqué... Tu sais
"a indiqué... Tu sais bien, ce ",511792,Stéphanus,,ORG,511801," dont je t'ai parlé souvent, e"
"er, un homme d'affaires... 
– ",511897,Ah !,,MISC,511901, oui ; je me souviens. Dis don
"vec ta permission. 
– Va, dit ",512267,Roger,,PER,512272,. Nous aurons le temps de caus
"d'un camarade, c'est sacré... ",512421,Bonsoir,,MISC,512428,". 
C'est surtout pour réfléchi"
"s où perche-t-il, Barzot ?... ",512731,Diable !,,MISC,512739, il va falloir faire le tour d
ls... Je vais commencer par l',512806,hôtel Mengelle,,LOC,512820,". 
J'ai la main heureuse. C'es"
heureuse. C'est justement à l',512866,hôtel Mengelle,,LOC,512880, qu'est descendu le premier pr
"e lui fais passer ma carte : 
",512958,"Georges Randal 
",,PER,512974,"Ingénieur 
Collaborateur à la "
"Revue Pénitentiaire 
XVIII -- ",513034,COMBINAISONS MACHIAVÉLIQUES,,PER,513061," ET LEURS RÉSULTATS 
En m'aper"
"ûr. 
– Je connais beaucoup un ",513561,M. Randal,,PER,513570,"... 
– M. Urbain Randal ? C'es"
"eaucoup un M. Randal... 
– M. ",513580,Urbain Randal,,PER,513593, ? C'est mon oncle. Je sais en
il m'offrait dans sa villa de ,513804,Maisons-Laffitte,,LOC,513820, et j'aurais eu certainement l
"t. 
– Veuillez m'excuser, dit ",513926,Barzot,,PER,513932, en m'engageant à prendre un s
 le train qui vous amenait de ,514149,Paris,,LOC,514154, ? C'est encore moi. Vous ne v
 Je suis envoyé vers vous par ,514526,Mme Hélène Canonnier,,PER,514546,". 
Barzot ne répond point. Son"
"us par Mme Hélène Canonnier. 
",514549,Barzot,,PER,514555," ne répond point. Son regard, "
"e continue, très lentement : 
",514647,– Mlle Canonnier,,PER,514663, se trouvait à Bruxelles depui
 Mlle Canonnier se trouvait à ,514678,Bruxelles,,LOC,514687, depuis avant-hier avec son pè
"honneur, d'être très lié avec ",514798,M. Canonnier,,PER,514810, ; nous nous sommes rendu des 
"t de coquins au monde !... 
– ",515074,Hâtez,,LOC,515079,"-vous, dit Barzot dont l'attit"
"cadée. 
– Je connaissais donc ",515231,M. Canonnier,,PER,515243,. Mais je n'avais jamais eu le
"rès respectés. 
Les poings de ",515496,Barzot,,PER,515502, se crispent. Comme c'est amus
e ces personnes ont laissée à ,515646,Mlle Canonnier,,PER,515660,. La haute situation que vous 
ations exécutées au nom de la ,515783,Justice,,MISC,515790,", vous a certainement permis d"
nt permis d'apprendre comment ,515839,M. Canonnier,,PER,515851," fut ravi, hier soir, à l'affe"
e cet événement pénible. Mlle ,515947,Hélène Canonnier,,MISC,515963,", restée seule, avec moi, m'av"
"es. 
– Réellement, Monsieur ? ",516371,Misérable,,MISC,516380," ?... Dites-moi donc, s'il vou"
"our violer une jeune fille ? 
",516571,Barzot,,PER,516577, reste muet. Il vient s'asseoi
" son front dans ses mains. 
– ",516680,Combien,,LOC,516687, exigez-vous de ces lettres ? 
e présentais à vous au nom de ,516812,Mlle Canonnier,,PER,516826,", et pas au mien. Ce n'est pas"
"s vendre pour de l'argent. 
– ",517075,Ah !,,MISC,517079," dit-il. Ah !... 
Et il attend"
ille bien lui apprendre ce qu',517240,Hélène,,MISC,517246," réclame de lui. 
– Mlle Canon"
Elle veut se marier ? demande ,517404,Barzot,,PER,517410, dont les yeux s'éclairent et 
ent. Elle veut se marier ?... ,517495,Eh !,,MISC,517499," bien... Tenez, Monsieur, cont"
t se marier ?... Eh ! bien... ,517508,Tenez,,PER,517513,", Monsieur, continue-t-il éten"
"malfaiteur. 
– Alors, reprend ",517876,Barzot,,PER,517882," d'une voix plus grave, je vou"
 le moment où j'ai appris que ,518019,Mlle Canonnier,,PER,518033," avait quitté Paris, les pensé"
e Mlle Canonnier avait quitté ,518047,Paris,,LOC,518052,", les pensées que j'ai agitées"
llusion sociale. Cependant... ,518574,Ah !,,MISC,518578, j'ai compris combien il faut 
se faire entendre. Hélas ! la ,518981,Justice,,MISC,518988, est ouverte à tous. Le restau
ouverte à tous. Le restaurant ,519023,Paillard,,PER,519031," aussi... Et puis, la Justice,"
"Paillard aussi... Et puis, la ",519053,Justice,,MISC,519060,", les lois... Des mots, des mo"
"ui, comment il ose exister, l'",519152,Homme qui Juge !,,MISC,519168, Il faudrait que ce fût un sai
"otion. Des blagues, tout ça ! ",519596,Verbiage,,PER,519604, pitoyable de vieux renard pri
 tôt possible ; et à offrir à ,520120,Mlle Canonnier,,PER,520134, telle somme qu'elle aurait pu
"nez de me dire, Monsieur, que ",520313,Mlle Canonnier,,PER,520327, désire se créer une position 
 votre sacrifice expiatoire ? ,520992,Diable !,,MISC,521000, il n'est pas dur. À moins que
"iteur ! Mais c'est insensé ! 
",521534,Barzot,,PER,521540, baisse la tête. Le monde doit
"e jamais... Voyons, Monsieur. ",523035,Mlle Canonnier,,PER,523049, désire se marier et elle vous
viter un scandale. C'est avec ,523321,M. Armand de Bois-Créault,,PER,523346," que mad... 
– Jamais ! s'écri"
"de Bois-Créault que mad... 
– ",523361,Jamais !,,MISC,523369, s'écrie Barzot qui se lève en
essée. -- Comme vous voudrez. ,523723,Mlle Canonnier,,PER,523737, fera son chemin tout de même.
"tc., etc., sont prévus par le ",524048,Code,,MISC,524052,", je crois ? Quelle figure fer"
"z-vous au procès, Monsieur ? 
",524113,Barzot,,PER,524119," ne répond pas. Appuyé au mur,"
"par hasard ? Il faut voir. 
– ",524327,Voudriez,,PER,524335,"-vous au moins, Monsieur, m'ap"
s certain que réclame de vous ,524496,Mlle Canonnier,,MISC,524510," ? 
– Je l'aime ! crie Barzot."
"ma force, comprenez-vous ?... ",524620,Ah !,,MISC,524624, c'est de la folie et c'est in
"andes, les fortes passions... ",525346,Ah !,,MISC,525350, tout cela n'était pas mort ! 
"de choses honteuses !... Oui, ",526017,Je l'aime,,MISC,526026,", et je ne peux pas... Oh ! c'"
" l'aime, et je ne peux pas... ",526049,Oh !,,MISC,526053, c'est terrible !... Et je l'a
ont frissonner ses épaules... ,526298,Ah !,,MISC,526302," c'est lamentable, certes ; ma"
" tremble, vous pourrez dire à ",526951,Mlle Canonnier,,PER,526965, que je ferai selon son désir 
"que j'irai voir, dès ce soir, ",527028,Mme de Bois-Créault,,PER,527047,". Vous ne voulez pas, sans dou"
"doute, me donner l'adresse de ",527104,Mlle Canonnier,,PER,527118, ? Non. Bien. C'est donc sous 
ous entendrez à ce sujet avec ,527390,Mlle Canonnier,,MISC,527404, quand elle sera Mme de Bois-C
lle Canonnier quand elle sera ,527421,Mme de Bois-Créault,,PER,527440,". Vous ne manquerez pas, j'ima"
"a dernière culbute. 
Et c'est ",527933,Hélène,,MISC,527939," qui va paraître sur la scène,"
de ce qui s'était passé entre ,528149,Barzot,,PER,528155, et moi. Elle m'a écouté avec 
"du qu'il serait trop tard. 
– ",528502,Eh !,,MISC,528506," bien, s'il est trop tard, Hél"
"h ! bien, s'il est trop tard, ",528533,Hélène,,MISC,528539,", n'en parlons pas. 
– Non... "
"tout de même, n'est-ce pas ? 
",529963,Oh !,,MISC,529967, certainement. D'autant plus q
te de sa jeunesse radieuse... ,530419,Ah !,,MISC,530423," si elle avait dit un mot, enc"
"ut succéder qu'au sixième... 
",530864,Et des tas de bêtises pareilles,,MISC,530895,. Quelle joie on éprouve à se 
"artyriser... 
Barzot a écrit. ",530956,Les Bois-Créault,,LOC,530972, se sont décidés au mariage. P
t se sont décidés au mariage. ,531001,Parbleu !,,MISC,531010," Canonnier, de Mazas où il se "
décidés au mariage. Parbleu ! ,531011,Canonnier,,MISC,531020,", de Mazas où il se trouve, a "
" et les bans sont publiés. 
– ",531103,Mon pauvre père !,,MISC,531120, a dit Hélène en pleurant ; cr
"s. 
– Mon pauvre père ! a dit ",531127,Hélène,,MISC,531133, en pleurant ; croyez-vous que
aut attendre qu'il ait quitté ,531291,la France,,LOC,531300,. Je serai renseigné et vous p
" moment venu. 
Qu'a pu penser ",531374,Canonnier,,MISC,531383, du mariage de sa fille ? Je d
"en douter, constitué une dot. ",531506,Roger-la-Honte,,LOC,531520,", que j'avais envoyé à Londres"
"a-Honte, que j'avais envoyé à ",531543,Londres,,LOC,531550, afin de déposer les lettres à
afin de déposer les lettres à ,531581,Chancery Lane,,LOC,531594," , est revenu avec les cinq ce"
nq cents livres que j'ai prié ,531649,Paternoster,,MISC,531660, de lui remettre. Hélène n'a r
 Paternoster de lui remettre. ,531678,Hélène,,MISC,531684," n'a rien voulu accepter, en d"
je lui fais mes adieux chez l',531801,Anglaise,,LOC,531809,", elle me remercie de mes offr"
grand trot. Elle va retrouver ,532224,Mme de Bois-Créault,,PER,532243, qui est venue ce matin la che
 venue ce matin la chercher à ,532281,Bruxelles,,LOC,532290,", et qui l'a priée, par un bil"
"re, de venir la rejoindre à l'",532382,hôtel Mengelle,,LOC,532396,. Elle sera ce soir à Paris...
Mengelle. Elle sera ce soir à ,532418,Paris,,LOC,532423,... Quel avenir lui prépare la
"elle, à moi ? Il me semble qu'",532536,Hélène,,MISC,532542," m'a apporté quelque chose, et"
"oir, ce sera le cambriolage à ",533125,Louvain,,LOC,533132,", avec Roger-la-Honte, sur les"
"e cambriolage à Louvain, avec ",533139,Roger-la-Honte,,LOC,533153,", sur les indications du nommé"
 sur les indications du nommé ,533184,Stéphanus,,ORG,533193,", employé de banque. Et demain"
". 
J'y suis, au fond. 
XIX -- ",533687,ÉVÉNEMENTS,,ORG,533697," COMPLÈTEMENT INATTENDUS 
« .."
IX -- ÉVÉNEMENTS COMPLÈTEMENT ,533711,INATTENDUS,,ORG,533721," 
« ... Décidément, mon cher, "
"yée ; et vous aviez raison, à ",533830,Bruxelles,,LOC,533839, ; je suis très forte. Si vous
"gé de citations latines, du « ",534872,Réquisitoire,,MISC,534884, à travers les Âges ! » Auriez
 « Réquisitoire à travers les ,534899,Âges !,,MISC,534905, » Auriez-vous ri des félicita
 Il en pleuvait. Pensez si je ,535080,contribuais,,LOC,535091," à l'averse !... Enfin, c'est "
".. Enfin, c'est fait. Je suis ",535135,Madame de Bois-Créault,,PER,535157,. L'église le proclame et l'ét
 relis la lettre par laquelle ,536333,Hélène,,MISC,536339,", il y a trois semaines, m'ann"
 de quitter irrévocablement l',536504,hôtel de Bois-Créault,,LOC,536525, et qu'elle va partir pour la 
 laquelle j'ai mis le pied... ,536991,Ah !,,MISC,536995, si l'on pouvait les araser ai
"é -- on met ça sous globe, en ",537167,France,,LOC,537173,", sur un coussin de velours ro"
iformes ne suffisaient pas... ,537290,Souvenirs !,,MISC,537301, Souvenirs !... Et tous les au
", épithalames et épitaphes -- ",537718,Regrets éternels,,MISC,537734,"... Oui, éternels, les regrets"
 les aspirations. Et quant au ,537797,Présent... Je lance la fleur,,MISC,537825, dans le feu qu'Annie vient d'
lance la fleur dans le feu qu',537841,Annie,,PER,537846, vient d'allumer car l'automne
tomne pluvieux et noirâtre de ,537923,Londres,,LOC,537930,". 
Une lueur blafarde et lugub"
epuis que nous sommes revenus ,538207,de Belgique,,LOC,538218,", Roger-la-Honte et moi, après"
"s sommes revenus de Belgique, ",538220,Roger-la-Honte,,LOC,538234," et moi, après avoir fourni la"
it-divers aux journalistes de ,538315,Louvain,,LOC,538322,". Triste ! Triste !... Non, Hé"
"in. Triste ! Triste !... Non, ",538350,Hélène,,MISC,538356, n'est plus la petite femme qu
sse d'une puissance redoutée. ,539227,Le Présent effraye,,MISC,539245,". 
Je ne devrais pas en avoir "
"ierre du tombeau se refermât, ",539583,Avec un grincement d'ironie,,MISC,539610,", sur un dernier et ridicule e"
isse ronger par la rouille... ,539765,Ah !,,MISC,539769, il y a d'autres liens que la 
r l'homme qui se révolte à la ,539858,Société,,ORG,539865, qu'il répudie ; des liens aus
"ble, aussi inexorables que la ",539946,hart,,PER,539950,. Libre autant qu'il désirera 
"e cauchemar héréditaire, de l'",540112,Idéal à la tête invisible,,MISC,540137,", aux pieds putréfiés ; il ne "
i j'écarte les suggestions de ,540986,Roger-la-Honte,,LOC,541000, qui voudrait m'emmener à Veni
onte qui voudrait m'emmener à ,541026,Venise,,LOC,541032,". Qu'y ferais-je, à Venise ? J"
"r à Venise. Qu'y ferais-je, à ",541052,Venise,,LOC,541058, ? Je m'y ennuierais autant qu
"t-être. 
Non, je n'irai pas à ",541639,Venise,,LOC,541645,. Tant pis pour Roger-la-Honte
i pas à Venise. Tant pis pour ,541661,Roger-la-Honte,,PER,541675, ; il attendra. Je n'irais pas
il attendra. Je n'irais pas à ,541708,Venise,,LOC,541714, même si j'étais sûr d'y trouv
on anneau dans les flots de l',541825,Adriatique,,LOC,541835,. J'aime mieux passer mon anne
"ur donne, tout comme un autre ",542453,Français,,LOC,542461,", des noms d'animaux et de lég"
"re ; et j'ai, comme autrefois ",542748,Hercule,,PER,542755,", des compagnons de mes travau"
 disent les vieux habitués du ,542980,café de la Mairie,,LOC,542997,", en province -- rentiers à ce"
ouillent dans ces repaires du ,543813,Crime cosmopolite ,,MISC,543831,; tous les vices s'y rencontre
aux mains rouges. Ce sont les ,544121,Grandes Assises,,MISC,544136, de l'immoralité tenues dans l
s les sous-sols de la tour de ,544193,Babel,,LOC,544198,". 
Intéressant ? Certainement."
" 
Intéressant ? Certainement. ",544229,Homo sum,,PER,544237," et ... et ce sont des hommes,"
infamies dans les couloirs du ,544412,Palais-Bourbon,,LOC,544426,", cette après-midi, que je n'e"
"urs de la morale, bêtes comme ",544693,Dandin,,PER,544699, et cocus comme Marc-Aurèle. I
s comme Dandin et cocus comme ,544715,Marc-Aurèle,,PER,544726,. Ignominie d'un côté ; infami
n et cocus comme Marc-Aurèle. ,544728,Ignominie,,MISC,544737, d'un côté ; infamie de l'autr
 l'honnête femme la cocotte ? ,544897,Est,,LOC,544900,-ce le voleur qui a dépravé l'
 s'amusent avec leur argent ! ,545217,Eh !,,MISC,545221," bien, nous aussi, nous nous a"
ns reprendre dans la poche de ,545422,Prudhomme,,PER,545431,"... Hélas ! on devient fou, ma"
" par à-comptes ; voilà tout. 
",546991,Ah !,,MISC,546995," ne mangez jamais, jamais de c"
"lants, au visage asymétrique. ",547250,Lombroso,,PER,547258, a dû le mettre dans son armoi
 je ne peux le découvrir. Ces ,547325,Voleurs,,MISC,547332, sont des hommes comme les aut
s habituelles sur la scène du ,547617,Français,,LOC,547625,", lorsqu'on joue le répertoire"
- Je viens de rompre avec une ,549047,Allemande,,LOC,549056, qui m'annexait depuis quinze 
efuse de la remplacer par une ,549130,Danoise,,LOC,549137,. Je veux avoir le temps de pl
"temps de pleurer mes veuves. 
",549186,Pleurs de commande !,,MISC,549206, larmes de crocodile ! -- Pas 
ocodile ! -- Pas du tout ! -- ,549249,Affliction candide,,MISC,549267, ; deuil sincère... Hé ! quoi 
on candide ; deuil sincère... ,549287,Hé !,,MISC,549291, quoi ! vous prenez bien la Vi
 ! quoi ! vous prenez bien la ,549319,Vie de Bohème,,MISC,549332," au sérieux, et vous mouillez "
"e chez des banquiers, lorsque ",549491,Mimi,,PER,549495, lâche Marcel sous des prétext
"banquiers, lorsque Mimi lâche ",549502,Marcel,,PER,549508, sous des prétextes qui n'en s
" corbillards de souvenirs... 
",550267,Ah !,,MISC,550271," voilà le chiendent, les souve"
tachent à votre peau comme la ,550390,tunique du Centaure,,LOC,550409,". 
– C'est bien fait, me dit P"
"e. 
– C'est bien fait, me dit ",550438,Paternoster,,PER,550449, à qui je vais confier mes cha
"jardins qui ont des grilles. 
",550781,Paternoster,,PER,550792, commence à m'embêter. Je n'ai
 que m'a faites ce malheureux ,551422,Canonnier,,MISC,551431,. Mais je ne me fie pas à Pate
nier. Mais je ne me fie pas à ,551457,Paternoster,,MISC,551468,. Je sais qu'il a pris des ren
ent d'un pingre !... C'est un ,551646,Turc,,LOC,551650,". Bientôt, on ne pourra plus r"
ai fait la connaissance d'une ,552102,Anglaise,,LOC,552110,", une de ces malheureuses peti"
 l'âge dans les bureaux de la ,552239,Cité,,LOC,552243, et se nourrissent de thé et d
"en, et je vous garantis... 
– ",552694,"Oui, dis-je ;",,MISC,552707, et vous passez sur Waterloo B
", dis-je ; et vous passez sur ",552727,Waterloo Bridge,,LOC,552742,", un pont qui ne s'appelle pas"
ne s'appelle pas pour rien le ,552786,Pont des Soupirs,,LOC,552802,", avec votre éternel sac qui c"
ndit qui vous enverra dans la ,552940,Tamise,,LOC,552946,", par-dessus le parapet, et le"
tre cadavre fera la planche à ,553025,Gravesend,,LOC,553034,". 
Paternoster hausse les épau"
"fera la planche à Gravesend. 
",553037,Paternoster,,LOC,553048," hausse les épaules. 
Il a rai"
"rche après toi, dit le calife ",553146,Omar,,PER,553150, ; c'est pourquoi ne la cherch
"é -- ou au bout d'une corde. 
",553330,Roger-la-Honte,,LOC,553344, ne pense pas autrement. Il me
e que nous venons de faire en ,553442,Hollande,,LOC,553450,", et que nous ne regrettons pa"
ris ce matin le bateau pour l',553537,Angleterre,,LOC,553547,", avec le produit de nos honte"
rcins ; et moi je suis venu à ,553612,Anvers,,LOC,553618," où, si j'en crois la rumeur p"
"istie d'une certaine église. 
",553733,Est,,LOC,553736,-ce un conte ? Je vais m'en as
"r comme dans un four, mais... ",554123,Ah !,,MISC,554127, diable ! Il me semble que j'e
"a main au feu. Curé, vicaire, ",554271,suisse,,LOC,554277,", bedeau ou sacristain, il y a"
"acristain, il y a un homme de ",554320,Dieu,,MISC,554324, en embuscade dans cette pièce
"ne. Homme de Dieu, y es-tu ? 
",554474,Boum !,,MISC,554480,"... 
C'est un coup de pistolet"
"s talons, criant, hurlant. 
– ",554785,Au voleur !,,MISC,554796," Au voleur ! Arrêtez-le !... 
"
"e devant moi, heureusement... ",555253,Si !,,MISC,555257," un homme, un homme couvert d'"
 lui casser la figure avec... ,555499,Ah !,,MISC,555503, non ! Pas jouer ce jeu-là ; ç
"ferme la porte sans bruit. 
– ",556394,Au voleur !,,MISC,556405, Au voleur ! Arrêtez-le !... P
"e ; tenez, voici l'escalier. 
",556848,Nous montons,,LOC,556860,". Un étage. Deux étages. 
– At"
parviens pas à saisir un mot. ,557153,Ça,,MISC,557155, ne fait rien ; cette voix de 
"coup, je le reconnais. 
C'est ",557561,Albert Dubourg,,PER,557575,", mon ami d'enfance, mon camar"
"ait défendu de fréquenter. 
– ",557727,Albert !,,MISC,557735," m'écrié-je. Albert ! 
– Oui, "
"nter. 
– Albert ! m'écrié-je. ",557748,Albert !,,MISC,557756," 
– Oui, dit-il en souriant d'"
" une histoire, figure-toi... 
",558011,– Ne me dis rien,,MISC,558027,. J'aime mieux que tu ne me di
'intention de faire ? Quitter ,558287,Anvers,,LOC,558293," le plus tôt possible, je pens"
"e, je pense ? 
– Oui ; pour l'",558343,Angleterre,,LOC,558353,". 
– Alors tu prendras le bate"
" est absente pour le moment. 
",558935,Albert,,PER,558941," m'y a conduit, dans cette cha"
"urnées, se décidant à quitter ",559285,la France,,LOC,559294, et mourant bientôt de chagrin
"ourant bientôt de chagrin, en ",559329,Belgique,,LOC,559337,", sans avoir pu trouver d'empl"
e bonne figure ; personne. Et ,559675,Albert,,PER,559681,", après avoir accompli son tem"
temps de service militaire en ,559738,France,,LOC,559744,", car il a tenu à rester Franç"
"rance, car il a tenu à rester ",559769,Français,,LOC,559777,", revenant en Belgique et fini"
" rester Français, revenant en ",559791,Belgique,,LOC,559799," et finissant, avec bien du ma"
 place dans les bureaux d'une ,559877,Compagnie,,ORG,559886," de Navigation, qui lui permet"
"ée du lendemain avec eux, car ",560542,Albert,,PER,560548, avait demandé à la maison qui
" ça m'émeut tout plein... 
...",561068,Hé !,,MISC,561072," qui peut dire 
Que pour le mé"
"Que pour le métier de mouton 
",561118,"Jamais aucun loup ne soupire ? 
",,MISC,561150,"Et le soir, quand je les ai eu"
nt que le navire descendait l',561267,Escaut,,LOC,561273,", je me suis pris à me prôner "
art ?... Fantôme de bonheur ! ,561795,"Simulacre d'amour ! 
Vie modeste",,MISC,561827,", mais heureuse... Des blagues"
es chagrins qui l'assaillent. ,561954,Ennuis,,MISC,561960," vulgaires, chagrins prosaïque"
 plus grandes souffrances. -- ,562065,Amour,,PER,562070,... Pas vrai ! Vision décevant
ances. -- Amour... Pas vrai ! ,562085,Vision décevante,,MISC,562101,", dont ils ne sont qu'à moitié"
e qui voudraient les crisper. ,562341,Galériens,,PER,562350," par conviction, tous les deux"
la chaîne de la cordialité... ,562582,Pas de bonheur,,MISC,562596,", dans la misère ; et pas d'am"
"mour, jamais. Jamais. 
Pauvre ",562655,Albert,,PER,562661," !... Voilà que je le plains, "
"ue je le plains, à présent... ",562704,Allons,,LOC,562710,". De Londres, j'enverrai un ca"
"ains, à présent... Allons. De ",562715,Londres,,LOC,562722,", j'enverrai un cadeau à sa fe"
"etins. 
– Tant mieux ! me dit ",562980,Annie,,PER,562985,". Vous commenciez à maigrir. 
"
"pas mal, peut-être, d'écouter ",563085,Roger-la-Honte,,LOC,563099, et de l'accompagner à Venise.
a-Honte et de l'accompagner à ,563122,Venise,,LOC,563128,. Je l'attends justement ce so
" l'attends justement ce soir, ",563162,Roger,,PER,563167,". Il est parti en France, voic"
" soir, Roger. Il est parti en ",563185,France,,LOC,563191,", voici trois jours, pour une "
dirait qu'on entend rouler un ,563327,cab,,ORG,563330,", dans la rue. Oui ; il s'arrê"
et l'on frappe à la porte. -- ,563413,Annie,,PER,563418, a été se coucher de bonne heu
descends ouvrir. Ce n'est pas ,563545,Roger,,PER,563550,"... 
Une femme est sur le seui"
"e. 
– Tu ne me reconnais pas, ",563714,Georges,,MISC,563721," ? dit-elle. 
J'approche la la"
"lotte. 
XX -- OU L'ON VOIT QU'",563806,IL EST SOUVENT DIFFICILE DE TENIR SA,,ORG,563842," PAROLE 
Je suis assis auprès "
"tonnement, accablé d'horreur. ",563971,Ah !,,MISC,563975," le mensonge des conjectures, "
avec la dignité du silence... ,564902,Ha !,,MISC,564906, le dégoût de moi qui me saisi
"un lit que sa mère, aidée par ",565489,Annie,,PER,565494,", lui a préparé dans ma chambr"
iste robe noire d'ouvrière... ,566278,Ah !,,MISC,566282," Dieu de Dieu !... 
La voici. "
"sa tête, comme elle faisait à ",566542,Paris,,LOC,566547,". J'ai eu si peur avant-hier, "
"ez moi bien anxieuse lorsque, ",567604,avenue de l'Opéra,,LOC,567621,", j'ai rencontré Marguerite --"
 j'ai rencontré Marguerite -- ,567652,Marguerite,,PER,567662,", tu te souviens ? l'ancienne "
plus. J'ai pris le train pour ,568946,Londres,,LOC,568953,"... 
– Il y a longtemps, dis-j"
"à toi aussi. 
Et je me mets à ",569875,tisonner,,MISC,569883, les charbons parce que je cro
"le non plus ; mais... Voyons, ",570160,Georges,,MISC,570167,", regarde-moi. Pourquoi pleure"
"vers moi, m'attire à elle. 
– ",570262,Ah !,,MISC,570266," fou, fou ! Tu n'es pas méchan"
" tu aimes aussi, peut-être... ",570376,Embrasse-moi...,,MISC,570391," N'est-ce pas, elle est jolie,"
"s, elle est jolie, ta fille ? ",570433,As-tu,,MISC,570438, vu comme elle te ressemble ? 
 vu comme elle te ressemble ? ,570468,Dis-moi si tu l'aimeras,,MISC,570491,". 
– Non ; tu serais jalouse.."
ais pourquoi... Elle se nomme ,570740,Hélène,,MISC,570746,". 
Brusquement, je retire ma m"
" sur la cause de mon émotion, ",570953,Qu'as-tu ?,,MISC,570963," Oui, j'aurais mieux fait de s"
"de l'appeler Georgette. Mais, ",571050,Hélène,,MISC,571056,", c'est un joli nom aussi. Tu "
"nir, car la nuit est froide. 
",571464,– Demain matin,,MISC,571478,", tu enverras chercher un méde"
u foyer... Ma fille s'appelle ,571941,Hélène...,,MISC,571950," Ah ! qu'elle est amère, cette"
le d'alcool et je me fais des ,572127,grogs,,PER,572132," très forts, toute la nuit. Ve"
"t, tout aussitôt, j'ai envoyé ",572273,Annie,,MISC,572278, chercher un médecin qui lui a
che. Un télégramme envoyé par ,572503,Roger-la-Honte,,PER,572517, qui m'apprend qu'il ne sera d
" navrantes. 
– Maman, bobo... ",573086,Maman...,,MISC,573094," bobo... 
Charlotte la prend d"
"le... 
– Monsieur, vient dire ",573602,Annie,,PER,573607,", le docteur est en bas. 
– Qu"
"Oui, à moins d'un miracle... 
",574321,– Dites-moi franchement,,MISC,574344,", docteur : votre science est-"
ien. Essayez-en... Le docteur ,574709,Scoundrel,,PER,574718, par exemple. C'est la plus ha
" la plus haute autorité... 
– ",574767,"Et, dis-je en hésitant",,MISC,574789, -- car une pensée fâcheuse se
-vous quelle somme le docteur ,574921,Scoundrel,,PER,574930," exigerait pour venir... 
– Oh"
"el exigerait pour venir... 
– ",574958,Oh !,,MISC,574962, répond le médecin en souriant
"ment, entre dans le salon. 
– ",575313,Eh !,,MISC,575317, bien ? demande-t-elle d'une v
 son anxiété. Qu'a-t-il dit ? ,575391,Est,,LOC,575394,"-ce la méningite ? 
– Il ne sa"
"– Oui, mais... 
– Mais quoi ? ",575666,Dis !,,MISC,575671," Quoi ? 
– Ce spécialiste veut"
"r un moyen... Tenez, dis-je à ",576027,Annie,,PER,576032," qui entre, allez chercher ces"
"On a très peur des voleurs, à ",576453,Londres,,LOC,576460,". 
Charlotte sourit d'un souri"
"ourire triste. 
– Crois-tu qu'",576516,Annie,,MISC,576521, réussira à avoir de l'argent 
s ne demanderaient pas mieux. ,576808,Annie,,PER,576813, a les larmes aux yeux ; quant
"aurait peut-être sauvée !... 
",577023,– Ne te désole pas,,MISC,577041,", lui dis-je en prenant mon ma"
rouver l'argent nécessaire... ,577152,Occupe-toi de faire ce qu'a ordonné le docteur,,MISC,577198,. Peut-être ce vésicatoire suf
onné le docteur. Peut-être ce ,577213,vésicatoire,,LOC,577224, suffira-t-il... Mais ne te to
"s. Ce ne sera pas difficile. 
",577403,Ah !,,MISC,577407," si, c'est difficile. Très dif"
saille. Je me fais conduire à ,577746,Kensington,,LOC,577756,. Pourvu qu'elle soit chez ell
"sais où donner de la tête. 
– ",578005,Ah !,,MISC,578009, quel malheur ! s'écrie Brouss
" ne peut me servir à rien. 
– ",578420,Eh !,,MISC,578424," bien, veux-tu m'attendre ? de"
"é, son mouchoir à la main. 
– ",578963,Oh !,,MISC,578967," je suis désolée, désolée ! Mo"
"tôt dans la rue, je prends un ",579444,cab,,ORG,579447, et je donne au cocher l'adres
cocher l'adresse du bureau de ,579493,Paternoster,,LOC,579504,". Je me suis souvenu, subiteme"
 marché aussi bien le jour de ,579803,Pâques,,MISC,579809, que celui de la Trinité. Il e
iver à temps dans la Cité. Le ,579913,cab,,ORG,579916, roule rapidement... Six heure
nt... Six heures moins deux à ,579961,Saint-Paul's,,LOC,579973,"... Mais, au coin de Queen Vic"
"nt-Paul's... Mais, au coin de ",579994,Queen,,ORG,579999, Victoria Street et de la peti
"l's... Mais, au coin de Queen ",580000,Victoria Street,,LOC,580015, et de la petite rue où trafiq
nute à perdre. Je descends du ,580144,cab,,ORG,580147,", je paye le cocher et je m'en"
"t au bout, là-bas, j'aperçois ",580247,Paternoster,,MISC,580258, qui s'en va et je le vois dis
is disparaître au tournant de ,580312,Cheapside,,PER,580321,. Je marche sur ses traces à g
 la somme dont j'ai besoin... ,580952,Ah !,,MISC,580956," bon Dieu !... Mais, pourtant,"
"us terrible, si elle meurt... ",581432,Ah !,,MISC,581436, je ne pense pas à revenir au 
"st ? -- Mais, mais... Voyons, ",581556,Paternoster,,PER,581567, n'osera pas me refuser ; il s
"ement, je ne veux pas aborder ",582065,Paternoster,,MISC,582076, pour lui demander un service.
" froid, et se bombardant de « ",582472,Merry Christmas,,MISC,582487, » ; aux voitures de gui et de
"s, aux guirlandes d'oies, aux ",582673,pyramides de puddings,,LOC,582694,", aux montagnes d'oranges... L"
"es d'oranges... Ludgate Hill, ",582737,Fleet Street,,LOC,582749,", Strand, « Merry Christmas »."
". Ludgate Hill, Fleet Street, ",582751,Strand,,MISC,582757,", « Merry Christmas »... 
Je v"
"Hill, Fleet Street, Strand, « ",582761,Merry Christmas,,MISC,582776," »... 
Je viens de traverser l"
"... 
Je viens de traverser la ",582808,Tamise,,LOC,582814," et, sur les traces de Paterno"
" son éternel sac, je descends ",582898,Waterloo Road,,MISC,582911,". Brusquement, il tourne à dro"
"er... Que faire, maintenant ? ",583061,Oh !,,MISC,583065, c'est bien simple. Je vais me
"oad, à l'endroit d'où j'ai vu ",583454,Paternoster,,MISC,583465, entrer dans la maison dont il
"re pas remarqué ; et, dès que ",583815,Paternoster,,PER,583826," s'est engagé sur la route, da"
 neige... Que vais-je faire ? ,584088,Oh !,,MISC,584092," je le sais, en ce moment ; ma"
ences contre les personnes... ,584387,Tuer !,,MISC,584393, Je ne veux pas tuer ; je n'ai
icemen préposés à la garde de ,584551,Waterloo Bridge,,LOC,584566, se sont repliés à l'entrée de
"présent, que la silhouette de ",584980,Paternoster,,LOC,584991,", là-bas. Il se hâte, une main"
"qu'il est large, ce fleuve ! 
",585445,Attention !,,MISC,585456, Il ne faut plus courir... Que
"nt... Un vagabond, écumeur du ",585530,Pont des Soupirs,,LOC,585546,", qui a vu mon sac et arrive s"
se manger entre eux... Devant ,585718,Somerset House,,LOC,585732,", je saute dans un cab. 
– Enf"
"erset House, je saute dans un ",585751,cab,,ORG,585754,". 
– Enfin ! te voilà, s'écrie"
pas besoin de me gêner devant ,586037,Annie,,PER,586042,", qui m'a suivi au premier éta"
"res, six cents peut-être. 
–  ",586217,Good job  !,,MISC,586228, s'écrie Annie chez qui triomp
"être. 
–  Good job  ! s'écrie ",586237,Annie,,PER,586242, chez qui triomphent les magni
ie qui caractérisent sa race. ,586329,Bonne affaire !,,MISC,586344," 
– Tenez, vieille femme, voic"
 cinquante livres ; prenez un ,586405,cab,,ORG,586408,", allez chez le docteur Scound"
"un cab, allez chez le docteur ",586432,Scoundrel,,PER,586441,", dans Harley Street, donnez-l"
"ez le docteur Scoundrel, dans ",586448,Harley Street,,MISC,586461,", donnez-lui ça d'avance et ra"
"nts, tout ce qu'il voudra... 
",586601,Annie,,PER,586606, a descendu l'escalier quatre 
"eux égarés. 
– Qu'as-tu fait, ",586923,Georges,,MISC,586930, ? me demande-t-elle d'une voi
me compromettre... quoique... ,587293,Ah !,,MISC,587297, il est bien certain que Pater
"ces crises... Viens la voir. 
",588167,Ah !,,MISC,588171, c'est effrayant... Mais ce n'
"irait qu'elle a trois ans... 
",588683,Annie,,PER,588688," entre dans la chambre. 
– Mon"
issant tomber sur une chaise. ,588991,Seigneur !,,MISC,589001, Seigneur ! que je souffre ! O
er sur une chaise. Seigneur ! ,589002,Seigneur !,,MISC,589012, que je souffre ! Oh ! c'est a
! Seigneur ! que je souffre ! ,589030,Oh !,,MISC,589034," c'est affreux... 
Oui, Noël, "
e ; une tête de veau au blanc ,589246,d'Espagne,,LOC,589255,". 
– Monsieur, me dit-il, j'ai"
"rci, Monsieur, dit le docteur ",589534,Scoundrel,,PER,589543," avec un sourire livide, et en"
" Vraiment ? 
– Sur l'honneur, ",590514,Monsieur !,,MISC,590524, dit-il en frappant de la main
rache une douleur sans nom... ,591211,Ha !,,MISC,591215," Horrible, cette agonie d'enfa"
"x hagards, et recule jusqu'au ",591618,mur,,MISC,591621,". 
– Elle est morte ! crie-t-e"
 seulement par les sanglots d',592033,Annie,,PER,592038," agenouillée dans un coin, règ"
"e s'accomplir l'irréparable. 
",592130,XXI -- ON,,MISC,592139," N'ÉCHAPPE PAS À SON DESTIN 
–"
"r l'irréparable. 
XXI -- ON N'",592142,ÉCHAPPE,,ORG,592149," PAS À SON DESTIN 
– Oui, je s"
ouzaine de jours. J'ai quitté ,592235,Paris,,LOC,592240, au reçu de la dépêche qui m'a
 vu comment on l'a trouvé sur ,592780,Waterloo Bridge,,LOC,592795,", la nuit de Noël, ce pauvre H"
"e, la nuit de Noël, ce pauvre ",592824,Har,,MISC,592827,... Mais vous ne le connaissie
onnaissiez que sous le nom de ,592878,Paternoster,,MISC,592889," ? 
– Seulement. 
– Moi, j'éta"
"doute, de le jeter dans cette ",593123,Tamise,,LOC,593129, qui charrie tant de cadavres.
"ée... Puis, le délire a saisi ",593794,Paternoster,,MISC,593805, et son agonie a duré prés de 
"uples, qui s'y connaissent... ",594226,Ah !,,MISC,594230, quelles canailles que les can
" fait ? Et puis, canailles... ",594311,Est,,LOC,594314,"-ce que la bourgeoisie, pour a"
mploient les malfaiteurs ? Et ,594456,Église,,MISC,594462," ? Assassinat et vol, vol et a"
les malfaiteurs ? Et Église ? ,594465,Assassinat et vol,,MISC,594482,", vol et assassinat. L'homme q"
iure de bois. -- Quel monde ! ,595009,Ah !,,MISC,595013, les enfants qui meurent au be
"rceau sont bien heureux... 
– ",595073,Non !,,MISC,595078," dis-je, ils ne sont pas heure"
es assez vils pour accepter ? ,595821,Est,,LOC,595824,"-ce cela ? Il faut croire, alo"
 à opérer dans cette forêt de ,596245,Bondy,,LOC,596250, où font ripaille les hyènes d
on. Si l'on voulait ! Mais... ,596426,Ah !,,MISC,596430, quelle servilité ! Qui donc é
"u'il avait des instincts. 
–  ",596749,Consensus omnium,,ORG,596765," , ricane l'abbé. Cet acquiesc"
a concorde universelle ?... « ,596878,Paix sur la terre,,MISC,596895,", bonne volonté parmi les homm"
"de Paternoster. 
– Le sort de ",597041,Paternoster,,PER,597052," ne m'émeut pas énormément, di"
r répond aux déclamations des ,598205,Tartufes de la fraternité,,MISC,598230, qui mènent l'humanité à l'aba
 cracher au nez de l'imbécile ,598859,Société,,ORG,598866," qui nous refuse le bonheur, n"
 et que je ne peux pas aimer. ,599675,Oh !,,MISC,599679," je voudrais l'aimer, pourtant"
"ître. Que fais-tu avec lui ? 
",600735,– ,,PER,600737,Pas grand'chose. Des cambriola
"elles ont à laisser passer ? 
",601387,– ,,MISC,601389,"Tu te trompes, Georges, je rai"
"er passer ? 
– Tu te trompes, ",601404,Georges,,MISC,601411,", je raisonne autrement aujour"
on amour... Tu m'as dit... -- ,603251,Oh !,,MISC,603255, tu m'as dit et je m'en souvie
"ue je t'aimais, voilà tout... ",603791,Ah !,,MISC,603795," je ne le sais, pas, pourquoi "
" qu'on appelle des beautés, à ",605083,Paris,,LOC,605088, ; et je les ai vues aussi ; j
"e ne sois prête à vaincre, je ",605407,surmonterai,,LOC,605418," tous les dégoûts. Oui, s'il f"
" être aimée d'un voleur... 
– ",605506,Tais-toi,,MISC,605514,", tais-toi ! lui dis-je en lui"
"t le mal que je t'ai fait. 
– ",605747,Ah !,,MISC,605751," dit-elle, si tu m'aimes, est-"
"le soir même, pour le midi de ",605877,la France,,LOC,605886,. Nous y avons passé trois moi
ai voulu conduire Charlotte à ,606527,Monte-Carlo,,LOC,606538,", qu'elle n'avait jamais vu. M"
"is vu. Moi, je le connais, le ",606590,Casino,,LOC,606596, célèbre. Je lui ai rendu visi
trant dans ce château-fort du ,607025,Jeu,,MISC,607028,", l'impression que ressentit A"
nt dans le souterrain fameux. ,607104,Oh !,,MISC,607108, non ; ils me font plutôt l'ef
le et je place quatre ou cinq ,609312,louis,,PER,609317, au hasard... Mon numéro gagne
"trouves-tu mal ? 
– Un peu... ",609807,"Viens, je t'",,MISC,609819,"en prie... 
Elle s'appuie à mo"
 trois mois que nous sommes à ,610367,Nice,,LOC,610371,. J'ai entendu dire que lorsqu
"s... Nous partirions demain. 
",610483,– Demain ?,,MISC,610493, Et où irions-nous ? À Londres
emain ? Et où irions-nous ? À ,610516,Londres,,LOC,610523," ? 
– Oui, à Londres ; où il t"
"-nous ? À Londres ? 
– Oui, à ",610536,Londres,,LOC,610543, ; où il te plaira... Je voudr
voir ce qui a pu se passer... ,611090,Oh !,,MISC,611094," rien du tout, probablement. C"
oment qu'elle ne parle pas... ,611192,Fantaisie de femme,,MISC,611210,", tout simplement... lubie... "
ois que nous sommes revenus à ,611293,Londres,,LOC,611300,", et je n'ai guère passé plus "
"trois ou quatre petits coups, ",611514,Roger-la-Honte,,PER,611528," et moi, qui n'étaient vraimen"
"mier est pour après-demain, à ",611679,Orléans,,LOC,611686,", et il faut nous mettre en ro"
is pris tu pourras te dire... ,613465,Tiens,,MISC,613470,", tu me mettrais en colère, te"
"tu veux que je te le dise... 
",613633,Et je suis sorti de la maison,,MISC,613662,", furieux, sans vouloir permet"
ont du bateau que j'ai pris à ,613855,Saint-Malo,,LOC,613865,", tout seul, Roger-la-Honte ét"
"pris à Saint-Malo, tout seul, ",613878,Roger-la-Honte,,PER,613892, étant parti pour Bordeaux une
ger-la-Honte étant parti pour ,613910,Bordeaux,,LOC,613918, une fois le coup fait à Orléa
deaux une fois le coup fait à ,613943,Orléans,,LOC,613950,". Oui, c'est insensé. Charlott"
int si elle ne m'aimait pas ; ,614162,C'est tout naturel,,MISC,614180," que le hors-la-loi, l'homme h"
"des dénouements tragiques. 
– ",614798,Madame,,PER,614804, se meurt de peur quand vous n
"d vous n'êtes pas là, m'a dit ",614856,Annie,,PER,614861,". 
Ah ! je me demande pourquoi"
"'êtes pas là, m'a dit Annie. 
",614864,Ah !,,MISC,614868, je me demande pourquoi je lui
 ; et je n'aurai besoin ni de ,615843,Canonnier,,MISC,615852, ni de Paternoster pour m'aide
 besoin ni de Canonnier ni de ,615859,Paternoster,,PER,615870," pour m'aider, quand cela me p"
" 
Dans deux heures je serai à ",616157,Southampton,,LOC,616168,", et ce soir à Londres. C'est "
"i à Southampton, et ce soir à ",616183,Londres,,LOC,616190,. C'est bon. Je parlerai à Cha
"r le suicide. 
Je descends du ",616552,cab,,ORG,616555, que j'ai pris à Waterloo Stat
scends du cab que j'ai pris à ,616572,Waterloo Station,,MISC,616588,", et je fais résonner de toute"
" marteau qui pend à ma porte, ",616660,Annie,,PER,616665," vient m'ouvrir. 
– Bonsoir, A"
"rte, Annie vient m'ouvrir. 
– ",616685,Bonsoir,,MISC,616692,", Annie. Madame est là-haut ? "
"e vient m'ouvrir. 
– Bonsoir, ",616694,Annie,,PER,616699,". Madame est là-haut ? 
– Mons"
" m'ouvrir. 
– Bonsoir, Annie. ",616701,Madame,,PER,616707," est là-haut ? 
– Monsieur... "
tes. Les pièces sont vides... ,616971,Annie,,PER,616976,", qui m'a suivi, me regarde to"
" la fin, nom de Dieu ? Où est ",617104,Madame,,PER,617110," ? 
– Elle est partie hier, ré"
" Elle est partie hier, répond ",617145,Annie,,PER,617150, en sanglotant... Je lui disai
 malheur... Tu m'oublieras... ,617882,Ah !,,MISC,617886, pourquoi ai-je voulu revenir 
ourquoi ai-je voulu revenir à ,617918,Londres,,LOC,617925, ? Pourquoi ont-ils passé si v
e de joie dont le souvenir me ,618099,supplicie,,PER,618108," en écrivant ces lignes, dans "
"s affres de mon agonie.... » 
",618170,XXII,,PER,618174," -- « BONJOUR, MON NEVEU » 
– "
"e mon agonie.... » 
XXII -- « ",618180,BONJOUR,,MISC,618187,", MON NEVEU » 
– Qu'est-ce que"
"nie.... » 
XXII -- « BONJOUR, ",618189,MON NEVEU,,MISC,618198," » 
– Qu'est-ce que tu me donn"
e ? me demande Broussaille qu',618290,Annie,,PER,618295, vient d'introduire dans la sa
 ; je meurs de soif. Merci... ,618728,Eh !,,MISC,618732," bien, mon petit, j'ai vu ton "
" petit, j'ai vu ton père ! 
– ",618772,Mon père !,,MISC,618782, Mais il est mort depuis bient
"epuis bientôt quinze ans ! 
– ",618831,Ah !,,MISC,618835, dit Broussaille très tranquil
"ntôt quinze ans ! 
– Ah ! dit ",618840,Broussaille,,PER,618851, très tranquillement. C'est qu
" je me suis trompée, vois-tu. ",618912,Ça,,MISC,618914, arrive à tout le monde. Enfin
 viens de passer huit jours à ,619004,Vichy,,LOC,619009,. J'y serais même restée plus 
tée plus longtemps si ma sœur ,619060,Eulalie,,PER,619067, n'avait pas été là ; mais ave
s parents tiennent un hôtel à ,619268,Vichy,,LOC,619273," ? 
– Oui, ton frère me l'a ap"
" leurs affaires ont prospéré, ",619418,Roger,,PER,619423, et moi nous les avons aidés u
"superbe, un des plus beaux de ",619535,Vichy,,LOC,619540,", l'hôtel Jeanne d'Arc . 
– Ah"
"un des plus beaux de Vichy, l'",619544,hôtel Jeanne d'Arc,,LOC,619562," . 
– Ah ! oui, je vois ça ; s"
"hy, l'hôtel Jeanne d'Arc . 
– ",619568,Ah !,,MISC,619572," oui, je vois ça ; sur le parc"
" sur le parc, n'est-ce pas ? 
",619620,– Justement,,MISC,619631,. Parmi les personnes qui séjo
vé avec une grande cocotte de ,619791,Paris,,LOC,619796,", Melle... Melle... je ne me s"
" une grande cocotte de Paris, ",619798,Melle...,,MISC,619806, Melle... je ne me souviens pl
". Randal, j'avais pensé... 
– ",619953,Urbain Randal,,PER,619966," ? 
– Oui, c'est ça ; Urbain R"
"n Randal ? 
– Oui, c'est ça ; ",619988,Urbain Randal,,PER,620001,". 
– C'est mon oncle, dis-je ;"
"oncle, dis-je ; ah ! il est à ",620046,Vichy,,LOC,620051,"... 
– Oui, avec la cocotte en"
es beaux yeux vont pleurer... ,620352,Ah !,,MISC,620356, je sais ! Tu penses à l'hérit
 vais me mettre en route pour ,620809,Vichy,,LOC,620814," ce soir, empoigner mon oncle "
 maison vide en y rentrant... ,621303,Ah !,,MISC,621307, je ne pourrai pas dire quels 
"faites à moitié, toujours. -- ",622757,Oh !,,MISC,622761," je m'en souviens, je m'en sou"
iologiques. Aux simagrées des ,624133,Tartufes de la civilisation,,ORG,624160,", aux contorsions béates des g"
mes du bagne qui s'appelle la ,624231,Société,,ORG,624238,", un geste d'animal peut seul "
"in, environ, quand j'arrive à ",624820,Vichy,,LOC,624825,. Un train quitte la gare au m
ne femme... -- Margot ! c'est ,625009,Margot !,,MISC,625017, -- qui m'accueille avec une g
"ce et un gracieux sourire. 
– ",625090,Dis-moi donc bonjour !,,MISC,625112, Comme tu as l'air étonné de m
"s pu m'appeler « ma tante. » 
",625242,– Ah !,,MISC,625248," c'est toi, dis-je comme dans "
"toi... Et où est-il, lui ? 
– ",625323,Ton oncle ?,,MISC,625334," Il vient de partir, de me qui"
abandonner ; et je suis comme ,625405,Calypso,,LOC,625412,. Tu vois que j'ai fait des pr
 as l'air tout désappointé... ,625657,Ah !,,MISC,625661, je devine : tu venais lui emp
" N'est-ce pas, que c'est ça ? ",625740,Embêtant !,,MISC,625750," Si tu étais arrivé hier, seul"
"ne sais pas où il est allé ? 
",626451,– Pas du tout,,MISC,626464,. Il m'a dit qu'il partait pou
r chemins. Nous l'appelons le ,626832,Juif-Errant,,MISC,626843,. Il ne se plaît nulle part. I
 voir quelle figure tu fais ! ,627057,Ça,,MISC,627059, tient peut-être de famille ? 
"avais averti de ta visite. 
– ",627510,Ah !,,MISC,627514," non, par exemple, dis-je en r"
'il te déteste tant ! reprend ,627619,Margot,,MISC,627625,". Il faut dire, aussi, que tu "
"is-tu ?... Il t'a dit ?... 
– ",627748,Oh !,,MISC,627752, rien du tout ; mais ce n'étai
viens d'être venu avec elle à ,628014,Monte-Carlo,,LOC,628025,", vers la fin de l'hiver derni"
"nier ? 
– Oui. Eh ! bien ? 
– ",628083,Eh !,,MISC,628087," bien, j'y étais aussi, moi, a"
"r quelque temps auparavant, à ",628439,Paris,,LOC,628444,", j'avais rencontré... 
Je n'é"
tance à quitter les salons du ,628834,Casino,,MISC,628840,. C'était son père qu'elle ava
hambre devenue horizontale... ,629145,Ah !,,MISC,629149, l'être horrible ! Il faut que
" ; c'est la première fois. » 
",629493,Chance !,,MISC,629501," Il appelle ça la chance, le m"
 en te racontant ça ? demande ,630254,Margot,,PER,630260,. Pardonne-moi ; je ne me dout
"ens ne te ressemblent pas. 
– ",630474,Eh !,,MISC,630478," bien, ceux-là, il faut les la"
te à méditer sur les dires de ,630677,Pierre,,MISC,630683, ou les actions de Paul... Tâc
 peux pas. Je suis attendue à ,630884,Cusset,,LOC,630890, ; je suis très demandée en ce
"drai vers dix ou onze heures, ",630970,Tiens,,MISC,630975,", voici l'hôtel Jeanne d'Arc ,"
"u onze heures, Tiens, voici l'",630985,hôtel Jeanne d'Arc,,LOC,631003," , où j'habite ; prends-y une "
re. Leurs enfants demeurent à ,631165,Londres,,LOC,631172,". 
– C'est vrai, dit Margot, l"
"est bien drôle, tout ça ! dit ",631496,Margot,,PER,631502, comme la voiture s'arrête dev
a que j'aille faire un tour à ,631583,Londres,,LOC,631590,", pour voir. Je crois que tu m"
"mants, ces propriétaires de l'",632022,hôtel Jeanne d'Arc,,LOC,632040, . Ils ont été enchantés d'app
" de leurs enfants, surtout de ",632142,Roger,,PER,632147, qu'ils n'ont pas vu depuis pl
"ivement que leur fille aînée, ",632283,Eulalie,,PER,632290,", eût été invitée chez M. le c"
"it excusée, certainement, dit ",632410,Mme Voisin,,PER,632420, ; elle aurait été si heureuse
rtir ; qui sait ? Pour ce que ,632698,le Diable,,MISC,632707," me paye ma peau, je ferais au"
" meurs de faim. Heureusement, ",632876,Mme Voisin,,PER,632886," vient nous arracher, son mari"
Je dévore ; et les parents de ,633041,Roger-la-Honte,,LOC,633055, ont le bon esprit de ne point
" Quels braves gens, ces époux ",633281,Voisin,,PER,633287, ! Et quelle bonne cuisine ils
l'existence que nous menons à ,633800,Londres,,LOC,633807,. Ils s'en inquiètent avec int
 ? Dormez-vous bien ? demande ,633915,Mme Voisin,,PER,633925,". 
– Oui, Madame ; très bien. "
"? demande Mme Voisin. 
– Oui, ",633935,Madame,,PER,633941," ; très bien. 
– Avez-vous des"
 ! Vous amusez-vous ? demande ,634075,M. Voisin,,PER,634084,". 
– Oui, Monsieur, beaucoup. "
nt-elles à peu près ? demande ,634273,M. Voisin,,PER,634282,". 
– Oui, Monsieur, pas mal. 
"
ien vos précautions ? demande ,634369,Mme Voisin,,PER,634379,". 
– Oui, Madame, toujours. 
–"
"? demande Mme Voisin. 
– Oui, ",634389,Madame,,PER,634395,", toujours. 
– Allons, tant mi"
" Voyez-vous, Monsieur, me dit ",634737,Mme Voisin,,PER,634747, comme un garçon vient cherche
un pigeon ; je ris avec elle. ,635581,Eulalie,,LOC,635588, vient me parler des peines et
venir ; je m'émeus avec elle. ,635677,Roger,,PER,635682, m'apprend ce que lui a rappor
 tant de satisfactions ! Même ,635832,Eulalie,,MISC,635839, ; elle prie pour nous. Ça peu
ulalie ; elle prie pour nous. ,635863,Ça,,MISC,635865, peut servir ; on ne sait jama
 on ne sait jamais... Quant à ,635909,Broussaille,,PER,635920," et à Roger, je ne vous cache "
s... Quant à Broussaille et à ,635926,Roger,,PER,635931,", je ne vous cache pas que j'é"
à propos de Broussaille et de ,637014,Roger,,PER,637019,", c'est leur santé. Ce qui me "
spositions de petites filles. ,637296,Ça,,MISC,637298," use si vite, l'exaltation, da"
cret ? Enfin... c'est que ces ,637566,Anglais,,LOC,637573," sont si brutes, et c'est tell"
a marierons ; mais pas avant. ,637747,Ça,,MISC,637749," ne vaut jamais rien, de se ma"
se marier trop tôt... Quant à ,637804,Roger,,PER,637809,", je ne me lasse pas de lui re"
"ropos, c'est votre parent, ce ",638154,M. Randal,,PER,638163, qui est si riche et qui est p
"is-je. Et c'est un voleur. 
– ",638316,Ah !,,MISC,638320, répond Mme Voisin fort tranqu
"est un voleur. 
– Ah ! répond ",638328,Mme Voisin,,PER,638338, fort tranquillement ; je n'au
"ette dame qu'il a amenée ici, ",638552,Mlle de Vaucouleurs,,MISC,638571,", qui va regretter son départ "
"faites bien de m'avertir, dit ",638751,Mme Voisin,,PER,638761, sans s'émouvoir ; je vais vou
uvre dans le salon de Mlle de ,638885,Vaucouleurs,,LOC,638896, ; ce sera plus commode pour v
là que je fais des phrases... ,640573,"Un petit verre de chartreuse ? 
",,MISC,640605,Non. Mme Voisin s'échauffe un 
"t verre de chartreuse ? 
Non. ",640610,Mme Voisin,,PER,640620," s'échauffe un peu, et je préf"
re faire un tour au parc ; et ,640741,M. Voisin,,PER,640750,", que je rencontre dans le ves"
", ses arbres sans majesté. Le ",641397,Casino là-bas,,LOC,641410,", tout au bout ; le Kiosque à "
"ino là-bas, tout au bout ; le ",641430,Kiosque,,MISC,641437," à musique, à côté, où grince "
"up, devant l'abbé Lamargelle. ",642065,Rencontre bizarre,,MISC,642082,", inattendue, presque providen"
ais : j'ai l'air de me nommer ,642897,Gaston,,MISC,642903, ; mais c'est moi tout de même
viaire qu'il tient à la main. ,643504,Remarquez,,PER,643513," comme ses narines palpitent, "
e symphonie à la gloire de la ,644300,Discorde,,ORG,644308,. Il m'avait semblé tout d'abo
le sort a voulu qu'il quittât ,645363,Vichy,,LOC,645368, juste au moment où vous y arr
chy juste au moment où vous y ,645395,arriviez,,LOC,645403,", je pense que ce serait de la"
 force -- la vraie force ? -- ,647571,Vieilleries,,LOC,647582,", tout ça ; bêtises... Voyez-v"
"ivre, aussi. Et ça suffira... ",647821,Vengez,,MISC,647827,-vous pendant que la fureur vo
"r. Où êtes-vous descendu ? 
– ",648609,À l'hôtel Jeanne d'Arc,,MISC,648631," . 
– Excellente idée que vous"
nates. Jusqu'ici je logeais à ,648771,Saint-Vincent de Paul,,LOC,648792," , avec la majorité de ces hom"
"trichent ? 
– Comme le roi de ",649131,Grèce,,LOC,649136,. Je suis d'une adresse à rend
adresse à rendre des points à ,649182,Robert-Houdin,,PER,649195, et mon doigté est simplement 
"er, avec moi demain matin à l'",651291,hôtel Saint-Vincent de Paul,,LOC,651318," . Je vous présenterai, de vou"
"a vierge, timbale de nouilles ",651525,saint Joseph,,PER,651537,", crème terre-sainte et Châtea"
"Joseph, crème terre-sainte et ",651561,Château-Céleste,,PER,651576,... Je déménagerai après le ca
passerai encore une semaine à ,651660,Vichy,,LOC,651665,". Après quoi, mon retour à Par"
"chy. Après quoi, mon retour à ",651692,Paris,,LOC,651697," s'impose. 
– Une bonne œuvre "
"impose. 
– Une bonne œuvre ? 
",651730,– Justement,,MISC,651741,. Je m'occupe de la fondation 
"haritable, car vous savez que ",651880,la France,,LOC,651889, se dépeuple effroyablement et
 j'espère. La directrice sera ,652152,Mme Boileau,,PER,652163,". Vous connaissez, je crois ? "
"ous connaissez, je crois ? 
– ",652196,Mme Boileau,,PER,652207," ? Non ; pas du tout. 
– Mme I"
"ileau ? Non ; pas du tout. 
– ",652232,Mme Ida Boileau,,PER,652247,", rue Saint-Honoré ? 
– Quoi !"
" du tout. 
– Mme Ida Boileau, ",652249,rue Saint-Honoré,,LOC,652265," ? 
– Quoi ! Comment !... 
– M"
"e me rappelle pas... 
– C'est ",652963,M. Armand de Bois-Créault,,PER,652988,", dit l'abbé ; il est l'amant "
ai cessé de correspondre avec ,653190,Hélène,,MISC,653196, depuis plusieurs mois et je n
répond l'abbé. Elle habite la ,653300,Belgique,,LOC,653308, et je n'ai jamais eu l'honneu
"r, bien que j'aille souvent à ",653379,Bruxelles,,LOC,653388,. Mais j'en ai entendu parler 
" si vous voulez, qui se nomme ",653485,Delpich,,PER,653492, et avec lequel elle fait des 
" plus, celle de la famille de ",653707,Bois-Créault,,PER,653719,". 
– Elle est édifiante. 
– Mm"
. Vous me direz que le cas de ,654813,Mme de Bois-Créault,,PER,654832, est un cas exceptionnel. Je v
" encore, pour leurs fils, que ",654937,Mme de Bois-Créault,,PER,654956,". Combien de femmes, surtout d"
" me rappelle Broussaille, une ",656025,Broussaille,,PER,656036, pleine de dignité. Elle va pa
". 
– Oui, certainement. C'est ",656278,Mlle Eulalie Voisin,,PER,656297,", la fille... 
– Oh ! je sais "
"ulalie Voisin, la fille... 
– ",656314,Oh !,,MISC,656318, je sais ; mais je n'avais pas
"la connaître. 
– Elle va à la ",656392,Grande Grille,,LOC,656405,", dit l'abbé comme la sœur de "
", dit l'abbé comme la sœur de ",656435,Roger-la-Honte,,PER,656449," disparaît, au bout du parc, e"
re le kiosque à musique et le ,656511,Casino,,MISC,656517,", j'ai fort envie d'y aller au"
able de prendre sa place à là ,657739,Direction,,ORG,657748," des Douzièmes Provisoires, le"
e sa place à là Direction des ,657753,Douzièmes Provisoires,,MISC,657774,", les Douzièmes Provisoires de"
"es Douzièmes Provisoires, les ",657780,Douzièmes Provisoires,,MISC,657801, demandent à être habilement d
" ; c'est incontestable. Donc, ",657867,Mouratet,,PER,657875," a consenti, par pur patriotis"
posera sa candidature dans la ,658036,Bièvre,,LOC,658042,. Candidature progressiste qui
" ou deux, le portefeuille des ",658266,Finances sous mon bras,,ORG,658288,". 
Je ne m'en étonnerai pas. O"
nnerai pas. Oh ! pas du tout. ,658335,Armand de Bois-Créault,,PER,658357, aussi affirme que le fait ne 
fait ne le surprendra point ; ,658409,Mouratet,,PER,658417,", dit-il, est capable de tout."
le se présente immédiatement. ,658963,Armand de Bois-Créault,,PER,658985," nous propose, à Mouratet et à"
" Bois-Créault nous propose, à ",659002,Mouratet,,PER,659010," et à moi, une partie de billa"
"t en faveur de l'un d'eux. 
– ",659321,Eh !,,MISC,659325," bien, dis-je à Renée une fois"
"d'eux. 
– Eh ! bien, dis-je à ",659341,Renée,,PER,659346, une fois que nous avons trave
"i ! Tenez, le mois dernier, à ",660282,Paris,,LOC,660287,", il a reçu deux ou trois lett"
" ces lettres, je l'ignore. 
– ",660453,Un soupirant évincé,,MISC,660472,". 
– Évincé ! Vous voulez rire"
"rer. 
– Une femme jalouse. 
– ",660583,Oh !,,MISC,660587," s'écrie Renée, comment aurait"
"n, pas plus de cinq. Ainsi... ",660846,Armand,,PER,660852," non compris, bien entendu. 
–"
e siècle ! J'ai bien ri quand ,661244,Armand,,PER,661250," m'a raconté ça. 
– Il y a de "
". Il vous fait rire beaucoup, ",661314,Armand,,PER,661320," ? 
– Très peu. À dire vrai, i"
vous que je n'ai plus un sou. ,661674,Armand,,PER,661680, va recevoir une forte somme d
ou trois fermes qu'ils ont en ,661785,Normandie,,LOC,661794," ; mais, d'ici là, je suis à s"
"rois cents francs sur vous ? 
",662134,– Cinq cents,,MISC,662146," seulement, dis-je en consulta"
"'a offert l'hospitalité... 
– ",662499,Écossaise,,LOC,662508,. Oui ; j'aperçois la jupe. Qu
z à me faire jouer le rôle de ,662620,Mme Putiphar,,PER,662632,... Tant pis pour vous ! Je ne
"s tromper tous, mon mari avec ",663596,Armand,,PER,663602,", Armand avec d'autres -- j'ai"
"r tous, mon mari avec Armand, ",663604,Armand,,PER,663610, avec d'autres -- j'ai deux re
i le mot -- des carottes à la ,663754,Vichy,,LOC,663759,". 
Mais elle aperçoit son mari"
ais elle aperçoit son mari et ,663793,Armand de Bois-Créault,,PER,663815, qui se dirigent de notre côté
". 
– Je reprochais vivement à ",664031,M. Randal,,PER,664040," de n'être, pas venu à Paris l"
" Randal de n'être, pas venu à ",664063,Paris,,LOC,664068," l'hiver dernier, dit Renée. I"
" à Paris l'hiver dernier, dit ",664090,Renée,,PER,664095,. Il m'a promis d'y faire un l
 veux pas manquer de parole à ,664367,Marguerite de Vaucouleurs,,PER,664392,". 
XXIII -- BARBE-BLEUE ET LE "
"à Marguerite de Vaucouleurs. 
",664395,XXIII,,PER,664400, -- BARBE-BLEUE ET LE DOMINO N
"s faite aux époux Mouratet, à ",664522,Vichy,,LOC,664527,. J'ai quitté Londres pour Par
"ouratet, à Vichy. J'ai quitté ",664541,Londres,,LOC,664548, pour Paris avec l'intention d
chy. J'ai quitté Londres pour ,664554,Paris,,LOC,664559, avec l'intention de passer qu
 n'est pas que je sois fou de ,664672,Paris,,LOC,664677, ; non ; j'y suis né et j'aime
ent vraiment beau se trouve à ,664853,Versailles,,LOC,664863,. Mais le séjour de Londres m'
Versailles. Mais le séjour de ,664883,Londres,,LOC,664890," m'était devenu insupportable,"
"jaloux ? Personne. Eh ! bien, ",665673,Mouratet,,PER,665681," est jaloux, férocement, comme"
"ent, j'étais resté sceptique. ",666189,Mouratet jaloux,,PER,666204,", c'est trop drôle. 
Pourtant,"
"urtant, rien n'est plus vrai. ",666257,Mouratet,,PER,666265, lui-même me l'a avoué la sema
"de preuves, il est vrai... -- ",666705,Eh !,,MISC,666709," bien, mon ami, si tu n'as pas"
omplètement tort de te mettre ,666809,martel,,PER,666815, en tête. Une femme coupable n
le... -- Tu crois ? a demandé ,667081,Mouratet,,PER,667089, avec un éclair de joie dans l
nde d'où vient l'argent... -- ,667687,Ah !,,MISC,667691, c'est l'éternelle question ! 
d tort de douter d'elle... -- ,668355,Ah !,,MISC,668359," a soupiré Mouratet, je suis d"
r d'elle... -- Ah ! a soupiré ,668370,Mouratet,,PER,668378,", je suis dans une position si"
J'avais pensé tout d'abord qu',668922,Armand,,PER,668928,... Il était sans cesse à la m
le ne sort presque plus... -- ,669227,Eh !,,MISC,669231," bien, eh ! bien, tu vois !..."
 de ton caractère ombrageux ? ,669337,Hein,,PER,669341, ? Tu n'es pas brouillé avec A
n ? Tu n'es pas brouillé avec ,669370,Armand de Bois-Créault,,PER,669392,", au moins ? -- Pas du tout. N"
"e Bois-Créault, au moins ? -- ",669408,Pas du tout,,MISC,669419,. Nous sommes les meilleurs am
"emaine prochaine, au bal de l'",669541,Opéra,,LOC,669546,". Tu y viendras aussi, j'espèr"
e l'écharpe de député... Oui. ,669786,Armand,,PER,669792," sera en seigneur Louis XIII, "
 Oui. Armand sera en seigneur ,669810,Louis XIII,,PER,669820,", Renée en pierrette... elle a"
ostume plus dispendieux... -- ,669910,Ah !,,MISC,669914," me suis-je écrié, tu devrais "
"que, moi, je serai déguisé en ",670194,Barbe-Bleue,,MISC,670205,". » Cette fois, j'ai ri sans m"
"ans me gêner, et de bon cœur. ",670260,Mouratet,,PER,670268, en Barbe-Bleue ? Oh ! c'est à
ur. Mouratet en Barbe-Bleue ? ,670286,Oh !,,MISC,670290, c'est à se rouler... « Je voi
"l m'a quitté, l'air joyeux et ",670551,penaud,,PER,670557," en même temps, joyeux des exc"
"ations que je lui ai données, ",670632,penaud,,PER,670638, de m'avoir fait la confidence
e de sa jalousie sans motifs. ,670697,Ah !,,MISC,670701," triste et stupide idiot... 
–"
"upide idiot... 
– Monsieur et ",670744,Madame,,PER,670750," ne sont pas encore prêts, me "
"res du soir, dans le salon du ",670868,boulevard Malesherbes,,LOC,670889,". 
C'est bon. Je prends un jou"
" blanc, s'élance vers moi. 
– ",671116,Vite !,,MISC,671122," Vite ! dit-elle, écoutez-moi."
"endre deux grands services ? 
",671199,– Cent,,MISC,671205,", mille, tant que vous voudrez"
 vous savez ? au fond -- avec ,671506,Armand,,PER,671512,". Oui, depuis deux mois, c'est"
"ue vous m'enleviez demain. 
– ",672035,Hein,,PER,672039," ? 
– Oui. L'existence que je "
 en voilà une belle affaire ! ,673172,Ça,,MISC,673174, se fait tous les jours et cen
"cent fois par jour, rien qu'à ",673231,Paris,,LOC,673236,". Vrai, je n'aurais pas cru..."
.. Je me perdrais. Et puis... ,673601,Ah !,,MISC,673605," mais, j'y suis, à présent ! C"
– Faites-les envoyer demain à ,674395,Londres,,LOC,674402,", à mon adresse. Et quant à vo"
"ien. 
– À la bonne heure, dit ",674526,Renée,,PER,674531,. Vous êtes gentil comme tout.
" Voilà Barbe-Bleue, dit-elle. ",674751,Anne,,PER,674755,", ma sœur Anne... 
Elle saute "
"leue, dit-elle. Anne, ma sœur ",674765,Anne,,PER,674769,"... 
Elle saute sur ses pieds,"
"njambées, les bras en l'air. 
",674887,Mouratet,,PER,674895,", une seconde après, entre dan"
"'artiste, aucune enluminure d'",675214,Épinal,,LOC,675220,", si grandiose que l'ait faite"
e pourraient donner l'idée du ,675332,Barbe-Bleue,,PER,675343, que j'ai devant moi. C'est qu
t Barbe-Bleue ; mais ce n'est ,675921,Barbe-Bleue,,LOC,675932, que parce que c'est Mouratet.
" parce que c'est Mouratet. 
– ",675966,Eh !,,MISC,675970, eh ! s'écrie le directeur des
eh ! s'écrie le directeur des ,676001,Douzièmes Provisoires,,MISC,676022,", ravi de l'effet que produit "
"s retraites ouvrières, que la ",676395,Chambre,,ORG,676402," va discuter. 
– Elle ne le vo"
"– Elle ne le votera, pas, dit ",676447,Mouratet,,PER,676455,. Des retraites aux ouvriers !
rel ; ils font la grandeur de ,676584,la France,,LOC,676593,. Mais aux ouvriers !... Où ir
"
C'est vrai. Où irait-on ?... ",676662,Ah !,,MISC,676666, animal ! Je ne regretterai pa
mment me trouves-tu ? demande ,676855,Mouratet,,PER,676863,". 
– De face, ça va bien ; voy"
" ça va bien ; voyons de dos. 
",676906,Mouratet,,PER,676914, se tourne et Renée lui fait u
"e dos. 
Mouratet se tourne et ",676928,Renée,,PER,676933, lui fait un grand pied de nez
" nez. 
– C'est encore mieux. 
",676989,Armand de Bois-Créault,,PER,677011, arrive. D'un Louis XIII irrép
 de Bois-Créault arrive. D'un ,677025,Louis XIII,,PER,677035, irréprochable. Nous partons. 
"irréprochable. Nous partons. 
",677066,Canaille,,LOC,677074,", ce bal. Triste aussi, malgré"
"tes, mensonges des dentelles, ",677425,Malines,,LOC,677432,", pierreries et cailloux du Rh"
"es, pierreries et cailloux du ",677460,Rhin,,LOC,677464,", bijoux de prix et costumes s"
es réponses que ne trouve pas ,679021,Mouratet,,PER,679029, et je m'arrange de telle faço
"sage pendant cinq minutes. 
– ",679116,Viens,,MISC,679121," par ici, dis-je à Mouratet qu"
"s. 
– Viens par ici, dis-je à ",679140,Mouratet,,PER,679148, quand nous parvenons à nous d
"on ; alors, c'est à droite... ",679560,Ah !,,MISC,679564," la voici. 
C'est une femme. M"
"Répétez-le lui sans trêve. 
– ",679830,Ah !,,MISC,679834," monsieur Barbe Bleue, s'écrie"
"sieur Barbe Bleue, s'écrie la ",679868,Dinde,,PER,679873,", que vous m'avez fait peur ! "
" que vous m'avez fait peur ! 
",679904,Mouratet,,PER,679912, est enchanté. Ils sont tout d
"t de suite très camarades, la ",679969,Dinde,,LOC,679974, et lui. J'ai eu la main heure
"clipsée ; allons, ça va bien. ",680136,La Dinde,,PER,680144, se déclare altérée. Admirable
la désaltère de mon mieux. Le ,680242,Champagne,,LOC,680251, lui délie la langue ; Mourate
ampagne lui délie la langue ; ,680274,Mouratet,,PER,680282, s'intéresse beaucoup à sa con
"eaucoup à sa conversation. 
– ",680326,Ah !,,MISC,680330," monsieur Barbe-Bleue, s'écrie"
ille. Le domino noir s'en va. ,680634,Mouratet,,PER,680642,", l'air ahuri, la bouche ouver"
"de prendre le domino noir. 
– ",680944,Ah !,,MISC,680948," dit la Dinde, ce n'est pas gr"
"e domino noir. 
– Ah ! dit la ",680956,Dinde,,PER,680961,", ce n'est pas grand'chose, al"
ends le parti d'abandonner la ,681205,Dinde,,PER,681210, à ses réflexions et de sortir
oup ; atteinte en plein cœur. ,682442,Vengeance,,MISC,682451," de mari trompé, n'est-ce pas "
"e mari trompé, n'est-ce pas ? ",682483,Ah !,,MISC,682487," les cocus assassins, Monsieur"
"s ? Ah ! les cocus assassins, ",682509,Monsieur !,,MISC,682519,"... Tenez, on enlève les cadav"
'une si vivante inconscience. ,683313,Oh ! pauvre petit oiseau !,,MISC,683339,"... Et cet âne, cet imbécile q"
 il ne voulait pas être cocu. ,683759,Oh !,,MISC,683763, oh ! oh ! Il ne voulait pas ê
 répugnants spectateurs de la ,683911,Cour d'assises,,LOC,683925, qui applaudiront au verdict e
"ui, dit un jeune homme, c'est ",684482,Armand de Bois-Créault,,PER,684504," qui vient d'être tué. 
– C'es"
"ine. 
Je descends l'escalier. ",684929,Déshonoré,,MISC,684938, ! Il aurait été déshonoré... 
"main -- ce domino noir, c'est ",685212,Hélène,,MISC,685218,"... Oui, j'en suis sûr ! C'est"
".. Oui, j'en suis sûr ! C'est ",685249,Hélène !,,MISC,685257,... Hélène qui redoutait la fl
 suis sûr ! C'est Hélène !... ,685261,Hélène,,MISC,685267, qui redoutait la flétrissure 
geux allait marquer ce nom de ,685347,Bois-Créault,,PER,685359," qu'elle a conquis, et veut ga"
"t garder sans friche visible, ",685415,Hélène,,MISC,685421, qui a pu du même coup satisfa
té entière -- et qui défend l',685516,Honneur,,LOC,685523," du Nom... 
Ah ! misère !... S"
-- et qui défend l'Honneur du ,685527,"Nom... 
Ah !",,MISC,685539, misère !... Stupidité tragiqu
"versation que nous avons eue, ",685810,Roger-la-Honte,,PER,685824," et moi, au sujet des étoiles,"
"s avons volé l'industriel, en ",685899,Belgique,,LOC,685907,". Oui, si d'autres astres sont"
"e l'éclat des diamants purs. 
",686106,XXIV,,MISC,686110," -- ON DIRA POURQUOI... 
J'aim"
ai pas été à l'enterrement de ,686195,Renée,,PER,686200, et je n'ai point visité Moura
Renée et je n'ai point visité ,686225,Mouratet,,PER,686233, dans sa prison. Je n'ai pas é
es ai accompagnés au bal de l',686674,Opéra,,LOC,686679,", que je me trouvais avec le m"
"ossible, ne point donner à la ",687274,Justice,,MISC,687281, l'occasion de contempler mon 
ez dans mes affaires. Quitter ,687377,Paris,,LOC,687382, sans rien dire ? C'est danger
m'en vais d'un pas léger chez ,687513,Marguerite de Vaucouleurs,,PER,687538,", car je sais que Margot a rep"
" me voir obligé de parler, en ",687806,Cour d'assises,,LOC,687820,", soit contre une femme que j'"
"l le faut, et même très bien. ",688064,Margot,,PER,688070," m'écoute en pleurant ; et, lo"
es articles à la « Revue » de ,688604,Montareuil,,LOC,688614,", et m'annonce que je suis cha"
ssements pénitentiaires de la ,688810,Dalmatie,,LOC,688818,", faire un rapport ; et je reç"
"nds le train, non pas pour la ",689304,Dalmatie,,LOC,689312,", mais pour Bruxelles. 
Beauco"
"s pour la Dalmatie, mais pour ",689324,Bruxelles,,LOC,689333,". 
Beaucoup de gens, à ma plac"
"ns, à ma place, resteraient à ",689380,Paris,,LOC,689385, et fabriqueraient leur rappor
"ait de temps immémorial, à la ",689467,Bibliothèque,,LOC,689479,". Mais, moi, je suis conscienc"
 en route pour la capitale du ,689669,Brabant,,LOC,689676,". 
À Bruxelles, je parcours le"
"ur la capitale du Brabant. 
À ",689681,Bruxelles,,LOC,689690,", je parcours les établissemen"
'est un insoumis. Il a quitté ,690189,la France,,LOC,690198, pour échapper au service mili
au rapport sur les prisons de ,691122,Dalmatie,,LOC,691130,", un beau rapport dont il copi"
 douze fois les mêmes choses. ,691359,Ça,,MISC,691361, ne fait rien du tout. Je revi
quille et je puis partir pour ,691672,Londres,,LOC,691679,. -- Déjà ? Certainement. Il m
ont été à peu près les mêmes. ,693880,Hypocrites,,ORG,693890," ou brutales, légales ou illic"
" leurs femmes, leurs plans de ",694823,banqueroutiers,,PER,694837, et leurs projets d'assassins.
"ique m'a appris, d'abord, que ",696921,Mme de Bois-Créault,,PER,696940, mère s'est donné la mort quel
"on fils ; puis, que Mme veuve ",697035,Hélène de Bois-Créault,,PER,697057, s'est portée partie civile au
xploitation de son cadavre... ,697301,Ah !,,MISC,697305, la vie !... Quelle farce ! --
"ouée dans quel abattoir !... 
",697367,La seconde,,MISC,697377, fois que j'ai interrompu mon 
up d'honneur. J'ai inventé l' ,697652,Écluse,,LOC,697658," à renversement . Ce n'est, à "
 ne la rouvrons pas ! s'écrie ,698095,Roger-la-Honte,,PER,698109, qui entre sans s'être fait an
" mémoires ? 
– Tout juste. 
– ",698296,Eh !,,MISC,698300," bien, je vais te raconter une"
asse. Figure-toi que le nommé ,698432,Stéphanus,,ORG,698441, -- tu sais bien ? cet employé
"er. Son patron, qui s'appelle ",698569,Delpich,,PER,698576,", veut se faire dévaliser. Un "
" bien garni aujourd'hui... 
– ",698952,Oh !,,MISC,698956, je te devine. Mais c'est impo
"eux. Jusqu'à avant-hier soir, ",699030,Stéphanus,,PER,699039, couchait dans les bureaux. De
ureaux. Depuis qu'il a quitté ,699089,Bruxelles,,LOC,699098, -- on l'a mis à la porte oste
nnais même pas son adresse... ,699392,Stéphanus,,PER,699401, ne me la donnera qu'après-dem
"Oui, ç'aurait été amusant, de ",699747,désillusionner,,PER,699761," ce banquier belge... 
– Que v"
"sionner ce banquier belge... 
",699784,– Que veux,,PER,699794,-tu ? Ce qui est impossible es
"écrire. 
– À ton aise, répond ",699990,Roger,,PER,699995,". Alors, à quand tu voudras. 
"
"end l'escalier en chantant : 
",700065,Belle enfant de Venise,,MISC,700087," 
Au sourire moqueur, 
Il faut"
"e je te dise... 
Delpich !... ",700150,Où diable ai-je,,MISC,700165, entendu prononcer ce nom-là ?
endu prononcer ce nom-là ?... ,700199,Ah !,,MISC,700203," à Vichy, par l'abbé Lamargell"
ononcer ce nom-là ?... Ah ! à ,700206,Vichy,,LOC,700211,", par l'abbé Lamargelle. Oui ;"
 me semble... il me semble... ,700289,Oh !,,MISC,700293," je me souviens ! 
Je vais pre"
ris quelques mots et je sonne ,700757,Annie,,MISC,700762,". 
– Annie, lui dis-je, servez"
"es mots et je sonne Annie. 
– ",700767,Annie,,PER,700772,", lui dis-je, servez-moi à dîn"
ramme que vous irez porter au ,701021,Post-office de Charing-Cross,,LOC,701049,", demain, à sept heures du soi"
" tracé les mots suivants : 
« ",701205,Delpich,,LOC,701212,", 84, rue d'Arlon, Bruxelles. "
"vants : 
« Delpich, 84, rue d'",701224,Arlon,,LOC,701229,", Bruxelles. -- Venez Londres "
" 
« Delpich, 84, rue d'Arlon, ",701231,Bruxelles,,LOC,701240,. -- Venez Londres immédiateme
"4, rue d'Arlon, Bruxelles. -- ",701245,Venez Londres,,LOC,701258, immédiatement. Absolument urg
t. Absolument urgent. (Signé) ,701301,Stéphanus,,PER,701310,". » 
XXV -- LE CHRIST A DIT : "
IST A DIT : « PITIÉ POUR. QUI ,701358,SUCCOMBE,,MISC,701366," !... » 
Tout le monde sait qu"
'en face du n° 84 de la rue d',701426,Arlon,,LOC,701431,", à Bruxelles, se trouve un ca"
"du n° 84 de la rue d'Arlon, à ",701435,Bruxelles,,LOC,701444,", se trouve un café fréquenté "
nt j'ai remis hier le texte à ,701829,Annie,,MISC,701834, et qu'elle a dû envoyer aujou
un commerçant. Huit heures... ,701979,Ah !,,MISC,701983, j'aperçois le télégraphiste ;
s ; au premier les bureaux de ,702164,Delpich,,LOC,702171," -- les bureaux, seulement, ca"
ré de la confiance de la cour ,702367,de Belgique,,LOC,702378,", qui a élu domicile. 
Mais vo"
"physionomie qui s'évade, il a ",702753,I'air d'un témoin,,ORG,702770, à décharge dans une affaire d
"e m'en vais, en flânant, à la ",702908,gare du Nord,,LOC,702920,". Il s'agit de voir, maintenan"
rendra le train qui part pour ,702989,Ostende,,LOC,702996," à 8 heures 40. 
J'arrive à la"
a précipitation avec laquelle ,703119,Delpich,,PER,703126, s'introduit dans la salle d'a
 reviens au n° 84 de la rue d',703328,Arlon,,LOC,703333, dans le fiacre même que vient
cre même que vient de quitter ,703375,Delpich,,PER,703382,. La porte est encore ouverte 
 de cuivre portant ces mots : ,703669,Cabinet du Directeur,,MISC,703689," . La seconde fois, deux ou tr"
"ures... Tenez, regardez... 
– ",704604,Ah !,,MISC,704608," s'écrie le tailleur, cela doi"
"s empreintes, dit l'hôtelier. ",705878,Ça,,MISC,705880,", c'est le passe-partout ; je "
rois bien que j'ai les clefs. ,706009,Attendez,,MISC,706017," un peu. 
Il fouille dans des "
"J'en ai pour cinq minutes. 
– ",706754,Ah !,,MISC,706758," monsieur Randal, s'écrie l'hô"
hose. Vous me faites penser à ,707060,Louis XVI,,PER,707069,. Ça ne lui a pas porté bonheu
" cire. Mais, oui, ça y est... ",707310,Allons,,LOC,707316,", vous êtes sûr de pouvoir ent"
"nce cet heureux événement. 
– ",707785,Ah !,,MISC,707789," s'écrie l'hôtelier, comme vou"
"entiments religieux, monsieur ",707876,Randal,,PER,707882,". C'est tellement nécessaire, "
"la main, pour me rendre rue d'",708171,Arlon,,LOC,708176,. Il est vrai que tous les loc
à l'hôtelier et à moi : trois ,708291,Allemands,,LOC,708300, qui ont un coup à faire la nu
"ire la nuit prochaine, avenue ",708351,Louise,,PER,708357, ; un Hollandais dont j'ignore
"prochaine, avenue Louise ; un ",708363,Hollandais,,LOC,708373, dont j'ignore les intentions 
'ignore les intentions ; deux ,708410,Françaises,,LOC,708420, aux projets indécis et une An
es aux projets indécis et une ,708448,Anglaise,,LOC,708456, qui m'a expliqué en détail co
"is jours, frapper la ville de ",708540,Malines,,LOC,708547, d'une contribution de cent mi
quelqu'un dans ce bureau ? Si ,709240,Delpich,,PER,709247," avait eu le temps, avant de p"
"ures, surveiller la maison... ",709400,Ah !,,MISC,709404, sacredié !... Mais comment au
"t, si je n'avais pas été à la ",709497,gare du Nord,,LOC,709509," ?...Non, le vrai, c'est que j"
nt faire part de mon projet à ,709590,Roger-la-Honte,,LOC,709604,", de ne point l'emmener avec m"
"tre côté, si je l'avais fait, ",709677,Stéphanus,,PER,709686, se serait douté de quelque ch
 pas besoin de me tourmenter. ,709857,Delpich,,PER,709864,", méfiant comme il doit l'être"
ouve dans une grande pièce... ,710496,Eh !,,MISC,710500, bien... j'avais deviné juste 
"de gaz. Il est encore chaud. 
",711036,Ah !,,MISC,711040," diable ! Non, je ne me suis p"
r de peur dans sa cachette... ,711471,Ça,,MISC,711473, n'empêche pas que si je m'ave
lle édition de mon histoire d',711682,Anvers,,LOC,711688, ! C'est assez ennuyeux -- d'a
r d'ici les mains vides si... ,711794,Tiens !,,MISC,711801, Qu'est-ce que c'est que ça ?.
à ! Au lieu de mon aventure d',712287,Anvers,,LOC,712293,", c'est celle de la ville de p"
 j'ai rencontré ce malheureux ,712363,Canonnier,,MISC,712372, qui va recommencer. Seulement
"r. Seulement, ce n'est pas un ",712420,Canonnier,,MISC,712429," que je vais trouver ; non, ce"
ises : le repaire nocturne du ,712992,Stéphanus,,LOC,713001,", évidemment, lorsqu'il était "
tait de service ici ; mais... ,713056,Ah !,,MISC,713060," oui, il y a quelqu'un dans ce"
" m'a dit l'abbé Lamargelle, à ",713376,Vichy,,LOC,713381,", au sujet des relations d'aff"
t des relations d'affaires de ,713420,Mme Hélène de Bois-Créault,,PER,713446, avec le trafiqueur Delpich. E
élène de Bois-Créault avec le ,713455,trafiqueur Delpich,,LOC,713473,". En un clin d'œil, toute une "
 suis sûr ! c'est la fille de ,713602,Canonnier,,MISC,713611, qui est là ; je sais comment 
" je sais tout. 
– C'est vous, ",713727,Hélène,,MISC,713733, ? dis-je à voix basse. N'ayez
" N'ayez pas peur ; c'est moi, ",713786,Randal...,,MISC,713795," Randal, je vous dis... Hélène"
"dal... Randal, je vous dis... ",713819,Hélène,,MISC,713825," ? C'est vous ?... 
Silence. -"
"... Hélène ? C'est vous ?... 
",713845,Silence,,MISC,713852,. -- Il n'est pas possible que
"faut prendre une décision. 
– ",714369,Madame,,PER,714375,", dis-je d'une voix rude, votr"
" à pareille heure. 
– Je suis ",714697,madame Delpich,,PER,714711,", murmure cette femme en émoi,"
" bureau pendant son absence. 
",714839,Bizarre !,,MISC,714848, Et cette tentative d'effracti
"ive d'effraction, à côté ? 
– ",714894,Madame,,PER,714900,", dis-je sévèrement, je crois "
"vous, si vous êtes réellement ",715090,madame Delpich,,PER,715104,", que le secrétaire se trouve "
" se trouve dans un état... 
– ",715153,Ah !,,MISC,715157, interrompt-elle en cachant sa
"viez... si je vous disais... 
",715294,– Dites-moi,,MISC,715305,". Mais, d'abord, laissez-moi a"
".. Voilà qui est fait. Allez, ",715425,Madame,,PER,715431,. Racontez-moi pourquoi vous v
" vous apprendre en détail... 
",716195,Oh !,,MISC,716199, ces détails ! C'est à faire d
" tête. Quel affreux drôle, ce ",716284,Delpich !,,MISC,716293," Non, il n'est pas possible qu"
"on, grasse, blonde, ronde. Un ",716589,Rubens,,PER,716595,", presque. Torse en fleur, han"
rrait faire des affaires avec ,717008,Shylock,,MISC,717015, ; une livre de chair en moins
 sais si mal m'y prendre !... ,717451,Oh !,,MISC,717455," j'ai eu tellement peur, quand"
"nt, je vois bien que c'est la ",717547,Providence,,LOC,717557," qui vous envoyait ici. Oui, l"
"ui vous envoyait ici. Oui, la ",717589,Providence,,LOC,717599," qui veut, malgré tous les péc"
"sole de mon mieux. 
– Voyons, ",717800,Madame,,PER,717806,", calmez-vous. Vous avez raiso"
"s. Vous avez raison, c'est la ",717848,Providence,,LOC,717858, qui m'envoie. Je vais vous do
"r mon compte, n'est-ce pas ? 
",718250,– Ah !,,MISC,718256," dit-elle, prenez tout ce que "
" ! 
Les tiroirs sont ouverts, ",718485,Mme Delpich,,PER,718496," fouille dans les papiers, et "
"su se faire des outils, a dit ",719175,Franklin,,PER,719183,". 
Je suis à peine au travail "
 mon bras à l'intérieur de l' ,719303,incrochetable,,MISC,719316," , et j'explore. Des liasses d"
"anque, très peu de valeurs -- ",719390,Delpich,,PER,719397,", sa fuite étant préméditée, a"
"ac. C'est une affaire faite. 
",719629,Mme Delpich,,PER,719640,", qui a fini de remuer les pap"
" porte, mon sac à la main. 
– ",719980,Comment !,,MISC,719989," s'écrie Mme Delpich, vous par"
"la main. 
– Comment ! s'écrie ",719998,Mme Delpich,,PER,720009,", vous partez déjà ! Déjà ! Et"
" vous m'avez compromise... 
– ",720171,Compromise !,,MISC,720183," dis-je, légèrement interloqué"
u'il m'a été aisé d'y entrer. ,720324,Compromise !,,MISC,720336," 
– J'exagère peut-être un peu"
", je l'avoue. D'autant moins, ",720568,Madame,,PER,720574,", que vous n'aviez point atten"
"ttendu mon arrivée pour... 
– ",720630,Ah !,,MISC,720634," soupire-t-elle, vous me repro"
"s bien, il va falloir quitter ",720947,Bruxelles,,LOC,720956,", m'exiler, partir au loin, sa"
"coupable, et je me demande si ",721155,Mme Delpich,,PER,721166,", pressentant les projets de s"
"us sage est de m'incliner. 
– ",721425,Madame,,PER,721431,", dis-je en ouvrant mon sac, p"
" peut-être pas inutiles... 
– ",721602,Ah !,,MISC,721606," s'écrie-t-elle, comment pourr"
"rises, nous, pauvres femmes ! ",721997,Oh !,,MISC,722001," je vous ai bien deviné, allez"
ur les blondes... Une brune ? ,722916,Eh !,,MISC,722920, bien... peut-être l'auriez-vo
"aut voir... 
– Écoute, me dit ",723499,Geneviève,,PER,723508,", une demi-heure après -- elle"
-heure après -- elle se nomme ,723548,Geneviève,,PER,723557, ; j'ai appris ça en me rafraî
resse -- une fausse adresse : ,723800,Durand,,PER,723806,", Oxford Street, Londres. 
– D"
" une fausse adresse : Durand, ",723808,Oxford Street,,LOC,723821,", Londres. 
– Durand ? demande"
"esse : Durand, Oxford Street, ",723823,Londres,,LOC,723830,". 
– Durand ? demande-t'elle e"
"d, Oxford Street, Londres. 
– ",723835,Durand,,PER,723841, ? demande-t'elle en souriant.
e avec le plus grand sérieux. ,723915,Durand,,PER,723921,". Ça t'étonne ? 
– Oh ! non, d"
"eux. Durand. Ça t'étonne ? 
– ",723940,Oh !,,MISC,723944," non, dit-elle ; seulement, c'"
"lle n'y va pas de main morte, ",724203,Mme Delpich,,PER,724214," ; et moi, pour la première fo"
"ommeil du juste, à l'hôtel du ",724450,Roi Salomon,,PER,724461," , lorsque des coups violents "
"rsaut. 
– Qui est là ? 
C'est ",724559,Roger-la-Honte,,PER,724573,", qui arrive de Londres qu'il "
"Roger-la-Honte, qui arrive de ",724589,Londres,,LOC,724596," qu'il a quitté hier soir, à p"
"soir, à peu près à l'heure où ",724647,Delpich,,LOC,724654, partait de Bruxelles. Je suis
l'heure où Delpich partait de ,724666,Bruxelles,,LOC,724675,. Je suis très content de le v
" content de le voir, ce brave ",724719,Roger,,PER,724724,. Je le mets rapidement au cou
ntendu qu'il va repartir pour ,724886,Londres,,LOC,724893," immédiatement, en emportant m"
après avoir réjoui le cœur de ,725220,Roger-la-Honte,,LOC,725234,", semble lui assombrir l'espri"
" enfin honnêtement, à aller à ",725369,Venise,,LOC,725375,", par exemple, etc. Une phrase"
"r à Venise, par exemple, etc. ",725395,Une phrase,,MISC,725405, qu'il prononce d'un ton conva
"souvent les grandes joies. 
– ",725552,Mon vieux complice,,MISC,725570,", me dit-il, ne trouves-tu pas"
 tout. Je remonte le moral de ,725698,Roger,,PER,725703,. Et il prend le train de Cala
oger. Et il prend le train de ,725729,Calais,,LOC,725735, à 8 heures 52. Il doit démont
eures 52. Il doit démontrer à ,725771,Stéphanus,,PER,725780, la nécessité de marcher contr
"tte. 
Quant à moi, je reste à ",725964,Bruxelles,,LOC,725973," pour quelques jours. D'abord,"
"
Le soir même, j'apprends que ",726232,Delpich,,PER,726239, a été arrêté à la gare du Nor
que Delpich a été arrêté à la ,726258,gare du Nord,,LOC,726270,", en revenant d'Angleterre. Tr"
"a gare du Nord, en revenant d'",726286,Angleterre,,LOC,726296,". Trois jours après, les journ"
 C'est bien fait. J'en veux à ,726626,Delpich,,PER,726633,. Sa femme m'a mordu la langue
"Vers la fin de la semaine, l' ",726696,Indépendance,,MISC,726708," annonce que Mme Delpich, déso"
", l' Indépendance annonce que ",726721,Mme Delpich,,PER,726732,", désolée du scandale qui lui "
 lui rend la vie impossible à ,726787,Bruxelles,,LOC,726796,", vient de quitter cette ville"
"amais. Elle est charmante, ce ",726979,Rubens,,PER,726985,", mais je ne m'y fierais pas. "
". 
Le lendemain, je pars pour ",727043,Londres,,LOC,727050,". 
XXVI -- GENEVIÈVE DE BRABAN"
"emain, je pars pour Londres. 
",727053,XXVI,,MISC,727057," -- GENEVIÈVE DE BRABANT 
Cela"
"e pars pour Londres. 
XXVI -- ",727061,GENEVIÈVE DE BRABANT,,PER,727081," 
Cela ne m'a pas servi à gran"
"i à grand'chose, de m'appeler ",727133,Durand,,PER,727139," pendant trois minutes, à Brux"
"rand pendant trois minutes, à ",727165,Bruxelles,,LOC,727174,. Le surlendemain de mon retou
 surlendemain de mon retour à ,727208,Londres,,LOC,727215,", Geneviève a fait irruption c"
"main de mon retour à Londres, ",727217,Geneviève,,PER,727226, a fait irruption chez moi. El
"l fallu employer, des ruses d'",727401,Apache,,MISC,727407, ! Heureusement que tu m'avais
 tu m'avais appris ton nom... ,727456,Oh !,,MISC,727460, pas quand tu m'as quittée. Av
s cachée derrière le rideau ? ,727556,Hein,,PER,727560, ? Te rappelles-tu ? « N'ayez 
"« N'ayez pas peur. C'est moi, ",727611,Randal,,PER,727617,. » Et dire que tu as eu l'aud
"r, ensuite, que tu te nommais ",727692,Durand,,PER,727698, ! Comme c'est gentil ! Après 
depuis ces trois semaines que ,728309,Geneviève,,PER,728318, est venue me surprendre. C'es
"ait orpheline à douze ans, et ",728728,Delpich,,PER,728735, n'a jamais maltraité sa femme
 jamais maltraité sa femme... ,728769,Tiens,,MISC,728774,", à propos de Delpich, nous av"
 nouvelle sans aucune joie et ,728916,Geneviève,,PER,728925, sans la moindre tristesse. So
"ne l'aime plus ? On dira, que ",729073,Geneviève,,PER,729082, n'a pas de cœur. Je répondrai
 cœur ou autre chose ; et que ,729192,Geneviève,,PER,729201, a l'intention de mettre le si
es frais d'une installation à ,729901,Paris,,LOC,729906,. C'est là que Geneviève tient
llation à Paris. C'est là que ,729921,Geneviève,,PER,729930, tient à se lancer dans la cir
mps de sociétés coopératives. ,730206,Geneviève,,PER,730215, se dit sûre du succès. C'est 
"cessaires. Je ne recule pas. 
",730444,Nous voilà donc à,,MISC,730461," Paris, Geneviève dans un peti"
"ecule pas. 
Nous voilà donc à ",730462,Paris,,LOC,730467,", Geneviève dans un petit hôte"
"as. 
Nous voilà donc à Paris, ",730469,Geneviève,,PER,730478, dans un petit hôtel de la rue
ève dans un petit hôtel de la ,730505,rue Berlioz,,LOC,730516,", et moi autre part. Très cont"
l'argent que j'ai soustrait à ,730699,Delpich,,PER,730706, reviendrait peu à peu dans la
 ma poche à moi qui s'emplit. ,730808,Geneviève,,PER,730817, a pris tout de suite. Geneviè
neviève a pris tout de suite. ,730840,Geneviève de Brabant,,PER,730860,. C'est comme ça qu'on l'appel
la jambe. Je n'assure pas que ,731416,Geneviève,,PER,731425, est incapable d'un écart ; no
"perçue deux ou trois fois, au ",731795,Bois,,LOC,731799,". Elle est très bien, vraiment"
"ons été à droite et à gauche, ",732401,Geneviève,,PER,732410," et moi. Tantôt ensemble, tant"
"ment, par exemple, elle est à ",732590,Aix-les-Bains,,LOC,732603,". Moi, je suis à Royan. Je ne "
"Aix-les-Bains. Moi, je suis à ",732620,Royan,,LOC,732625,. Je ne pourrais dire exacteme
s dire exactement ce que fait ,732670,Geneviève,,PER,732679," ; mais moi, je flâne sur la G"
"e ; mais moi, je flâne sur la ",732708,Grand'Conge,,LOC,732719,. J'observe quelques familles 
"emblent dire : 
– Bien, bien, ",733204,Océan !,,MISC,733211, Très bien. Travaille ! Donne-
"ux montagnes. C'est pour ça. 
",733458,Un domestique de l'hôtel,,MISC,733482, m'arrache à mes méditations e
pportant un télégramme. C'est ,733547,Geneviève,,PER,733556, qui me prie de venir la rejoi
 prie de venir la rejoindre à ,733593,Aix,,LOC,733596, sans retard. Que se passe-t-i
n finit pas. J'arrive enfin à ,733771,Aix,,LOC,733774,", dans l'après-midi du lendema"
", me figurant ceci, cela, que ",733850,Geneviève,,PER,733859," est malade, par exemple. J'ai"
"ade, par exemple. J'aime donc ",733897,Geneviève,,PER,733906, ? Certainement. Qu'est-ce que
"deux, pour l'argent d'autrui. ",734276,Voila,,MISC,734281," un lien. 
Je suis à vingt pas"
ngt pas de la villa qu'habite ,734334,Geneviève,,PER,734343, lorsque je vois un monsieur e
nder conseil. Il paraît qu'un ,734725,Autrichien,,LOC,734735," très riche, à qui elle tient "
lle consent à l'accompagner à ,734842,Vienne,,LOC,734848,". 
– Tu l'as peut-être vu sort"
"çu, en effet ; eh ! bien ? 
– ",735000,Eh !,,MISC,735004," bien, voici : j'accepterais c"
"si, me propose de le suivre à ",735199,Paris,,LOC,735204,", où il rentre demain. Il est "
ême nom que toi. Il s'appelle ,735345,Urbain Randal,,PER,735358,. Ne serait-il pas ton parent 
" dis-je ; c'est mon oncle. 
– ",735427,Ah !,,MISC,735431, dit Geneviève un peu troublée
" c'est mon oncle. 
– Ah ! dit ",735436,Geneviève,,PER,735445, un peu troublée... Ça ne te f
 Geneviève un peu troublée... ,735465,Ça,,MISC,735467," ne te fait rien ? 
– Ça me fa"
"ée... Ça ne te fait rien ? 
– ",735489,Ça,,MISC,735491, me fait plaisir. C'est une ca
is. Je retrouverai toujours l',735634,Autrichien,,LOC,735644,". Mais, quant à ton oncle, com"
vais aussi envoyer un mot à l',736043,Autrichien,,LOC,736053, pour l'avertir de mon départ.
" voix. 
– Tu penses bien, dit ",736150,Geneviève,,PER,736159, en trempant sa plume dans l'e
iture qui conduit au train de ,736440,Paris,,LOC,736445, Geneviève et mon oncle. Ah ! 
qui conduit au train de Paris ,736446,Geneviève,,PER,736455, et mon oncle. Ah ! cette figu
orté presque dans un wagon où ,736742,Geneviève,,PER,736751, monte derrière lui. Il ne m'a
 train qui va partir. C'est l',737284,Autrichien,,LOC,737294,". Il suit, pareil au requin qu"
"n. 
XXVII -- LE REPENTIR FAIT ",737455,OUBLIER,,MISC,737462," L'ERREUR 
Je n'ai passé que v"
-- LE REPENTIR FAIT OUBLIER L',737465,ERREUR,,MISC,737471," 
Je n'ai passé que vingt-quat"
ssé que vingt-quatre heures à ,737513,Aix-les-Bains,,LOC,737526,", et je suis parti pour Londre"
"-Bains, et je suis parti pour ",737550,Londres,,LOC,737557,. Cette rencontre inopinée de 
s. Je les ai lues et relues à ,737948,Londres,,LOC,737955,", pendant les trois jours que "
 je me suis mis en route pour ,738258,Paris,,LOC,738263,". 
Geneviève, que j'ai prévenu"
"uis mis en route pour Paris. 
",738266,Geneviève,,PER,738275,", que j'ai prévenue de mon arr"
"r de la mort ? demandé-je. 
– ",738746,Une peur terrible,,MISC,738763,. C'en est effrayant et presqu
ument que j'ai confectionné à ,739113,Londres,,LOC,739120, avec un si grand soin. Je rec
i grand soin. Je recommande à ,739160,Geneviève,,PER,739169, de me faire avertir dès que l
t comme si on était mariés... ,739517,Compte sur moi et tiens,,MISC,739540,"-toi prêt. 
Je suis toujours p"
"e, et que je me fais conduire ",739797,rue du Bac,,LOC,739807,", chez l'abbé Lamargelle. Une "
"i, l'escalier de la maison du ",739923,boulevard Haussmann,,LOC,739942, qu'habite mon oncle. Genevièv
aussmann qu'habite mon oncle. ,739964,Geneviève,,PER,739973, nous accueille dans le salon 
", c'est la femme d'un certain ",740438,Delpich,,PER,740445,"... 
– Ah ! diable ! s'écrie l"
"me d'un certain Delpich... 
– ",740452,Ah !,,MISC,740456, diable ! s'écrie l'abbé. C'es
iable ! s'écrie l'abbé. C'est ,740488,Mme Delpich,,PER,740499, ! Tiens ! tiens !... Mais je 
olage qui fit tant de bruit à ,740577,Bruxelles,,LOC,740586,... Racontez-moi donc l'histoi
rable qui agonise derrière le ,740789,mur,,MISC,740792,". 
– C'est vraiment bien curie"
 Ce pauvre Delpich ! Enfin... ,740883,Fortuna vitrea,,LOC,740897, ... Sa mésaventure ne m'a cau
Il faudra même que j'aille en ,741014,Belgique,,LOC,741022, d'ici quatre ou cinq jours...
"r bonheur, je me trompais... 
",741743,– Ne m'en dites pas davantage,,MISC,741772,. Je sais bien que vous lui re
"e canaille qui crève là... 
– ",742077,Bah !,,MISC,742082," dit l'abbé, le diable est en "
"le corbillard des pauvres. 
– ",742508,Bel,,PER,742511, exemple d'humilité ! dit l'ab
"nt civil, s'il vous plaît. 
– ",742807,Ah !,,MISC,742811, ah ! ah ! s'écrie l'abbé en s
" d'un... J'appelle l'abbé. 
– ",743496,Eh !,,MISC,743500, bien ? demande-t-il en entran
"un être suprême, oui ou non ? ",743698,Grave,,PER,743703, question que votre oncle peut
peut maintenant débattre avec ,743759,Robespierre,,PER,743770,". Bizarre jusqu'à la fin, votr"
"ir, on le trouve trépassé. 
– ",743866,"Oui, dis-je, pas de mélodrame possible",,MISC,743904,. Comme ç'aurait été beau et p
 qu'elle eût déplu à certains ,744209,Grecs,,MISC,744214,", est presque un symbole. J'ai"
bole. J'ai dans l'idée que la ,744264,Société,,ORG,744271, crèvera de la même façon. Cet
"là. 
Le notaire de mon oncle, ",745339,Me Tabel,,PER,745347,"-Lion, arrive le lendemain dan"
 léguait toute sa fortune à l',745684,Institut Pasteur,,ORG,745700, ; il se trouve annulé de plei
ncle est encore considérable. ,745980,Me Tabel,,PER,745988,-Lion parle à demi-voix. Sa bo
 suis dans la première avec l',746315,abbé Lamargelle,,PER,746330, qui a endossé des habits civi
 trois dames parmi lesquelles ,746559,Geneviève,,PER,746568,", en grand deuil. Je n'ai pu l"
", quand vous aurez le temps. 
",747661,Nous arrivons au cimetière,,MISC,747687,. Le caveau de famille est ouv
re et s'éloignent. Je reviens ,747964,boulevard Haussmann,,LOC,747983," avec l'abbé et Geneviève, qui"
vard Haussmann avec l'abbé et ,747999,Geneviève,,PER,748008,", qui continue à bouder. Le dé"
"der. Le déjeuner nous attend, ",748058,Nous nous mettons à table ;,,MISC,748085, mais je suis dérangé deux ou 
"à manger. Sitôt le café pris, ",748211,Geneviève,,PER,748220,", qui se prétend très lasse et"
écouterez. Ne vous mettez pas ,748767,martel,,PER,748773," en tête d'avance, sapristi !."
" pas martel en tête d'avance, ",748792,sapristi,,PER,748800," !... Voyons, que joue-t-on au"
"... Voyons, que joue-t-on aux ",748832,Variétés,,LOC,748840,", ce soir ? 
Il va être dix he"
ns le salon où il va recevoir ,749025,Geneviève,,PER,749034,", l'arrivée de ma petite femme"
exactes de cet excellent abbé ,749314,Lamargelle,,PER,749324,. Mais j'entends résonner le t
nds résonner le timbre. Voici ,749367,Geneviève,,PER,749376, ; elle entre dans le salon. J
" : 
– N'êtes-vous pas mariée, ",749606,Madame,,PER,749612," ? 
– Si, répond Geneviève ; j"
"ariée, Madame ? 
– Si, répond ",749629,Geneviève,,PER,749638, ; je suis mariée ; et si vous
"d'une vie sans tache, reprend ",749915,Geneviève,,PER,749924,", c'est que les circonstances "
les. L'auteur de ma perte est ,750000,M. Georges Randal,,PER,750017,". Il se dit votre ami, monsieu"
"abbé. Que m'apprenez-vous là, ",750171,Madame !,,MISC,750179," Un voleur ! 
– Oui, Un voleur"
" Madame ! Un voleur ! 
– Oui, ",750200,Un voleur,,MISC,750209,. Un voleur de la pire espèce.
lle raconte notre aventure de ,750372,Bruxelles,,LOC,750381,", à sa façon, bien entendu. C'"
 révèle un secret de famille. ,750880,Ma mère,,PER,750887, a eu un amant. Elle m'écrivai
dans un tiroir de son bureau. ,751103,M. Randal,,PER,751112," les a découvertes, et, aussit"
re et de venir le retrouver à ,751344,Londres,,LOC,751351, dans les huit jours. Que vous
as vous dire quelle existence ,751614,M. Randal,,PER,751623, m'a fait mener depuis. C'est 
 C'est absolument effrayant ! ,751779,M. Randal,,PER,751788, est un misérable et s'est jou
" d'un coup, pousse un cri. 
– ",751990,Impossible !,,MISC,752002, C'est impossible ! Nous ne po
"clatera... 
– C'est vrai, dit ",752436,Geneviève,,PER,752445, de la voix rêche d'une femme 
. Je vais m'employer à livrer ,752676,M. Randal,,PER,752685, à la justice après lui avoir 
"l'intervalle, que ferez-vous, ",752835,Madame,,PER,752841, ? Voulez-vous me permettre de
"es sentiments religieux... 
– ",753022,Oh !,,MISC,753026," certainement, interrompt Gene"
"Oh ! certainement, interrompt ",753052,Geneviève,,PER,753061, avec feu ; je suis une croyan
"croyante, monsieur l'abbé. 
– ",753115,Eh !,,MISC,753119," bien, vous n'ignorez point qu"
"à une nouvelle existence ? 
– ",753470,Oh !,,MISC,753474," s'écrie Geneviève, quelle joi"
"e existence ? 
– Oh ! s'écrie ",753483,Geneviève,,PER,753492,", quelle joie ce serait pour m"
" reconduire. 
– J'ai promis à ",753793,M. Randal,,PER,753802," d'aller le voir aujourd'hui, "
rêtez-vous sur votre chemin à ,754093,Saint-Thomas d'Aquin,,LOC,754113,", et entendez la messe. Ce ser"
"
Je n'entends plus rien. Ah ! ",754200,Geneviève de Brabant,,PER,754220, ! Moi qui étais le petit vole
me voilà transformé en infâme ,754304,Golo,,PER,754308,"... L'abbé revient. 
– J'ai to"
arriver chez vous avant elle. ,755687,Partez,,LOC,755693,. Hâtez-vous. J'irai vous donn
chez vous avant elle. Partez. ,755695,Hâtez,,LOC,755700,-vous. J'irai vous donner des 
puis un quart d'heure lorsque ,755800,Geneviève,,PER,755809," arrive, Elle ne boude plus ; "
" est absolument charmante. 
– ",755887,Mon chéri,,MISC,755896,", me dit-elle après déjeuner, "
"conversion. Oui, je renonce à ",756667,Satan,,PER,756672,", à ses pompes... 
Je m'y oppo"
 moins pour le quart d'heure. ,756751,Geneviève,,PER,756760, est très alléchante dans ses 
e veuve et... et je pense que ,756831,Samson,,PER,756837, ne devait pas s'embêter avec 
 ne devait pas s'embêter avec ,756867,Dalila,,MISC,756873,", chaque fois qu'elle avait te"
"té sans succès de le trahir. 
",756934,Geneviève,,PER,756943, ne m'a quitté que vers minuit
 à cette trahison ridicule de ,757258,Geneviève,,PER,757267,", qui pouvait m'être si funest"
"ine midi lorsqu'il arrive. 
– ",757614,Eh !,,MISC,757618," bien, dit-il, l'oiseau était "
"tre. 
Je déchire l'enveloppe, ",757788,Geneviève,,PER,757797, m'apprend qu'elle quitte Pari
iève m'apprend qu'elle quitte ,757823,Paris,,LOC,757828, avec l'Autrichien : C'est un 
d qu'elle quitte Paris avec l',757836,Autrichien,,LOC,757846, : C'est un homme qui a des se
"oyons, nous serons bons amis, ",758013,Du moins,,MISC,758021,", elle l'espère. 
– Ma foi, di"
"a honte de l'action directe. 
",759122,– ,,MISC,759124,"Terrible, certes, mais si fréq"
"umain -- la conscience, c'est ",759696,la Peur,,MISC,759703,"... Enfin, vous voici veuf. Pr"
iendra implorer votre pardon. ,759933,Nolite confidere hominibus,,PER,759959," , ni aux femmes repentantes.."
 ni aux femmes repentantes... ,759991,Combien de temps pensez,,MISC,760014,"-vous rester à Paris ? 
– Quin"
de temps pensez-vous rester à ,760029,Paris,,LOC,760034," ? 
– Quinze jours, environ. A"
"pensez-vous rester à Paris ? 
",760038,– Quinze jours,,MISC,760052,", environ. Après quoi, j'irai "
 j'irai régler mes affaires à ,760104,Londres,,LOC,760111," et partirai je ne sais où. 
–"
"et partirai je ne sais où. 
– ",760142,Excellente idée,,MISC,760157,. En vous mettant en route pou
"r ce pays-là, passez donc par ",760217,Bruxelles,,LOC,760226,". Vous m'y trouverez, j'y vais"
"ain et j'y resterai un mois. 
",760296,– Bon,,PER,760301,. Il faudra que je vous charge
" déjeuner d'héritier, hein ? 
",760816,XXXVIII,,MISC,760823, -- DANS LEQUEL ON APPREND QUE
"tier, hein ? 
XXXVIII -- DANS ",760832,LEQUEL,,ORG,760838, ON APPREND QUE L'ARGENT NE FA
" ? 
XXXVIII -- DANS LEQUEL ON ",760842,APPREND,,ORG,760849, QUE L'ARGENT NE FAIT PAS LE B
 APPREND QUE L'ARGENT NE FAIT ,760871,PAS LE BONHEUR,,PER,760885," 
C'est très long à régler, ce"
"s ; ça n'en finit pas. Enfin, ",761036,Me Tabel,,PER,761044,-Lion vient de m'annoncer qu'i
"nte, entre autres la villa de ",761498,Maisons-Laffitte,,LOC,761514,", la fortune de mon oncle mont"
blissements pénitentiaires de ,761963,Dalmatie,,LOC,761971,", C'était un gros cahier de 50"
"s pénitentiaires de Dalmatie, ",761973,C'était un gros cahier de 500 pages couvertes d'une écriture presque illisible ;,,MISC,762053," pourtant, par-ci par-là, j'ai"
ru reconnaître des phrases de ,762115,Télémaque,,PER,762124, . Saine littérature. J'ai exp
 Le rapport m'a fait songer à ,762343,Montareuil,,LOC,762353,", que j'ai été voir. Il m'a re"
faire deux ou trois visites à ,762705,Margot,,LOC,762711,", qui est toujours au mieux av"
charmante. Je n'ai pas oublié ,762887,Ida,,MISC,762890,", dont les affaires prospèrent"
rtune et j'aurais déjà quitté ,763135,Paris,,LOC,763140," si je n'avais reçu, avant-hie"
 laquelle il rêvait de donner ,764480,Hélène pour belle-mère,,MISC,764502,". Ah! pitié... 
C'est mon tour"
onner Hélène pour belle-mère. ,764504,Ah!,,MISC,764507," pitié... 
C'est mon tour. L'h"
"egrés, et je me trouve devant ",764608,Courbassol,,LOC,764618,. Le Courbassol que j'ai vu à 
 trouve devant Courbassol. Le ,764623,Courbassol,,LOC,764633, que j'ai vu à Malenvers ; le 
on rapport sur les prisons de ,764866,Dalmatie,,LOC,764874," était remarquable. 
– Un trav"
"ravail de tout premier ordre, ",764931,Monsieur !,,MISC,764941," Vous avez rendu, en l'écrivan"
on. Je sais beaucoup de gré à ,765041,Mlle,,PER,765045," de Vaucouleurs, dont la famil"
ais beaucoup de gré à Mlle de ,765049,Vaucouleurs,,LOC,765060,", dont la famille était, paraî"
tention du gouvernement. Mais ,765179,croyez,,MISC,765185, bien que son intervention n'a
duc... ce viaduc... à... à... ,765711,Mlle de Vaucouleurs,,MISC,765730, me citait hier encore le nom 
"e nom de la localité... 
–  A ",765784,Nothingabout,,LOC,765796,", dis-je avec aplomb. C'est un"
" que je voulais dire, affirme ",765951,Courbassol,,PER,765961,". Eh ! bien, Monsieur, j'ai pe"
ont actuellement vacants à la ,766147,Chambre,,ORG,766154, : et si vous vous décidiez à 
ot de moi à mon collègue de l',767136,Instruction Publique,,MISC,767156,"... 
Non, non ; Mazas, si l'on"
"ors, pourquoi existe-t-il des ",767779,Compagnies d'assurance,,ORG,767801, contre le vol ? Qui distribue
"ur, elle est heureuse, me dit ",768061,Roger-la-Honte,,MISC,768075, que j'ai été voir en arrivant
e j'ai été voir en arrivant à ,768108,Londres,,LOC,768115,". Oui, Broussaille est très he"
ès heureuse. Dans un voyage à ,768170,Paris,,LOC,768175,", elle a rencontré un vieux qu"
ques sous et une propriété en ,768501,Normandie,,LOC,768510,. C'est dans l'une que Broussa
rmats. Tu vois les en-têtes ? ,768887,Agence internationale de renseignements commerciaux,,ORG,768938," . C'est à moi, cette agence-l"
-là. Les bureaux sont dans la ,768996,Cité,,LOC,769000," ; mon employé de confiance, c"
"n employé de confiance, c'est ",769035,Stéphanus,,LOC,769044,". Quelque chose de sérieux, tu"
"u sais. D'ailleurs, regarde : ",769103,Maison,,MISC,769109, fondée en 1837 . Nous renseig
" 
– Tu peux tout oser, répond ",769471,Roger-la-Honte,,LOC,769485,". Le principal, c'est que l'af"
s pouvoir bientôt partir pour ,769619,Venise,,LOC,769625,. Mon associé s'occupera de la
"la maison durant mon absence, ",769683,À propos,,MISC,769691,", sais-tu qui c'est, mon assoc"
"s-tu qui c'est, mon associé ? ",769726,Devine...,,MISC,769735, Tu ne pourrais jamais ; j'aim
'aime mieux te le dire. C'est ,769791,Issacar,,MISC,769798,". 
– Issacar ! Comment ? Cette"
"te le dire. C'est Issacar. 
– ",769803,Issacar,,MISC,769810, ! Comment ? Cette crapule d'I
r ! Comment ? Cette crapule d',769839,Issacar,,MISC,769846," ? 
Mais le voici justement qu"
"avez joué, à l'époque où vous ",770065,étiez mouchard,,PER,770079," à Paris, dans l'arrestation d"
oque où vous étiez mouchard à ,770082,Paris,,LOC,770087,", dans l'arrestation de Canonn"
" Paris, dans l'arrestation de ",770111,Canonnier,,MISC,770120,". 
– Un rôle très avouable, ré"
"Un rôle très avouable, répond ",770155,Issacar,,MISC,770162, d'une voix ferme. J'ai fait t
ché d'opérer l'arrestation de ,770708,Canonnier,,MISC,770717, à la gare du Nord et je l'ai 
arrestation de Canonnier à la ,770723,gare du Nord,,LOC,770735, et je l'ai encore empêché de 
. Pourquoi êtes-vous restés à ,770822,Bruxelles,,LOC,770831, ?... Si vous aviez eu confian
"ne veux rien discuter, répond ",771367,Issacar,,MISC,771374, nerveusement. Vous ignorez le
" effets. Mais, pour revenir à ",771512,Canonnier,,MISC,771521,", avez-vous de ses nouvelles ?"
"velles ? 
– Oui, j'en ai eu à ",771573,Paris,,LOC,771578,". 
– Alors, vous savez qu'il e"
u'il est encore au dépôt de l',771632,île de Ré,,LOC,771641, ; on retarde autant que possi
 que possible son départ pour ,771691,Cayenne,,LOC,771698,", car on craint une évasion. I"
"Ainsi, cette vieille toquée d'",772189,Annie,,PER,772194, pleure comme une Madeleine pa
elle pleure à chaudes larmes. ,772467,Ça,,MISC,772469," n'a pas le sens commun. 
– Tu"
– Tu devrais venir avec moi à ,772525,Venise,,LOC,772531,", me dit Roger-la-Honte qui m'"
"nir avec moi à Venise, me dit ",772540,Roger-la-Honte,,PER,772554, qui m'accompagne à la gare le
la gare le matin où je quitte ,772604,Londres,,LOC,772611,". 
Je devrais peut-être, mais "
ux pas. Il faut que j'aille à ,772679,Bruxelles,,LOC,772688, ; pour porter à l'abbé Lamarg
XIX -- SI LES FEMMES SAVAIENT ,773582,S'Y PRENDRE,,MISC,773593,". 
J'aurais mieux fait, certai"
"inement, de ne pas aller voir ",773652,Hélène,,MISC,773658,". J'y ai été, poussé par une f"
 sentais le regard narquois d',774105,Hélène,,MISC,774111," peser sur moi, je voyais le p"
"es de l'agiotage, possédés du ",775890,Jeu,,MISC,775893,", qui ne seraient pas trop méc"
"'avez pas de remords, hein ? 
",776282,Et je pensais,,MISC,776295,", en écoutant cette jeune femm"
"le vit, je pensais à ce vieux ",776482,Paternoster,,PER,776493,", que j'ai tué, à cette petite"
"enturiers, nous sortons de la ",776708,Société,,ORG,776715, pour arriver à y rentrer. C'e
es dit : « Je vais aller voir ,777248,Hélène,,MISC,777254,", lui raconter... n'importe qu"
"Oui, voilà ce qui arrivera... ",778092,Allons,,MISC,778098,", a-t-elle repris en se rappro"
" ma volonté. 
– Non, a repris ",778876,Hélène,,MISC,778882,", pas des mots. Des faits. La "
"y a longtemps déjà, j'étais à ",779194,Londres,,LOC,779201,", dans une grande détresse mor"
x fait de ne point aller voir ,780046,Hélène,,MISC,780052,". 
Tout semble s'être subiteme"
"vait s'y prendre !... 
XXX -- ",780602,CONCLUSION PROVISOIRE,,MISC,780623, -- COMME TOUTES LES CONCLUSIO
X -- CONCLUSION PROVISOIRE -- ,780627,"COMME TOUTES LES CONCLUSIONS 
",,MISC,780657,"– Ma foi, dit l'abbé Lamargell"
vons de déjeuner à l'hôtel du ,780734,Roi Salomon,,PER,780745," , on ne mange pas mal, ici ; "
un bon repas me fait plaisir. ,780895,Lacordaire,,PER,780905, a parlé des « mâles voluptés 
"rais bien être à votre place, ",781603,Vous n'avez pas de but,,MISC,781625, dans l'existence ? Continuez.
pas de but dans l'existence ? ,781645,Continuez,,PER,781654,. Contentez-vous de vivre pour
un essai d'acclimatation à la ,781899,Société,,ORG,781906,". 
– Votre gaîté est plutôt gr"
"blesse, vient d'être arrêté à ",782397,Paris,,LOC,782402, en flagrant délit de cambriol
e les gazetiers à la solde de ,782537,Prudhomme,,PER,782546,", le sens de cet incident ? Il"
 les mots. Dans un monde où l',783038,Abdication,,MISC,783048, n'est pas seulement une Doctr
ation n'est pas seulement une ,783073,Doctrine,,MISC,783081,", mais une Vie, la marche de l"
"lement une Doctrine, mais une ",783092,"Vie, la marche de l'humanité",,MISC,783120,", en avant ou en arrière, n'a "
ison d'être contemporaine ? « ,783668,J'ai peur de moi ;,,MISC,783686," donc, j'existe. » Époque de c"
" une époque de transition. 
– ",784024,Mensonge !,,MISC,784034, s'écrie l'abbé. Notre époque 
le ; cent marches de plus aux ,784857,Gémonies,,LOC,784865,. Le génie du christianisme ? 
"misole de force. « Jésus, dit ",784931,saint Augustin,,PER,784945,", a perfectionné l'esclave. » "
", a perfectionné l'esclave. » ",784975,Oh !,,MISC,784979, cette religion dont les dogme
"ensé quelquefois, aussi, à ce ",786020,Simon le Cyrénéen,,PER,786037,", qui revenait des champs, et "
 des champs ! Vous entendez ? ,786154,Eh !,,MISC,786158," bien, ils en ont encore l'épa"
"aces, s'éveillent là-bas, à l'",786363,Orient,,MISC,786369,", libres de ces entraves et de"
" naturel du chrétien », a dit ",786992,Pascal,,PER,786998,". Hélas !... 
– Si vous pensez"
"'élargit et sa voix tonne. 
– ",787748,Mes idées !,,MISC,787759, La seule idée : l'idée de lib
as les efforts tentés par des ,787843,Hommes,,MISC,787849,", au milieu de l'indifférence "
r qu'apparaisse la vérité. -- ,788191,Âmes,,MISC,788195," labourées par la douleur, cer"
e. Il y a si longtemps que la ,788456,Parole,,MISC,788462, a cessé d'être un Fait ! que 
e la Parole a cessé d'être un ,788481,Fait !,,MISC,788487, que le Verbe n'est plus qu'un
cessé d'être un Fait ! que le ,788495,Verbe,,PER,788500, n'est plus qu'une arme faussé
endre. -- Un apôtre serait un ,788928,Individu,,MISC,788936,", d'abord -- l'Individu qui a "
"erait un Individu, d'abord -- ",788949,l'Individu,,MISC,788959, qui a disparu. -- Le jour où 
soit l'Amour ou qu'il soit la ,789083,Haine,,LOC,789088,", qu'il étende les bras ou que"
 de cet immense couvent de la ,789301,Sottise,,LOC,789308," meurtrière dont les murs, éta"
évore ; de ce monastère de la ,789477,Renonciation Perpétuelle,,MISC,789501," où l'humanité, le bandeau de "
ées devant leur idole -- leur ,789850,Idole,,ORG,789855, qui est leur Image -- en atte
le -- leur Idole qui est leur ,789869,Image,,MISC,789874, -- en attendant que leur Prov
mage -- en attendant que leur ,789900,Providence,,LOC,789910,", qui est l'État, entrebâille "
"ue leur Providence, qui est l'",789922,État,,LOC,789926,", entrebâille le guichet par l"
"'abattoir. -- Oui, le jour où ",790135,l'Individu,,MISC,790145," reparaîtra, reniant les pacte"
la dalle où sont gravés leurs ,790258,Droits,,ORG,790264," ; le jour où l'Individu, lais"
vés leurs Droits ; le jour où ,790278,l'Individu,,MISC,790288,", laissant les rois dire : « N"
"as de droits, mais proclamera ",790533,sa Force,,MISC,790541, ; ce jour-là sera ton dernier
"n dernier jour, ergastule des ",790592,Foules Souveraines,,MISC,790610, où l'on prêche que l'Homme n'
che que l'Homme n'est rien et ,790652,l'Humanité,,ORG,790662,", tout ; où la Personnalité me"
"rien et l'Humanité, tout ; où ",790674,la Personnalité,,MISC,790689," meurt, car il lui est interdi"
commettre de nouveaux vols... ,792067,"Misère... 
L'abbé m'",,MISC,792087,a quitté. Je suis seul dans ma
"ue tout le reste, après tout. ",792736,Péroraisons,,PER,792747," de tribune, dénouements de th"
"init jamais ; ça continue... 
",793124,Conclusion,,MISC,793134," ? Je ne serai plus un voleur,"
oujours volé par quelqu'un... ,794238,Ah !,,MISC,794242," chienne de vie !... 
FIN 
"
"... Ah ! chienne de vie !... 
",794264,FIN,,MISC,794267," 
"
