Gauche,Début,Texte,Label_modele,Label_spacy,Fin,Droit
"ître, s'il le faut, devant le ",674,Procureur,LOC,,683, du Roi. (Ça se passe en Belgi
" faut, devant le Procureur du ",687,Roi,PER,,690,". (Ça se passe en Belgique.) 
"
r passer ainsi la frontière ? ,903,Mon,MISC,,906, Dieu ! j'avais voulu voir le 
sser ainsi la frontière ? Mon ,907,Dieu,MISC,,911, ! j'avais voulu voir le roi L
jamais vu de roi. Quel est le ,1016,Républicain,PER,ORG,1027," qui ne me comprendra pas ? 
J"
ieur est sans doute un ami de ,1474,M.,PER,,1476," Randal, me dit l'hôtelière co"
s comme vous savez -- Georges ,1973,Randal,LOC,,1979," -- Eh bien, puisque vous le c"
us savez -- Georges Randal -- ,1983,Eh,MISC,,1985," bien, puisque vous le connais"
savez -- Georges Randal -- Eh ,1986,bien,MISC,,1990,", puisque vous le connaissez, "
". Ces messieurs sont à Spa, à ",2404,Dinan,PER,LOC,2409,", à Ostende, ou bien dans les "
"sieurs sont à Spa, à Dinan, à ",2413,Ostende,PER,LOC,2420,", ou bien dans les villes d'ea"
" coin, là, c'est la valise de ",3579,M.,PER,,3581, Randal ; il n'a pas voulu l'e
ce que contenait la valise de ,4263,M.,PER,,4265," Randal. Curiosité malsaine, j"
"de me juger trop sévèrement. 
",4543,Bref,LOC,,4547,", j'ouvris la valise ; elle n'"
e. À quoi ça peut-il servir ? ,4884,Mystère,PER,,4891,. Une petite bouteille étiquet
né la lecture des mémoires de ,6086,M.,PER,,6088, Randal -- l'appellerai-je Mon
 M. Randal -- l'appellerai-je ,6115,Monsieur,PER,,6123, ? -- maintenant que j'ai en m
"ais jamais dû lire, jamais dû ",6221,toucher,PER,,6228,", qu'en dois-je faire, de ce m"
"e faire, de ce manuscrit ? 
– ",6272,Le,MISC,,6274, restituer ! me crie une voix 
"intérieure, mais impérieuse. 
",6334,Naturellement,PER,,6347,. Mais comment faire ? Le renv
 ? Le renvoyer par la poste ? ,6397,Impossible,PER,MISC,6407,", mon départ précipité a dû dé"
"e l'avait écrit, d'avance, le ",7593,sieur,PER,,7598, Randal. -- Tant pis pour lui 
"is point comment il écrit, ce ",8731,Voleur,PER,MISC,8737,-là ; mes phrases n'entrent pa
"sonnage, un ancien élève de l'",9106,École,MISC,,9111," Polytechnique, par exemple, q"
"olume, aurait dit son fait au ",9192,Voleur,PER,MISC,9198,. Il aurait suffi de le faire 
"nscience. 
Moi qui ai volé le ",9677,Voleur,PER,,9683,", je ne puis guère le flétrir."
" ai pas le droit. Peut-être. 
",9896,Georges,PER,,9903," Darien. 
Londres, 1896. 
I --"
"le droit. Peut-être. 
Georges ",9904,Darien,PER,,9910,". 
Londres, 1896. 
I -- AURORE"
s y pousse de tous les côtés. ,10050,Mme,PER,,10053, Dubourg a laissé entendre à m
 un enfant -- au moins un. -- ,10634,Réfléchissez,PER,,10646,"-y. 
Le médecin s'en mêle : 
–"
"rudent d'attendre davantage. 
",10783,Le,PER,,10785," curé aussi : 
– Un des premie"
"ent d'attendre davantage. 
Le ",10786,curé,PER,,10790," aussi : 
– Un des premiers pr"
"ères ont la larme à l'œil. 
– ",12315,Cher,PER,LOC,12319, petit ! Comme il a dû travail
"anche, à faire hurler un Peau-",12925,Rouge,PER,,12930, et à me donner des excitation
" ans. 
– Un bel âge ! dit mon ",13570,oncle,PER,,13575,. On est déjà presque un jeune
"ute la candeur de l'enfance. 
",13661,Candeur,PER,MISC,13668, !... Mon enfance ? Je ne me r
urniquets chargés de pavés de ,15150,Reims,PER,LOC,15155,", de porcelaines utiles et de "
" Tu vas voir, a-t-il dit, que ",15263,Phanor,PER,LOC,15269," est plus adroit que toi. 
Il "
 quand nous sommes entrés. Un ,16348,monsieur,PER,,16356," chauve, fortifié d'un gilet b"
'Histoire et il reconnaîtrait ,18010,M.,PER,,18012," Thiers à une demi-lieue... 
P"
"is, il se tourne vers moi. 
– ",18073,Le,MISC,,18075," voilà, Gambetta ! Tiens, là, "
" moi. 
– Le voilà, Gambetta ! ",18094,Tiens,MISC,,18099,", là, là ! 
Oui, c'est lui, c'"
ain comment il a le nez fait. ,19821,Est,LOC,,19824,-ce que je ne suis pas physion
; au moins quelquefois. Et le ,19934,monsieur,PER,,19942," chauve, en gilet blanc, qui p"
"e n'est pas Gambetta, ni même ",20404,M.,PER,,20406," Thiers, qui symbolisent pour "
" libre, mais policé. C'est ce ",20508,monsieur,PER,,20516,", dont j'ignore le nom, dont l"
té la France dans le fiacre à ,20599,Louis-Philippe,MISC,PER,20613,", dont la blanchisseuse avait "
"ds à m'enorgueillir. Non, Ali-",24320,Baba,MISC,,24324," n'a point éprouvé, en pénétra"
"le fruit défendu, au jardin d'",24535,Eden,LOC,,24539,", avec une émotion plus grande"
" lis le Contrat de louage, le ",24824,Régime,PER,,24830," dotal, beaucoup d'autres chos"
est tout ce qui restera de la ,26300,Société,PER,ORG,26307,". 
Bon, bon. Nous verrons ça. "
es domestiques. Il parait que ,27051,M.,PER,,27053, Dubourg s'est mal conduit... 
"te, échapper au châtiment. 
– ",27583,Jamais,PER,,27589,", dit ma mère. Mais on aura eu"
"n aura eu égard à son âge. 
– ",27640,Belle,PER,,27645, excuse ! Raison de plus pour 
-tu rien de plus immoral ? Et ,27840,monsieur,PER,,27848, fouille à pleines mains dans 
tretenir ça !... Comme sous l',27937,Empire,PER,,27943, ! Comme sous Louis XV !... Et
" son journal, je vois arriver ",28746,M.,PER,,28748," Dubourg. La domestique, par b"
" huit jours avant midi. 
Mais ",28901,M.,PER,,28903, Dubourg est à dix pas. Je sen
"re me retient par le bras. 
– ",29103,Reste,PER,MISC,29108," là ! 
M. Dubourg parle depuis"
"ond rien. Rien ; pas un mot. 
",29340,M.,PER,,29342, Dubourg continue. Il dit que 
"us importuner plus longtemps, ",30260,M.,PER,,30262, Randal ; je vais vous quitter
". 
– Adieu, Monsieur. 
Alors, ",30455,M.,PER,,30457, Dubourg est parti. Il s'en es
"t. Je pense qu'ils ont, père, ",31384,mère,PER,,31388," et grand-père, exactement les"
onie un peu nerveuse. Je suis ,31562,porté,PER,,31567, à croire que ce qu'ils préfèr
CŒUR D'UN HOMME VIERGE EST UN ,32170,VASE,PER,MISC,32174," PROFOND 
C'est entendu. Je ne"
"it gloria mundi , soupire mon ",32535,oncle,PER,,32540,", qui ne sait pas le latin, ma"
"sque aux passants. 
C'est mon ",32690,oncle,PER,,32695,", à présent, qui veille sur me"
"it s'en apercevra plus tard. 
",32935,Depuis,PER,,32941,", j'ai appris bien d'autres ch"
"dée me supplicie, je hais mon ",35083,oncle,PER,,35088, ; je le hais d'une haine terr
"... Les robes de sa fille, ma ",35446,cousine,PER,,35453," Charlotte, qui commence à por"
"ère, et cette hache, c'est la ",40570,Nécessité,PER,,40579, qui la tient. C'est elle qui 
" chose qu'il faille savoir, « ",41310,Nul,PER,,41313, n'est censé ignorer la loi. »
"unts qui m'engagent à vivre. 
",41633,Integer,PER,,41640," vitae, scelerisque purus . 
J"
ui s'acharnera contre moi. Je ,42438,tiens,MISC,,42443, à n'avoir point de haine pour
rends donc cette Histoire des ,43046,Morts,PER,,43051," -- tout ça, c'est les procès "
s procès verbaux des vieilles ,43102,Morgues,PER,LOC,43109, -- cette Histoire des Morts q
Morgues -- cette Histoire des ,43132,Morts,PER,,43137, qu'on nous enseigne en dédain
eigne en dédain des Actes des ,43182,Vivants,PER,,43189, -- comme on nous condamne à l
 à la victoire de Cicéron sur ,45152,Catilina,PER,MISC,45160, ; et aussi au triomphe de Cés
e ; c'était nécessaire ; « et ,45266,Jésus,PER,,45271,-Christ vient au monde. » Pour
et que c'est fort heureux que ,45493,Jeanne,PER,,45499, d'Arc les ait chassés de Fran
lairement que la destinée des ,45572,Empires,PER,MISC,45579, tient à un grain de sable ; q
ort Raphaël pour les Loges du ,46049,Vatican,PER,LOC,46056,", que j'ignore ; Michel-Ange, "
" j'ignore ; Michel-Ange, pour ",46091,le,PER,,46093," Jugement Dernier, que je n'ai"
"ignore ; Michel-Ange, pour le ",46094,Jugement,PER,,46102," Dernier, que je n'ai jamais v"
"Michel-Ange, pour le Jugement ",46103,Dernier,PER,,46110,", que je n'ai jamais vu. Boile"
"ble. Ce n'est pas pour moi, l'",46917,Espérance,PER,,46926, qui est restée au fond de la 
ns qui n'ont jamais quitté le ,47633,collège,PER,,47640," ; mangent, dorment, font leur"
" l'étripe ; je l'étrangle. 
– ",48255,Traduisez,PER,,48264," largement, dit l'autre ; n'ay"
"leine. 
– Mon ami, me dit mon ",48674,oncle,PER,,48679," quand j'ai quitté le lycée, p"
". 
– Excellente idée, dit mon ",49963,oncle,PER,,49968,. Peut-être as-tu raison de ne
"AMIS 
J'ai suivi le conseil d'",52160,Issacar,PER,MISC,52167,", et je suis ingénieur. Où, co"
"nieur. Où, comment j'ai connu ",52214,M.,PER,,52216," Issacar, c'est assez difficil"
"jours lui qui fait la vôtre. 
",52385,M.,PER,,52387, Issacar compte beaucoup sur m
e hasard des promiscuités. M. ,52645,Issacar,PER,MISC,52652, est un homme habile ; il a de
" cause : l'observation, par l'",53052,Israélite,PER,MISC,53061,", d'une règle religieuse en mê"
"l en soit, mes relations avec ",53413,Issacar,PER,MISC,53420," m'auront été fort utiles, m'a"
es choses ; il est certain qu',54964,Issacar,PER,MISC,54971," n'exagère pas, et que son idé"
" pour qu'elle ait du succès. 
",55088,Néanmoins,PER,,55097,", j'ai été très heureux de voy"
collections de timbres-poste. ,55315,Issacar,PER,MISC,55322, a su se faire beaucoup d'amis
"luses. 
– Vous voyez, m'a dit ",55631,Issacar,PER,MISC,55638,", que ça marche comme sur des "
moindre doute à ce sujet-là ; ,56343,Issacar,PER,MISC,56350, lui-même ne m'en a pas laissé
"m'en a pas laissé l'ombre. 
– ",56393,La,PER,,56395," morale, dit-il, est une chose"
"plutôt, la directe émanation. ",56589,Jusqu',PER,,56595,"à une certaine époque, le XVIe"
et j'ai visité les prétoires. ,58494,Monsieur,PER,,58502,", c'est absolument piteux. Mai"
"pas ton corps », a dit Isaïe. ",59400,Monsieur,PER,,59408,", je ne connais point de parol"
oint de parole plus haute. -- ,59455,Riche,PER,MISC,59460, ! ne méprise pas ton corps ; 
 un mauvais tour de la part d',61765,Issacar,PER,MISC,61772, ; je ne redoute pas qu'il veu
meilleure chance de succès qu',62316,Issacar,PER,MISC,62323, ait dans son jeu. Ses aptitud
", symbolisent les excès de la ",62983,Propriété,PER,MISC,62992,", dévoratrice d'elle-même, dit"
"ment, je crois que l'appui qu'",63741,Issacar,PER,MISC,63748, obtiendra de moi aura plutôt 
s je ne suis sûr de rien. Mon ,64023,oncle,PER,,64028,", qui me fait une pension depu"
"e, Édouard Montareuil, que ma ",64750,cousine,PER,,64757, Charlotte va se marier. Pas u
un peu gnan-gnan -- un fils à ,64869,maman,PER,,64874,". -- Ça me fait quelque chose,"
"rès étonné, même, lorsque mon ",65694,oncle,PER,,65699," me prend à part, un soir, et "
"r, et me dit à demi-voix : 
– ",65753,Viens,PER,,65758," après-demain matin, à dix heu"
"ptes de tutelle. Sois exact. 
",65848,Diable,PER,,65854, ! Il paraît que c'est pressé.
oi écrite. Ses dominantes : l',66594,Orgueil,PER,,66601," et la Luxure, dont la somme, "
 dominantes : l'Orgueil et la ,66608,Luxure,PER,MISC,66614,", dont la somme, toujours, est"
ensière ; fort jolie surtout. ,70673,Mon,LOC,,70676," oncle, le lendemain du mariag"
ère ; fort jolie surtout. Mon ,70677,oncle,PER,,70682,", le lendemain du mariage, pri"
 qui met sur le visage de mon ,71117,oncle,PER,,71122,", parfois, un voile de tristes"
"ut lorsqu'on croit, comme mon ",74754,oncle,PER,,74759,", que l'âge est proche où l'au"
" Ah ! ces Américains, dit mon ",75000,oncle,PER,,75005," avec colère, quelles leçons i"
quelles leçons ils donnent au ,75049,Vieux,PER,,75054," Monde ! 
Et il explique le sy"
l ne faut pas plaisanter avec ,76327,M.,PER,,76329," Urbain Randal. 
Mais ça, c'es"
pas plaisanter avec M. Urbain ,76337,Randal,PER,,76343,". 
Mais ça, c'est une règle qu"
e que des plaisanteries à mon ,76487,oncle,PER,,76492,", tout à l'heure. 
Car je suis"
e à la gorge et lui crier : « ,80112,Menteur,PER,MISC,80119, ! Voleur ! » C'est aujourd'hu
ge et lui crier : « Menteur ! ,80122,Voleur,PER,MISC,80128," ! » C'est aujourd'hui, ce jou"
 que ce désastre de la Banque ,81080,Européenne,PER,,81090,... J'ai pensé que lorsque tu 
"ence. 
Je ne réponds pas. Mon ",82196,oncle,PER,,82201," reprend : 
– j'ai donc, aujou"
"
– C'est possible, répond mon ",82537,oncle,PER,,82542,". Lis un journal. Ou plutôt, a"
valeurs ne sont pas cotées en ,82657,Bourse,PER,LOC,82663,", ni même en Banque. Lorsque j"
"rdereaux d'achat. Les voici. 
",82806,Naturellement,PER,,82819,". 
– Tu n'as aucune réclamatio"
"le. 
Il ne l'aura pas. 
– Mon ",83532,oncle,PER,MISC,83537,", dis-je en prenant une plume,"
" me fasse grâce, moi ! 
– Mon ",83881,oncle,PER,MISC,83886,", ne faites aucune attention à"
"on d'entreprendre, me dit mon ",84322,oncle,PER,,84327, lorsqu'il m'a remis les titre
"de même, si le cœur t'en dit. ",84600,Méfie,PER,,84605,-toi des entraînements ; ils s
", il n'y a rien de tel que le ",84737,Respect,PER,LOC,84744,. J'en ai fait l'expérience. L
bon escient. Rappelle-toi que ,85263,le,PER,,85265, Petit Poucet a retrouvé son c
 escient. Rappelle-toi que le ,85266,Petit,PER,,85271, Poucet a retrouvé son chemin 
". Et je saurai, aussi, que le ",85460,Respect,PER,LOC,85467, est un chat malfaisant et san
"neur Prudhomme de Carabas. 
– ",85638,Viendras,PER,,85646,-tu ce soir chez les Montareui
s Montareuil ? me demande mon ,85695,oncle,PER,,85700,". 
– Non ; je ne crois pas. 
–"
"crois pas. 
– Tu le devrais ; ",85747,Mme,PER,,85750, Montareuil est charmante pour
"erite, la femme de chambre de ",85990,Mme,PER,,85993," Montareuil, une jolie fille p"
"la taille, dans les coins. 
– ",86091,Soit,MISC,,86095,", dis-je, j'irai ; mais pas av"
"; mais pas avant dix heures. 
",86142,Mme,PER,,86145, Montareuil est une personne g
"iselle ? 
– Non, Monsieur. 
– ",86692,Beaucoup,PER,,86700, de gens s'en trouvent incommo
"e chose incompréhensible, dit ",86914,Mme,PER,,86917," Montareuil, que ces perpétuel"
"douard de nouvelles qualités, ",87474,Mme,PER,,87477, Montareuil rentre dans le sal
leurs que j'ai retirées de la ,87695,Banque,PER,ORG,87701, afin de faire opérer les tran
"a broche. Qu'en dites-vous ? 
",87820,Beaucoup,PER,,87828," de bien, naturellement. Pourq"
nt. Pourquoi en dire du mal ? ,87879,Mme,PER,,87882, Montareuil referme l'écrin av
ourses. Vous viendrez aussi à ,88061,Maisons,PER,,88068,"-Laffitte, j'espère, monsieur "
"à Maisons-Laffitte, j'espère, ",88089,monsieur,PER,,88097," Georges ? 
– Non, Madame ; je"
"-Laffitte, j'espère, monsieur ",88098,Georges,PER,MISC,88105," ? 
– Non, Madame ; je le regr"
"effet, j'ai reçu une lettre d'",88316,Issacar,PER,MISC,88323, qui m'appelle à Bruxelles. Ma
tre d'Issacar qui m'appelle à ,88340,Bruxelles,PER,LOC,88349,". Mais, surtout je ne tiens pa"
cette belle propriété que mon ,88464,oncle,PER,,88469," a achetée, je crois, par habi"
"rit de retour. C'est si joli, ",88848,Maisons,PER,,88855,-Laffitte ! Et les courses ! Q
es églises en construction au ,89308,Thibet,PER,LOC,89314, ne me disent rien de bon ; et
"– Alors, Monsieur ne va pas à ",89470,Maisons,PER,,89477,"-Laffitte demain, me dit-elle "
rsuader ; Je ne partirai pour ,90062,Bruxelles,PER,LOC,90071," qu'après-demain matin, et la "
"ENCE 
Quand je suis revenu de ",90240,Belgique,PER,LOC,90248,", où je n'avais guère passé qu"
 oncle dans une colère bleue. ,90337,Mme,PER,,90340," Montareuil, que j'avais renco"
"vaient l'air fort affligé. 
– ",90597,Mademoiselle,PER,,90609," Charlotte ne se mariera pas, "
t qui a suivi mon départ pour ,90879,Bruxelles,PER,LOC,90888,", par le fait -- les voleurs s"
"urs, bijoux. Le secrétaire de ",91019,Mme,PER,,91022, Montareuil a été forcé et mis
"personne, cette nuit-là, chez ",91627,Mme,PER,,91630," Montareuil ? 
– Si ; Margueri"
"ent mille francs, à en croire ",91960,Mme,PER,,91963," Montareuil ; mettons-en, si t"
"dait, à mon avis. Si le vieux ",92078,Montareuil,PER,LOC,92088," avait encore été de ce monde,"
 de la Digestion Économique ; ,92503,Mme,PER,,92506, Montareuil aussi a toujours é
"é très charitable, ajoute mon ",92567,oncle,PER,,92572, qui ne se souvient plus de ce
"sidérable... 
– Je pense, mon ",93196,oncle,PER,,93201,", que vous avez été un peu vit"
"les gens qu'elle aimerait. 
– ",93505,Peut,MISC,,93509,"-être. En tous cas, on peut re"
as agi aussi brusquement avec ,94159,Mme,PER,,94162, Montareuil. J'ai pris des ren
es un peu mystérieuses de mon ,94810,oncle,PER,,94815," m'intéressent, alors, quel es"
"e te dire son nom, répond mon ",94912,oncle,PER,,94917, ; il ne t'apprendrait rien. C
trait. -- Il était l'amant de ,95055,Mme,PER,,95058," Montareuil. 
– Mme Montareuil"
"l'amant de Mme Montareuil. 
– ",95074,Mme,PER,,95077," Montareuil ! Un amant ! 
– Po"
"s la seule, je pense, dit mon ",95163,oncle,PER,,95168, en haussant les épaules... Ça
e. Un de ces faux artistes de ,95772,Montmartre,PER,LOC,95782, dont le ciseau de sculpteur s
"trouvé -- avant-hier, dans la ",96149,Seine,PER,LOC,96154,". -- Crime ou suicide ? Crime,"
"avant-hier, dans la Seine. -- ",96159,Crime,PER,,96164," ou suicide ? Crime, certainem"
 ont révélé son intimité avec ,96369,Mme,PER,,96372," Montareuil. 
– Ce n'est donc "
"on. Mais pourquoi diable, mon ",97041,oncle,PER,,97046,", me racontez-vous une pareill"
" ? 
– Une histoire ! crie mon ",97116,oncle,PER,,97121,. Une histoire ! Aussi vrai qu
"onnaire ! 
– Calmez-vous, mon ",98773,oncle,PER,,98778,". D'abord, ces titres, ceux qu"
"aires opèrent eux-mêmes... 
– ",99240,Est,LOC,,99243,-ce que Mme Montareuil est au 
"nt eux-mêmes... 
– Est-ce que ",99251,Mme,PER,,99254, Montareuil est au courant des
"
– Édouard ne saura rien ? 
– ",99875,Rien,MISC,,99879,. Il n'aura qu'à se consoler d
"e regarde avec étonnement. 
– ",100204,Est,LOC,,100207,-ce que je sais ? Elle n'a rie
 je le sais depuis longtemps. ,100603,Depuis,PER,,100609," le jour, au moins, où j'ai co"
ger. Et le jugement qu'elle a ,103093,porté,PER,,103098,", nerveux et partial, a été la"
"ur d'orage, dans le jardin de ",106734,Maisons,PER,,106741,"-Laffitte, où sa robe blanche "
force de ses deux bras et m'a ,107081,porté,MISC,,107086, à ses lèvres... Je n'ai point
"deuse et vieille, -- vieille, ",108989,vieille,PER,,108996,"... 
J'ai conscience qu'elle n"
tresse. -- Ta... ? a crié mon ,113690,oncle,PER,,113695," en sursautant, car il a senti"
ariser notre situation. » Mon ,113887,oncle,PER,,113892," était blême, encore, et sa ma"
"é mon héritage, à moi ! » Mon ",114316,oncle,PER,,114321, ne s'est pas indigné ; il a s
nité... » J'ai bondi vers mon ,114847,oncle,PER,,114852, et je l'ai empoigné par les é
ser ; elles sont la base de l',117110,Ordre,PER,,117115," universel, quoi que tu en pui"
harlotte ; tu peux la garder. ,117487,Vivez,PER,,117492," en concubinage, si vous voule"
"age ma main et je me lève. 
– ",118685,Est,LOC,,118688,-ce que je sais ce que tu pens
". Tu sais, le vol commis chez ",119511,Mme,PER,,119514," Montareuil, ces quatre cent m"
rappelles-tu ? en revenant de ,120078,Bruxelles,PER,LOC,120087,"... Non, non, ne t'en va pas. "
"... Non, non, ne t'en va pas. ",120117,Reste,PER,,120122,. Ne te mets pas en colère si 
"thie que je te demandais ! 
– ",120619,Enfant,PER,MISC,120625, ! dit-elle en me reprenant da
"s ni moins, et le tonnerre de ",121869,Dieu,MISC,,121873, ne m'en empêcherait pas. J'es
"lendemain matin, à la gare du ",127275,Nord,LOC,,127279,", au moment où je vais prendre"
je vais prendre le train pour ,127324,Bruxelles,PER,LOC,127333,", quelqu'un me frappe sur l'ép"
"– Vous partez en voyage, cher ",127441,monsieur,PER,,127449," ? 
– Oui ; pour affaires ; un"
 Providence sont insondables. ,128085,M.,PER,,128087, Édouard Montareuil est bien a
'autre jour sur la route de l',128316,Institut,MISC,,128324, Pasteur. La science est une g
"er mon train. Au revoir, cher ",128821,monsieur,PER,,128829,". Nous nous retrouverons, j'es"
s plus mauvais soutiens de la ,129396,Société,PER,ORG,129403,", bien que la bourgeoisie décl"
"iable. 
V -- OÙ COURT-IL ? 
– ",130204,Naturellement,PER,,130217,", si vous essayez d'expliquer "
"extrême, certainement, répond ",131045,Issacar,PER,MISC,131052, en allumant une cigarette. Ma
"ix-huit siècles, au sommet du ",131491,Golgotha,PER,MISC,131499," : le larron légal à droite, l"
t point de doutes à ce sujet. ,132817,M.,PER,,132819, Alphonse Bertillon assure mêm
"ités ordinaires, une sorte de ",136870,Bachi,PER,,136875,-Bouzouk du capitalisme. C'est
 base la liberté absolue de l',137254,Individu,PER,MISC,137262, ; de la bloquer dans sa Cité 
" se détruise elle-même, comme ",137387,Numance,PER,MISC,137394,". Ce rôle, il ne le remplit pa"
"er. » Quoi de plus juste ? 
– ",138283,Rien,MISC,,138287, au monde. C'est faire du crim
"iduelle. 
– Certainement, dit ",139091,Issacar,PER,MISC,139098,. Mais ce n'est pas seulement 
" loups sont des loups, répond ",140289,Issacar,PER,MISC,140296, ; et les hommes... Il y a ann
"ui refaire une virginité ? 
– ",141971,Personne,MISC,PER,141979,", assurément. On pourrait même"
ris croissant pour la misère. ,142190,Penser,PER,,142196, qu'après dix-huit siècles de 
". 
– Que voulez-vous ? ricane ",142676,Issacar,PER,MISC,142683,. Ils ont contre eux l'opinion
perspective était engageante. ,144270,Néanmoins,PER,,144279,", elle ne m'attirait pas. J'ét"
"ne question de principes, dit ",144692,Issacar,PER,MISC,144699,. Rien de mauvais comme les pr
"u'avait déjà tenue Jérémie, l'",146378,Individu,PER,,146386," la porte sur la poitrine, auj"
"r, et rien qu'un voleur... 
– ",146559,Pourquoi,MISC,,146567, : rien qu'un voleur ? Ne pouv
"lité. N'en faites pas une. 
– ",147058,Soit,MISC,,147062,. Je voulais dire qu'il y a de
ne sont point une sauvegarde. ,148035,Jusqu',PER,,148041,"ici, vous n'avez commis qu'un "
" butte. 
– C'est mon avis. 
– ",148715,Le,MISC,,148717, genre de vie que vous choisis
"e vous révoltez pas trop, dit ",149430,Issacar,PER,MISC,149437, ; ça n'a jamais rien valu. Co
ignait la bienveillance de la ,149680,Société,PER,ORG,149687,", ne vous refusez pas cette sa"
ers ? Votre brusque arrivée à ,150317,Bruxelles,PER,LOC,150326,", quand j'y réfléchis, me lais"
"rs !... 
– Vous en aurez, dit ",150877,Issacar,PER,MISC,150884,. Je ne vous promets point que
question n'est pas mûre ; les ,152083,Belges,PER,LOC,152089," y viendront, n'en doutez pas,"
 ils feront la conquête de la ,152225,Suisse,PER,LOC,152231,", pour créer un port à La-Chau"
"èque ce soir ? 
– Non, répond ",152910,Issacar,PER,MISC,152917, ; vous m'enverrez ces vingt m
" présent, en route, chantonne ",153178,Issacar,PER,MISC,153185, en prenant son chapeau. Le ca
"ôté, en effet ; en face de la ",153309,Bourse,PER,LOC,153315,. C'est l'heure de l'apéritif 
poste sur son flanc gauche et ,154066,Issacar,PER,MISC,154073, lui fait face avec intrépidit
e libre ? Pour qui ? dis-je à ,154166,Issacar,PER,MISC,154173, dès que le garçon nous a muni
"des gens... 
– Chut ! Chut ! 
",154541,Issacar,PER,MISC,154548, se retourne pour faire signe 
"e industriel, j'ai appris par ",155167,M.,PER,,155169, Issacar combien vous êtes dés
l'avis de notre honorable ami ,155483,M.,PER,,155485," Issacar, et je suis heureux q"
écoute le moins possible. Mon ,155875,Dieu,MISC,,155879, ! Mon Dieu ! pourvu que ça ne
oins possible. Mon Dieu ! Mon ,155886,Dieu,MISC,,155890, ! pourvu que ça ne dure pas t
"s. 
– Quoi qu'il en soit, dit ",157147,Issacar,PER,MISC,157154, qui s'aperçoit sans doute que
la plus grande impression sur ,157328,M.,PER,,157330, Randal. Je connais M. Randal.
ion sur M. Randal. Je connais ,157350,M.,PER,,157352," Randal. Il est peu expansif, "
fication des coups de pied qu',157832,Issacar,PER,MISC,157839, me lance sous la table -- oh 
"! c'est aller bien vite... 
– ",157904,Mon,MISC,,157907, Dieu ! dit l'industriel dont 
n... Il ne s'agit pas ici des ,158013,Bitumes,PER,,158020, du Maroc ou du percement du C
s'agit pas ici des Bitumes du ,158024,Maroc,PER,,158029," ou du percement du Caucase, s"
s du Maroc ou du percement du ,158049,Caucase,PER,LOC,158056,", savez-vous. C'est une affair"
"is ? 
Moi ? Pas du tout. Mais ",158249,Issacar,PER,MISC,158256," en a pour moi. 
– Oui, dit-il"
"n a pour moi. 
– Oui, dit-il, ",158288,M.,PER,,158290, Randal a certaines raisons qu
" est une admirable chose, dit ",159490,Issacar,PER,MISC,159497,". Mais M. Randal, qui a pour e"
"able chose, dit Issacar. Mais ",159504,M.,PER,,159506," Randal, qui a pour elle tout "
"t une grande consolation, dit ",160693,Issacar,PER,MISC,160700,". Malheureusement, cette union"
"es, dont l'idée seule effraye ",160874,M.,PER,,160876," Randal. 
– Oui, dis-je, obéis"
sant à une pression du pied d',160936,Issacar,PER,MISC,160943,", je crains énormément les grè"
"ins énormément les grèves. 
– ",160981,Crainte,PER,,160988," chimérique, affirme l'honnête"
"mpensation, en effet, accorde ",161818,Issacar,PER,MISC,161825, ; mais elle est peut-être un 
"on sociale... 
Coup de pied d'",161946,Issacar,PER,MISC,161953,. Silence. Second coup de pied
ilence. Second coup de pied d',161986,Issacar,PER,MISC,161993,". Je parle. 
– Certainement, u"
on qui prendrait d'assaut les ,162171,Banques,PER,LOC,162178, et dilapiderait les épargnes 
ne pas confier son argent aux ,162501,Banques,PER,LOC,162508, et de le garder chez soi. C'e
"it peut-être prudent, suggère ",163421,Issacar,PER,MISC,163428,". 
– Je ne dis pas. Mais je pu"
". 
– Excellente habitude, dit ",163564,Issacar,PER,MISC,163571, ; nous n'aurons pas de mal à 
"our vous demander à déjeuner, ",163666,M.,PER,,163668," Randal et moi. 
– Le plus tôt"
"onne son adresse : 67, rue de ",164028,Darbroëk,MISC,,164036, ; et se retire après force co
reille corvée ? demandai-je à ,164172,Issacar,PER,MISC,164179,". 
– Vous le verrez bientôt, m"
 sur la table pour murmurer à ,165930,Issacar,PER,MISC,165937," : 
– Allons-nous en d'ici ; e"
"e faire connaître ce soir. 
– ",166092,Volontiers,PER,MISC,166102,", répond Issacar ; mais il est"
"e soir. 
– Volontiers, répond ",166111,Issacar,PER,MISC,166118, ; mais il est inutile de sort
"il, de vous présenter mon ami ",166271,Roger,PER,,166276," Voisin, dont vous désirez si "
tification ; mon nom est bien ,166527,Roger,PER,,166532," Voisin mais, d'ordinaire, on "
"Honte et moi, dans la rue, de ",166709,Darbroëk,MISC,PER,166717, ; nous venons de faire nos ad
 venons de faire nos adieux à ,166754,Issacar,PER,MISC,166761, avec lequel nous avons dîné à
 nous avons dîné à l'hôtel du ,166803,Roi,PER,,166806," Salomon, où il habite. On est"
s avons dîné à l'hôtel du Roi ,166807,Salomon,PER,LOC,166814,", où il habite. On est très bi"
"te tout court, comme on dit : ",167423,Monsieur,PER,,167431," Thiers. 
– Nous voici arrivés"
"honnête industriel, comme dit ",168717,Issacar,PER,MISC,168724,... Nous a-t-il assez assommés
"– Vous en auriez été quittes, ",169643,Issacar,PER,MISC,169650," et toi, pour aller déjeuner c"
" trouvait au second étage, et ",169869,Issacar,PER,MISC,169876, soutenait qu'il était au troi
" Les fleurs, c'était bon pour ",170548,la,PER,,170550," Grèce, mais c'est trop beau p"
 mais c'est trop beau pour la ,170587,Belgique,PER,LOC,170595,", savez-vous, pour une fois. Ç"
"pas ? 
– Je ne sais pas si tu ",173392,t',PER,,173394,"en es aperçu, continue Roger ;"
on véhémente et superbe de la ,174257,Liberté,PER,,174264, et de la Beauté contre la Lai
uperbe de la Liberté et de la ,174274,Beauté,PER,,174280, contre la Laideur et la Servi
rté et de la Beauté contre la ,174291,Laideur,PER,,174298," et la Servitude ; et l'homme,"
x qui chante la grandeur de l',174507,Individu,PER,MISC,174515, et la haute majesté de la Nat
idu et la haute majesté de la ,174542,Nature,PER,MISC,174548, ; cette voix fière qui étouff
"lle haine du chef-d'œuvre. 
– ",174878,Peut,MISC,,174882,"-être ; moi, je te dis ce que "
chez l'homme que le besoin de ,176072,liberté,PER,,176079, : les forçats élisent des che
s. J'ai décroché une toile de ,176927,Lorenzo,PER,,176934," di Credi, une Vierge qui me p"
roché une toile de Lorenzo di ,176938,Credi,PER,,176943,", une Vierge qui me plaisait b"
i le déshonorent et les Guido ,177347,Reni,PER,,177351, qui l'encombrent ; et que l'a
quitté Paris ; ils tiennent à ,180987,Vichy,PER,LOC,180992, un hôtel qu'ils ont acheté et
essaire à leur établissement. ,181719,Censée,PER,,181725,", tu comprends. La vérité, c'e"
"sement. Censée, tu comprends. ",181741,La,PER,,181743," vérité, c'est qu'elle eût été"
 fois mes parents installés à ,182400,Vichy,PER,LOC,182405,". Mais, un beau jour, Broussai"
ille -- elle ne s'appelle pas ,182464,Broussaille,LOC,PER,182475,", mais on l'appelle Broussaill"
our une jeune fille élevée au ,182653,couvent,PER,,182660,", à l'ombre de la blanche corn"
" de chaussons de lisières. 
– ",183761,Retirons,PER,,183769, vite nos bottines et mettons 
ça. C'est des bons. C'est des ,183829,Poissy,PER,LOC,183835,". 
– Comme cela, dis-je en gli"
scendre ! dit Roger-la-Honte. ,183980,Est,LOC,,183983,-ce que tu rêves ? Nous ne des
" que ça, la nuit ! Connais-tu ",185053,Venise,PER,,185059,", toi ? 
– Non. Et toi ? 
– Mo"
"s-je, si tu désires tant voir ",185471,Venise,PER,LOC,185477,", pourquoi n'as-tu pas fait le"
" n'est pas la mer à boire. 
– ",185549,Est,LOC,,185552,-ce qu'on a le temps ? Toujour
" lyre, depuis Saturne jusqu'à ",186382,Mercure,PER,LOC,186389, ; de l'analogie entre les dis
"ire pour calmer mes nerfs. 
À ",190252,M.,PER,,190254," Delpich, banquier, 84, rue d'"
e. C'est un jeune serin nommé ,190446,Georges,PER,,190453," Randal, ingénieur de son état"
 un jeune serin nommé Georges ,190454,Randal,PER,,190460,", ingénieur de son état, qui e"
"u sérieux, ce qui est le plus ",190689,comique,PER,,190696,", et m'a reproché amèrement de"
quand on a travaillé dans les ,191867,Fichet,PER,LOC,191873,"... Enfin, on a moins de mal. "
"nt d'une façon singulière. 
– ",194898,Voici,PER,,194903,", dit-il, une boîte bien close"
 bateau que nous avons pris à ,195979,Ostende,PER,LOC,195986,", car nous avons quitté Bruxel"
 superbe et nous arriverons à ,196113,Cannon,PER,,196119, Street à cinq heures. Nous po
 belge et s'allonge déjà vers ,196859,Venise,PER,LOC,196865,". 
– Ah ! Venise, Venise ! sou"
 que nous venons de prendre à ,197211,Cannon,PER,,197217," Street, c'est que si Paternos"
"i apportons, ce sera beau. 
– ",197333,Paternoster,MISC,,197344," ? Qui est-ce ? 
– Ah ! oui, t"
"e ne sais plus où, du côté de ",197715,Bourges,PER,LOC,197722," ou de Châteauroux... 
– Et il"
" où, du côté de Bourges ou de ",197729,Châteauroux,PER,LOC,197740,"... 
– Et il a levé le pied, c"
apidés dans des opérations de ,199141,Bourse,PER,LOC,199147,", et qu'on n'en retrouva pas u"
"et qui, au lieu de cascader à ",199681,la,PER,,199683," Bourse, étaient empilés soign"
"bien reconnu, depuis, dans le ",199996,Paternoster,PER,LOC,200007, qui s'est mis à trafiquer ave
ais pas ce que c'était que le ,200219,curé,PER,,200223, ; j'ai entendu dire que la pe
" ne vous croirait pas, ricane ",202800,Paternoster,PER,MISC,202811,. Donnez-vous donc la peine de
 avez été faire ce coup-là en ,203324,Belgique,PER,LOC,203332,". 
– Qui vous l'a dit ? demand"
 Ce sont là des placements de ,203463,Belge,PER,LOC,203468,". Jamais un Français, à l'heur"
 ne possèdent guère que de la ,204315,Rente,PER,MISC,204320, ou des Chemins de fer. Excell
 guère que de la Rente ou des ,204328,Chemins,PER,,204335, de fer. Excellent pays pour l
"les, vous n'en voulez pas. 
– ",204540,Naturellement,MISC,,204553," ! Ce n'est pas garanti, au mo"
ier secrétaire de l'ambassade ,204828,Ottomane,PER,LOC,204836," en tombait d'accord avec moi,"
"la plus grande partie, répond ",204993,Paternoster,PER,MISC,205004,", et même en Extrême-Orient ; "
t même en Extrême-Orient ; le ,205037,Japon,PER,LOC,205042, y a pris goût depuis quelques
 depuis quelques années et la ,205086,Chine,PER,LOC,205091, donne de belles espérances. V
"ances. Voyez, Monsieur, comme ",205143,le,PER,,205145," Progrès choisit, pour sa marc"
rtent à peine 3 pour cent à l',205313,Européen,PER,LOC,205321,", touche, lui, 10 ou 12 pour c"
es rapports des Blancs et des ,205504,Jaunes,PER,ORG,205510, deviennent tous les jours plu
si joliment portraituré par l',205786,Empereur,MISC,,205794," d'Allemagne, il nous souhaite"
"'harmonie universelle, répond ",206381,Paternoster,PER,MISC,206392, avec un sourire patriarcal. P
"ant peu... Ah ! oui, continue ",206981,Paternoster,PER,MISC,206992, en poursuivant son examen des
" japonais, un kaïmakan d'Asie ",207262,Mineure,PER,LOC,207269, ou un mandarin à bouton de cr
"discours, dit Roger-la-Honte. ",208374,Monsieur,PER,,208382," Paternoster, il faut poser vo"
 dit Roger-la-Honte. Monsieur ,208383,Paternoster,PER,,208394,", il faut poser votre candidat"
"ais que nous offrez-vous ? 
– ",208495,Diable,PER,MISC,208501," ! votre ton est sec, ricane P"
"e ! votre ton est sec, ricane ",208530,Paternoster,PER,MISC,208541,. Mais vous avez sans doute le
je vous propose : je garde la ,209003,Rente,PER,MISC,209008,", les Chemins de fer et le Sue"
"pose : je garde la Rente, les ",209014,Chemins,PER,,209021," de fer et le Suez, je vous re"
" Rente, les Chemins de fer et ",209032,le,PER,,209034," Suez, je vous rends toutes le"
"nte, les Chemins de fer et le ",209035,Suez,PER,,209039,", je vous rends toutes les val"
"ous que nous en fassions ? 
– ",209290,Renvoyez,PER,,209298,"-les à leur propriétaire, répo"
"i ou non. Vous me connaissez, ",210881,monsieur,PER,,210889," Roger-la-Honte, bien que j'ai"
 que j'aie le plaisir de voir ,210940,monsieur,PER,,210948, votre ami pour la première fo
"enez garde à votre caisse. 
– ",211280,La,PER,,211282," voilà, ma caisse, dit Paterno"
s acquiesçons d'un sourire et ,211943,Paternoster,PER,MISC,211954,", après nous avoir compté les "
endons l'escalier en silence. ,212961,Notre,PER,,212966, cab nous attend devant la mai
mieux que ce que nous a donné ,213215,Paternoster,PER,MISC,213226,". 
– Non, dit Roger ; il ne ma"
. Le cab file tout le long de ,213539,Piccadilly,MISC,LOC,213549,", descend Brompton Road et s'a"
"e long de Piccadilly, descend ",213559,Brompton,PER,LOC,213567, Road et s'arrête à Kensington
" Piccadilly, descend Brompton ",213568,Road,MISC,,213572," et s'arrête à Kensington, dev"
d Brompton Road et s'arrête à ,213587,Kensington,PER,LOC,213597,", devant une des petites maiso"
"rès bien mise. 
– Grande ? 
– ",214788,Moins,PER,,214793," que moi, mais assez forte. 
–"
"i Randal n'aurait pas osé. 
– ",216672,Vraiment,PER,MISC,216680, ! s'écrie Ida ; êtes-vous tim
" à ce point-là, Monsieur ? 
– ",216743,Beaucoup,PER,,216751," plus encore, dis-je ; ainsi, "
"le est restée au couvent, dit ",218424,Broussaille,LOC,PER,218435,", et il faut l'y laisser ; app"
"paraisons par les brunes. 
Je ",218579,tiens,MISC,,218584, à me faire pardonner ; je l'a
"ite par la grande rousse, à l'",220003,Empire,PER,LOC,220009, ; et il a demandé aussi des r
ct mystérieux de la maison de ,220093,Kensington,PER,LOC,220103,". Là-dessus, Broussaille s'est"
"êt ; de plus, elle a donné au ",220449,Juif,PER,MISC,220453,", qui avait promis de renouvel"
"nouveler les effets et, comme ",220660,Broussaille,LOC,PER,220671,", prise au dépourvu, ne se tro"
" jours, et tu pourras aller à ",221865,Venise,PER,LOC,221871,... Quand je pense qu'avec ce 
"rais pas de l'eau à boire. 
– ",222843,Peut,MISC,,222847,-être ; il faut prêcher la pru
"tropient les femmes. 
– Et la ",223470,Justice,PER,MISC,223477,", dis-je, ne tient guère la ba"
"mpôt sur les célibataires. 
– ",224729,Pourquoi,MISC,,224737," pas, dis-je, une loi décrétan"
"en certaine. Conclusion... 
– ",225471,Conclusion,PER,MISC,225481," : il faut continuer. Eh bien,"
ls encombrent les ports de la ,225769,Manche,PER,,225775,. On les embarque sur les navi
 les navires qui vont à Terre-,225826,Neuve,PER,,225831,", à condition qu'ils aideront "
ner la morue. Je fais gras le ,225996,Vendredi,PER,,226004," Saint, depuis que j'ai appris"
rue. Je fais gras le Vendredi ,226005,Saint,PER,,226010,", depuis que j'ai appris ça. 
"
" la bourgeoisie avorteuse. 
– ",227312,Bravo,PER,MISC,227317, ! crie Roger-la-Honte. Vilipe
'est qu'il s'était échappé de ,228054,Cayenne,PER,LOC,228061,", il y a six mois... On dit qu"
" de main pour une affaire, en ",228533,Suisse,PER,LOC,228539,", et ça va venir ces jours-ci."
"ns le train ensemble, pour la ",228928,Ville-Lumière,MISC,LOC,228941,". Nous nous levons, Roger et m"
le francs promis avant-hier à ,230050,Issacar,PER,MISC,230057,", je les lui ai envoyés. Qu'il"
hez un dentiste américain. Si ,231656,saint,PER,,231661, Vincent de Paul vivait encore
 dentiste américain. Si saint ,231662,Vincent,PER,,231669," de Paul vivait encore, je sui"
méricain. Si saint Vincent de ,231673,Paul,PER,,231677," vivait encore, je suis sûre q"
x pas être plus difficile que ,231783,saint,PER,,231788," Vincent de Paul, et je promet"
être plus difficile que saint ,231789,Vincent,PER,,231796," de Paul, et je promets de me "
ifficile que saint Vincent de ,231800,Paul,PER,,231804,", et je promets de me laisser "
" boa ? 
– Oui... Le voilà. 
– ",232172,Vraiment,PER,,232180,", il est beau. Mais comment ?."
en chartreux. De femmes comme ,233061,Broussaille,LOC,PER,233072,", par exemple, ou comme moi, v"
" qui ne leur coûtent rien. 
– ",233489,Est,LOC,,233492,"-ce que tu crois vraiment, Ida"
"ntage, mais refuse carrément. ",236107,Méfie,PER,,236112,"-toi d'elle, car c'est une enj"
"ise. Ah ! l'on a bien raison, ",237106,Monsieur,PER,,237114," ! 
Je hoche la tête d'un air "
"aucoup moins prompt ! 
– Ah ! ",237533,Monsieur,PER,,237541,", si vous saviez quel plaisir "
"le bord, me direz-vous ? Ah ! ",238126,Monsieur,PER,,238134,", que je voudrais ne l'avoir j"
"bien, c'est tout à fait cela. ",238811,Bref,MISC,,238815,", mon oncle me dit : « Renée, "
"t tout à fait cela. Bref, mon ",238821,oncle,PER,,238826," me dit : « Renée, il faut me "
nous ayons les mêmes goûts... ,239886,Bref,MISC,,239890,", quand ma tante, la sœur de m"
Ida m'a mise en rapports avec ,244006,M.,PER,,244008, Canonnier. Elle a dû vous le 
on... Je voulais dire que mon ,244331,oncle,PER,,244336,... ou plutôt ma tante... Enfi
ais à quel saint me vouer. Un ,244559,Russe,PER,LOC,244564,", qui m'avait promis monts et "
 m'avait manqué de parole. Un ,244635,Russe,PER,LOC,244640,", Monsieur !... Après ça, il f"
"t manqué de parole. Un Russe, ",244642,Monsieur,PER,MISC,244650," !... Après ça, il fallait tir"
"ns. Je connais tant de monde, ",244824,Monsieur,PER,MISC,244832, ! Des gens qui ont des fortun
"a m'avait presque décidée, et ",245010,M.,PER,,245012, Canonnier m'a convaincue ; éc
ose me dit que vous sortez de ,245823,Polytechnique,PER,ORG,245836, ; il me semble vous voir avec
oleurs sont la modestie même. ,246680,M.,PER,,246682, Canonnier était comme vous ; 
" augmenter. 
– Vous avez vu ? ",248763,Élégant,PER,,248770,", n'est-ce pas ? Mais si je vo"
"ous allons. 
– Au tonnerre de ",251117,Dieu,MISC,,251121,", dis-je, si ça peut signifier"
"sent, qui est récompensée. 
– ",252983,Naturellement,PER,,252996,", m'a-t-elle répondu ; les tem"
 cieux différents ; passer de ,254491,Belgique,PER,LOC,254499," en Suisse, d'Allemagne en Hol"
ne l'a dit : Il n'y a plus en ,254670,Europe,PER,LOC,254676," des nations, mais seulement d"
ursuivre le crime du fils sur ,258629,la,PER,,258631, mère jusqu'à ce qu'elle eût r
eurs années de prison... Ah ! ,259294,Monsieur,PER,,259302,", je suis si malheureuse de ne"
de adroitement à des corps de ,260970,Lédas,PER,MISC,260975," s'abandonnant au cygne, de Di"
"as s'abandonnant au cygne, de ",261003,Dianes,MISC,PER,261009," au bain, de Danaés sous la pl"
" très excitante, vraiment, en ",261266,Vénus,PER,,261271," Callipyge. 
Si Annie a des lo"
"excitante, vraiment, en Vénus ",261272,Callipyge,PER,,261281,". 
Si Annie a des loisirs, je "
"-Rabutin à sa cousine, ce que ",261564,M.,PER,,261566, de Turenne m'a conté avoir ou
. » -- « Le conte du prince d',261828,Orange,MISC,,261834," m'a réjouie, répond la marqui"
"elle est heureuse... Et puis, ",262803,Issacar,PER,MISC,262810, avait raison ; on n'a pas à s
"où sortez-vous ? » 
– Ma foi, ",265037,monsieur,PER,,265045," l'abbé, répondis-je, j'en ai "
"-vous ? » 
– Ma foi, monsieur ",265046,l',PER,,265048,"abbé, répondis-je, j'en ai for"
" remercier de vos attentions, ",265595,monsieur,PER,,265603," l'abbé. Asseyez-vous donc, je"
r notre entrevue à la gare du ,267379,Nord,LOC,,267383,", à Paris, le jour où vous ête"
"eur, l'importance du vol dont ",268204,Mme,PER,,268207, Montareuil a été la victime ?
ts les motifs de mes actes... ,270465,Voyons,PER,,270471,", ne faites donc pas cette fig"
"nelon écrivit Télémaque , sur ",272335,la,PER,,272337," Petite Place, à Versailles, e"
"on écrivit Télémaque , sur la ",272338,Petite,PER,,272344," Place, à Versailles, est aujo"
"vit Télémaque , sur la Petite ",272345,Place,PER,,272350,", à Versailles, est aujourd'hu"
"é une petite expédition... 
– ",277191,Pourquoi,MISC,,277199, ne pas vous la réserver à vou
" coup ici, en Angleterre ? 
– ",279014,Jamais,PER,,279020,". D'abord, parce que l'hospita"
ue je n'ai pas visité ; c'est ,279882,Bethnal,PER,,279889,-Green Museum. Le sol en est r
ai pas visité ; c'est Bethnal-,279890,Green,PER,,279895, Museum. Le sol en est recouve
 visité ; c'est Bethnal-Green ,279896,Museum,PER,,279902,. Le sol en est recouvert d'un
iste ; mais que voulez-vous ? ,281087,Certains,PER,,281095, hommes s'efforcent d'être pir
vais passer mon après-midi au ,282948,Jardin,PER,,282954," Zoologique, pour tuer le temp"
"res, sur le terre-plein de la ",285802,Bourse,PER,LOC,285808,", à droite. C'est bien ; j'y s"
"nquée de lupanars, en face du ",286247,Royal,PER,,286252, Exchange avec la statue de la
itent sous le péristyle de la ,286625,Bourse,PER,LOC,286631, et sur les marches ; et les r
" 
X -- LES VOYAGES FORMENT LA ",288078,JEUNESSE,PER,,288086," 
Tout d'un coup, j'aperçois l"
"r ceux qui le fréquentent. 
– ",288754,La,PER,,288756," Bourse est une institution, c"
"e, par exemple, ou celle de l'",290437,Ecclésiaste,PER,MISC,290448,"... Voyons, il fait beau, allo"
 fond. Le premier est un gros ,291593,monsieur,PER,,291601," d'aspect jovial, aux petits y"
"ssances, dans les discours du ",292868,Jour,MISC,,292872," de l'An, de « modestes et uti"
"er en conversation avec moi. 
",293574,Vaine,PER,LOC,293579, espérance ! Le Monsieur jovia
"ec moi. 
Vaine espérance ! Le ",293595,Monsieur,PER,,293603, jovial m'en convainc très rap
"lais, dans ma vie. J'ai été à ",294090,Boulogne,PER,LOC,294098,", une fois, pendant un mois ; "
"is ; il y a tant d'Anglais, à ",294153,Boulogne,PER,LOC,294161," ! 
– Je suis pas du tout un A"
l avec les fils de la perfide ,294308,Albion,MISC,LOC,294314, ; je n'aime pas les Anglais ;
"es États-Unis. Du reste, sans ",294593,Lafayette,LOC,PER,294602,... Et vous détestez les Angla
"e, Canada... Québec, Toronto, ",294745,Montréal,PER,LOC,294753,"... 
– Parfaitement, approuve "
"ébec, Toronto, Montréal... 
– ",294760,Parfaitement,MISC,,294772,", approuve le Monsieur jovial "
e-t-il en se tournant vers le ,294992,Monsieur,PER,,295000," triste, qu'il y a quelque cho"
"– Si, certainement, répond le ",295149,Monsieur,PER,,295157," triste d'une voix lugubre. 
–"
"– Si, certainement, répond le ",295479,Monsieur,PER,,295487," triste d'une voix lugubre. 
–"
"triste d'une voix lugubre. 
– ",295518,Le,MISC,,295520," monde, Monsieur, est émerveil"
ue l'histoire de la troisième ,295684,République,PER,,295694, ! Et qui sait ce que l'avenir
"– Si, certainement, répond le ",295882,Monsieur,PER,,295890," triste d'une voix lugubre. 
–"
"– Si, certainement, répond le ",296185,Monsieur,PER,,296193," triste d'une voix lugubre. 
–"
"idées concordent, continue le ",296283,Monsieur,PER,,296291, jovial. Votre approbation m'e
"rvateur. 
– Oh ! oh ! fait le ",296609,Monsieur,PER,,296617," triste. 
– Ni plus ni moins, "
"Ni plus ni moins, continue le ",296659,Monsieur,PER,,296667, jovial. Je suis socialiste en
" ? 
– Pas très bien, avoue le ",296939,Monsieur,PER,,296947," triste. 
– C'est que je n'ai "
"envers nous ; car enfin, sans ",297550,Lafayette,LOC,PER,297559,"... Eh ! bien, vous me croirez"
"– Si, certainement, répond le ",297688,Monsieur,PER,,297696," triste d'une voix lugubre, ta"
"n leur faveur. 
– Oui, dit le ",298529,Monsieur,PER,,298537, triste ; on devrait bien fair
"n exagère beaucoup, répond le ",298643,Monsieur,PER,,298651," jovial. La plus grande, parti"
"p, répond le Monsieur jovial. ",298660,La,PER,,298662," plus grande, partie des pauvr"
"t même de l'alcool. L'alcool, ",299065,Monsieur,PER,MISC,299073, ! Ils en boivent tant que les
"– Si, certainement, répond le ",299654,Monsieur,PER,,299662," triste d'une voix lugubre. 
–"
"e. 
– Ce qui fait défaut à la ",299717,Chambre,PER,ORG,299724,", Monsieur, c'est un philanthr"
"un... 
– Du pain ? demande le ",299829,Monsieur,PER,,299837, triste. Ah ! ce serait si bea
es gens qui ont la conscience ,300781,nette,PER,,300786, ne redoutent point ces choses
"l, gibier de potence toujours ",301048,porté,PER,,301053," à mal faire, danger permanent"
r le bon fonctionnement de la ,301117,Société,PER,ORG,301124,", seraient retirés une fois po"
"– Si, certainement, répond le ",302640,Monsieur,PER,,302648," triste d'une voix lugubre. 
–"
"e devrait jamais faire grâce, ",303223,Monsieur,PER,MISC,303231, ! Il y va du salut de la Soci
ieur ! Il y va du salut de la ,303257,Société,PER,ORG,303264,. Ne pensez-vous point qu'on n
"ne guillotine pas assez ? 
Le ",303323,Monsieur,PER,,303331," triste ne répond pas. 
– Auta"
"ropriété. 
– Ah ! oui, dit le ",303792,Monsieur,PER,,303800, triste. Justement ! Que chacu
". 
– Pas du tout ! s'écrie le ",303996,Monsieur,PER,,304004, jovial. Une maison ! Un jardi
"omprends pas bien, déclare le ",304562,Monsieur,PER,,304570," triste. 
– Permettez-moi de v"
"e bien mauvais livres, dit le ",306092,Monsieur,PER,,306100," triste en hochant la tête. 
–"
" de mauvais livres, répond le ",306175,Monsieur,PER,,306183, jovial. Il y a des livres ; e
rmettre. C'est la lecture. La ,306422,République,PER,MISC,306432, a créé l'instruction obligato
"sans intention ? 
– Je serais ",306521,porté,PER,,306526," à croire, hasarde le Monsieur"
"is porté à croire, hasarde le ",306548,Monsieur,PER,,306556," triste, que l'instruction obl"
" Monsieur, du papier !... 
Le ",307745,Monsieur,PER,,307753, triste ferme les yeux et semb
ètre superbe que j'ai volé en ,308709,Suisse,PER,LOC,308715,", il y a trois mois. 
– Il est"
tions que m'a données l'abbé. ,309686,Voyons,PER,,309692," un peu. 
Vous suivrez, en sor"
"uite sur une grande place, la ",310053,place,MISC,,310058," des Tribunaux, que vous recon"
"ne grande place, la place des ",310063,Tribunaux,MISC,,310072,", que vous reconnaîtrez facile"
"iments contigus, le Palais de ",310154,Justice,PER,,310161," et la Prison. M'y voici, tout"
"s, le Palais de Justice et la ",310168,Prison,PER,,310174,". M'y voici, tout justement. V"
lace en laissant le Palais de ,310257,Justice,PER,,310264," derrière vous, et vous vous e"
"e, les bijoux de Madame et de ",313585,Mademoiselle,PER,,313597,", il sera inutile de rien cher"
certaines actions du canal de ,314227,Suez,PER,,314231,", qui iront dire bonjour à cel"
assez disposé à me traiter de ,314877,Vandale,PER,MISC,314884,". Allons, un peu de philosophi"
"nq. Que faire, en attendant ? ",315133,Rester,PER,,315139, dans cette pièce est impruden
"sur son thorax. -- Il avance, ",319259,porté,MISC,,319264,", plutôt que soutenu, par les "
de forme -- le bourreau -- le ,319540,Monsieur,PER,,319548," triste de la nuit dernière. 
"
a maison d'une vieille femme. ,320536,La,PER,,320538," vieille femme, à son entrée, "
aison d'une vieille femme. La ,320539,vieille,PER,,320546," femme, à son entrée, avait eu"
"t avait demandé, au nom de la ",321047,Société,PER,,321054," outragée, un châtiment exempl"
"s au bourreau, à ce misérable ",321533,monsieur,PER,,321541, triste qui désire que tous le
e foi. Il y va du salut de la ,322719,Société,PER,ORG,322726,". 
Oui, plus j'y réfléchis, pl"
"léchis, plus je trouve que le ",322776,monsieur,PER,,322784, jovial avait raison. On ne gu
"'abbé se frotte les mains. 
– ",323932,Bonne,PER,,323937," opération, hein ? Ah ! rendez"
"moins de ses conséquences. 
– ",324369,Récit,PER,,324374, qui donnera à plus d'un jeune
existe en germe au sein de la ,327414,Société,PER,,327421, capitaliste ; qu'il suffit do
"i, Balon le psychologue, avec ",334758,M.,PER,,334760, Talon le sociologue. Qu'y vou
"use. Je ne suis, moi -- et je ",334879,tiens,MISC,,334884," à le dire bien haut, car je p"
 sa boisson. Bénédictin de la ,336078,Cause,PER,,336083,", anachorète de la Sociale, mo"
"de la Cause, anachorète de la ",336102,Sociale,PER,ORG,336109,", moine du Progrès, confesseur"
pour lui l'état présent de la ,336474,Société,PER,ORG,336481,", dédaigneuse de l'harmonie né"
on. Simplifiée ! Que dis-je ? ,337011,Réduite,PER,,337018, à sa plus simple expression. 
"éjà fait, des parasites de la ",337585,Société,PER,ORG,337592,", plusieurs vigoureuses peintu"
 sais pas trop comment dire : ,338908,Petit,PER,,338913,", noueux, des genoux qui font "
"nne encore. Cette fois, c'est ",343183,Mme,PER,,343186," Talmasco qui va ouvrir. 
– Pe"
"me Talmasco qui va ouvrir. 
– ",343214,Peut,MISC,,343218,"-être aussi, continue Talmasco"
pagnons qui viennent insulter ,343506,Mme,PER,,343509," Talmasco, lui reprocher ceci,"
tinuent à hurler dans la rue. ,343699,Mme,PER,,343702," Talmasco remonte, tout en lar"
es sanglots et les soupirs de ,344439,Mme,PER,,344442," Talmasco, qui persiste à pleu"
anglots et les soupirs de Mme ,344443,Talmasco,MISC,PER,344451,", qui persiste à pleurer dans "
"au moment où je le quitte. 
– ",344572,Le,MISC,,344574, mot d'ordre de l'Anarchie doi
e monstre qui doit dévorer la ,346249,Société,PER,,346256," capitaliste ! 
Ce socialisme,"
ns d'accessoires de la maison ,347076,Vidocq,LOC,PER,347082,"... 
Des gouvernements aussi, "
" bêtes, serviles, pudibondes, ",348211,cyniques,PER,,348219,", envieuses, lâches, cruelles "
armée bureaucratique devant l',348383,Individualité,PER,MISC,348396,", comme on comprend la victoir"
t cessé avec l'existence de l',349293,Individu,PER,MISC,349301,", tous les progrès accomplis p"
"ine administrative, qui a tué ",349740,l',PER,,349742,"Individu, devienne plus intell"
"e administrative, qui a tué l'",349742,Individu,PER,MISC,349750,", devienne plus intelligente, "
"es, tous les jésus-christs de ",351405,Bonnat,PER,,351411,". 
Allons, la Bourgeoisie peut"
"hrists de Bonnat. 
Allons, la ",351425,Bourgeoisie,PER,LOC,351436, peut dormir tranquille ; elle
s affaires de l'État. » C'est ,351841,Royer,PER,,351846,-Collard qui a dit ça ; et il 
"exécute, et Ida continue : 
– ",352539,La,PER,,352541," vérité, c'est que j'avais que"
"ela ; tu t'en repentirais. 
– ",353096,Naturellement,PER,,353109, ; et ça ne m'empêcherait pas 
 j'ai reçu hier une lettre de ,353223,Canonnier,LOC,,353232,". Il est aux États-Unis... 
– "
".. 
– Après s'être échappé de ",353286,Cayenne,PER,LOC,353293, ; je sais ça. Mais en dehors 
" travaux forcés, d'abord ? 
– ",353426,Condamné,PER,MISC,353434, ! s'écrie Ida ; il n'a jamais
st un des chefs-d'œuvre de la ,353675,République,PER,LOC,353685, ; si elle n'avait pas créé le
e l'envoyer finir ses jours à ,353930,Cayenne,PER,LOC,353937," ou à la Nouvelle-Calédonie. 
"
r ses jours à Cayenne ou à la ,353946,Nouvelle,PER,,353954,"-Calédonie. 
– Certainement. L"
à un des gros seigneurs de la ,354916,République,PER,MISC,354926,", Ce n'était pas de l'argent q"
" à un de ses amis, attorney à ",355181,New-York,PER,LOC,355189,. Mais on n'avait aucune preuv
"; elle s'appelle Hélène... 
– ",356498,N',PER,,356500,a-t-elle pas été adoptée par l
"gistrat ? 
– Pas tout à fait. ",356575,Voici,PER,,356580, les choses : il y a une vingt
"me gouvernante, au service de ",356788,M.,PER,,356790," de Bois-Créault, le fameux pr"
général du commencement de la ,356858,République,PER,MISC,356868,. C'était une petite provincia
evenir sérieusement amoureux. ,357072,La,PER,,357074," petite, qui se sentait viveme"
nir sérieusement amoureux. La ,357075,petite,PER,,357081,", qui se sentait vivement dési"
"e d'un anévrisme. Hélène, que ",358256,Mme,PER,,358259, de Bois-Créault avait invitée
ister à ses derniers moments. ,358418,Mme,PER,,358421," de Bois-Créault, émue de comp"
"famille de Bois-Créault... 
– ",359606,Certainement,PER,,359618,. Mme de Bois-Créault la trait
"s-Créault... 
– Certainement. ",359620,Mme,PER,,359623, de Bois-Créault la traite com
" fois ensemble, à la messe de ",359805,Saint,PER,,359810, Philippe du Roule ou aux prem
la messe de Saint Philippe du ,359823,Roule,PER,,359828," ou aux premières. Mon cher, m"
"yeux. Hélène est si jolie, et ",359987,Mme,PER,,359990, de Bois-Créault a l'air d'une
"robablement ? 
– Si. Un fils, ",360291,M.,PER,,360293, Armand de Bois-Créault. Un je
" environ. 
– Que fait-il ? 
– ",360381,Rien,MISC,,360385,. Il est officier de réserve. 
"s-là, répond Ida en souriant. ",360824,M.,PER,,360826, de Bois-Créault est un homme 
"e !... Je sais bien que, pour ",362767,Canonnier,LOC,MISC,362776,", tous les sentiments ordinair"
"re, dis-je, ce que te demande ",363033,Canonnier,LOC,MISC,363042,". 
– Mais... 
– Il faut le fai"
"dingote noire, en redingote à ",364621,la,PER,,364623," papa. Ah ! homme de robe, tu "
"gote noire, en redingote à la ",364624,papa,PER,,364628,". Ah ! homme de robe, tu as un"
" présente l'homme de robe. 
– ",365037,Monsieur,PER,,365045," le professeur Machin, crimina"
" l'homme de robe. 
– Monsieur ",365046,le,PER,,365048," professeur Machin, criminalis"
"homme de robe. 
– Monsieur le ",365049,professeur,PER,,365059," Machin, criminaliste. 
Saluts"
"un café. 
Et comment se porte ",365262,Mme,PER,,365265," Montareuil ? Pas trop mal, bi"
rtage-t-il cette mélancolie ? ,365448,Mon,MISC,,365451, Dieu ! oui ; il ne s'en défen
ises modernes. Il a fondé une ,365977,Revue,PER,MISC,365982,". 
– La « Revue Pénitentiaire."
"Il a fondé une Revue. 
– La « ",365992,Revue,PER,,365997, Pénitentiaire. » N'en avez-vo
"ntellectuel français. 
– Ah ! ",366253,Monsieur,PER,,366261,", déclare le criminaliste, vou"
p perdu. L'apparition de la « ,366335,Revue,PER,,366340, Pénitentiaire » a été l'événe
"u point de vue pécuniaire, sa ",366532,Revue,PER,MISC,366537, est un succès ; grâce à certa
s vous condamnerons à lire la ,367226,Revue,PER,MISC,367231, que lisent vos gardiens. » Ah
"interrompt mes réflexions. 
– ",367365,Nous,MISC,,367369," nous sommes aussi préoccupés,"
e à un abonnement annuel à la ,367682,Revue,PER,LOC,367687,". 
– C'est presque une affaire"
", dit le criminaliste, que la ",367940,Revue,PER,MISC,367945, n'est point lue à l'air libre
"ent reconnaître. Ainsi, vous. ",370324,Monsieur,PER,,370332, -- permettez-moi de faire une
", aujourd'hui, c'est celle du ",371059,Voleur,PER,MISC,371065, ; il est vrai qu'elle les con
"s. Et, d'ailleurs, puisque M. ",371508,le,PER,,371510, professeur Machin parlait tou
"gé aux rapports étroits... 
– ",372179,Vraiment,PER,MISC,372187, ! s'écrie le criminaliste. Ah
'est superbe... Permettez-moi ,372455,Monsieur,PER,,372463,", de vous féliciter... Mais, j"
 ne pourriez-vous pas engager ,372578,monsieur,PER,,372586, votre ami à nous donner un ar
pour le prochain numéro de la ,372671,Revue,PER,,372676, ? Un article dans lequel il d
"ptivant ? 
– En effet, répond ",372810,Montareuil,PER,LOC,372820,". Pourquoi, mon cher Randal, n"
"ond Montareuil. Pourquoi, mon ",372836,cher,PER,,372840," Randal, n'écririez-vous pas u"
"rse. -- Moi, rédacteur à la « ",373063,Revue,PER,,373068," Pénitentiaire » ! Non, c'est "
ra dans ma collaboration à la ,373427,Revue,PER,MISC,373432," une belle dose d'ironie, qui "
"e ce serait un peu long... 
– ",374123,Peut,MISC,,374127,"-être. Du reste, je ne demande"
vre. Le prochain numéro de la ,374428,Revue,PER,MISC,374433, sera d'un intérêt supérieur. 
e rationnel et obligatoire de ,374584,Moralité,PER,,374592, pour développer l'Idéal publi
de Moralité pour développer l',374611,Idéal,PER,,374616, public. Je n'ai plus qu'à en 
"n bon coup de seringue. 
La « ",375136,Revue,PER,,375141, Pénitentiaire » a paru ; et m
 en passant sous le tunnel du ,375788,Père,MISC,,375792,-Lachaise. Je sautais sans emb
assant sous le tunnel du Père-,375793,Lachaise,PER,,375801,. Je sautais sans embarras du 
r les Anglais du Metropolitan ,376183,Railway,PER,,376190,. Je démontrais que le manque 
s que la haute moralité de la ,376437,Suisse,PER,LOC,376443,", contrée accidentée, provient"
ssais par un éloge pompeux du ,377121,maître,PER,,377127," Lombroso, où je mettais en pl"
"t-être intéressés ; et, comme ",377440,Lombroso,MISC,PER,377448,", il faut en laisser la défini"
"ratet, un de mes camarades de ",378104,collège,MISC,,378111,", que j'avais perdu de vue dep"
re. -- Il est à la tête de la ,378366,Direction,MISC,ORG,378375," des Douzièmes Provisoires, un"
à la tête de la Direction des ,378380,Douzièmes,MISC,,378389," Provisoires, une nouvelle Dir"
"uratet ! Le voilà, à son âge, ",378681,Directeur,MISC,PER,378690, des Douzièmes Provisoires ; e
"rinité, ou simplement jusqu'à ",379111,Pâques,PER,MISC,379117,". Heureux gaillard ! 
Nous dîn"
"e intérieur est ravissant, et ",379559,Mme,PER,,379562, Mouratet est une des femmes l
"nt du prodige, absolument. 
– ",379726,Vois,PER,MISC,379730,"-tu, dis-je -- car nous avons "
"tet, c'est que le mariage m'a ",379962,porté,MISC,,379967," bonheur ; tout me réussit, de"
"vantage, un des piliers de la ",380242,République,PER,LOC,380252,". 
– Ah ! dit Mouratet, on lui"
"en des choses, à cette pauvre ",380324,République,PER,MISC,380334, ! Mais n'est-ce pas encore le
tellectuelle de la nation. La ,380655,République,PER,,380665, française est la République a
a République française est la ,380683,République,PER,,380693," athénienne... Mais, à propos,"
", sans ton article dans cette ",380970,Revue,PER,,380975," de Montareuil, je n'aurais pa"
ois les grands artistes de la ,381296,Renaissance,PER,LOC,381307,". Léonard de Vinci, par exempl"
" ces natures sensitives... 
– ",381639,La,PER,,381641, névrose est la maladie de l'é
nques ; j'aime mieux aller au ,382139,Cirque,PER,LOC,382145, qu'en soirée. Mais Mouratet i
"? 
– Oui, à après-demain. 
Je ",382303,tiens,MISC,,382308," parole. Et me voilà montant, "
omptueuse maison du boulevard ,382415,Malesherbes,PER,,382426,". 
Je ne suis pas plutôt annon"
"lat de rire me répond. 
– Mon ",382691,Dieu,MISC,MISC,382695,", Monsieur, que votre étude da"
"ur, que votre étude dans la « ",382733,Revue,PER,,382738, Pénitentiaire » m'a donc amus
"rcé de fréquenter, le jour de ",385920,Jugement,PER,,385928," dernier, dans la vallée de Jo"
"nt dernier, dans la vallée de ",385956,Josaphat,PER,,385964,"... Elle n'est pas mal, décidé"
"n ; elle est fort grecque, la ",386064,République,PER,,386074," athénienne. 
Ah ! cette Répub"
"rinthe !... Quelle dèche, mon ",386221,Empereur,PER,,386229," ! 
Je voudrais bien parler à "
tre morceau ; la « Marche des ,387775,Monts,PER,,387780," Carpates. » 
Elle revient une"
qui fait valoir son charme de ,387905,Parisienne,PER,LOC,387915,". 
– Ça y est. Je lui ai dit q"
lamer l'« Ode au Béguinage. » ,388873,Regardez,PER,,388881,"-le là-bas, devant la cheminée"
"out prendre, que le cachet du ",389294,Directeur,MISC,,389303, des Douzièmes Provisoires ? C
nent des mains souveraines du ,389462,Peuple,PER,ORG,389468,". Le Peuple, citoyens ! Et nou"
"est certain, par exemple, que ",392384,Mme,PER,,392387," Courbassol qui, je crois, vou"
me le dit l'axiome si vrai de ,393051,Bussy,LOC,,393056,"-Rabutin, volé par Napoléon. I"
"plus, que je suis un voleur. 
",393158,Voici,PER,,393163, bientôt deux mois que je me s
"peu, pourtant, de retourner à ",393693,Londres,PER,LOC,393700,". C'est si laid et si noir, à "
'ancienne femme de chambre de ,394713,Mme,PER,,394716," Montareuil. 
– Enfin, te voil"
énieur. C'est un beau métier. ,395087,Est,LOC,,395090,-ce que c'est vrai qu'on a fai
 renvoyée sans certificat par ,395522,Mme,PER,,395525," Montareuil, à la suite de ce "
ir dans leurs Échos le nom de ,396166,Marguerite,MISC,,396176," de Vaucouleurs. Eh ! bien, mo"
Échos le nom de Marguerite de ,396180,Vaucouleurs,PER,,396191,". Eh ! bien, mon cher, Marguer"
"bien, mon cher, Marguerite de ",396228,Vaucouleurs,PER,,396239,", c'est moi. 
C'est elle !... "
" par Courbassol, le député de ",396398,Malenvers,PER,MISC,396407,. Tu connais ? C'est lui qui m
"se... Demain, Courbassol va à ",396661,Malenvers,PER,MISC,396670,", avec sa bande, pour prononce"
e son portefeuille. Je vais à ,396837,Malenvers,PER,MISC,396846," avec lui, naturellement... Tu"
oce qui me forcera à rester à ,397072,Malenvers,PER,MISC,397081,", et tu y demeureras, toi auss"
.. Tu prends ta revanche ; et ,397745,Mme,PER,,397748, Montareuil aurait sans doute 
"re, à force de démoraliser la ",397984,Société,PER,ORG,397991,", par l'amener au bord de l'ab"
"ntagne ! 
XIV -- AVENTURES DE ",398276,DEUX,PER,,398280," VOLEURS, D'UN CADAVRE ET D'UN"
"e ! 
XIV -- AVENTURES DE DEUX ",398281,VOLEURS,PER,,398288,", D'UN CADAVRE ET D'UNE JOLIE "
"l'âme de la France, quoi ! 
– ",399036,Malenvers,PER,,399045," ! Malenvers !... 
On descend."
ile qui peuvent s'appliquer à ,399306,Malenvers,PER,MISC,399315,". Moi, je ne fais pas de descr"
"et très médaillée, exécute la ",400265,Marseillaise,PER,MISC,400277, ; et au dernier soupir du tro
"e, le sourire sur les lèvres. ",400454,M.,PER,,400456, le maire rend hommage aux gra
mmage aux grandes qualités de ,400503,Courbassol,PER,LOC,400513,", à ses talents supérieurs qui"
"our n'est peut-être pas loin, ",400850,Messieurs,PER,MISC,400859, ! -- à la tête du gouvernemen
" en un gentil compliment, « à ",401549,Mme,PER,,401552," Courbassol, la vertueuse et d"
"ciller, remercie au nom de la ",401685,République,PER,MISC,401695,", embrasse la petite fille, et"
enaire. La fanfare reprend la ,401801,Marseillaise,PER,MISC,401813," et la foule hurle : 
– Vive l"
"t la foule hurle : 
– Vive la ",401845,République,PER,,401855," ! Vive Courbassol !... 
Les v"
e de l'omnibus de l'hôtel des ,402202,Deux,MISC,,402206,"-Mondes , d'un char-à-bancs, d"
l'omnibus de l'hôtel des Deux-,402207,Mondes,PER,,402213," , d'un char-à-bancs, d'une ta"
"eur langage peu châtié, et un ",403244,monsieur,PER,,403252," taciturne, au, teint basané, "
"s de demander une chambre. 
– ",404951,Non,MISC,,404954,", Monsieur, pas un coin. Ah ! "
"-ce qui ne sera pas fini ? 
– ",405536,Mettons,PER,,405543, sept heures. Monsieur. À sept
"ini ? 
– Mettons sept heures. ",405557,Monsieur,PER,,405565,". À sept heures, je vous prome"
"lui disputer, pour le moment. ",406185,Est,LOC,,406188,-ce qu'il m'a disputé sa femme
 été dîner à l'hôtel des Deux-,408858,Mondes,PER,,408864," . C'est le Sabot d'Or , je le"
"s vont déposer sur le lit. 
– ",410949,Dieu,MISC,,410953, ! que c'est lourd ! dit l'hôt
"
Mais son mari la retient. 
– ",411728,Voyons,PER,,411734,", pas de bêtises. Nous n'avons"
"sera pour cette nuit... Vous, ",412156,Annette,PER,MISC,412163,", continue-t-il en s'adressant"
" cinq francs... Bien entendu, ",412664,Annette,PER,MISC,412671,", ajoute-t-il, vous laisserez "
dor. La porte s'ouvre ; c'est ,413798,Annette,PER,MISC,413805,". 
– Eh ! bien, dit-elle à Jér"
"es domestiques non plus... 
– ",414462,Jamais,PER,,414468, de la vie ! s'écrie Annette. 
"
– Jamais de la vie ! s'écrie ",414489,Annette,LOC,PER,414496,. Je te connais ; tu me ferais
"avance lentement vers moi. 
– ",416046,Bonsoir,PER,MISC,416053,", cher Monsieur. Comment vous "
rien à craindre. Je m'appelle ,416664,Canonnier,LOC,MISC,416673,". 
– Canonnier ! C'est vous, C"
x lieues environ au-dessus de ,419160,Malenvers,PER,MISC,419169,", et j'y attendais depuis deux"
"
– Comment, une occasion ? 
– ",419271,Naturellement,PER,,419284,. Mon départ d'Amérique a été 
omme qui veut aller de Lyon à ,419621,Bordeaux,PER,LOC,419629,", ou de Nancy à Cette, à passe"
"ler de Lyon à Bordeaux, ou de ",419637,Nancy,PER,LOC,419642," à Cette, à passer par Paris, "
"quent, pour un collègue de la ",420500,Sûreté,PER,,420506," Générale ; mais, en temps ord"
"ù sonnent des pièces d'or. 
– ",422716,Voici,PER,,422721," ma récolte, dit-il ; six mill"
"s de billets, pour commencer. ",422788,Tiens,MISC,,422793,", en voici trois mille ; ne le"
"
– Des valeurs. Les voici. 
– ",423196,Bien,MISC,,423200,". Je vais les emporter, puisqu"
"emporter, puisque tu restes à ",423244,Malenvers,PER,MISC,423253,. Elles partiront pour Londres
"the fun of the thing  ? 
– En ",427075,Europe,PER,LOC,427081,", on n'en est pas là. 
– Pas e"
a morale et ses besoins... La ,427345,Société,PER,ORG,427352, ! C'est la coalition des impu
"se, pour l'asservissement des ",427601,Forts,PER,LOC,427606,". C'est le Faible qui règne, p"
"ec ces messieurs. Au revoir. 
",428833,Neuf,MISC,,428837, heures sonnent au clocher d'u
"le, songeant à ce que m'a dit ",428961,Canonnier,PER,MISC,428970,", à ce qu'il m'a laissé entend"
 permettre aux bonnes gens de ,429501,Malenvers,PER,MISC,429510, qui n'ont point pris part au 
" voit que ça, dans la face de ",431365,Courbassol,PER,LOC,431375,. On ne peut pas y voir autre 
"on. Il la déclame, non pas en ",431976,Robert,PER,,431982,"-Macaire, ni même en Bertrand,"
"la déclame, non pas en Robert-",431983,Macaire,PER,,431990,", ni même en Bertrand, mais en"
"ée et sublime, à la face de l'",433222,Europe,PER,LOC,433228," ! 
Alors, c'est du délire. De"
"d'une demi-minute. 
– Vive la ",433549,République,PER,,433559, ! Vive Courbassol ! hurle la 
"e font un affreux vacarme. 
– ",434000,Tenez,MISC,,434005,", Messieurs, tenez ! Regardez "
"uel malheur !... 
Courbassol, ",434190,Machinard,PER,LOC,434199, et plusieurs autres font pleu
"rt derrière la glace. 
– Ah ! ",436000,Monsieur,PER,,436008,", que nous avons du malheur ! "
i donner de mes nouvelles par ,436583,M.,PER,,436585," Courbassol... 
Annette, tout "
"uvelles par M. Courbassol... 
",436601,Annette,PER,MISC,436608,", tout en larmes, me conduit à"
"ujours, dans les écluses ? 
– ",437341,Toujours,PER,,437349,". 
– Il en faut donc beaucoup "
tu penses si l'on doit rire à ,438035,Malenvers,PER,MISC,438044,". Le coup était mal monté, à m"
ui me demande de me trouver à ,439854,Bruxelles,PER,LOC,439863, dans trois ou quatre jours...
 du côté de ceux de la rue de ,439995,Rivoli,PER,,440001,", je n'aperçois pas mon homme."
 la statue de pierre du Grand ,440157,Tribun,MISC,,440163, dont le bras vengeur désigne 
" ici, et sa fille aussi... 
– ",440695,Vraiment,PER,MISC,440703, ! sa fille ! Et depuis quand 
" fille ! Et depuis quand ? 
– ",440738,Depuis,PER,,440744," hier soir, répond Canonnier q"
faisait surveiller l'hôtel de ,442269,M.,PER,,442271," de Bois-Créault, où demeurait"
"elle ? 
– Je te crois, répond ",442714,Canonnier,LOC,MISC,442723,". Si tu veux voir l'individu, "
"a-tu, toi ? 
– Moi, je vais à ",443594,Bruxelles,PER,LOC,443603,". 
– Eh ! bien, moi aussi j'ir"
"Eh ! bien, moi aussi j'irai à ",443638,Bruxelles,PER,LOC,443647,". 
– C'est de la folie ! La Be"
"ans la moindre hésitation. 
– ",443741,Peut,MISC,,443745,"-être, si l'on sait que je sui"
ndrai avec Hélène le train de ,444206,Belgique,PER,LOC,444214, cette après-midi même. Quand 
"-midi même. Quand seras-tu, à ",444256,Bruxelles,PER,LOC,444265,", toi ? 
– Je partirai demain "
"le, comment vous portez-vous, ",444773,Issacar,PER,MISC,444780," ? 
– Comment ! c'est vous ! s"
"user votre invitation, répond ",445175,Issacar,PER,MISC,445182, ; mais en ce moment je suis f
"ent je suis fort occupé... 
– ",445229,Occupé,PER,MISC,445235," ! dis-je très haut, car je co"
 du louche dans la conduite d',445320,Issacar,PER,MISC,445327,. Occupé ! Vous osez me racont
"rêter devant nous. 
– Allons, ",445624,Issacar,PER,MISC,445631,", dis-je en le prenant par le "
adresse d'un restaurant de la ,445904,rue,LOC,,445907," Lafayette. 
– Non, me dit Iss"
"rue Lafayette. 
– Non, me dit ",445934,Issacar,PER,MISC,445941," au dessert, non, je n'ai poin"
u'ils se rencontrent. Je suis ,447145,Israélite,PER,MISC,447154, et j'en sais quelque chose. L
"en profitant de son mieux. 
– ",447844,Naturellement,MISC,,447857,. Je vous parle du plus grand 
 et celle de Spinoza vivant à ,448752,La,PER,,448754," Haye, sur le Spui, dans l'hum"
ns nos actes. La connaissance ,449689,nette,PER,,449694, des choses est déjà pour nous
"de la Loi ! 
– Et, dites-moi, ",450826,Issacar,PER,MISC,450833,", n'avez-vous pas les doigts, "
"là ? 
– Toute la main, répond ",450935,Issacar,PER,MISC,450942,. Je ne veux pas vous le cache
"romis de me nommer préfet. 
– ",452136,Vraiment,PER,MISC,452144, ! Mes compliments. Mais qu'av
" J'ai rendu des services, dit ",452255,Issacar,PER,MISC,452262,... des services... depuis que
"!... 
– Pourquoi pas ? répond ",452933,Issacar,PER,MISC,452940,". Vous êtes admirable, vraimen"
"ssi l'Artiste ; mais, dans la ",453608,Société,PER,ORG,453615," actuelle, c'est un monstre. 
"
".. 
– Vous le savez, continue ",453711,Issacar,PER,MISC,453718,", je suis Juif ; et par conséq"
: c'est une raison d'être. Le ,453899,Juif,PER,MISC,453903,... Figurez-vous une caravane 
isons qu'on lui demande... Le ,454054,Juif,PER,MISC,454058,", à mon avis, n'a pas encore j"
ainement pas moyen de retenir ,454391,Issacar,PER,MISC,454398, davantage. N'importe ; Canonn
"éjà, sans doute, à la gare du ",454515,Nord,LOC,,454519,", il faudra que je prenne le t"
dra que je prenne le train de ,454557,Bruxelles,PER,LOC,454566," ce soir, et que je les décide"
 compte de ce qui se passe... ,455020,Dieu,MISC,,455024, de Dieu ! C'est Canonnier ! P
de ce qui se passe... Dieu de ,455028,Dieu,MISC,,455032, ! C'est Canonnier ! Pourvu qu
! C'est Canonnier ! Pourvu qu',455063,Issacar,PER,MISC,455070,"... 
Mais Issacar n'est plus l"
" ! Pourvu qu'Issacar... 
Mais ",455080,Issacar,PER,MISC,455087, n'est plus là. Il a sauté dan
édé d'une dépêche envoyée par ,455474,Issacar,PER,MISC,455481, aux mouchards de la frontière
-je pas expliqué les choses à ,455641,Issacar,PER,MISC,455648,", tout à l'heure ?... Il n'a p"
s convaincu qu'il aurait aidé ,455760,Canonnier,PER,MISC,455769," à échapper, si je lui avais d"
"ux-tu qu'on prenne, mon ami ? ",457323,Réfléchis,PER,,457332, un peu. Qui ? Ils ne sont pas
peut confier un portefeuille. ,457434,Tiens,MISC,,457439,", tu ne connais rien à ces cho"
"e. Madame est toute seule. 
– ",458209,Voyons,PER,,458215,", voyons, ma petite, c'est inu"
"ez-moi, sacredié ! C'est moi, ",458469,Machinard,PER,ORG,458478,". 
– Réponds, murmure Margot ;"
"ugissement. 
– Humrrr !... 
– ",458650,Bien,MISC,,458654,", bien, répond Machinard. C'es"
"rr !... 
– Bien, bien, répond ",458669,Machinard,PER,ORG,458678,. C'est tout ce que je voulais
t vous rendre à l'Élysée pour ,458777,midi,LOC,,458781,. Le président vous fait appel
seil et le portefeuille de la ,458881,Justice,PER,MISC,458888,. Je compte sur votre exactitu
ns. Rappelez-vous que c'est l',459003,Intérieur,PER,,459012," qu'il me faut. 
– Humrrr !..."
z-vous bien de me réserver la ,459140,Marine,PER,ORG,459146,". 
– Humrrr !... 
– Et mes con"
iez pas de me désigner pour l',459268,Agriculture,PER,LOC,459279,". 
– Humrrr !... 
Puis, on ent"
aire de moi un ministre de la ,459581,Justice,PER,MISC,459588," ! 
– Et puis, après ? dit Mar"
" va être heureux, Courbassol. ",460123,Ministre,PER,,460131, de la Justice ! Quel honneur 
"x, Courbassol. Ministre de la ",460138,Justice,PER,,460145, ! Quel honneur ! -- Quel honn
 -- Quel honneur même pour la ,460192,Justice,PER,MISC,460199,", car enfin Courbassol n'est p"
ncore que l'avant-dernier des ,460269,Courbassols,PER,LOC,460280,"... 
Je me hâte de rentrer che"
s plus qu'à une demi-heure de ,460594,Bruxelles,PER,LOC,460603, et le voyageur qui me fait fa
"moirs d'argent, aux initiales ",461406,J.-J.B.,PER,MISC,461413,", qu'il a déposée dans le file"
que sous les narines du vieux ,461972,monsieur,PER,,461980,. La tête du vieux monsieur se
ux monsieur. La tête du vieux ,461999,monsieur,PER,,462007," se rejette en arrière, la bou"
 La tête du vieux monsieur se ,462011,rejette,PER,,462018," en arrière, la bouche s'entr'"
"ières battent, et c'est tout. ",462132,Le,PER,,462134, vieux monsieur se réveillera 
"es battent, et c'est tout. Le ",462135,vieux,PER,,462140, monsieur se réveillera deux o
"tent, et c'est tout. Le vieux ",462141,monsieur,PER,,462149, se réveillera deux ou trois m
es après l'arrivée du train à ,462213,Bruxelles,PER,LOC,462222,. J'ai une grande expérience d
ttre en usage sur la ligne du ,462541,Nord,LOC,,462545,". Allons, il ne sera pas trop "
 jette un regard sur le vieux ,462767,monsieur,PER,,462775, ; ses mains se crispent et il
emps. Je tourne la poignée de ,462902,la,PER,,462904," portière, je saisis mes deux "
" apparition, à l'hôtel du Roi ",463148,Salomon,PER,,463155,". 
– Ah ! monsieur Randal ! s'"
"hôtel du Roi Salomon. 
– Ah ! ",463165,monsieur,PER,,463173, Randal ! s'écrie l'hôtelière 
"anonnier, l'avez-vous vu ? 
– ",463380,M.,PER,,463382," Canonnier ? Je crois bien, qu"
re vaut mieux pour moi que la ,464538,Belgique,PER,LOC,464546,", et j'étais décidé à ne pas r"
s à la consigne de la gare du ,464664,Nord,LOC,,464668, et j'ai télégraphié à Paterno
rain ; la désagrégation de la ,468835,Société,PER,,468842," sous le vent du scandale, sou"
"s nous sommes mis à table. 
– ",471009,Non,MISC,,471012,", Monsieur, répond Hélène à un"
 voyagé. J'ai été deux fois à ,471120,Dieppe,PER,LOC,471126,", trois fois à Dinard, une foi"
"ois fois à Dinard, une fois à ",471160,Nice,MISC,LOC,471164, et au Mont-Dore. Voilà tout. 
"t vite. 
– Est-ce votre avis, ",471560,monsieur,PER,,471568," Randal ? 
– Oh ! si tu demand"
ngent qu'au nivellement de la ,471712,Suisse,PER,LOC,471718,". 
– Et ces utopistes politiqu"
"ue de chimères. Figurez-vous, ",471807,Mademoiselle,LOC,MISC,471819,", que votre père avait trouvé "
ution de la question d'Alsace-,471895,Lorraine,PER,,471903,. Il proposait qu'on y reconst
ient rentrés en France et les ,472010,Prussiens,MISC,LOC,472019," en Allemagne. Le tout, bien e"
"ai lu dernièrement, dans la « ",472272,Revue,PER,,472277," Pénitentiaire », un article d"
ler le matin en criant : Vive ,473056,Jésus,PER,MISC,473061, ! Nous répondions : Vive Jésu
ésus ! Nous répondions : Vive ,473087,Jésus,PER,,473092," ! les yeux encore mi-clos, et"
t cédé à des entraînements... ,473667,Certains,PER,,473675, hommes manquent tellement de 
"ue pas, assure audacieusement ",474313,Canonnier,LOC,MISC,474322,. Dieu merci ! il y a encore d
is déshonoré leur victoire... ,475073,Père,MISC,PER,475077,", est-ce que tu n'as pas aussi"
"le dans les yeux d'Hélène. 
– ",475510,Père,MISC,PER,475514,", demande-t-elle en se penchan"
"lui, tu crois à la force ? 
– ",475594,Mon,MISC,,475597," Dieu ! mon enfant, répond Can"
" tu crois à la force ? 
– Mon ",475598,Dieu,MISC,,475602," ! mon enfant, répond Canonnie"
 être encore dans le salon de ,475869,Mme,PER,,475872, de Bois-Créault ; on y parlai
"it tellement délicieuse, chez ",476100,Mme,PER,,476103, de Bois-Créault ! Je ne manqu
"de ceux qui en possèdent, dit ",477534,Canonnier,LOC,MISC,477543,". 
– Et qu'est-ce que c'est qu"
"c'est que l'argent, père ? 
– ",477595,Demande,PER,,477602," à Randal. 
– Non, Mademoisell"
" d'un pistolet, s'approche de ",478626,Canonnier,LOC,MISC,478635,". 
– Vous êtes le nommé Canonn"
 jamais dans les marécages de ,479294,Cayenne,PER,LOC,479301,. Mais il sait qu'il est inuti
"tard, très probablement... 
– ",481845,Merci,PER,,481850,", Monsieur, répond-elle d'une "
appréhendez de retourner chez ,482620,Mme,PER,,482623, de Bois-Créault ; vous pensez
ès honorables et très riches. ,482924,M.,PER,,482926, de Bois-Créault est un ancien
"uis bien renseigné. Son fils, ",483211,M.,PER,,483213," Armand de Bois-Créault, n'a p"
vie à grandes guides. Quant à ,483337,Mme,PER,,483340," de Bois-Créault, c'est une fe"
i qu'elle était au service de ,484517,Mme,PER,,484520, de Bois-Créault et que je me 
moment où ce malheur survint. ,484608,Mme,PER,,484611, de Bois-Créault résolut de ne
ns quand je vins habiter chez ,484956,Mme,PER,,484959, de Bois-Créault ; j'étais jol
" trois ans, il est mon amant. ",485325,Mme,PER,,485328," de Bois-Créault, cette femme "
font respirer du chloroforme. ,485668,Mme,PER,,485671, de Bois-Créault connaissait a
ue de la haine et du dégoût ; ,487120,Mme,PER,,487123," de Bois-Créault aussi, à la l"
"er à Barzot. 
– Mais, dis-je, ",487946,M.,PER,,487948," de Bois-Créault, le père, ne "
dît Hélène. Barzot est déjà à ,489925,Bruxelles,PER,LOC,489934,". 
– Il est ici ? Vous le save"
it un voleur. Pensez-vous que ,491072,Mme,PER,,491075, de Bois-Créault me l'avait la
"aux-pas, et même sans raison. ",491706,La,PER,,491708, police n'y regarde pas à deux
u sauvage. Je suis un voleur. ,492965,Mme,PER,,492968, de Bois-Créault avait oublié 
e soir... Voilà qui est fait. ,494771,Videz,PER,MISC,494776," le sac vous-même, pour être s"
"s journaux, un numéro de la « ",495066,Revue,PER,,495071," Pénitentiaire », et un grand "
 ont été écrites à Barzot par ,495893,Mme,PER,,495896," de Bois-Créault, depuis trois"
e j'avais de l'affection pour ,496317,Mme,PER,,496320," de Bois-Créault, je vous dis."
"i qu'à mettre mon chapeau. 
– ",496708,Attendez,PER,,496716, ! Il est nécessaire de savoir
cher de prendre le train pour ,497086,Ostende,PER,LOC,497093, et le bateau pour Douvres ; j
sirait monter un pensionnat à ,497864,Bruxelles,PER,LOC,497873, pour les jeunes misses anglai
"asse, l'air déconfit. 
– Ah ! ",498822,monsieur,PER,,498830," Randal, dit-il, quel malheur "
elque chose de spécial contre ,499219,M.,PER,,499221," Canonnier, savez-vous... 
– N"
"ire une course pour moi... 
– ",499383,Bien,MISC,,499387,", monsieur Randal ; tout de su"
"e course pour moi... 
– Bien, ",499389,monsieur,PER,,499397, Randal ; tout de suite. Ah ! 
t de suite. Ah ! j'oubliais : ,499440,M.,PER,,499442," Roger vient d'arriver... 
– R"
". 
– Roger-la-Honte ? 
– Oui, ",499496,monsieur,PER,,499504," Randal. 
– Dites-lui qu'il mo"
"s trace dans cinq minutes. 
– ",499895,Bien,MISC,,499899,", monsieur Randal ; comptez su"
"e dans cinq minutes. 
– Bien, ",499901,monsieur,PER,,499909," Randal ; comptez sur moi, pou"
e je t'avais écrit de venir à ,500521,Bruxelles,PER,LOC,500530,"... 
– Roger, dis-je, il faut "
"n roussin devant l'hôtel ? 
– ",500733,Deux,MISC,,500737,", répond Roger-la-Honte ; je l"
". Tu vas aller à Ixelles, rue ",500866,Clémentine,PER,LOC,500876," ; tu sais ? 
– Parbleu ! 
– L"
"ant d'arriver à la maison. 
– ",501004,Bien,MISC,,501008," sûr. 
– Tu diras à l'Anglaise"
-il ? Neuf heures. Préviens l',501224,Anglaise,PER,LOC,501232, que je serai chez elle vers o
moyen d'utiliser les lettres. ,501674,Voici,PER,,501679, mon plan : je vais exiger de 
 mon plan : je vais exiger de ,501709,Mme,PER,,501712," de Bois-Créault, sous la mena"
anonnier. Il faut que je sois ,502435,Mme,PER,,502438, de Bois-Créault. -- Ne me dit
e d'état civil qu'il me faut. ,503114,M.,PER,,503116, Armand de Bois-Créault ne ser
"out le monde sera content. 
– ",504119,Même,PER,,504123," Barzot, dis-je ; car il sera "
"sera certain, après cela, que ",504178,Mme,PER,,504181, de Bois-Créault ne le fera pl
"e ce soin. 
– Ah !... Ah ! 
– ",504323,Naturellement,MISC,,504336,", puisque j'ai les lettres. Ce"
me l'interdisent. Je resterai ,504916,Mme,PER,,504919," de Bois-Créault, honnête et m"
le bruit du petit panier de l',506629,Anglaise,PER,LOC,506637,". 
– Les roussins viennent de "
" entre me dire l'hôtelier. 
– ",506721,Bien,MISC,,506725,". Allons. 
Hélène prend le pet"
"s, là-bas ; c'est Ixelles. 
– ",507943,Dans,MISC,,507947," un quart d'heure, dis-je à Hé"
". 
– N'ayez pas d'inquiétude, ",510724,monsieur,PER,,510732," Randal, me dit cette veuve de"
"ce. 
En rentrant à l'hôtel du ",511151,Roi,PER,,511154," Salomon, j'aperçois les deux "
"
En rentrant à l'hôtel du Roi ",511155,Salomon,PER,,511162,", j'aperçois les deux policier"
"oi je reviens tout seul... 
– ",511391,Me,PER,,511393," voici de retour, dis-je à Rog"
" acheté, en passant, dans les ",511524,Galeries,PER,,511532, Saint-Hubert. Tout a été pour
"en passant, dans les Galeries ",511533,Saint-Hubert,MISC,,511545,". Tout a été pour le mieux. 
–"
" Tout a été pour le mieux. 
– ",511576,Chouette,PER,MISC,511584, ! dit Roger. Tu me raconteras
"e coup est à faire, non pas à ",511710,Bruxelles,PER,LOC,511719,", mais à Louvain. C'est Stépha"
", non pas à Bruxelles, mais à ",511728,Louvain,PER,LOC,511735,. C'est Stéphanus qui me l'a i
"d'un camarade, c'est sacré... ",512421,Bonsoir,PER,MISC,512428,". 
C'est surtout pour réfléchi"
"is passer ma carte : 
Georges ",512966,Randal,PER,,512972," 
Ingénieur 
Collaborateur à l"
"r ma carte : 
Georges Randal 
",512974,Ingénieur,PER,,512983," 
Collaborateur à la Revue Pén"
": 
Georges Randal 
Ingénieur 
",512985,Collaborateur,PER,,512998," à la Revue Pénitentiaire 
XVI"
"Ingénieur 
Collaborateur à la ",513004,Revue,PER,,513009," Pénitentiaire 
XVIII -- COMBI"
"Revue Pénitentiaire 
XVIII -- ",513034,COMBINAISONS,PER,,513046, MACHIAVÉLIQUES ET LEURS RÉSUL
"tiaire 
XVIII -- COMBINAISONS ",513047,MACHIAVÉLIQUES,PER,,513061," ET LEURS RÉSULTATS 
En m'aper"
" un mouvement de surprise. 
– ",513152,Êtes,MISC,,513156,"-vous bien sûr, Monsieur, me d"
" inscrit sur cette carte ? 
– ",513275,Parfaitement,MISC,,513287," sûr, dis-je sans m'émouvoir c"
"ûr. 
– Je connais beaucoup un ",513561,M.,PER,,513563," Randal... 
– M. Urbain Randal"
"s beaucoup un M. Randal... 
– ",513577,M.,PER,,513579, Urbain Randal ? C'est mon onc
" un M. Randal... 
– M. Urbain ",513587,Randal,PER,,513593, ? C'est mon oncle. Je sais en
il m'offrait dans sa villa de ,513804,Maisons,PER,,513811,-Laffitte et j'aurais eu certa
rait dans sa villa de Maisons-,513812,Laffitte,PER,,513820, et j'aurais eu certainement l
"tre connaissance plus tôt. 
– ",513902,Veuillez,PER,,513910," m'excuser, dit Barzot en m'en"
 Je suis envoyé vers vous par ,514526,Mme,PER,,514529," Hélène Canonnier. 
Barzot ne "
 Mlle Canonnier se trouvait à ,514678,Bruxelles,PER,LOC,514687, depuis avant-hier avec son pè
"honneur, d'être très lié avec ",514798,M.,PER,,514800, Canonnier ; nous nous sommes 
"cadée. 
– Je connaissais donc ",515231,M.,PER,,515233, Canonnier. Mais je n'avais ja
 personnes ont laissée à Mlle ,515651,Canonnier,LOC,PER,515660,. La haute situation que vous 
ations exécutées au nom de la ,515783,Justice,PER,MISC,515790,", vous a certainement permis d"
nt permis d'apprendre comment ,515839,M.,PER,,515841," Canonnier fut ravi, hier soir"
" ! 
Je hausse les épaules. 
– ",516348,Réellement,PER,,516358,", Monsieur ? Misérable ?... Di"
sentais à vous au nom de Mlle ,516817,Canonnier,MISC,PER,516826,", et pas au mien. Ce n'est pas"
se faire entendre. Hélas ! la ,518981,Justice,PER,MISC,518988, est ouverte à tous. Le restau
"Paillard aussi... Et puis, la ",519053,Justice,PER,MISC,519060,", les lois... Des mots, des mo"
"t il ose exister, l'Homme qui ",519162,Juge,PER,,519166, ! Il faudrait que ce fût un s
e ! Il faudrait que ce fût un ,519195,saint,PER,,519200,", cet homme-là. Un grand saint"
"saint, cet homme-là. Un grand ",519225,saint,PER,,519230, et un grand savant. Il faudra
pas. On ne pardonne jamais... ,523017,Voyons,PER,,523023,", Monsieur. Mlle Canonnier dés"
t autant d'intérêt que vous à ,523290,éviter,PER,,523296, un scandale. C'est avec M. Ar
viter un scandale. C'est avec ,523321,M.,PER,,523323, Armand de Bois-Créault que ma
"de Bois-Créault que mad... 
– ",523361,Jamais,PER,MISC,523367, ! s'écrie Barzot qui se lève 
" décolorée par l'angoisse, la ",524187,sueur,PER,,524192," au front, il fixe sur moi ses"
"e par l'angoisse, la sueur au ",524196,front,PER,,524201,", il fixe sur moi ses yeux hag"
"uter qu'il était un homme... 
",526822,Brusquement,PER,,526833,", il relève la tête. 
– Monsie"
"que j'irai voir, dès ce soir, ",527028,Mme,PER,,527031, de Bois-Créault. Vous ne voul
" ajoute-t-il anxieusement. 
– ",527313,Mon,MISC,,527316," Dieu ! Monsieur, dis-je en so"
lle Canonnier quand elle sera ,527421,Mme,PER,,527424, de Bois-Créault. Vous ne manq
" de confiance en moi-même. 
– ",528823,Pourquoi,PER,,528831, n'avez-vous pas confiance en 
grand trot. Elle va retrouver ,532224,Mme,PER,,532227, de Bois-Créault qui est venue
 venue ce matin la chercher à ,532281,Bruxelles,PER,LOC,532290,", et qui l'a priée, par un bil"
"oir, ce sera le cambriolage à ",533125,Louvain,PER,LOC,533132,", avec Roger-la-Honte, sur les"
"yée ; et vous aviez raison, à ",533830,Bruxelles,PER,LOC,533839, ; je suis très forte. Si vous
"gé de citations latines, du « ",534872,Réquisitoire,PER,MISC,534884, à travers les Âges ! » Auriez
"es réponses, et des mensonges ",535026,--,MISC,,535028, et des mensonges ! -- Il en p
"onses, et des mensonges -- et ",535032,des,MISC,,535035, mensonges ! -- Il en pleuvait
 et qu'elle va partir pour la ,536555,Suisse,PER,LOC,536561,". D'ailleurs, elle ne me donne"
des noyés aux murailles de la ,537507,Morgue,PER,,537513,", ces débris de choses vécues "
is que nous sommes revenus de ,538210,Belgique,PER,LOC,538218,", Roger-la-Honte et moi, après"
it-divers aux journalistes de ,538315,Louvain,PER,LOC,538322,". Triste ! Triste !... Non, Hé"
ussi inexorables que la hart. ,539952,Libre,PER,,539957," autant qu'il désirera l'être,"
"e cauchemar héréditaire, de l'",540112,Idéal,PER,,540117," à la tête invisible, aux pied"
onte qui voudrait m'emmener à ,541026,Venise,PER,LOC,541032,". Qu'y ferais-je, à Venise ? J"
"t-être. 
Non, je n'irai pas à ",541639,Venise,PER,LOC,541645,. Tant pis pour Roger-la-Honte
il attendra. Je n'irais pas à ,541708,Venise,PER,LOC,541714, même si j'étais sûr d'y trouv
les vieux habitués du café de ,542988,la,PER,,542990," Mairie, en province -- rentie"
 vieux habitués du café de la ,542991,Mairie,PER,,542997,", en province -- rentiers à ce"
habitudes et leurs manies. Je ,543191,tiens,MISC,,543196, compte des unes et des autres
aux mains rouges. Ce sont les ,544121,Grandes,PER,,544128, Assises de l'immoralité tenue
s les sous-sols de la tour de ,544193,Babel,PER,LOC,544198,". 
Intéressant ? Certainement."
t tout arrive à se confondre. ,544815,Est,LOC,,544818,-ce la cocotte qui a perverti 
" regarde, ces souteneurs. Mon ",545695,Dieu,MISC,,545699, ! ce ne sont pas du tout les 
istoires qu'aime à débiter le ,546116,monsieur,PER,,546124, qui paye à la marchande d'amo
"r. Il parle à cœur ouvert, ce ",546185,monsieur,PER,,546193,-là. Secrets de famille et d'a
le penser que les rapports du ,546480,monsieur,PER,,546488, qui paye avec la courtisane s
 je ne peux le découvrir. Ces ,547325,Voleurs,PER,MISC,547332, sont des hommes comme les aut
efuse de la remplacer par une ,549130,Danoise,MISC,LOC,549137,. Je veux avoir le temps de pl
 ! vous prenez bien la Vie de ,549326,Bohème,PER,,549332," au sérieux, et vous mouillez "
otre peau comme la tunique du ,550401,Centaure,PER,,550409,". 
– C'est bien fait, me dit P"
l a lu mes articles dans la « ,550961,Revue,PER,,550966, Pénitentiaire » et prétend qu
nier. Mais je ne me fie pas à ,551457,Paternoster,PER,MISC,551468,. Je sais qu'il a pris des ren
isfaite. Je passe pour un bon ,552428,papa,PER,,552432,", veuf et pas très riche, poin"
ne s'appelle pas pour rien le ,552786,Pont,MISC,,552790," des Soupirs, avec votre étern"
lle pas pour rien le Pont des ,552795,Soupirs,PER,,552802,", avec votre éternel sac qui c"
tre cadavre fera la planche à ,553025,Gravesend,PER,LOC,553034,". 
Paternoster hausse les épau"
"fera la planche à Gravesend. 
",553037,Paternoster,PER,LOC,553048," hausse les épaules. 
Il a rai"
" ses gonds. 
Me voici dans la ",554073,place,MISC,,554078,. Il y fait noir comme dans un
" heureux d'avoir été là... 
– ",557937,Figure,PER,,557943,"-toi, dis-je en m'efforçant d'"
 trouver d'emploi nulle part. ,559382,La,PER,,559384," mère parvenant, par un travai"
es bureaux d'une Compagnie de ,559890,Navigation,MISC,,559900,", qui lui permet de vivre, tou"
"er, presque, leur bonheur... 
",561353,Leur,MISC,,561357," bonheur ! Est-il réel, ce bon"
a-Honte et de l'accompagner à ,563122,Venise,PER,LOC,563128,. Je l'attends justement ce so
" enfant -- à notre enfant... 
",565407,Notre,PER,,565412," enfant !... Elle est la, à cô"
robe noire d'ouvrière... Ah ! ,566283,Dieu,MISC,,566287," de Dieu !... 
La voici. Elle "
re d'ouvrière... Ah ! Dieu de ,566291,Dieu,MISC,,566295," !... 
La voici. Elle rentre, "
"i, a examiné attentivement la ",566970,petite,PER,,566976,", n'a rien voulu prescrire, n'"
'ancienne femme de chambre de ,567712,Mme,PER,,567715, Montareuil. -- Elle ne savait
"rentrant ; puis, j'ai hésité. ",568653,La,PER,,568655, petite paraissait ne plus sou
"trant ; puis, j'ai hésité. La ",568656,petite,PER,,568662, paraissait ne plus souffrir. 
suis alarmée à tort et que la ,569703,petite,PER,,569709," va aller mieux ; mais si, par"
r ma fille non plus ; mais... ,570152,Voyons,PER,,570158,", Georges, regarde-moi. Pourqu"
"nd Charlotte en rougissant, à ",570652,l',PER,,570654,"appeler Georgette ; et puis, j"
"uoi... Elle se nomme Hélène. 
",570749,Brusquement,PER,,570760,", je retire ma main que Charlo"
t Charlotte en soupirant. Mon ,571678,Dieu,MISC,,571682, ! pourvu que mes craintes aie
"es monotones et navrantes. 
– ",573071,Maman,PER,,573076,", bobo... Maman... bobo... 
Ch"
" navrantes. 
– Maman, bobo... ",573086,Maman,PER,MISC,573091,"... bobo... 
Charlotte la pren"
"e la consoler, la caresse. 
– ",573176,Le,MISC,,573178," plus terrible, me dit-elle, c"
"e la glace sur le front... 
– ",573973,Est,LOC,,573976,"-ce la méningite ? 
– Oui, cer"
"ourit d'un sourire triste. 
– ",576504,Crois,PER,,576509,-tu qu'Annie réussira à avoir 
"ise et éclate en sanglots. 
– ",576920,Mon,MISC,,576923," Dieu ! dit-elle, c'est affreu"
saille. Je me fais conduire à ,577746,Kensington,PER,LOC,577756,. Pourvu qu'elle soit chez ell
"soit chez elle ! 
Elle y est. ",577803,Rapidement,PER,,577813,", je la mets au courant des ch"
"ême, Broussaille. Au revoir. 
",579412,Sitôt,PER,,579417," dans la rue, je prends un cab"
cocher l'adresse du bureau de ,579493,Paternoster,PER,LOC,579504,". Je me suis souvenu, subiteme"
 marché aussi bien le jour de ,579803,Pâques,PER,MISC,579809, que celui de la Trinité. Il e
"t au bout, là-bas, j'aperçois ",580247,Paternoster,PER,MISC,580258, qui s'en va et je le vois dis
" que c'est ? -- Mais, mais... ",581548,Voyons,PER,,581554,", Paternoster n'osera pas me r"
" froid, et se bombardant de « ",582472,Merry,PER,,582477, Christmas » ; aux voitures de
", et se bombardant de « Merry ",582478,Christmas,PER,,582487, » ; aux voitures de gui et de
"nel sac, je descends Waterloo ",582907,Road,PER,,582911,". Brusquement, il tourne à dro"
"c, je descends Waterloo Road. ",582913,Brusquement,PER,,582924,", il tourne à droite et dispar"
"lace, au coin de la rue et de ",583414,Waterloo,PER,LOC,583422," Road, à l'endroit d'où j'ai v"
coin de la rue et de Waterloo ,583423,Road,PER,,583427,", à l'endroit d'où j'ai vu Pat"
"présent, que la silhouette de ",584980,Paternoster,PER,LOC,584991,", là-bas. Il se hâte, une main"
"nt... Un vagabond, écumeur du ",585530,Pont,MISC,,585534," des Soupirs, qui a vu mon sac"
"vagabond, écumeur du Pont des ",585539,Soupirs,PER,,585546,", qui a vu mon sac et arrive s"
"er ses bras autour du cou. 
– ",587623,Pardonne,PER,,587631,"-moi, me dit-elle pendant que "
issant tomber sur une chaise. ,588991,Seigneur,PER,MISC,588999, ! Seigneur ! que je souffre !
". 
Oui, Noël, sainte journée. ",589080,Jour,MISC,,589084, de paix et de bonne volonté..
; une tête de veau au blanc d',589248,Espagne,PER,LOC,589255,". 
– Monsieur, me dit-il, j'ai"
"En voici cinquante autres. 
– ",589502,Merci,PER,,589507,", Monsieur, dit le docteur Sco"
"ite de pouvoir trouver, en ce ",590136,saint,PER,,590141," jour qui commence, au souveni"
" Vraiment ? 
– Sur l'honneur, ",590514,Monsieur,PER,MISC,590522, ! dit-il en frappant de la ma
 vu comment on l'a trouvé sur ,592780,Waterloo,PER,,592788," Bridge, la nuit de Noël, ce p"
"ée... Puis, le délire a saisi ",593794,Paternoster,PER,MISC,593805, et son agonie a duré prés de 
" chose ; a-t-il été volé ? 
– ",594022,Bien,MISC,,594026," entendu, dit l'abbé, il a été"
uis mis en route à l'appel de ,597014,Paternoster,PER,,597025,". 
– Le sort de Paternoster ne"
" à l'appel de Paternoster. 
– ",597030,Le,MISC,,597032, sort de Paternoster ne m'émeu
... Mais si ce n'était pas un ,597485,saint,PER,,597490,", c'était un homme, ce qui est"
pour soi et Dieu pour tous... ,598512,Naturellement,PER,,598525,", Dieu pour tous ! Sans Dieu, "
"e. Que t'a dit ce prêtre ? 
– ",600273,Rien,MISC,,600277,". 
– Comme tu me réponds !... "
"olages, de temps en temps. 
– ",600794,Mon,MISC,,600797, Dieu ! s'écrie Charlotte. Est
quand je voulais m'en aller ? ,604645,Pourquoi,MISC,,604653,", puisque tu ne m'aimes pas ? "
; je n'ai rien à leur envier. ,605145,Est,LOC,,605148,-ce parce que je suis pauvre ?
"e, à la main d'une héritière. ",605272,Est,LOC,,605275,-ce parce que je suis honnête 
ai voulu conduire Charlotte à ,606527,Monte,PER,,606532,"-Carlo, qu'elle n'avait jamais"
"is vu. Moi, je le connais, le ",606590,Casino,PER,LOC,606596, célèbre. Je lui ai rendu visi
 crainte du retour inopiné du ,607490,maître,PER,,607496,. C'est risible et pitoyable. 
"arlotte me saisit le bras. 
– ",609464,Viens,MISC,,609469,", viens, me dit-elle d'une voi"
 trois mois que nous sommes à ,610367,Nice,MISC,LOC,610371,. J'ai entendu dire que lorsqu
"drôle d'idée ! Enfin, si tu y ",610648,tiens,MISC,,610653,"... 
– Tu ne m'en veux pas ? d"
deaux une fois le coup fait à ,613943,Orléans,PER,LOC,613950,". Oui, c'est insensé. Charlott"
"rte, Annie vient m'ouvrir. 
– ",616685,Bonsoir,PER,MISC,616692,", Annie. Madame est là-haut ? "
"ire l'enveloppe. 
« ......... ",617284,Notre,PER,,617289, vie à tous deux serait un mar
 viens de passer huit jours à ,619004,Vichy,PER,LOC,619009,. J'y serais même restée plus 
s parents tiennent un hôtel à ,619268,Vichy,PER,LOC,619273," ? 
– Oui, ton frère me l'a ap"
"superbe, un des plus beaux de ",619535,Vichy,PER,LOC,619540,", l'hôtel Jeanne d'Arc . 
– Ah"
" plus beaux de Vichy, l'hôtel ",619550,Jeanne,PER,,619556," d'Arc . 
– Ah ! oui, je vois "
chez eux se trouvait un vieux ,619700,monsieur,PER,,619708,", d'une soixantaine d'années, "
 mains. -- Comme il s'appelle ,619922,M.,PER,,619924," Randal, j'avais pensé... 
– U"
"l, j'avais pensé... 
– Urbain ",619960,Randal,PER,,619966," ? 
– Oui, c'est ça ; Urbain R"
"l ? 
– Oui, c'est ça ; Urbain ",619995,Randal,PER,,620001,". 
– C'est mon oncle, dis-je ;"
"; Urbain Randal. 
– C'est mon ",620016,oncle,PER,,620021,", dis-je ; ah ! il est à Vichy"
"oncle, dis-je ; ah ! il est à ",620046,Vichy,PER,LOC,620051,"... 
– Oui, avec la cocotte en"
 vais me mettre en route pour ,620809,Vichy,PER,LOC,620814," ce soir, empoigner mon oncle "
mes du bagne qui s'appelle la ,624231,Société,PER,ORG,624238,", un geste d'animal peut seul "
"in, environ, quand j'arrive à ",624820,Vichy,PER,LOC,624825,. Un train quitte la gare au m
"on et je traverse le quai. 
– ",624950,Bonjour,PER,,624957,", mon neveu ! 
C'est une femme"
abandonner ; et je suis comme ,625405,Calypso,PER,LOC,625412,. Tu vois que j'ai fait des pr
"rupture complète, un divorce. ",625557,Entre,PER,,625562," nous, tu sais, je n'en suis p"
m'a dit qu'il partait pour la ,626499,Suisse,PER,LOC,626505,", mais ce n'est certainement p"
avoir vers quels rivages il a ,626739,porté,MISC,,626744," ses plumes, ce pigeon voyageu"
r chemins. Nous l'appelons le ,626832,Juif,LOC,,626836,-Errant. Il ne se plaît nulle 
viens d'être venu avec elle à ,628014,Monte,PER,,628019,"-Carlo, vers la fin de l'hiver"
" pas vu, toi, je t'assure que ",628179,Mlle,PER,,628183, Charlotte a bien reconnu son 
tance à quitter les salons du ,628834,Casino,PER,MISC,628840,. C'était son père qu'elle ava
 peux pas. Je suis attendue à ,630884,Cusset,PER,LOC,630890, ; je suis très demandée en ce
" heures, Tiens, voici l'hôtel ",630991,Jeanne,PER,,630997," d'Arc , où j'habite ; prends-"
 ces propriétaires de l'hôtel ,632028,Jeanne,PER,,632034, d'Arc . Ils ont été enchantés
"alie, eût été invitée chez M. ",632316,le,PER,,632318," curé. 
– Si elle avait pu pré"
"e, eût été invitée chez M. le ",632319,curé,PER,,632323,". 
– Si elle avait pu prévoir "
"it excusée, certainement, dit ",632410,Mme,PER,,632413, Voisin ; elle aurait été si h
" meurs de faim. Heureusement, ",632876,Mme,PER,,632879," Voisin vient nous arracher, s"
"sie ; très paternel, surtout. ",633492,La,PER,,633494," mère, qui a dû être fort joli"
" ; très paternel, surtout. La ",633495,mère,PER,,633499,", qui a dû être fort jolie, gr"
"uiètent avec intelligence. 
– ",633851,Mangez,PER,,633857,-vous bien ? Buvez-vous bien ?
 ? Dormez-vous bien ? demande ,633915,Mme,PER,,633918," Voisin. 
– Oui, Madame ; très"
 ! Vous amusez-vous ? demande ,634075,M.,PER,,634077," Voisin. 
– Oui, Monsieur, bea"
nt-elles à peu près ? demande ,634273,M.,PER,,634275," Voisin. 
– Oui, Monsieur, pas"
ien vos précautions ? demande ,634369,Mme,PER,,634372," Voisin. 
– Oui, Madame, toujo"
" Voyez-vous, Monsieur, me dit ",634737,Mme,PER,,634740, Voisin comme un garçon vient 
"ropos, c'est votre parent, ce ",638154,M.,PER,,638156, Randal qui est si riche et qu
"e qu'il a amenée ici, Mlle de ",638560,Vaucouleurs,PER,,638571,", qui va regretter son départ "
"faites bien de m'avertir, dit ",638751,Mme,PER,,638754, Voisin sans s'émouvoir ; je v
le se trémoussent des parades ,640253,burlesques,PER,,640263,", tandis qu'on joue des drames"
"t verre de chartreuse ? 
Non. ",640610,Mme,PER,,640613," Voisin s'échauffe un peu, et "
re faire un tour au parc ; et ,640741,M.,PER,,640743," Voisin, que je rencontre dans"
"tout d'un coup, devant l'abbé ",642053,Lamargelle,LOC,,642063,". Rencontre bizarre, inattendu"
"up, devant l'abbé Lamargelle. ",642065,Rencontre,PER,,642074," bizarre, inattendue, presque "
ais : j'ai l'air de me nommer ,642897,Gaston,PER,MISC,642903, ; mais c'est moi tout de même
e symphonie à la gloire de la ,644300,Discorde,MISC,ORG,644308,. Il m'avait semblé tout d'abo
nt insulté par un couac de la ,644394,clarinette,PER,,644404,", appelait à son aide le corne"
le sort a voulu qu'il quittât ,645363,Vichy,PER,LOC,645368, juste au moment où vous y arr
Elle procède de la conscience ,646954,nette,PER,,646959, des choses et de la répudiati
 force -- la vraie force ? -- ,647571,Vieilleries,PER,LOC,647582,", tout ça ; bêtises... Voyez-v"
"-vous descendu ? 
– À l'hôtel ",648619,Jeanne,PER,,648625," d'Arc . 
– Excellente idée qu"
nates. Jusqu'ici je logeais à ,648771,Saint-Vincent,LOC,,648784," de Paul , avec la majorité de"
je logeais à Saint-Vincent de ,648788,Paul,PER,,648792," , avec la majorité de ces hom"
adresse à rendre des points à ,649182,Robert,PER,,649188,-Houdin et mon doigté est simp
"Du reste, ils peuvent aller à ",651018,Rome,MISC,LOC,651022,", si le cœur leur en dit. 
– V"
in à l'hôtel Saint-Vincent de ,651314,Paul,PER,,651318," . Je vous présenterai, de vou"
"a vierge, timbale de nouilles ",651525,saint,PER,,651530," Joseph, crème terre-sainte et"
"ge, timbale de nouilles saint ",651531,Joseph,PER,,651537,", crème terre-sainte et Châtea"
passerai encore une semaine à ,651660,Vichy,PER,LOC,651665,". Après quoi, mon retour à Par"
 j'espère. La directrice sera ,652152,Mme,PER,,652155," Boileau. Vous connaissez, je "
"ous connaissez, je crois ? 
– ",652196,Mme,PER,,652199, Boileau ? Non ; pas du tout. 
"ileau ? Non ; pas du tout. 
– ",652232,Mme,PER,,652235," Ida Boileau, rue Saint-Honoré"
"é ? 
– Quoi ! Comment !... 
– ",652294,Mon,MISC,,652297," Dieu ! ricane l'abbé, ne fait"
" voir en relations avec... 
– ",652532,Votre,PER,,652537, entourage ?... C'est le hasar
"e me rappelle pas... 
– C'est ",652963,M.,PER,,652965," Armand de Bois-Créault, dit l"
it l'abbé ; il est l'amant de ,653021,Mme,PER,,653024, Mouratet et le mari d'une fem
répond l'abbé. Elle habite la ,653300,Belgique,PER,LOC,653308, et je n'ai jamais eu l'honneu
"lt. 
– Elle est édifiante. 
– ",653747,Mme,PER,,653750, de Bois-Créault aimait son fi
. Vous me direz que le cas de ,654813,Mme,PER,,654816, de Bois-Créault est un cas ex
" encore, pour leurs fils, que ",654937,Mme,PER,,654940, de Bois-Créault. Combien de f
re le kiosque à musique et le ,656511,Casino,PER,MISC,656517,", j'ai fort envie d'y aller au"
e sa place à là Direction des ,657753,Douzièmes,MISC,,657762," Provisoires, les Douzièmes Pr"
"es Douzièmes Provisoires, les ",657780,Douzièmes,MISC,,657789, Provisoires demandent à être 
a candidature dans la Bièvre. ,658044,Candidature,PER,,658055, progressiste qui sera soutenu
"e. 
– Un soupirant évincé. 
– ",660477,Évincé,MISC,,660483," ! Vous voulez rire. 
– Mécont"
ou trois fermes qu'ils ont en ,661785,Normandie,PER,LOC,661794," ; mais, d'ici là, je suis à s"
 consultant mon portefeuille. ,662197,Voici,PER,,662202,". 
– Bon, dit-elle en glissant"
"'a offert l'hospitalité... 
– ",662499,Écossaise,PER,LOC,662508,. Oui ; j'aperçois la jupe. Qu
z à me faire jouer le rôle de ,662620,Mme,PER,,662623, Putiphar... Tant pis pour vou
-moi le mot -- des carottes à ,663751,la,PER,,663753," Vichy. 
Mais elle aperçoit so"
i le mot -- des carottes à la ,663754,Vichy,PER,LOC,663759,". 
Mais elle aperçoit son mari"
". 
– Je reprochais vivement à ",664031,M.,PER,,664033," Randal de n'être, pas venu à "
 veux pas manquer de parole à ,664367,Marguerite,PER,,664377," de Vaucouleurs. 
XXIII -- BAR"
uer de parole à Marguerite de ,664381,Vaucouleurs,PER,,664392,". 
XXIII -- BARBE-BLEUE ET LE "
"s faite aux époux Mouratet, à ",664522,Vichy,PER,LOC,664527,. J'ai quitté Londres pour Par
"oi, je serai déguisé en Barbe-",670200,Bleue,PER,,670205,". » Cette fois, j'ai ri sans m"
"r, dans le salon du boulevard ",670878,Malesherbes,PER,,670889,". 
C'est bon. Je prends un jou"
" épaules. Qu'en ferai-je, mon ",672843,Dieu,MISC,,672847, ! D'autant plus qu'avec une é
"sse un bras autour du cou. 
– ",673330,Voyons,PER,,673336,", gros bête ! Puisque je vous "
 Vous êtes gentil comme tout. ,674562,Tiens,MISC,,674567, ! embrasse-moi ; il y a longt
"nd de l'appartement. 
– Voilà ",674728,Barbe,PER,,674733,"-Bleue, dit-elle. Anne, ma sœu"
raient donner l'idée du Barbe-,675338,Bleue,PER,,675343, que j'ai devant moi. C'est qu
e-Bleue ; mais ce n'est Barbe-,675927,Bleue,PER,,675932, que parce que c'est Mouratet.
eh ! s'écrie le directeur des ,676001,Douzièmes,MISC,,676010," Provisoires, ravi de l'effet "
"ussi. 
– Tout à fait, dis-je. ",676141,Réellement,PER,,676151,", tu es effroyable. 
– Le fait"
"es, pierreries et cailloux du ",677460,Rhin,MISC,LOC,677464,", bijoux de prix et costumes s"
"sage pendant cinq minutes. 
– ",679116,Viens,PER,MISC,679121," par ici, dis-je à Mouratet qu"
"ez-le lui sans trêve. 
– Ah ! ",679835,monsieur,PER,,679843," Barbe Bleue, s'écrie la Dinde"
" sans trêve. 
– Ah ! monsieur ",679844,Barbe,PER,,679849," Bleue, s'écrie la Dinde, que "
"trêve. 
– Ah ! monsieur Barbe ",679850,Bleue,PER,,679855,", s'écrie la Dinde, que vous m"
"t de suite très camarades, la ",679969,Dinde,PER,LOC,679974, et lui. J'ai eu la main heure
"up à sa conversation. 
– Ah ! ",680331,monsieur,PER,,680339," Barbe-Bleue, s'écrie-t-elle, "
"onversation. 
– Ah ! monsieur ",680340,Barbe,PER,,680345,"-Bleue, s'écrie-t-elle, que vo"
"ation. 
– Ah ! monsieur Barbe-",680346,Bleue,PER,,680351,", s'écrie-t-elle, que vous m'a"
" Que t'a dit cette femme ? 
– ",680798,Rien,MISC,,680802,", rien, répond-il en se levant"
"s ? Ah ! les cocus assassins, ",682509,Monsieur,PER,MISC,682517," !... Tenez, on enlève les cad"
"ur ; j'irai dans un instant. 
",683039,Réflexion,MISC,,683048," faite, je n'irai pas du tout."
"ine. 
Je descends l'escalier. ",684929,Déshonoré,PER,MISC,684938, ! Il aurait été déshonoré... 
"s avons volé l'industriel, en ",685899,Belgique,PER,LOC,685907,". Oui, si d'autres astres sont"
"ossible, ne point donner à la ",687274,Justice,PER,MISC,687281, l'occasion de contempler mon 
tion de vingt minutes avec un ,688536,monsieur,PER,,688544, qui me complimente fort sur m
 fort sur mes articles à la « ,688593,Revue,PER,,688598," » de Montareuil, et m'annonce"
es articles à la « Revue » de ,688604,Montareuil,PER,LOC,688614,", et m'annonce que je suis cha"
"nds le train, non pas pour la ",689304,Dalmatie,PER,LOC,689312,", mais pour Bruxelles. 
Beauco"
"s pour la Dalmatie, mais pour ",689324,Bruxelles,PER,LOC,689333,". 
Beaucoup de gens, à ma plac"
"lmatie, mais pour Bruxelles. 
",689336,Beaucoup,PER,,689344," de gens, à ma place, resterai"
 en route pour la capitale du ,689669,Brabant,PER,LOC,689676,". 
À Bruxelles, je parcours le"
"ur la capitale du Brabant. 
À ",689681,Bruxelles,PER,LOC,689690,", je parcours les établissemen"
influence du milieu présent ? ,693474,Mystère,PER,,693481,. Mais c'étaient peut-être de 
c'étaient peut-être de belles ,693518,aptitudes,PER,,693527,". Quels actes, si le monde n'é"
"ique m'a appris, d'abord, que ",696921,Mme,PER,,696924, de Bois-Créault mère s'est do
 fois que j'ai interrompu mon ,697407,travail,PER,,697414,", ç'a été pour faire une inven"
" c'est impossible, mon vieux. ",699005,Jusqu',PER,,699011,"à avant-hier soir, Stéphanus c"
ureaux. Depuis qu'il a quitté ,699089,Bruxelles,PER,LOC,699098, -- on l'a mis à la porte oste
"n chantant : 
Belle enfant de ",700081,Venise,PER,,700087," 
Au sourire moqueur, 
Il faut"
irez porter au Post-office de ,701036,Charing,PER,,701043,"-Cross, demain, à sept heures "
de la confiance de la cour de ,702370,Belgique,PER,LOC,702378,", qui a élu domicile. 
Mais vo"
"ssi, par la même occasion, un ",702563,monsieur,PER,,702571, qui sort bientôt de la maison
"e. C'est Delpich, assurément. ",702670,Teint,PER,,702675," blafard, taille rentassée, tr"
"ais, en flânant, à la gare du ",702916,Nord,LOC,,702920,". Il s'agit de voir, maintenan"
rendra le train qui part pour ,702989,Ostende,PER,LOC,702996," à 8 heures 40. 
J'arrive à la"
portant ces mots : Cabinet du ,703680,Directeur,MISC,,703689," . La seconde fois, deux ou tr"
"offes, on me prend mesure. Je ",704322,tiens,MISC,,704327, à déposer des arrhes malgré l
"f, plutôt, une bonne clef. 
– ",704955,Voici,PER,,704960, le passe-partout de la maison
is de retour à l'hôtel du Roi ,705400,Salomon,PER,,705407," . 
Je descends, avec l'hôteli"
"heraient en vain ailleurs. 
– ",705839,Voyons,PER,,705845," vos empreintes, dit l'hôtelie"
"ai pour cinq minutes. 
– Ah ! ",706759,monsieur,PER,,706767," Randal, s'écrie l'hôtelier, j"
 à Louis XVI. Ça ne lui a pas ,707087,porté,MISC,,707092," bonheur, à ce pauvre roi, son"
"oir des sentiments religieux, ",707867,monsieur,PER,,707875, Randal. C'est tellement néces
 n'avais pas été à la gare du ,709505,Nord,LOC,,709509," ?...Non, le vrai, c'est que j"
" m'a dit l'abbé Lamargelle, à ",713376,Vichy,PER,LOC,713381,", au sujet des relations d'aff"
t des relations d'affaires de ,713420,Mme,PER,,713423, Hélène de Bois-Créault avec l
" N'ayez pas peur ; c'est moi, ",713786,Randal,PER,MISC,713792,"... Randal, je vous dis... Hél"
"s peur ; c'est moi, Randal... ",713796,Randal,PER,,713802,", je vous dis... Hélène ? C'es"
s voulez que je vous épargne. ,714504,Relevez,PER,,714511,-vous et donnez-vous la peine 
"– Pour y prendre des lettres, ",715534,monsieur,PER,,715542,", dit-elle, des lettres de ma "
"on, grasse, blonde, ronde. Un ",716589,Rubens,MISC,PER,716595,", presque. Torse en fleur, han"
"e la console de mon mieux. 
– ",717792,Voyons,PER,,717798,", Madame, calmez-vous. Vous av"
" ! 
Les tiroirs sont ouverts, ",718485,Mme,PER,,718488, Delpich fouille dans les papi
"ac. C'est une affaire faite. 
",719629,Mme,PER,,719632," Delpich, qui a fini de remuer"
"la main. 
– Comment ! s'écrie ",719998,Mme,PER,,720001," Delpich, vous partez déjà ! D"
" vous m'avez compromise... 
– ",720171,Compromise,PER,MISC,720181," ! dis-je, légèrement interloq"
"s bien, il va falloir quitter ",720947,Bruxelles,PER,LOC,720956,", m'exiler, partir au loin, sa"
de l'existence des lettres de ,721117,la,PER,,721119," mère coupable, et je me deman"
"coupable, et je me demande si ",721155,Mme,PER,,721158," Delpich, pressentant les proj"
"usse adresse : Durand, Oxford ",723815,Street,PER,,723821,", Londres. 
– Durand ? demande"
tait mon nom de demoiselle... ,724005,Embrasse,LOC,,724013,-moi et va-t-en. Je sortirai d
"lle n'y va pas de main morte, ",724203,Mme,PER,,724206," Delpich ; et moi, pour la pre"
"ommeil du juste, à l'hôtel du ",724450,Roi,PER,,724453," Salomon , lorsque des coups v"
" enfin honnêtement, à aller à ",725369,Venise,PER,LOC,725375,", par exemple, etc. Une phrase"
"urneront les choses. Puis, je ",726057,tiens,MISC,,726062, à avoir les vêtements que j'a
ich a été arrêté à la gare du ,726266,Nord,LOC,,726270,", en revenant d'Angleterre. Tr"
ient être prises aux sérieux. ,726483,Naturellement,PER,,726496,. Il passera devant le tribuna
", l' Indépendance annonce que ",726721,Mme,PER,,726724," Delpich, désolée du scandale "
"ait presque un viol, tu sais. ",727814,Tiens,MISC,,727819,", tu es un monstre ! Si j'étai"
" plus pour elle. 
Et pourquoi ",729001,compterait,PER,,729011,"-il, au bout du compte, si ell"
"Aix-les-Bains. Moi, je suis à ",732620,Royan,PER,LOC,732625,. Je ne pourrais dire exacteme
"e tête qui semblent dire : 
– ",733192,Bien,MISC,,733196,", bien, Océan ! Très bien. Tra"
 Geneviève lorsque je vois un ,734363,monsieur,PER,,734371," en franchir la grille, s'éloi"
lle consent à l'accompagner à ,734842,Vienne,PER,LOC,734848,". 
– Tu l'as peut-être vu sort"
 que toi. Il s'appelle Urbain ,735352,Randal,PER,,735358,. Ne serait-il pas ton parent 
" ? 
– Si ; dis-je ; c'est mon ",735417,oncle,PER,,735422,". 
– Ah ! dit Geneviève un peu"
ain de Paris Geneviève et mon ,736463,oncle,PER,,736468,. Ah ! cette figure de vieux v
ur d'y voir la fosse creusée. ,737057,Ruine,PER,,737062," d'humanité ; pas belle, à pei"
"
Je vais m'éloigner lorsqu'un ",737182,monsieur,PER,,737190,", escorté de deux laquais, ent"
"-Bains, et je suis parti pour ",737550,Londres,PER,LOC,737557,. Cette rencontre inopinée de 
tte rencontre inopinée de mon ,737591,oncle,PER,,737596,", si vieilli, si cassé, si prè"
tard. Elle m'a appris que mon ,738366,oncle,PER,,738371," est au plus bas, qu'un dénoue"
 lorsque le domestique de mon ,739607,oncle,PER,,739612,", ce matin, vient me chercher "
evard Haussmann qu'habite mon ,739957,oncle,PER,,739962,. Geneviève nous accueille dan
"tresse, dis-je ; de plus, mon ",740355,oncle,PER,,740360, a dû s'efforcer d'en faire la
iable ! s'écrie l'abbé. C'est ,740488,Mme,PER,,740491, Delpich ! Tiens ! tiens !... 
e l'abbé. C'est Mme Delpich ! ,740502,Tiens,MISC,,740507, ! tiens !... Mais je devine :
" lui tirer les pieds, à votre ",742150,oncle,PER,,742155,. Laissez-le faire sa besogne.
s aurez à payer les frais des ,742376,obsèques,PER,,742384,"... 
– Ils ne seront pas fort "
 qu'elle eût déplu à certains ,744209,Grecs,PER,MISC,744214,", est presque un symbole. J'ai"
"choses-là. 
Le notaire de mon ",745332,oncle,PER,,745337,", Me Tabel-Lion, arrive le len"
"là. 
Le notaire de mon oncle, ",745339,Me,PER,,745341," Tabel-Lion, arrive le lendema"
 léguait toute sa fortune à l',745684,Institut,PER,,745692, Pasteur ; il se trouve annulé
rige mélancoliquement vers le ,746229,Père,LOC,,746233, Lachaise. Quelques voitures s
 dizaine de vieux amis de mon ,746484,oncle,PER,,746489,", vieux voleurs probablement, "
j'entends résonner le timbre. ,749361,Voici,PER,,749366, Geneviève ; elle entre dans l
" ; et si vous le voulez bien, ",749685,monsieur,PER,,749693," l'abbé, je vais vous exposer "
"vous le voulez bien, monsieur ",749694,l',PER,,749696,"abbé, je vais vous exposer d'u"
les. L'auteur de ma perte est ,750000,M.,PER,,750002, Georges Randal. Il se dit vot
. L'auteur de ma perte est M. ,750003,Georges,PER,,750010," Randal. Il se dit votre ami, "
ur de ma perte est M. Georges ,750011,Randal,PER,,750017,". Il se dit votre ami, monsieu"
" Randal. Il se dit votre ami, ",750040,monsieur,PER,,750048," l'abbé, et vous le croyez un "
"Il se dit votre ami, monsieur ",750049,l',PER,,750051,"abbé, et vous le croyez un hon"
lle raconte notre aventure de ,750372,Bruxelles,PER,LOC,750381,", à sa façon, bien entendu. C'"
"es lettres de ma mère... Ici, ",750814,monsieur,PER,,750822," l'abbé, il faut que je vous r"
"s de ma mère... Ici, monsieur ",750823,l',PER,,750825,"abbé, il faut que je vous révè"
dans un tiroir de son bureau. ,751103,M.,PER,,751105," Randal les a découvertes, et,"
as vous dire quelle existence ,751614,M.,PER,,751616, Randal m'a fait mener depuis.
 C'est absolument effrayant ! ,751779,M.,PER,,751781, Randal est un misérable et s'
" d'un coup, pousse un cri. 
– ",751990,Impossible,PER,MISC,752000, ! C'est impossible ! Nous ne 
ement l'abbé. Que faire ? Mon ,752565,Dieu,MISC,MISC,752569,", éclairez-nous... Voici ce qu"
. Je vais m'employer à livrer ,752676,M.,PER,,752678, Randal à la justice après lui
"c feu ; je suis une croyante, ",753095,monsieur,PER,,753103," l'abbé. 
– Eh ! bien, vous n'"
ci mon adresse. Vous êtes mon ,753651,sauveur,PER,,753658,", monsieur l'abbé, vous êtes m"
"resse. Vous êtes mon sauveur, ",753660,monsieur,PER,,753668," l'abbé, vous êtes mon sauveur"
"us êtes mon sauveur, monsieur ",753669,l',PER,,753671,"abbé, vous êtes mon sauveur !."
" reconduire. 
– J'ai promis à ",753793,M.,PER,,753795, Randal d'aller le voir aujour
rêtez-vous sur votre chemin à ,754093,Saint-Thomas,LOC,,754105," d'Aquin, et entendez la messe"
"rd'hui, en général, la guerre ",754973,sournoise,LOC,,754982,", lâche et bête de tous contre"
st bien prise. La mort de ton ,756048,oncle,PER,,756053," m'a profondément troublée, m'"
", à l'église Saint-Étienne du ",756324,Mont,LOC,,756328,", où repose ma bienheureuse pa"
 ne devait pas s'embêter avec ,756867,Dalila,PER,MISC,756873,", chaque fois qu'elle avait te"
iendra implorer votre pardon. ,759933,Nolite,PER,,759939," confidere hominibus , ni aux "
"nte, entre autres la villa de ",761498,Maisons,PER,,761505,"-Laffitte, la fortune de mon o"
"s-Laffitte, la fortune de mon ",761534,oncle,PER,,761539, monte à un joli total. En chi
ui plus rien donner pour sa « ,762427,Revue,PER,,762432," », qui se vend très bien, mai"
faire deux ou trois visites à ,762705,Margot,PER,LOC,762711,", qui est toujours au mieux av"
"ravail de tout premier ordre, ",764931,Monsieur,PER,MISC,764939," ! Vous avez rendu, en l'écriv"
 ne peuvent passer inaperçus. ,765310,Gouverner,PER,,765319,", c'est choisir. Et nous, qui "
blier. Vos articles dans la « ,765451,Revue,PER,,765456, Pénitentiaire » ont été fort 
"e nom de la localité... 
–  A ",765784,Nothingabout,MISC,LOC,765796,", dis-je avec aplomb. C'est un"
ot de moi à mon collègue de l',767136,Instruction,MISC,,767147," Publique... 
Non, non ; Mazas"
point oublier ses réceptions. ,767308,Mme,PER,,767311," Courbassol, assure-t-il, sera"
ques sous et une propriété en ,768501,Normandie,PER,LOC,768510,. C'est dans l'une que Broussa
"es, pour voir. 
– Si tu veux. ",768807,Tiens,MISC,,768812,", des prospectus, des imprimés"
s pouvoir bientôt partir pour ,769619,Venise,PER,LOC,769625,. Mon associé s'occupera de la
"s-tu qui c'est, mon associé ? ",769726,Devine,PER,MISC,769732,... Tu ne pourrais jamais ; j'
'aime mieux te le dire. C'est ,769791,Issacar,PER,MISC,769798,". 
– Issacar ! Comment ? Cette"
"te le dire. C'est Issacar. 
– ",769803,Issacar,PER,MISC,769810, ! Comment ? Cette crapule d'I
" Paris, dans l'arrestation de ",770111,Canonnier,LOC,MISC,770120,". 
– Un rôle très avouable, ré"
"Un rôle très avouable, répond ",770155,Issacar,PER,MISC,770162, d'une voix ferme. J'ai fait t
ion de Canonnier à la gare du ,770731,Nord,LOC,,770735, et je l'ai encore empêché de 
"iez eu confiance en moi, cher ",770877,monsieur,PER,,770885," Randal, rien de ce qui s'est "
ivé. Cette affaire ne m'a pas ,770966,porté,MISC,,770971," chance, à moi non plus. On m'"
"ne veux rien discuter, répond ",771367,Issacar,PER,MISC,771374, nerveusement. Vous ignorez le
" effets. Mais, pour revenir à ",771512,Canonnier,PER,MISC,771521,", avez-vous de ses nouvelles ?"
 que possible son départ pour ,771691,Cayenne,PER,LOC,771698,", car on craint une évasion. I"
– Tu devrais venir avec moi à ,772525,Venise,PER,LOC,772531,", me dit Roger-la-Honte qui m'"
vons de déjeuner à l'hôtel du ,780734,Roi,PER,,780737," Salomon , on ne mange pas mal"
un essai d'acclimatation à la ,781899,Société,PER,ORG,781906,". 
– Votre gaîté est plutôt gr"
"cclimatation à la Société. 
– ",781911,Votre,PER,,781916," gaîté est plutôt grave. 
– Je"
"ntinuez encore. Volez, volez. ",782082,Idéal,PER,,782087,", pour idéal, du moment que no"
ation n'est pas seulement une ,783073,Doctrine,PER,MISC,783081,", mais une Vie, la marche de l"
le ; cent marches de plus aux ,784857,Gémonies,PER,LOC,784865,. Le génie du christianisme ? 
"misole de force. « Jésus, dit ",784931,saint,PER,,784936," Augustin, a perfectionné l'es"
" de force. « Jésus, dit saint ",784937,Augustin,PER,,784945,", a perfectionné l'esclave. » "
" races, s'éveillent là-bas, à ",786361,l',PER,,786363,"Orient, libres de ces entraves"
endre. -- Un apôtre serait un ,788928,Individu,PER,MISC,788936,", d'abord -- l'Individu qui a "
"ait un Individu, d'abord -- l'",788951,Individu,PER,MISC,788959, qui a disparu. -- Le jour où 
soit l'Amour ou qu'il soit la ,789083,Haine,PER,LOC,789088,", qu'il étende les bras ou que"
"battoir. -- Oui, le jour où l'",790137,Individu,PER,MISC,790145," reparaîtra, reniant les pacte"
la dalle où sont gravés leurs ,790258,Droits,PER,ORG,790264," ; le jour où l'Individu, lais"
s leurs Droits ; le jour où l',790280,Individu,PER,MISC,790288,", laissant les rois dire : « N"
"rnier jour, bagne des Peuples-",790801,Rois,MISC,,790805, où les hommes ne sont même pl
