Gauche,Début,Texte,Label_modele,Label_spacy,Fin,Droit
"

Le voleur : roman / Georges
",43,Darien,PER,,49,"

Source gallica.bnf.fr / Bibl"
"èque nationale de France

11 ",113,Gallica,PER,,120,"

 

Darien, Georges (1862-192"
"le de France

11 Gallica

 

",125,Darien,PER,,131,", Georges (1862-1921). Auteur "
"du texte. Le voleur : roman
| ",191,Georges,PER,,198," Darien. 1898.

1/ Les contenu"
". Le voleur : roman
| Georges ",199,Darien,PER,,205,". 1898.

1/ Les contenus acces"
nt des collections de la BnF. ,390,Leur,MISC,,394,"
réutilisation s'inscrit dans "
d'utilisation des contenus de ,2387,Gallica,PER,MISC,2394,"
sont régies par la loi frança"
] Pour obtenir un document de ,2898,Gallica,PER,MISC,2905," en haute définition,
contacte"
"ens honteux ni fort délicats.
",3195,La,PER,,3197," FONTAINE,

 

PARIS oo do LS
"
"do LS
P.-V. STOCK, ÉDITEUR 8
{",3251,Ancienne,PER,,3259," Librairie TRESSE & STOCK)

Oy"
"V. STOCK, ÉDITEUR 8
{Ancienne ",3260,Librairie,MISC,,3269," TRESSE & STOCK)

Oy Q» 10, 11"
"s, y. compris
la Suède et la. ",3451,Noïvège,PER,LOC,3458,".

1
3

 

tr:

 

Dane pe e"
"ays, y compris la Suèle et ia ",3708,Norvège,PER,LOC,3715,".

Ce volume-a élè déposé au M"
"e.

Ce volume-a élè déposé au ",3744,Ministère,PER,,3753, de l'Intérieur (seelion de Îa
 élè déposé au Ministère de l',3759,Intérieur,PER,,3768," (seelion de Îa librairie)
en "
"E AUTEUR

Bas les Cœurs, 1870-",3881,1871,PER,,3885,". roman, 1 volume.
Biribi, arm"
", 1870-1871. roman, 1 volume.
",3904,Biribi,PER,LOC,3910,", armée d'Afrique, roman, 1 vo"
" acte, représentée au Théätre-",4001,Libre,PER,,4006,"
(en collaboration avec M. Luc"
"-Libre
(en collaboration avec ",4030,M.,PER,,4032," Lucien Descaves), r brochure,"
"bre
(en collaboration avec M. ",4033,Lucien,PER,,4039," Descaves), r brochure,

 

Po"
" paraître prochainement :

La ",4101,Malhonnête,PER,LOC,4111," Femme, roman.

 

Ua clé tiré"
"R PE En à ere ere

CRETE

 

",4331,ROMAN,PER,,4336,"

Les Voleurs ne sont pas ,
Ge"
"re ere

CRETE

 

ROMAN

Les ",4342,Voleurs,PER,MISC,4349," ne sont pas ,
Gens honteux ni"
"AN

Les Voleurs ne sont pas ,
",4364,Gens,MISC,,4368," honteux ni fort délicats.

 
"
"ARIS
: P.-V, STOCK, ÉDITEUR

(",4492,Ancienne,PER,,4500," Librairie Tresse et Stock)

8"
" ÉDITEUR

(Ancienne Librairie ",4511,Tresse,PER,,4517," et Stock)

8,9, I0, II, GALER"
"ître, s'il le faut, devant le ",5372,Procureur,LOC,,5381," du Roi.
(Ca se passe en Belri"
" faut, devant le Procureur du ",5385,Roi,PER,,5388,".
(Ca se passe en Belrique.) |"
"ur passer
ainsi la frontière? ",5602,Mon,MISC,,5605," Dieu ! j'avais voulu voir le
"
"asser
ainsi la frontière? Mon ",5606,Dieu,MISC,,5610," ! j'avais voulu voir le

roi "
"
amais vu de roi. Quel est le ",5722,Républicain,PER,ORG,5733," qui ne me

_ comprendra pas ?"
ieur est sans doute un ami de ,6220,M.,PER,,6222," Randal,
me dit l'hôtelière co"
"s'appelle Georges,
comme vous ",6711,savéz,PER,,6716, — Georges Randal. — Eh 1 bien
"e Georges,
comme vous savéz — ",6719,Georges,PER,,6726," Randal. — Eh 1 bien,
puisque "
"s,
comme vous savéz — Georges ",6727,Randal,PER,,6733,". — Eh 1 bien,
puisque vous lé"
". Ces
messieurs sont à Spa, à ",7162,Dinan,PER,LOC,7167,", à Ostende, ou bien
dans les "
"sieurs sont à Spa, à Dinan, à ",7171,Ostende,PER,LOC,7178,", ou bien
dans les villes d'ea"
" coin, là,
c’est la valise de ",8386,M.,PER,,8388, Randal ; 1l n'a pas voulu l’e
"ce que contenait la valise de
",9074,M.,PER,,9076," Randal. Curiosité malsaine,.j"
"me
juger trop sévèrement. _

_",9360,Bref,MISC,,9364,", j'ouvris la valise; elle n’é"
"né la
lecture des mémoires de ",10932,M.,PER,,10934," Randal — l'appellerai-7e
Mons"
"ntérieure, mais
impérieuse.
‘ ",11181,Naturellement,PER,,11194,. Mais comment faire? Le renvo
"re? Le renvoyer
par la-poste? ",11242,Impossible,PER,,11252,", mon départ précipité a dû
de"
s soirs « ces Messieurs » 1ne ,11493,Casse-,PER,MISC,11499,"
ront le nez, dans un coin. Bi"
"e l'avait écrit,
d'avance, le ",12542,sieur,PER,,12547, Randal. — Tant pis por lui; t
"is
point comment il écrit, ce ",13686,Voleur,PER,MISC,13692,"-là; mes phrases n'en-
{rent p"
"sonnage, un ancien élève de l'",14062,Ecole,PER,,14067," Polytechnique,
par exemple, q"
"e, un ancien élève de l'Ecole ",14068,Polytechnique,PER,,14081,",
par exemple, qui, tout le lo"
"olume, aurait dit
son fait au ",14148,Voleur,PER,MISC,14154,. Il aurait suffi de le faire 
"cience. .

Mot qui ai volé le ",14639,Voleur,PER,MISC,14645,", je ne puis guère le flétrir."
"arche . -. :. . . . . . . .
— ",15775,Rencontres,PER,,15785, heureuses et malheureuses . .
"OMIPENSÉ . . 4 . + . + . .

— ",15997,Orpheline,PER,,16006," de par la loi - . . . . . .

"
"

— Enfin seuls! . . . . .

— ",16064,Combinaisons,PER,,16076, machiavéliques et leurs résul
" Bonjour, mon neveu. » . :.
— ",16479,Barbe,PER,,16484,"-Bleu et le domino noir .
— On"
"r qui suc-
combe!... », . .
— ",16598,Geneviève,PER,,16607," de Brabant
— Le repentir fait"
"s y pousse de tous
les côtés. ",17069,Mme,PER,,17072, Dubourg a laissé entendre à m
ut un enfant — au moins un. — ,17657,Réfléchissez,PER,LOC,17669,"-y.

Le médecin s’en mêle : :
"
"anche, à faire hurler un Peau-",20158,Rouge,PER,,20163," et à me donner
des excitation"
"ans. |

— Un bel âge! dit mon ",20811,oncle,PER,,20816,". On est déjà
presque un jeune"
urniquets chargés de pavés de ,22422,Reims,PER,LOC,22427,", de
porcelaines utiles et de "
" Tu vas voir, a-t-il dit, que ",22537,Phanor,PER,LOC,22543," est plus
adroit que toi.

Ïl "
"ambetta. C'était au Palais de
",23620,Versailles,PER,,23630,", où se tenait alors l’Assembl"
ù se tenait alors l’Assemblée ,23663,Nationale,PER,,23672,".
La séance était ouverte quan"
" quand nous sommes entrés.
Un ",23727,monsieur,PER,,23735," chauve, fortifié d’un gilet b"
as le retirer d'un collège de ,24134,Jésuites,LOC,ORG,24142," ?

Si, on me l’a dit mille fo"
'Histoire et il reconnaîtrait ,25398,M.,PER,,25400," Thiers à une demi- .
lieue…
"
"s moi.

— Le voilà, Gambetta! ",25496,Tiens,MISC,,25501,", là, là!

Oui, c’est lui, c’e"
ain comment 1l a le nez fait. ,27218,Est,LOC,,27221,"-ce
que je ne suis pas physion"
; au moins quelquefois. Et le ,27330,monsieur,PER,,27338,"

4e,

TERRE
LORS FE
. ""7, VV"
"es, me représenter un homme d'",27668,Etat,MISC,LOC,27672,", c’est
son visage que j’évoqu"
"e n’est pas Gambetta, ni même ",27877,M.,PER,,27879," Thiers, qui
symbolisent pour "
"e libre, mais policé. C’estce ",27980,monsieur,PER,,27988,", dont
j'ignore le nom, dont l"
"té la
France dans le fiacre à ",28071,Louis-Philippe,MISC,PER,28085,", dont la blan-
chisseuse avai"
"le
fruit défendu, au jardin d'",32118,Eden,LOC,,32122,", avec une émotion plus
grande"
" lis Le
Contrat de louage, le ",32404,Régime,PER,,32410," dotal, beaucoup d’autres
chos"
"’est tout
ce quirestera de la ",33911,Société,PER,ORG,33918,".

Bon, bon. Nous verrons ca.
"
es domestiques. Il paraît que ,34672,M.,PER,,34674," Dubourg s’est
mal conduit... "
"te, échapper au châtiment.

— ",35253,Jamais,PER,,35259,", dit ma mère. Mais on aura eu"
"n aura eu égard à
son âge.

— ",35310,Belle,PER,,35315, excuse ! Raison de plus pour 
tretenir ça |... Comme sous l',35608,Empire,PER,,35614," ! Comme
sous Louis XV !... Et"
" ordres, ici. Et quant à toi,
",36159,Georges,PER,MISC,36166,", si par hasard tu rencontres "
" son journal, je vois arriver
",36425,M.,PER,,36427," Dubourg. La domestique, par b"
", je vois arriver
M. Dubourg. ",36437,La,PER,,36439," domestique, par bêtise ou par"
"uit
jours avant midi. |

Mais ",36584,M.,PER,,36586, Dubourg est à dix pas. Je sen
"re me retient par le bras.

— ",36813,Reste,PER,,36818," là!

M. Dubourg parle depuis "
"d rien.
Rien ; pas un mot.

: ",37054,M.,PER,,37056, Dubourg continue. Il dit que 
"us importuner plus longtemps, ",37984,M.,PER,,37986," Randal ; je vais
vous quitter"
".

— Adieu, Monsieur.

Alors, ",38181,M.,PER,,38183, Dubourg est parti. Il s’en es
"onie un peu
nerveuse. Je suis ",39315,porté,PER,,39320, à croire que ce qu'ils préfèr
CŒUR D'UN HOMME VIERGE EST UN ,39925,VASE,PER,,39929," FROFOND

C'est entendu. Je ne"
"sit gloria mundi, soupire mon ",40288,oncle,PER,,40293,", qui
ne sait pas le latin, ma"
"sque aux passants.

C’est mon ",40443,oncle,PER,,40448,", à présent, qui veille sur me"
"i commence à porter des jupes
",43353,longues,PER,,43360,", c’est moi qui les paye; et l"
"ère, et
cette hache, c’est la ",48542,Nécessité,PER,,48551," qui la tient. C’est elle
qui "
"ETTE LR 2e A
_. , LR Ti

CE
: ",49192,Le,PER,,49194,": o« .

{+ Das .
5

LE VOLEUR"
" chose qu'il faille savoir.
« ",49447,Nul,PER,,49450, n’est censé ignorer la loi. »
ui s’acharnera contre moi. Je ,50587,tiens,MISC,,50592," à
n'avoir point de haine pour"
"rends donc cette Histoire
des ",51218,Morts,PER,,51223," — tout ça, c’est les procès v"
"s procès verbaux des
vieilles ",51273,Morgues,PER,LOC,51280, — cette Histoire des Morts qu
 Morgues — cette Histoire des ,51302,Morts,PER,,51307," qu'on
nous enseigne en dédain"
eigne en dédain des Actes des ,51352,Vivants,PER,,51359," —
comme on nous condamne à la"
"
dame :
PS TrFErS
de mt mt
DE ",53091,Late,MISC,PER,53095,"

3 met ss,
MD ne et Re MR

ET"
" à la victoire de
Cicéron sur ",53955,Catilina,PER,MISC,53963, ; et aussi au triomphe de Cés
"ie; c'était
nécessaire ; « et ",54068,Jésus,PER,,54073,-Christ vient au monde. » Pour
tre juste : les invasions des ,54150,Barbares,PER,MISC,54158," ont
eu du bon; pourquoi pas ?"
"et
que c’est fort heureux qne ",54296,Jeanne,PER,,54302," d’Arc les ait chassés
de Fran"
"lairement que la destinée des
",54375,Empires,PER,MISC,54382, tient à un grain de sable ; q
 à un grain de sable ; que la ,54418,Révolution,MISC,,54428,"
française fut un grand mouvem"
"ort Raphaël pour
les Loges du ",54854,Vatican,PER,LOC,54861,", que j'ignore; Michel-Ange,
p"
"'ignore; Michel-Ange,
pour le ",54898,Jugemént,PER,,54906," Dernier, que je n'ai jamais v"
"ble. Ce n’est pas pour moi, l'",55735,Espérance,PER,,55744," qui
est restée au fond de lab"
ns qui n’ont jamais quitté le ,56454,collège,PER,,56461,"; mangent,
dorment, font leurs"
"s’écrie l’un. La langue fran-
",56931,çaise,PER,,56936,", qui est la plus belle du mon"
"leine.

— Mon ami, me dit mon ",57498,oncle,PER,,57503," quand j'ai quitté

TS TO ER E"
"

Pages

LRO Te ae nes

7

sn ",57583,Tara,MISC,PER,57587,"
Jr re

ce TR ATI

su
cer ferm"
"
= — Excellente idée, dit mon ",59013,oncle,PER,,59018,". Peut-être as-tu

raison de n"
"nieur.
Où, comment j'ai connu ",61325,M.,PER,,61327," Issacar, c'est assez diffi-
c"
"t
jamais la connaissance d’un ",61438,Israélite,PER,MISC,61447,", d’abord ; c’est
toujours lui"
"jours lui qui fait la vôtre.

",61498,M.,PER,,61500, Issacar compte beaucoup sur m
"rs lui qui fait la vôtre.

M. ",61501,Issacar,PER,,61508, compte beaucoup sur moi ; il 
"le hasard des promis-
cuités. ",61761,M.,PER,,61763, Issacar est un homme habile ;
"e cause : lobservation, par l’",62172,Israé-,PER,LOC,62178,"

hte, d’une règle religieuse "
"l en soit, mes relations avec ",62563,Issacar,PER,MISC,62570,"
m'auront été fort utiles, m'a"
"us
entendons. | |
Je le sais. ",63715,Issacar,PER,MISC,63722, à une grande idée. Il veut cr
",
pour qu’elle ait du succès.
",64259,Néanmoins,PER,,64268,", j'ai été très heureux de voy"
"ollections de

timbres-poste. ",64515,Issacar,PER,MISC,64522, a su se faire beaucoup d'amis
"luses.

— Vous voyez, m'a dit ",64831,Issacar,PER,MISC,64838,", que ça marche
comme sur des "
"s sur les sentiments
moraux d’",65493,Issacar,PER,MISC,65500, ; je n’ai pas le moindre dout
"ne m'en a pas laissé l’om-

— ",65595,La,PER,,65597," morale, dit-il, est une chose"
"plutôt, la directe émanation. ",65791,Jusqu',PER,,65797,"à une cer-
taine époque, le xv"
" j'ai visité les pré-
toires. ",67751,Monsieur,PER,,67759,", c’est absolument piteux. Mai"
"pas ton corps »,
a dit Isaïe. ",68883,Monsieur,PER,,68891,", je ne connais point de parol"
"point de parole
plus haute. — ",68937,Riche,PER,MISC,68942, ! ne méprise pas ton corps ; 
"alisme n’est pas à Îa
mode... ",69619,Parbleu,PER,MISC,69626," ! Comment voudriez-vous, si l"
"moment qu'il est
obligatoire, ",70213,Obligatoire,PER,MISC,70224, ! tout l’est à présent : inst
"un mauvais tour

de la part d’",71288,Issacar,PER,MISC,71295, ; je ne redoute pas qu’il veu
meilleure chance de succès qu’,71840,Issacar,PER,MISC,71847," ait dans son jeu.
Ses aptitud"
", symbolisent les excès de la ",72514,Propriété,PER,MISC,72523,", dévoratrice
d'elle-même, dit"
 oreilles... Mais descendons. ,73167,Issacar,PER,MISC,73174,"
boîte un peu ; chez lui, pour"
"s je ne suis sûr
de rien. Mon ",73603,oncle,PER,,73608,", qui me fait une pension depu"
stavec un de mes camarades de ,74292,collège,PER,,74299,", Edouard
Montareuil, que ma c"
" de mes camarades de collège, ",74301,Edouard,PER,,74308,"
Montareuil, que ma cousine Ch"
"e, Edouard
Montareuil, que ma ",74328,cousine,PER,,74335," Charlotte va se marier.
Pas u"
 un peu gnan-gnan — un fils à ,74444,maman,PER,,74449,". — Ça

. me fait quelque chos"
"rès étonné, même, lorsque
mon ",75320,oncle,PER,,75325," me prend à part, un soir, et "
"règle, correct, légal...

Mon ",75969,oncle,MISC,,75974,", c’est un homme d’ordre; une "
"oi écrite, Ses dominantes :
l’",76229,Orgueil,PER,,76236," et la Luxure, dont la somme, "
" dominantes :
l’Orgueil et la ",76243,Luxure,PER,,76249,", dont la somme, toujours, est"
"ont la somme, toujours, est

_",76282,JAvarice,PER,MISC,76290,". A force d'énergie, il arrive"
"-
sière ; fort jolie surtout. ",80478,Mon,LOC,,80481," oncle, le lendemain du
mariag"
ère ; fort jolie surtout. Mon ,80482,oncle,PER,,80487,", le lendemain du
mariage, pri"
"ui met sur
. le visage de mon ",80928,oncle,PER,,80933,", parfois, un voile de tristes"
"ut lorsqu'on croit, comme mon ",84813,oncle,PER,,84818,",
que l’âge est proche où l'au"
"— Âh! ces Américains, dit:mon ",85058,oncle,PER,,85063," avec colère,
quelles leçons i"
quelles leçons ils donnent au ,85107,Vieux,PER,,85112," Monde!

Et il explique le sys"
"as
ae eg ÉTAT Le

PÉRLE peu,

",85441,Panne,PER,,85446," YA AE ie
D TUE ae LP
mono is
"
"l ne
faut pas plaisanter avec ",86558,M.,PER,,86560," Urbain Randal.

Mais ça, c’es"
"e
faut pas plaisanter avec M. ",86561,Urbain,PER,,86567," Randal.

Mais ça, c’est une r"
pas plaisanter avec M. Urbain ,86568,Randal,PER,,86574,".

Mais ça, c’est une règle qu"
e que des plaisanteries À mon ,86718,oncle,PER,,86723,", tout à

l'heure.

Car je sui"
"t
internationaux, les fonds d'",88414,Etat,MISC,LOC,88418," les imitant de leur
mieux, mo"
"
RTE TE TT

 

+ .
msn + ou

",89587,M.,PER,,89589," eus

SA ET TR ET EE aa: 7 u F"
"enses-tu, Georges ?. crie mon ",90787,oncle,PER,,90792,"
d’une voix furieuse. Tu ne m’"
 que ce désastre de la Banque ,91582,Européenne,PER,,91592,"... Jai
pensé que lorsque tu a"
"ence.

Je ne réponds pas. Mon ",92712,oncle,PER,,92717," reprend :

_— J'ai donc, aujo"
" — C’est possible, répond mon ",93065,oncle,PER,,93070,". Lis un jour-

_nal. Ou plutô"
valeurs ne sont pas cotées en ,93189,Bourse,PER,LOC,93195,",
ni même en Banque. Lorsque j"
"ereaux d’achat. Les voici. :

",93342,Naturellement,PER,,93355,". |

— Tu n’as aucune réclamat"
"n me fasse grâce, moi!

— Mon ",94535,oncle,PER,,94540,", ne faites aucune attention à"
"on d’entreprendre,
me dit mon ",94980,oncle,PER,,94985, lorsqu'il m'a remis les titre
", il n’y a rien
de tel que le ",95397,Respect,PER,LOC,95404,. J'en ai fait l'expérience. L
re vue. Montesquieu a écrit l',95609,Esprit,PER,,95615,"
des Lois ; il est inutile, n’"
" escient. Rappelle-toi
que le ",95947,Petit,PER,,95952, Poucet a retrouvé son chemin 
". Et je saurai, aussi,
que le ",96141,Respect,PER,LOC,96148, est un chat malfaisant et san
"ur
Prudhomme de Carabas. |

— ",96323,Viendras,PER,,96331,-tu ce soir chez les Montareui
"es Montareuil? me
demande mon ",96379,oncle,PER,,96384,".

— Non; je ne crois pas. _

"
"farouche dont j'ai déjà pincé
",96747,Ja,PER,MISC,96749," taille, dans les coins.

— So"
"elle ?
— Non, Monsieur. | |
— ",97430,Beaucoup,PER,,97438, de gens s’en trouvent incommo
"leurs
que j'ai retirées de la ",98440,Banque,PER,ORG,98446," afin de faire opérer les
tran"
"èrement maniaque, vous savez.
",98528,Voici,PER,,98533, la broche. Qu’en dites-vous ?
"ent. Pourquoi en dire
du mal? ",98625,Mme,PER,,98628, Montareuil referme l’écrin av
"ourses. Vous viendrez
aussi à ",98810,Maisons,PER,,98817,"-Lafitte, j'espère, monsieur G"
" à Maisons-Lafitte, j'espère, ",98837,monsieur,PER,,98845," Georges ?
_ — Non, Madame; je"
"effet, j'ai reçu une lettre d’",99087,Issacar,PER,MISC,99094," qui m'appelle
à Bruxelles. Ma"
"tre d’Issacar qui m'appelle
à ",99111,Bruxelles,PER,LOC,99120,". Mais, surtout je ne tiens pa"
"cette belle
propriété que mon ",99238,oncle,PER,,99243," a achetée, je crois, par habi"
"— Alors, Monsieur ne va pas à ",100245,Maisons,PER,,100252,"-Lafitte de-
main, me dit-elle"
"ersuader. Je ne partirai pour
",100819,Bruxelles,PER,LOC,100828," qu’après-demain matin, et la "
"lu *

tt.

eg em
#

n EN D qe ",100958,C,PER,,100959," TT
rire ISERE RSS GRR ER RER "
"ENCE

Quand je suis revenu de ",101156,Belgique,PER,LOC,101164,", où je n’a-
vais guère passé "
"ient l’air fort affligé.

__— ",101516,Mademoiselle,PER,,101528," Charlotte ne se mariera pas, "
"rt affligé.

__— Mademoiselle ",101529,Charlotte,PER,,101538," ne se mariera pas, m’a
dit l’"
"t qui a suivi
mon départ pour ",101798,Bruxelles,PER,LOC,101807,", par le fait — les voleurs
so"
"dait, à mon avis. Si le vieux
",103026,Montareuil,PER,LOC,103036," avait encore été de ce monde,"
"é très charitable, ajoute mon ",103513,oncle,PER,,103518," qui ne
se souvient plus de ce"
"onsidérable.

— Je pense, mon ",104237,oncle,PER,,104242,", que vous avez été un peu
vit"
"idus qu’on prétend avoir vus.
",105689,Fausse,PER,,105695, piste ; renseignement mauvais
"R

un peu mystérieuses de mon ",105874,oncle,PER,,105879," m'intéressent, alors,
quel es"
rtrait. — Ïl était l’amant de ,106121,Me,PER,,106123," Mon-
tareuil. |

— Me Montare"
"mant de Me Mon-
tareuil. |

— ",106143,Me,PER,,106145," Montareuil ! Un amant!

— Pou"
"s la seule, je pense,
dit mon ",106230,oncle,PER,,106235, en haussant les épaules... Ca
"e. Un de ces faux artistes de
",106839,Montmartre,PER,LOC,106849, dont le ciseau de sculpteur s
"
trouvé — avant-hier, dans la ",107222,Seine,PER,LOC,107227,". — Crime ou sui-
cide ? Crime"
" avant-hier, dans la Seine. — ",107231,Crime,PER,,107236," ou sui-
cide ? Crime, certain"
i ont révélé son intimitéavec ,107442,Me,PER,,107444," Mon-
tareuil. | | | _.

— Ce "
". Mais pour-
quoi diable, mon ",108239,oncle,PER,,108244,", me racontez-vous une pa-
rei"
" ?

— Une histoire ! crie mon ",108316,oncle,PER,,108321,". Une histoire !
Aussi vrai qu"
"naire ! |

— Calmez-vous, mon ",109994,oncle,PER,,109999,". D'abord, ces titres,
ceux qu"
"

— Edouard ne saura rien?

— ",111099,Rien,PER,,111103,. Il n'aura qu’à se consoler d
" ue LE An et ne A ee TT
ce RS ",111686,RRER,PER,ORG,111690," ASNE pE PETER FR en

À.""

 

"
 je le sais depuis longtemps. ,112092,Depuis,PER,,112098,"
le jour, au moins, où j'ai co"
"r, Et le ju-
gement qu’elle a ",114622,porté,PER,,114627,", nerveux et partial, a été la"
"ur d’orage,
dans le jardin de ",118511,Maiïsons,PER,,118519,"-Lafitte, où sa robe blanche
f"
force de ses deux bras et m’a ,118860,porté,PER,,118865,"
à ses lèvres... Je n’ai point"
"ne parlons jamais, hideuse et ",120921,vieille,PER,,120928,",
— vieille, vieille... |

J'a"
"jamais, hideuse et vieille,
— ",120932,vieille,PER,,120939,", vieille... |

J'ai conscienc"
"aîtresse.
— Ta...? à crié mon ",125718,oncle,PER,,125723," en sursautant, car il a
senti"
"iser notre si-
tuation. » Mon ",125918,oncle,PER,,125923," était blème, encore, et sa
ma"
rnité.… » J'ai bondi vers mon ,126901,oncle,PER,,126906," et je l’ai empoi-
gné par les"
" ses
yeux). Si je n'étais pas ",127382,un.lâche,LOC,,127390,", comme tous ceux
qui se laiss"
"RE

LA .
PAM as me

Er
hi
T4
",128362,Ÿ.,PER,,128364,"
de
4%
EL
+,
;
>

7

 

LE VOL"
"
Ÿ.
de
4%
EL
+,
;
>

7

 

LE ",128391,VOLEUR,PER,,128397," | S9

Si vous ne voulez pas, "
"ser ;
elles sont la base de l'",129258,Ordre,PER,,129263," universel, quoi que tu en
pui"
"harlotte ;
tu peux la garder. ",129637,Vivez,PER,,129642," en concubinage, si vous

voul"
". Tu sais, le
vol commis chez ",131695,Me,PER,,131697," Montareuil, ces quatre cent m"
 rappelles-tu? en revenant de ,132335,Bruxelles,PER,LOC,132344,"... Non,
. non,ne t'en va pas."
"thie que je te demandais !

— ",132882,Enfant,PER,MISC,132888,! dit-elle en me reprenant dan
"EUR

moins, et le tonnerre de ",134477,Dieu,MISC,,134481," ne m'en empêcherait
pas. J'es"
"oses impossibles. Il faut que
",138306,Jagisse,PER,MISC,138313," comme je te l’ai dit, je suis"
"lendemain matin, à la gare du ",140074,Nord,LOC,,140078,", au mo
ment où je vais prendr"
je vais prendre le train pour ,140124,Bruxelles,PER,LOC,140133,", quel-
qu'un me frappe sur l’"
"— Vous partez en voyage, cher ",140243,monsieur,PER,,140251," ?

£ ,
D Fur nen Vanne LÉ RS"
"er monsieur ?

£ ,
D Fur nen ",140270,Vanne,PER,,140275," LÉ RS pe mec 1 fre
Sgen Re PE"
"oncle est un
homme aimable et ",140566,Mi,PER,MISC,140568,": Charlotte est absolument
cha"
"cle est un
homme aimable et Mi",140568,:,PER,,140569," Charlotte est absolument
char"
" Providence sont insondables.
",141070,M.,PER,,141072, Edouard Montareuil est bien a
"ovidence sont insondables.
M. ",141073,Edouard,PER,,141080," Montareuil est bien affecte.
"
our sur la route de PInstitut ,141307,Pasteur,MISC,,141314,". La
science est une grande co"
"ous
. avez sans doute raison. ",141502,Beaucoup,PER,,141510," de gens éprouvent
le besoin d"
"er mon train. Au revoir, cher
",141804,monsieur,PER,,141812,". Nous nous retrouverons, j'es"
"s plus
mauvais soutiens de la ",142401,Société,PER,ORG,142408,", bien que la bour-
geoisie dé"
"ac x

ET T AE

OU COURT-IL

— ",143296,Naturellement,PER,,143309,", si vous essayez d'expliquer "
"ix-huit siècles, au sommet du ",144617,Golgotha,PER,MISC,144625," : le
_ Jarron légal à droite,"
" au sommet du Golgotha : le
_ ",144633,Jarron,PER,,144639," légal à droite, le larron hor"
"on a dit cela, on n’a pas dit ",144836,grand--,PER,,144843,"
chose. On a établi les élémen"
"t point de doutes à ce
sujet. ",145956,M.,PER,,145958, Alphonse Bertillon assure mêm
"oint de doutes à ce
sujet. M. ",145959,Alphonse,PER,,145967, Bertillon assure même qu’on p
", ne réussirait pas, et
voici ",149201,pourquoi,MISC,,149209, : il y a toute une catégorie 
"ités ordinaires, une sorte de ",150183,Bachi,PER,,150188,"-Bouzouk
du capitalisme. C’est"
"rdinaires, une sorte de Bachi-",150189,Bouzouk,PER,,150196,"
du capitalisme. C’est un être"
"ase la liberté ab-
solue de l’",150612,Individu,PER,MISC,150620, ; de la bloquer dans sa Cité 
" se détruise elle-même, comme ",150749,Numance,PER,MISC,150756,". Ce
rôle, il ne le remplit pa"
oit la victime révoltée de la ,150906,Société,PER,ORG,150913,", un
paria qui cherche à se ve"
"uelle. .

— Certainement, dit ",152470,Issacar,PER,MISC,152477,". Mais ce n’est pas

72 | | L"
" loups sont des loups, répond ",153698,Issacar,PER,MISC,153705," ; et
les hommes... Il y a ann"
"t cinquante mille
suicides en ",153773,Europe,PER,LOC,153779,"; et, en France seulement, qua"
"ui refaire une virginité ?

— ",155442,Personne,PER,,155450,", assurément. On pourrait même"
"ris croissant
pour la misère. ",155661,Penser,PER,,155667, qu'après dix-huit siècles de 
"|
_— Que voulez-vous ? ricane ",156149,Issacar,PER,MISC,156156,". Ils ont contre
Eux l'opinion"
 des titres avec lesquels mon ,156958,oncle,PER,,156963," avait
réglé ses comptes de tu"
perspective était engageante. ,157769,Néanmoins,PER,,157778,", elle
ne m'attirait pas. J'ét"
"ne question de principes, dit ",158194,Issacar,PER,MISC,158201,". Rien de
mauvais comme les pr"
"u'avait déjà tenue Jérémie, l’",159992,Individu,PER,,160000," la porte sur
R poitrine, aujo"
ne sont point une sauvegarde. ,161677,Jusqu',PER,,161683,"ici, vous
n'avez commis qu’un "
"e vous révoltez pas trop, dit ",163110,Issacar,PER,MISC,163117," ; ça n'a
jamais rien valu. Co"
"
gnait la bienveillance de la ",163364,Société,PER,ORG,163371,", ne vous refusez
pas cette sa"
"les honnêtes filles du Tiers-
",163786,Etat,MISC,LOC,163790, ont la prétention ridicule de
"rs? Votre brusque ar-
rivée à ",164003,Bruxelles,PER,LOC,164012,", quand j’y réfléchis, me lais"
 question n’est pas mûre; les ,165797,Belges,PER,LOC,165803,"
y viendront, n’en doutez pas,"
" ils
feront la conquête de la ",165939,Suisse,PER,LOC,165945,", pour créer un port
à La-Chau"
" présent, en route, chantonne
",167079,Issacar,PER,MISC,167086, en prenant son-chapeau. Le ca
"côté, en effet; en face de la ",167211,Bourse,PER,LOC,167217,". C’est
l'heure de lapéritif e"
poste sur son flanc gauche et ,167967,Issacar,PER,MISC,167974," lui fait face avec
intrépidit"
"s gens... —

— Chut! Chut! |

",168489,Issacar,PER,,168496, se retourne pour faire signe 
"mbres trop courts, une tête d’",168747,Espagnol,PER,MISC,168755,"
de contrebande avec des moust"
rebande avec des moustaches à ,168793,la,PER,,168795," Velasquez,
le front déprimé, "
"industriel, j'ai ap-
pris par ",169122,M.,PER,,169124, Issacar combien vous êtes dés
"avis de notre ho-
norable ami ",169440,M.,PER,,169442," Issacar, et je suis heureux q"
écoute le moins possible. Mon ,169838,Dieu,MISC,,169842," !
Mon Dieu ! pourvu que ça ne"
"oins possible. Mon Dieu !
Mon ",169849,Dieu,MISC,,169853, ! pourvu que ça ne dure pas t
" ils’agite nerveuse-
ment sur ",170070,la,PER,,170072, banquette et déplie son journ
" l’honnête industriel. | |

— ",170319,Monsieur,PER,,170327,", lui dis-je, le tableau que v"
"s.

— Quoi qu’il en soit, dit ",171135,Issacar,PER,MISC,171142," qui s'aperçoit sans
doute que"
la plus grande impression sur ,171316,M.,PER,,171318," Ran-
dal. Je connais M. Randa"
"n sur M. Ran-
dal. Je connais ",171340,M.,PER,,171342," Randal. Il est peu expansif, "
"n... Il ne s’agit pas
ici des ",172020,Bitumes,PER,,172027, du Maroc ou du percement du C
"s’agit pas
ici des Bitumes du ",172031,Maroc,PER,,172036," ou du percement du Caucase,
s"
s du Maroc ou du percement du ,172056,Caucase,PER,LOC,172063,",
savez-vous. C’est une affair"
"is ?

Moi ? Pas du tout. Mais ",172258,Issacar,PER,MISC,172265," en a pour moi.

— Oui, dit-il"
"n a pour moi.

— Oui, dit-il, ",172297,M.,PER,,172299, Randal a certaines raisons qu
"nous l'ap-
prend. La science, ",173022,Monsieur,PER,MISC,173030,"! La main-d'œuvre est
pour rie"
" est une admirable chose, dit ",173507,Issacar,PER,MISC,173514,".
Mais M. Randal, qui a pour e"
"able chose, dit Issacar.
Mais ",173521,M.,PER,,173523," Randal, qui a pour elle tout "
"t une grande consolation, dit ",174778,Issacar,PER,MISC,174785,". Mal-
heureusement, cette uni"
"es, dont l’idée seule
effraye ",174961,M.,PER,,174963," Randal.

.— Oui, dis-je, obéi"
"sant à une pression du pied
d'",175024,Issacar,PER,MISC,175031,", je crains énormément les grè"
"ion sociale.
_ Coup de pied d’",176057,Issacar,PER,MISC,176064,". Silence. Second coup de
pied"
"ilence. Second coup de
pied d’",176097,Issacar,PER,MISC,176104,". Je parle.

— Certainement, u"
"on qui prendrait
d'assaut les ",176280,Banques,PER,LOC,176287, et dilapiderait les épargnes 
"ne pas
confier son argent aux ",176612,Banques,PER,LOC,176619," et de le garder chez

soi. C’"
".

— Excellente habitude, dit ",177694,Issacar,PER,MISC,177701," ; nous n’aurons
pas de mal à "
"ille corvée ?

 demandai-je à ",178400,Issacar,PER,MISC,178407,".

— Vous le verrez bientôt, m"
" TE +
AM EE ts = À: v Dors où ",179880,Lens,MISC,LOC,179884,"
‘ e : « - ne —. LS
1 Fr : 4

"
"e faire connaître ce soir.

— ",180436,Volontiers,PER,MISC,180446,", répond Issacar; mais il est "
"e soir.

— Volontiers, répond ",180455,Issacar,PER,MISC,180462,"; mais il est inutile
de sorti"
"il, de vous présenter mon
ami ",180616,Roger,PER,,180621," Voisin, dont vous désirez si "
"tification ; mon nom
est bien ",180876,Roger,PER,,180881," Voisin mais, d’ordinaire, on "
" venons de faire nos adieux à
",181110,Issacar,PER,MISC,181117, avec lequel nous avons diné à
 nous avons diné à l'hôtel du ,181159,Roi,PER,,181162,"

Salomon, où il habite. On‘es"
"te, tout court, comme on dit:
",181784,Monsieur,PER,,181792," Thiers.

— Nous voici arrivés"
"honnête industriel, comme dit ",183121,Issacar,PER,MISC,183128,"… Nous a-t-il

assez assommés "
"— Vous en auriez été quittes, ",184071,Issacar,PER,MISC,184078," et toi, pour
aller déjeuner c"
" trouvait au second étage, et
",184299,Issacar,PER,MISC,184306, soutenait qu’il était au troi
"Les

fleurs, c'était bon pour ",184983,la,PER,,184985," Grèce, mais c’est trop beau

"
"mais c’est trop beau

pour la ",185023,Belgique,PER,LOC,185031,", savez-vous, pour une fois. Ç"
 : mais elle exige des études ,187257,longues,PER,,187264," et
coûteuses. Comment trouver"
"étrange, là-dedans ? Pourquoi ",187606,Roger,PER,,187611,"-la-
Honte n’aurait-il point d"
" ? |

— Je ‘ne sais pas si tu ",187883,t',PER,,187885,"en es aperçu, continue
Roger ;"
"on véhémente et
Superbe de la ",188754,Liberté,PER,,188761, et de la Beauté contre la Lai
uperbe de la Liberté et de la ,188771,Beauté,PER,,188777," contre la Laideur
et la Servi"
rté et de la Beauté contre la ,188788,Laideur,PER,,188795,"
et la Servitude; et l’homme, "
x qui chante la grandeur de l’,189007,Individu,PER,MISC,189015,"
et la haute majesté de la Nat"
"idu
et la haute majesté de la ",189042,Nature,PER,MISC,189048," ; cette voix fière qui
étouff"
"ées à bord des na-
vires de l'",190828,Etat,PER,LOC,190832," ne m’avaient pas donné, comme"
"s. J’ai décroché une toile de
",191479,Lorenzo,PER,,191486," di Credi, une Vierge qui me p"
"roché une toile de
Lorenzo di ",191490,Credi,PER,,191495,", une Vierge qui me plaisait b"
quitté Paris ; ils tiennent à ,195602,Vichy,PER,LOC,195607," un
hôtel qu’ils ont acheté et"
"essaire à leur
établissement. ",196357,Censée,PER,,196363,", tu comprends. La vérité, c’e"
" fois mes parents
installés à ",197044,Vichy,PER,LOC,197049,". Mais, un beau jour, Broussai"
"aille —
elle ne s'appelle pas ",197107,Broussaille,LOC,PER,197118,", mais on l'appelle
Broussaill"
" de chaussons de lisières.

— ",198419,Retirons,PER,LOC,198427, vite nos bottines et mettons 
"ça. C’est
des bons. C’est des ",198487,Poissy,PER,LOC,198493,".

— Comme cela, dis-je en gli"
escendre! dit Roger-la-Honte. ,198644,Est,LOC,,198647,"-ce que tu
rèves ? Nous ne des"
"u que ça, la nuit! Connais-tu ",199742,Venise,PER,,199748,",
toi ? | |

— Non. Et toi ?

"
"ux qui la peignent. Ah ! voir
",199989,Venise,PER,LOC,199995,"! Et après, qu’il arrive n'imp"
 ! Mais il faut que j'aille à ,200798,Venise,PER,LOC,200804,"
d'abord ; c’est là seulement "
"yre, depuis Sa-
turne jusqu’à ",201078,Mercure,PER,LOC,201085, ; -de-Fanalogie entre les dis
erveusement la barre d’appui. ,202248,Roger,PER,,202253,"-la-
Honte, qui a sorti de sa "
"re pour calmer mes nerfs.

À. ",205055,M.,PER,,205057," Delpich, banquier, 84, rue d'"
e. C’est un jeune serin nommé ,205249,Georges,PER,,205256," Randal,
ingénieur de son état"
 un jeune serin nommé Georges ,205257,Randal,PER,,205263,",
ingénieur de son état, qui e"
"u sérieux, ce qui
est le plus ",205492,comique,PER,,205499,", et m’a reproché amèrement de"
"un diagnostic fatal à porter.
",206473,Voyons,PER,LOC,206479,... à gauche... à droite... Un
quand on a travaillé dans les ,206677,Fichet,PER,LOC,206683,"... Enfin, on
a moins de mal. "
"nt d’une façon singulière.

— ",209774,Voici,PER,,209779,", dit-il, une boîte bien close"
uelques fourrures de Madame ? ,209904,Voyons,PER,,209910," ça, ajoute-
t-il en faisant s"
"est unie comme un lac, me dit ",210819,Roger,PER,,210824,"-la-
Honte dans le salon du ba"
"
superbe et nous arriverons à ",211017,Cannon,PER,,211023," Street à cinq
heures. Nous po"
 belge et s’allonge déjà vers ,211765,Venise,PER,LOC,211771,".

— Ah! Venise, Venise! soupi"
"
que nous venons de prendre à ",212123,Cannon,PER,,212129," Street, c’est
que si Paternos"
"i apportons, ce sera beau.

— ",212245,Paternoster,PER,,212256," ? Qui est-ce ?

— Ah ! oui, t"
"is dans quel-
ques jours... Eh",212520,!,MISC,,212521," bien, Paternoster, c’est un a"
"e ne sais plus
où, du côté de ",212629,Bourges,PER,LOC,212636," ou de Châteauroux.

_ — Etila"
"
où, du côté de Bourges ou de ",212643,Châteauroux,PER,LOC,212654,".

_ — Etila levé le pied, com"
"e 7 sr
ee a

 

+ 1 $

;

LE ",212996,VOLEUR,PER,LOC,213002,". : oi JO

une femme très joli"
"et qui l’a encore été
depuis. ",213241,Paternoster,PER,,213252, — j'ai oublié le nom qu'il po
apidés dans des opérations de ,214130,Bourse,PER,LOC,214136,", et qu’on n’en
retrouva pas u"
"qui, au lieu de cascader
à la ",214681,Bourse,PER,LOC,214687,", étaient empilés soigneusemen"
rriver 1ci. J'étais un soir à ,214815,Victoria,PER,,214823," Station, par
hasard, et j'ai "
"
là, il'était accompagné d’un ",215097,curé,PER,,215101," et d’une toute jeune
fille vr"
e la petite était la fille de ,215291,Pater-,MISC,PER,215297,"
noster, une fille qu’il a eue"
"
Roger-la-Honte me présente ; ",216312,Paternoster,PER,MISC,216323," se déclare
enchanté et contin"
" titres que nous
apportons de ",217634,Bruxelles,PER,LOC,217643,; vous allez nous donner votre
" ne vous croirait pas, ricane ",217852,Paternoster,PER,MISC,217863,". :

Donnez-vous donc la peine"
" avez été
faire ce coup-là en ",218379,Belgique,PER,LOC,218387,".

— Qui vous l’a dit ? demand"
 Ce sont là des placements de ,218519,Belge,PER,LOC,218524,". Jamais un
Français, à l’heur"
"lacements de Belge. Jamais un
",218536,Français,PER,LOC,218544,", à l’heure actuelle, ne garni"
"ne pos-
sèdent guère que dela ",219397,Rente,PER,,219402," ou des Chemins de fer.
Excell"
t guère que dela Rente ou des ,219410,Chemins,PER,,219417," de fer.
Excellent pays pour l"
it foncier ou des emprunts de ,219591,Villes,PER,MISC,219597,",
vous n'en voulez pas. -

— N"
"s,
vous n'en voulez pas. -

— ",219626,Naturellement,PER,,219639,"! Ce n’est pas garanti, au moi"
"u moins
officiellement, par l'",219694,Etat,MISC,LOC,219698,"; par conséquent, ça ne vaut
r"
"r secré-
taire de l’ambassade ",219913,Ottomane,PER,LOC,219921," en tombait d’accord
avec moi,"
t même en Extrême-Orient ; le ,220128,Japon,PER,LOC,220133," y a pris goût
depuis quelques"
"
depuis quelques années et la ",220177,Chine,PER,LOC,220182," donne de belles
espérances, V"
"s

rappoïts des Blancs et des ",220599,Jaunes,PER,ORG,220605," deviennent tous les
jours plu"
i joliment portraicturé par l',220884,Empereur,PER,,220892," d’Alle-

LE VOLEUR 109

magn"
"’harmonie
universelle, répond ",221502,Paternoster,PER,MISC,221513," avec un sourire pa-
triarcal."
" avant
peu. Ah! oui, continue ",222102,Paternoster,PER,MISC,222113," en poursuivant
son examen des"
" japonais, un kaïmakan d'Asie ",222386,Mineure,PER,LOC,222393,"
où un mandarin à bouton de cr"
" x LL eum 7 _
#7 : . PORTA Se ",222959,Me,PER,,222961, ns te US mn da at A tue Mars 
Se Me ns te US mn da at A tue ,222986,Mars,PER,LOC,222990," ue 2 . - those - ‘, Lrts
ri °"
"discours, dit Roger-la-Honte.
",223812,Monsieur,PER,,223820," Paternoster, il faut poser vo"
" dit Roger-la-Honte.
Monsieur ",223821,Paternoster,PER,,223832,", il faut poser votre candidat"
"s que nous
offrez-vous ? |

— ",223935,Diable,PER,MISC,223941," ! votre ton est sec, ricane P"
je vous propose : je garde la ,224447,Rente,PER,MISC,224452,", les Chemins de
fer et le Sue"
"pose : je garde la Rente, les ",224458,Chemins,PER,,224465," de
fer et le Suez, je vous re"
" Rente, les Chemins de
fer et ",224476,le,PER,,224478," Suez, je vous rends toutes le"
"nte, les Chemins de
fer et le ",224479,Suez,PER,,224483,", je vous rends toutes les val"
"ous que nous en fassions ?

— ",224737,Renvoyez,PER,,224745,"-les à leur propriétaire, répo"
 l’immobilisation des forces. ,225534,Le,MISC,,225536," peu d’élasticité
dont elle jo"
" que j'aie le plaisir de voir
",226467,monsieur,PER,,226475, votre ami pour la première fo
"enez garde à votre caisse.

— ",226813,La,PER,,226815," voilà, ma caisse, dit Paterno"
s acquiesçons d’un sourire et ,227496,Paternoster,PER,MISC,227507,", après
nous avoir compté les "
endons l'escalier en silence. ,228517,Notre,PER,,228522," cab
nous attend devant la mai"
mieux que ce que nous a donné ,228774,Paternoster,PER,MISC,228785,".

— Non, dit Roger; il ne man"
"long de Picca-
dilly, descend ",229171,Brompton,PER,LOC,229179," Roadets’arrête,à Kensington,
"
"end Brompton Roadets’arrête,à ",229197,Kensington,PER,LOC,229207,",
devant une des petites maiso"
"s bien mise. |
.  — Grande?
— ",230411,Moins,PER,,230416," que moi, mais assez forte.
— "
"ndal n'aurait
pas osé. | |

— ",232331,Vraiment,PER,MISC,232339,! s’écrie Ida; êtes-vous timid
" à ce
point-là, Monsieur ?

— ",232400,Beaucoup,PER,,232408," plus encore, dis-je; ainsi, j"
"le est restée au couvent, dit ",234155,Brous-,PER,LOC,234161,"
Saille, et il faut l’y laisse"
"restée au couvent, dit Brous-
",234162,Saille,PER,LOC,234168,", et il faut l’y laisser ; app"
"paraisons par les brunes.

Je ",234314,tiens,MISC,,234319, à me faire pardonner; je l'ap
"nité. C’est une simple
et une ",235515,Jolie,PER,LOC,235520,". | |

C’est une petite bête, "
" mysté-
rieux de la maison de ",235872,Kensington,PER,LOC,235882,". Là-dessus, Brous-
saille s’e"
"en-
viron, elle a acheté à un ",236091,Ju',PER,LOC,236094,"f pour trois cents livres
de b"
"êt ; de plus, elle a donné
au ",236233,Juif,PER,MISC,236237,", qui avait promis de renouvel"
"nouveler les effets et.
comme ",236446,Broussaille,LOC,PER,236457,", prise au dépourvu, ne se tro"
" jours, et tu
pourras aller à ",237687,Venise,PER,LOC,237693,... ‘Quand je pense qu'avec ce
"Ne parlons plus de ça.
Irai à ",237936,Venise,PER,LOC,237942, une autre fois... Passe-moi c
"cs. C’est le père Binocar, au
",238252,Moins,PER,,238257," ? Oui. Eh ! bien, il payera l"
 Ils vous dénoncent ? demande ,239001,Broussaille,LOC,PER,239012,".

— Je te crois, ma petite! C"
"tropient les femmes.

— Et la ",239326,Justice,PER,MISC,239333,", dis-je, ne tient guère la ba"
"s-en certaine. Conclusion.
.— ",241390,Conclusion,PER,MISC,241400," : il faut continuer. Eh bien,"
ls encombrent les ports de la ,241692,Manche,PER,,241698,". On
les embarque sur les navi"
 les navires qui vont à Terre-,241749,Neuve,PER,,241754,",
à condition qu'ils aideront "
"la bourgeoisie avorteuse.

_— ",243258,Bravo,PER,MISC,243263,! crie Roger-la-Honte. Vilipen
'est qu'il s'était échappé de ,244002,Cayenne,PER,LOC,244009,", il y 2
six mois... On dit qu"
" de main pour
une affaire, en ",244655,Suisse,PER,LOC,244661,", et ça va venir ces Jours-ci."
"en Suisse, et ça va venir ces ",244682,Jours,PER,MISC,244687,"-ci.
Tout à fait désolé... Mai"
".
Tout à fait désolé... Mais, ",244720,tiens,MISC,,244725," ! pourquoi n'irzis-tu
pas, to"
"ons le train
ensemble pour la ",245059,Ville-Lumière,MISC,LOC,245072,". Nous nous levons,
Roger et m"
ment sur la paille la sœur de ,245559,Roger,PER,,245564,"-la-
Honte, il pourra bientôt "
"s quoi, nous avons couru les

",245833,Magasins,PER,LOC,245841,", pendant toute l'après-midi, "
" je me demandais com-
ment la ",247025,Société,PER,ORG,247032, actuelle ferait pour se maint
hez un dentiste américain. Si ,247846,saint,PER,,247851," Vin-
cent de Paule vivait enc"
x pas être plus difficile que ,247995,saint,PER,,248000," Vincent
de Paul, et je promet"
être plus difficile que saint ,248001,Vincent,PER,,248008,"
de Paul, et je promets de me "
"ifficile que saint Vincent
de ",248012,Paul,PER,,248016,", et je promets de me laisser "
" bo: ?

— Oui... Le voilà.

— ",248382,Vraiment,PER,,248390,", il est beau. Maïs comment ?."
"en chartreux. De
femmes comme ",249269,Broussaille,LOC,PER,249280,", par exemple, ou comme
moi, v"
ai reçu tant de confessions | ,249971,Ecoute,PER,MISC,249977,": si tu pouvais
écrire sur ton"
"
tage, mais refuse carrément. ",252390,Méfie,PER,,252395,"-toi d’elle, car c’est
une enj"
"aucoup moins prompt !
._— Ah! ",253834,Monsieur,PER,,253842,", si vous saviez quel plaisir
"
"
le bord, me direz-vous ? Ah! ",254427,Monsieur,PER,,254435,", que je vou-
drais ne l’avoir"
"bien, c’est tout à fait cela. ",255117,Bref,MISC,,255121,", mon
oncle me dit : « Renée, "
"t tout à fait cela. Bref, mon
",255127,oncle,PER,,255132," me dit : « Renée, il faut me "
nous ayons les mêmes goûts... ,256220,Bref,MISC,,256224,", quand ma tante,
la sœur de m"
"Ida m'a mise en
rapports avec ",260413,M.,PER,,260415, Canonnier. Elle à dû vous le 
on... Je voulais dire que mon ,260741,oncle,PER,,260746,"... ou plutôt ma
tante... Enfi"
"ais à quel saint me vouer. Un
",260971,Russe,PER,LOC,260976,", qui m'avait promis monts et "
"
m'avait manqué de parole. Un ",261047,Russe,PER,LOC,261052,", Monsieur !.…
Après ça, il fa"
"t manqué de parole. Un Russe, ",261054,Monsieur,PER,MISC,261062," !.…
Après ça, il fallait tire"
"a m'avait presque décidée, et ",261419,M.,PER,,261421," Canonnier ma
convaincue ; éco"
"ose me dit que vous sortez de
",262261,Polytechnique,PER,ORG,262274, ; il me semble vous voir avec
oleurs sont la modestie même. ,263128,M.,PER,,263130," Canonnier était

À
LL

Comme "
"ugmenter. |

— Vous avez vu ? ",265237,Élégant,PER,,265244,", n’est-ce pas ? Mais si je
vo"
"ous allons.

— Au tonnerre de ",267730,Dieu,MISC,,267734,", dis-je, si ça peut signifier"
"ent,
qui est récompensée.

-— ",269651,Naturellement,PER,,269664,", m'a-t-elle répondu; les temp"
 cieux différents ; passer de ,271167,Belgique,MISC,LOC,271175," en Suisse,

Allemagne en Holl"
"t à la lamentable
histoire de ",272333,Claude,PER,,272339, Gueux. Je n'ai jamais volé mo
"n image, ne pouvait pas faire
",275339,Moins,PER,,275344, que de poursuivre le crime du
ursuivre le crime du fils sur ,275384,la,PER,,275386," mère
jusqu'à ce qu’elle eût r"
uivre le crime du fils sur la ,275387,mère,PER,,275391,"
jusqu'à ce qu’elle eût rendu "
"usieurs années de prison. Ab!
",276077,Monsieur,PER,MISC,276085,", je suis si malheureuse de ne"
de adroitement à des corps de ,277775,Lédas,PER,MISC,277780," s’aban-
donnant au cygne, de "
" s’aban-
donnant au cygne, de ",277810,Dianes,MISC,PER,277816," au bain, de Danaés
sous la pl"
" très
excitante, vraiment, en ",278073,Vénus,PER,,278078," Callipyge.

Si Annie a des lo"
"excitante, vraiment, en Vénus ",278079,Callipyge,PER,,278088,".

Si Annie a des loisirs, je "
"-Rabutin à sa
cousine, ce que ",278371,M.,PER,,278373, de Turenne m'a conté avoir ou
"in à sa
cousine, ce que M. de ",278377,Turenne,PER,,278384," m'a conté avoir oui
dire au f"
"voir oui
dire au feu prince d'",278426,Orange,MISC,,278432," : que les jeunes filles
croya"
"n. » —
€ Le conte du prince d'",278633,Orange,MISC,,278639," m'a réjouie, répond la
marqui"
"moi-
selles viennent me voir. ",279425,Jolies,PER,,279431," ? Ailleurs, je ne sais

l
=
"
"elle est heureuse... Et puis,
",279635,Issacar,PER,MISC,279642, avait raison : on n'a pas à s
"où sortez-vous ? »

— Ma foi, ",281890,monsieur,PER,,281898," l’abbé, répondis-je, j'en ai "
"emercier de vos atten-
tions, ",282470,monsieur,PER,,282478," l'abbé. Asseyez-vous donc, je"
r notre entrevue à la gare du ,284288,Nord,LOC,,284292,", à
Paris, le jour où vous ête"
ts les motits de mes actes... ,287402,Voyons,PER,,287408,", ne faites
donc pas cette fig"
"des choses à faire trembler ?
",288994,Relativement,PER,,289006,", Bourdaloue est bien près de "
"ce, pourtant, de son époque à ",289091,la,PER,,289093,"
nôtre ! Quelle descente dans "
"e descente dans l’infamie, du ",289137,Roiïi,PER,,289142,"-Soleil
au Roi Prudhomme ! Je "
"énelon écrivit Télémaque, sur
",289309,la,PER,,289311," Petite Place, à Versailles, e"
"lon écrivit Télémaque, sur
la ",289312,Petite,PER,,289318," Place, à Versailles, est aujo"
"ivit Télémaque, sur
la Petite ",289319,Place,PER,,289324,", à Versailles, est aujourd’hu"
ls ont l’éloquence de Guizot: ,289719,Enrichissez,PER,,289730,"-vous!

9

146 LE VOLEUR

Ce "
"st une fenêtre ouverte
sur la ",292679,Société,PER,ORG,292686, ? Que connaîtrait-on du monde
" coup
ici, en Angleterre ?

— ",296091,Jamais,PER,,296097,". D'abord, parce que l'hospita"
ai pas visité ; c’est Bethnal-,296975,Green,PER,,296980," Mu-
seum. Le sol en est recou"
"us pas eu de
nouvelles de mon ",297751,oncle,PER,,297756," ? :

— Oui et non, répondit-i"
"riste; mais
que voulez-vous ? ",298196,Certains,PER,,298204," hommes s'efforcent d'être
pir"
vais passer mon après-midi au ,300071,Jardin,PER,,300077," Zoolo-
gique, pour tuer le te"
 l’œil liquéfié des castrats. ,300974,Leurs,PER,,300979," yeux,
à eux... Les yeux des l"
"res, sur le
terre-plein de la ",302968,Bourse,PER,LOC,302974,", à droite. C’est bien ; j'y s"
"nquée de lupanars, en face du
",303438,Royal,PER,,303443, Exchange avec la statue de la
itent sous le péristyle de la ,303815,Bourse,PER,LOC,303821," et sur les
matches ; et les r"
"ère vue. Ah! je voudrais bien
",305192,Connaître,PER,,305201," un criminaliste.…

— Ça viend"
"oix.

LES VOYAGES FORMENT LA ",305273,JEUNESSE,PER,,305281,"

Tout d’un coup, j’aperçois l"
"se est une institution, comme ",305996,l',PER,,305998,"Eglise,
comme la Caserne ; on "
" est une institution, comme l'",305998,Eglise,PER,ORG,306004,",
comme la Caserne ; on ne sau"
"e, par exemple, ou celle de l’",307687,Ecclésiaste,PER,MISC,307698,"…
Voyons, il fait beau, allons"
"e, ou celle de l’Ecclésiaste…
",307700,Voyons,PER,,307706,", il fait beau, allons faire u"
"
fond. Le premier est un gros ",308848,monsieur,PER,,308856," d’aspect jo-
vial, aux petits"
tes et utiles serviteurs de l',310207,Etat,MISC,LOC,310211,". » Non, il
n'a point l'air ga"
"
moi.

_- Vaine espérance! Le ",310901,Monsieur,PER,,310909," jovial m'en con-

vainc très "
"lais,

ans ma vie. J'ai été à ",311400,Boulogne,PER,LOC,311408,", une fois, pendant
un mois ; "
"is ; il y a tant d’Anglais, à ",311463,Boulogne,PER,LOC,311471,"!

— Je suis pas du tout un An"
" nombreuses aventures du Mon-
",311578,Sieur,PER,,311583, jovial avec les fils de la pe
l avec les fils de la perfide ,311619,Albion,PER,LOC,311625," ; je aime

_ pas les Anglais "
"s Etats-
Unis. Du reste, sans ",311904,Lafayette,LOC,PER,311913,". Et vous détestez les
Anglais"
"e-t-il en
se tournant vers le ",312324,Monsieur,PER,,312332," triste, qu'il ÿ a quelque
cho"
"— Si, certainement, répond le ",312483,Monsieur,PER,,312491," triste d’une
voix lugubre. |
"
"— Si, certainement, répond le ",312817,Monsieur,PER,,312825," triste d’une
voix lugubre. | "
"ue l’histoire de
la troisième ",313026,République,PER,,313036, ! Et qui sait ce que l’avenir
"— Si, certainement, répond le ",313224,Monsieur,PER,,313232," triste
d’une voix lugubre.

—"
"— Si, certainement, répond le ",313533,Monsieur,PER,,313541," triste
d’une voix lugubre.

—"
"idées concordent,
continue le ",313631,Monsieur,PER,,313639, jovial. Votre approbation m'e
"va-
teur.

— Oh! oh ! fait le ",313984,Monsieur,PER,,313992," triste.

— Ni plus ni moins, "
"Ni plus ni moins, continue le ",314034,Monsieur,PER,,314042," jovial.
Je suis socialiste en"
" |

— Pas très bien, avoue le ",314319,Monsieur,PER,,314327," triste.

_— C'est que je n’ai"
"envers
nous ; car enfin, sans ",314932,Lafayette,LOC,PER,314941,"... Eh ! bien, vous me
croirez"
"T Si, certainement, répond le ",315071,Monsieur,PER,,315079," triste
d'une voix lugubre, ta"
"leur faveur. |

— Oui, dit le ",315940,Monsieur,PER,,315948," triste; on devrait bien
faire"
"— On exagère beaucoup, répond ",316049,le,PER,,316051," Monsieur jo-
vial. La plus gr"
"— Si, certainement, répond le ",317068,Monsieur,PER,,317076," triste
d’une voix lugubre. |
"
" |

— Ce qui fait défaut à la ",317133,Chambre,PER,ORG,317140,", Monsieur, c'est
un philanthr"
"un. |

— Du pain ? demande le ",317245,Monsieur,PER,,317253," triste. Ah! ce
serait si veau"
es gens qui ont la conscience ,318228,nette,PER,,318233,"
ne redoutent point ces choses"
"l, gibier de potence toujours ",318496,porté,PER,,318501,"
à mal faire, danger permanent"
"le bon fonction-
nement de la ",318567,Société,PER,ORG,318574,", seraient retirés une fois po"
"— Si, certainement, répond le ",320112,Monsieur,PER,,320120," triste d’une
voix lugubre.

—"
"lle étoufferait le bon grain.
",320422,Savez,PER,,320427,"-vous, Monsieur, quelle est la"
ieur ! Il y va du salut de la ,320731,Société,PER,ORG,320738,".
Ne pensez-vous point qu’on n"
"ne guillotine pas assez ?

Le ",320797,Monsieur,PER,,320805," triste ne répond pas.

— Auta"
"t démontrée mathématiquement.
",321089,Mathématiquement,PER,,321105,", Monsieur! Il conviendrait d’"
"ropriété.

— Âh !'oui, dit le ",321267,Monsieur,PER,,321275," triste. Justement ! Que
chacu"
" |

— Pas du tout! s’écrie le ",321473,Monsieur,PER,,321481," jovial. Une
maison |! Un jard"
"omprends pas bien, déclare le ",322070,Monsieur,PER,,322078,"
triste.

— Permettez-moi de v"
"eur à leur gré. Et puis, nous
",323486,Sommes,PER,LOC,323492, à l’époque du papier. On fait
"
mettre. C’est la lecture. La ",323956,République,PER,MISC,323966," a créé l’ins-
truction obliga"
"ns in-
tention ?

— Je serais ",324059,porté,PER,,324064," à croire, hasarde le Monsieur"
"’importe quoil Pendant
qu'ils ",324703,Liront,PER,LOC,324709,", ils ne songeront point à agi"
"Monsieur, du papier !.… |

Le ",325287,Monsieur,PER,,325295, triste ferme les yeux et semb
ètre superbe que j'ai volé en ,326306,Suisse,PER,LOC,326312,", 1l y a trois
mois.

— Il est"
"uite sur une grande place, la ",327686,place,MISC,,327691," des
Tribunaux, que vous recon"
"ne grande place, la place des
",327696,Tribunaux,MISC,,327705,", que vous reconnaîtrez facile"
"iments contigus, le Palais de ",327787,Justice,PER,,327794," et la
Prison. My voici, tout "
lace en laissant le Palais de ,327889,Justice,PER,,327896," derrière
vous, et vous vous e"
"e,
les bijoux de Madame et de ",331255,Mademoiselle,PER,,331267,", il sera
inutile de rien cher"
"certaines actions du
canal de ",331920,Suez,PER,,331924,", qui iront dire bonjour à cel"
assez disposé à me traiter de ,332573,Vandale,PER,MISC,332580,". Allons, un
peu de philosophi"
" sur son thorax. — Il
avance, ",337008,porté,MISC,,337013,", plutôt que soutenu, par les "
"t de
forme — le bourreau — le ",337287,Monsieur,PER,,337295," triste de la nuit
dernière. |"
"tient sur la planche qui

OR ",337387,Le,MISC,,337389,". D)

PER PTe  n
nus

as

re

"
" planche qui

OR Le. D)

PER ",337399,PTe,PER,MISC,337402,"  n
nus

as

re

LE VOLEUR J7I"
"porter, de l’autre côté de la ",337705,place,MISC,,337710,", chez un
? . 2

pharmacien do"
"a maison d’une
vieille femme. ",338345,La,PER,,338347," vieille femmé, à son entrée, "
"aison d’une
vieille femme. La ",338348,vieille,PER,,338355," femmé, à son entrée, avait
eu"
"amné. Il n'avait point
tué la ",338656,vieille,PER,,338663," femme, ne l’avait même pas to"
"t avait demandé, au nom de la ",338856,Société,PER,,338863,"
outragée, un châtiment exempl"
"s au bourreau,
à ce misérable ",339346,monsieur,PER,,339354, triste qui désire que tous le
"e foi. Il y va du salut
de la ",340552,Société,PER,ORG,340559,".

Oui, plus j'y réfléchis, pl"
"fléchis, plusje trouve que le ",340608,monsieur,PER,,340616,"
jovial avait raison. On ne gu"
"est bien passé? Tant mieux...
",341100,Voyons,PER,,341106,", je vais faire un peu de plac"
"’abbé se frotte les
mains.

— ",341803,Bonne,PER,,341808," opération, hein ? Ah! rendez-"
"ins de ses
conséquences. |

— ",342244,Récit,PER,,342249, qui donnera à plus d’un jeune
"iste en

_8érme au sein de la ",345402,Société,PER,,345409," capitaliste; qu'il suffit

do"
"ous les autres.

J'ai lu leur ",347010,Zifférature,PER,LOC,347021," — art d’accommoder les
restes"
"rt d’accommoder les
restes du ",347055,Capital,PER,LOC,347062,". — On y tranche, règle, décid"
" ils connaissent
le secret du ",351599,Futur,PER,MISC,351604,", et peut-être. |

Maïs pourqu"
"
secours de leur expérience ? ",351704,Pourquoi,PER,,351712," ne voudraient-
ils pas m'indi"
"i, Balon le psychologue, avec ",352883,M.,PER,,352885," Talon le
sociologue. Qu’y vou"
"muse. Je ne suis, moi — et
je ",353003,tiens,MISC,,353008," à le dire bien haut, car je p"
"a bois-
son. Bénédictin de la ",354259,Cause,PER,,354264,", anachorète de a Sociale,
moi"
" de la Cause, anachorète de a ",354282,Sociale,PER,ORG,354289,",
moine du Progrès, confesseur"
pour lui l’état présent de la ,354660,Société,PER,ORG,354667,", dé-
aigneuse de l'harmonie n"
on. Simplifiée ! Que dis-je ? ,355200,Réduite,PER,,355207," à
sa plus simple expression. "
"qui lui fournit à forfait les
",355373,Vieux,PER,LOC,355378," journaux quil découpe, et l'é"
"e ne vous en diraient pas da-
",355474,Vantage,PER,MISC,355481,". :
. Aussi, ça tient, ce que "
sque l’histoire de l'œuf - de ,355688,Colomb,PER,,355694,". Omne
tx ovo. Quel œuf!
Balon"
istoire de l'œuf - de Colomb. ,355696,Omne,PER,,355700,"
tx ovo. Quel œuf!
Balon est u"
"déjà fait, des parasites
€ la ",355776,Société,PER,ORG,355783,", plusieurs vigoureuses peintu"
" sais pas trop comment
dire : ",357126,Petit,PER,,357131,", noueux, des genoux qui font "
" le corridor. Qu'y 2-
t-il... ",360340,Mme,PER,,360343, Talmasco et moi nous nous pré
 de croire à la divinité de l',364175,Etat,PER,LOC,364179,",
mais les masses terrorisées "
ns d’accessoires de la maison ,365459,Vidocq,LOC,PER,365465,".…

Des gouvernements aussi, e"
s sa propre misère morale. La ,365739,Révolu-,PER,,365746,"
‘tion prend l'aspect d’une Né"
"à se hisser
dans ce char de l'",366521,Etat,PER,LOC,366525, qui n’est plus qu’une roulott
" bêtes, serviles,
pudibondes, ",366625,cyniques,PER,,366633,", envieuses, lâches, cruelles "
armée bureaucratique devant l’,366796,Individualité,PER,MISC,366809,",
comme on comprend la victoir"
 culte du pouvoir absolu de l',367068,Etat,PER,LOC,367072,",
à leur glorification du cito"
"souverai-
neté illimitée de l'",367198,Etat,MISC,LOC,367202," peut passer des mains de la
r"
"inie de

LE VOLEUR 189.

_ l'",367667,Etat,PER,LOC,367671,", l’activité morale ayant cess"
"t cessé avec l’existence de
l'",367725,Individu,PER,MISC,367733,", tous les progrès accomplis p"
"e administrative,
qui a tué l’",368172,Individu,PER,MISC,368180,", devient plus intelligente, m"
injustice à s’en prendre à la ,368447,Société,PER,ORG,368454,",
chose vague, intangible, inv"
et ces sans-patrie feront des ,369628,saluts,PER,,369634,"
au drapeau ; ces sans-respect"
"ists de Bon-
nat.

Allons, la ",369889,Bourgeoisie,PER,LOC,369900," peut dormir tranquille; elle
"
"nelles sont les affaires de
l'",370293,Etat,MISC,LOC,370297,. » C’est Royer-Collard qui a 
"s affaires de
l'Etat. » C’est ",370307,Royer,PER,,370312,-Collard qui a dit ça ; et il 
" dans deux ou trois jours.

— ",370847,Vraiment,PER,,370855," ? Et en quel honneur ?

— Es-"
"exécute, et Ida continue :

— ",371010,La,PER,,371012," vérité, c'est que j’avais que"
"cela; tu t’en repentirais.

— ",371582,Naturellement,PER,,371595,; et ça ne n'empêcherait pas d
"
J'ai reçu hier une lettre de ",371708,Canonnier,LOC,,371717,". Il est aux Etats-
Unis. | |
"
" |

— Après s'être échappé de ",371774,Cayenne,PER,LOC,371781," ; je sais ça.
Mais en dehors "
"vaux forcés,
d’abord ? | |

— ",371920,Condamné,PER,MISC,371928, ! s’écrie Ida ; il n'a jamais
st un des chefs-d’œuvre de la ,372171,Répu-,MISC,LOC,372176,"
blique; si elle n’avait pas c"
"e
l'envoyer finir ses jours à ",372429,Cayenne,PER,LOC,372436," ou à la Nouvelle-
Calédonie.
"
r ses jours à Cayenne ou à la ,372445,Nouvelle-,PER,,372454,"
Calédonie.

— Certainement. L"
"sus de tout soupçon. Vois-
tu ",372736,Ida,PER,,372739,", la Société bourgeoise me fai"
se me fait l'effet de traiter ,372790,Le,PER,,372792,"
Voleur, clair de lune de l’ho"
"me fait l'effet de traiter Le
",372793,Voleur,PER,MISC,372799,", clair de lune de l’honnête h"
"à un des gros seigneurs dè
la ",373436,République,PER,MISC,373446,. Ce n’était pas de l’argent q
" de ses amis, attorney à New-
",373704,York,MISC,LOC,373708,. Mais on n’avait aucune preuv
"strat ? |

— Pas tout à fait. ",375099,Voici,PER,,375104," les choses : il y 2 une
vingt"
"me
gouvernante, au service de ",375331,M.,PER,,375333," de Bois-Créauit, le fa-
meux "
"e, ce qu’ils ont fait-là, Les ",377232,Bois-,PER,LOC,377237,"
Créault. Grâce à leur interve"
"qu’ils ont fait-là, Les Bois-
",377238,Créault,PER,LOC,377245,". Grâce à leur intervention, a"
 vit avec la famille de Boiïs-,378172,Créault,PER,,378179,".…

— Certainement. M"": de Boi"
"
— Certainement. M"": de Boiïs-",378212,Créault,PER,,378219," la traite
comme sa propre fil"
"la messe de
Saint-Philippe du ",378402,Roule,PER,,378407," où aux premières. Mon
cher, m"
"probablement?

— Si. Un fils, ",378868,M.,PER,,378870," Armand de Bois-Créault. Un
je"
"s-là, répond Ida en
souriant. ",379419,M.,PER,,379421, de Boiïs-Créault est un homme
"répond Ida en
souriant. M. de ",379425,Boiïs,PER,,379430,"-Créault est un homme d’étude
"
"iré à travers les âges. » Les
",380057,Journaux,PER,,380065, ont déjà dit plusieurs fois q
"e !...
Je sais bien que, pour ",381390,Canonnier,LOC,MISC,381399,", tous les sentiments
ordinair"
"dingote
noire, en redingote à ",383273,la,PER,,383275," papa. Ah! homme de robe,
tu a"
"gote
noire, en redingote à la ",383276,papa,PER,,383280,". Ah! homme de robe,
tu as une"
"us, tes yeux couleur d’eau de ",383387,Seine,PER,LOC,383392," et ta grande
barbe noire |
_ "
"’homme de robe. |

— Monsieur ",383700,le,PER,,383702," professeur Machin, criminalis"
"mme de robe. |

— Monsieur le ",383703,professeur,PER,,383713," Machin, criminaliste.

Saluts"
"tage-t-il cette mélan-
colie? ",384108,Mon,MISC,,384111, Dieu! oui; il ne s’en défend 
"ises modernes. Il
a fondé une ",384651,Revue,PER,MISC,384656,".

— La « Revue Pénitentiaire."
"nes. Il
a fondé une Revue.

— ",384661,La,PER,,384663, « Revue Pénitentiaire. » N’en
"Il
a fondé une Revue.

— La « ",384666,Revue,PER,,384671, Pénitentiaire. » N’en avez-vo
"intellectuel français.

— Ah! ",384931,Monsieur,PER,,384939,", déclare Île criminaliste, vo"
p perdu. L'apparition de la « ,385014,Revue,PER,,385019,"
Pénitentiaire » a été l’événe"
"u
point de vue pécuniaire, sa ",385215,Revue,PER,MISC,385220," est un succès;
grâce à certai"
s vous condamnerons à lire la ,385912,Revue,PER,MISC,385917," que
lisent vos gardiens. » Ah"
"à un abonne-
ment annuel à la ",386375,Revue,PER,,386380,".

‘

LE VOLEUR . 199

— C'es"
", dit le criminaliste,
que la ",386659,Revue,PER,MISC,386664, n’est point lue à l'air libre
", aujourd’hui, c’est celle du ",389814,Voleur,PER,MISC,389820,"; il est
vrai qu’elle les cont"
" Nous vous parlons là, me dit ",389910,Montareuil,PER,LOC,389920,", de
choses qui ne doivent pas"
"gé aux rapports étroits. |

— ",390981,Vraiment,PER,MISC,390989,! s'écrie le criminaliste. Ah!
"’est
superbe... Permettez-moi ",391255,Monsieur,PER,,391263,", de vous félici-
ter. Mais, j"
pour le prochain numéro de la ,391474,Revue,PER,,391479,"? Un ar-
ticle dans lequel il "
"ptivant ?

— En effet, répond ",391614,Montareuil,PER,LOC,391624,". Pourquoi, mon

cher Randal, "
"erse. — Moi, rédacteur à la « ",391867,Revue,PER,,391872," Péniten-
taire »! Non, c’est "
ra dans ma collaboration à la ,392233,Revue,PER,,392238,"
une belle dose d’ironie, qui "
"vre. Le prochain
numéro de la ",393244,Revue,PER,MISC,393249, sera d’un intérêt supérieur. 
"e rationnel et
obligatoire de ",393399,Moralité,PER,,393407, pour développer l'Idéal publi
de Moralité pour développer l',393426,Idéal,PER,,393431," public.
Je n'ai plus qu'à en "
"n bon coup de seringue.

La « ",393953,Revue,PER,,393958, Pénitentiaire » a paru ; et m
" en passant sous
le tunnel du ",394637,Père,MISC,,394641,-Lachaise. Je sautais sans emb
"assant sous
le tunnel du Père-",394642,Lachaise,PER,,394650,". Je sautais sans embarras
du "
"stant fait
par les Anglais du ",395024,Métropolitan,PER,,395036," Railway. Je démon-
trais que "
r les Anglais du Métropolitan ,395037,Railway,PER,,395044,". Je démon-
trais que le manqu"
"s
que la haute moralité de la ",395294,Suisse,PER,LOC,395300,", contrée accidentée,
provient"
"dre la peine
€ le. définir. « ",396173,Imitons,PER,,396180,"-le, disais-je en terminant.
L"
"ire. — Îl est à la tête de
la ",397331,Direction,MISC,ORG,397340," des Douzièmes Provisoires, un"
"à la tête de
la Direction des ",397345,Douzièmes,MISC,,397354," Provisoires, une nouvelle
Dir"
"ouratet! Le voilà, à
son âge, ",397647,Directeur,MISC,PER,397656, des Douzièmes Provisoires; et
"ilà, à
son âge, Directeur des ",397661,Douzièmes,MISC,,397670," Provisoires; et,
même, il ser"
"rinité,
ou simplement jusqu’à ",398080,Pâques,PER,MISC,398086,". Heureux gaillard !

Nous din"
"e intérieur est ravissant, et ",398551,Mme,PER,,398554," Mouratet est
une des femmes l"
"nt du prodige, absolument.

— ",398719,Vois,PER,,398723,"-tu, dis-je — car nous avons r"
"de
suite le bon tutoiement du ",398794,collège,PER,,398801," — vois-tu, les
femmes ont des"
"tet, c’est que
le mariage m'a ",398955,porté,MISC,,398960," bonheur; tout me réussit,
dep"
"en des
choses, à cette pauvre ",399322,République,PER,MISC,399332,"! Mais n'est-ce pas
encore le "
"Ré-
publique française est la ",399684,République,PER,,399694," athénienne…

ais, à propos, n"
"n article dans cette

évue de ",399978,Montareuil,PER,LOC,399988,", je n’aurais pas su où aller "
"s les grands ar-
tistes de la ",400344,Renaissance,PER,LOC,400355,". Léonard de Vinci, par
exempl"
"

_— Oui, à après-demain.

Je ",401352,tiens,MISC,,401357," parole. Et me voilà montant, "
"omptueuse maison
du boulevard ",401464,Malesherbes,PER,,401475,". |

Je ne suis pas plutôt ann"
"lat de rire me répond.

— Mon ",401742,Dieu,MISC,MISC,401746,", Monsieur, que votre étude da"
"ur, que votre étude dans Ra
« ",401784,Revue,PER,,401789, Pénitentiaire » m’a donc amus
"nales ! Je suis ravie de VOUS
",401945,connaître,PER,,401954,", Monsieur, et mon mari ne pou"
"rcé de fréquenter, le jour de ",405095,Jugement,PER,,405103," dernier,
dans la vallée de Jo"
"nt dernier,
dans la vallée de ",405131,Josaphat,PER,,405139,"... Elle n’est pas mal, dé-
ci"
"on; elle est
fort grecque, la ",405240,République,PER,,405250," athénienne.

Ah ! cette Répub"
"orinthe !.. Quelle dèche, mon ",405395,Empereur,MISC,,405403," !

Je voudrais bien parler à "
"tre morceau ; la « Marche
des ",406966,Monts,PER,,406971," Carpathes. » oo
. Elle revien"
"qui fait valoir son charme
de ",407101,Parisienne,PER,LOC,407111,". _ | |
_— Ça y est. Je lui ai"
" et je n’en ai jamais vue. Je
",407692,Voudrais,PER,MISC,407700, tant en voir une !... Pour la
"amer l’ « Ode au
Béguinage. » ",408066,Regardez,PER,,408074,"-le là-bas, devant la cheminée"
"est
céttain, par exemple, que ",411666,Mme,PER,,411669," Courbassol qui, je
(rois, vou"
"me le
dit l’axiome si vrai de ",412347,Bussy,LOC,,412352,"-Rabutin, volé par Na-
poléon."
"plus, que je suis un voleur.

",412456,Voici,PER,,412461, bientôt deux mois que je me s
"’ancienne femme
de chambre de ",414008,Me,PER,,414010," Montareuil.  .

— Enfin, te v"
s côte à côte dans l’allée et ,414810,Margue-,PER,LOC,414817,"
rite me fait le récit de ses "
"nse ? Il ne se passe point de
",415499,Jour,MISC,,415503, que tu ne puisses voir dans l
"Echos le nom

e Marguerite de ",415568,Vaucouleurs,PER,,415579,". Eh! bien, mon cher,
Margueri"
"
e Marguerite de Vaucouleurs. ",415581,Eh,MISC,,415583,"! bien, mon cher,
Marguerite d"
"bien, mon cher,
Marguerite de ",415615,Vaucouleurs,PER,,415626,", c’est moi.

C'est elle !.. E"
".. De-

Main, Courbassol va à ",416051,Malenvers,PER,MISC,416060,", avec sa bande, pour

214 ‘L"
e son portefeuille. Je vais à ,416244,Malenvers,PER,MISC,416253," avec
lui, naturellement... Tu"
" atroce qui me forcera à res-
",416474,ter,PER,,416477," à Malenvers, et tu y demeurer"
"e qui me forcera à res-
ter à ",416480,Malenvers,PER,,416489,", et tu y demeureras, toi auss"
"llants. |

Ah ! Marguerite de ",417108,Vaucouleurs,PER,,417119," !.. Tu prends ta
revanche ; e"
", à force de . démoraliser la ",417394,Société,PER,ORG,417401,", par
l’amener au bord de l’ab"
"ee PE ne
<

XIV

AVENTURES DE ",417706,DEUX,PER,,417710," VOLEURS, D'UN CADAVRE ET
D'UN"
" ne
<

XIV

AVENTURES DE DEUX ",417711,VOLEURS,PER,,417718,", D'UN CADAVRE ET
D'UNE JOLIE "
"e de la France,
quoi ! | |

— ",418475,Malenvers,PER,MISC,418484,"! Malenvers |.

On descend. La"
"ile qui peuvent
s'appliquer à ",418760,Malenvers,PER,MISC,418769,". Moi, je ne fais pas de des-
"
"et très médaillée, exécute la ",419724,Marseillaise,PER,MISC,419736," ; et
au dernier soupir du tro"
"mmage aux grandes
qualités de ",419963,Courbassol,PER,LOC,419973,", à ses talents supérieurs qui"
"our n’est peut-être pas loin, ",420310,Messieurs,PER,MISC,420319,"! — à
la tête du gouvernement."
"aire. La fanfare re-
prend la ",421298,Marseillaise,PER,MISC,421310," et la foule hurle :

— Vive l"
"t la foule hurle :

— Vive la ",421342,République,PER,,421352," ! Vive Courbassol !.…

Les vo"
"e de l’omnibus de
l'hôtel des ",421700,Deux,MISC,,421704,"-Mondes, d’un char-à-bancs, d’"
"l’omnibus de
l'hôtel des Deux-",421705,Mondes,PER,,421711,", d’un char-à-bancs, d’une
tap"
"eur langage
peu châtié, et un ",422842,monsieur,PER,,422850," taciturne, au teint basané,
a"
" d'empêcher qu'on lui
rende l'",423555,Egypte,PER,LOC,423561,".

Ça m'est égal. Moi, je pens"
"ce qui ne sera pas fini? /

— ",425171,Mettons,PER,,425178," sept heures, Monsieur. A'sept"
 été diner à l’hôtel des Deux-,428682,Mondes,PER,,428688,". C’est le
Sabot d'Or, je le s"
"
Mais son mari la retient.

— ",431591,Voyons,PER,,431597,", pas de bêtises. Nous n'avons"
"sera pour cette
nuit... Vous, ",432018,Annette,PER,MISC,432025,", continue-t-1l en s’adressant"
". La

_ Porte s'ouvre ; c’est ",433695,Annette,PER,MISC,433702,".

— Eh l'bien, dit-elle à Jér"
"
— Jamais de la vie ! s’écrie ",434404,Annette,LOC,PER,434411,". Je te connais:
tu me ferais "
"e il
. * 1°

LE VOLEUR 225

— ",436001,Bonsoir,PER,MISC,436008,", cher Monsieur. Comment vous "
"en à craindre. Je m'ap-
pelle ",436622,Canonnier,LOC,MISC,436631,".

—, Canonnier! C’est vous, C"
"i j'ai entendu parler de toi.
",436876,Javiis,PER,LOC,436882, même l'intention de te voir e
" Comment, une occasion ? ,

— ",439264,Naturellement,PER,,439277,". Mon départ d'Amérique à été
"
"ler de Lyon à Bordeaux, où de
",439632,Nancy,PER,LOC,439637," à Cette, à passer par Paris, "
"quent, pour un collègue de la
",440542,Sûreté,PER,,440548," Générale ; mais, en temps ord"
"pour un collègue de la
Sûreté ",440549,Générale,PER,,440557," ; mais, en temps ordinaire, j"
"ù sonnent des pièces d’or.

— ",442782,Voici,PER,,442787," ma récolte, dit-il; six mille"
"s de
billets, pour commencer. ",442853,Tiens,MISC,,442858,", en voici trois mille;
ne les"
elui de droite dans ma poche. ,443161,Douze,PER,,443166,"
cents francs chacun, à peu pr"
"en auras autant que moi...

- ",444805,Voici,PER,,444810, cinq billets. Mets-les dans t
"surtout les pluies d’or. Di-

",445500,Vértissements,PER,,445513," innocents, plaisirs purs... ."
u’il est fort heureux pour la ,446199,Société,PER,ORG,446206,"
que les malfaiteurs soient de"
" the fun of the
thing °

— En ",447203,Europe,PER,LOC,447209,", on n'en est pas [à.

— Pas e"
e sa morale etses besoins. La ,447472,Société,PER,ORG,447479," ! C’est la
coalition des impu"
"u moins, je me promène par la
",449092,Ville,PER,LOC,449097,", songeant à ce que m’a dit Ca"
"le, songeant à ce que m’a dit ",449125,Canonnier,PER,MISC,449134,", à ce qu’il
Ma laissé entendr"
"vait chassé les ven-
deurs du ",449490,Temple,PER,MISC,449496, —- peut-être qu’ils n’y serai
"n très lourd; les
citoyens de ",450710,Malenvers,PER,MISC,450719, tendent leurs oreilles en feu
" voit que ca, dans la face de ",451586,Courbassol,PER,LOC,451596,". On ne
peut pas y voir autre "
"on. Illa déclame,

non pas en ",452199,Robert,PER,,452205,"-Macaire, ni même en Bertrand,"
"a déclame,

non pas en Robert-",452206,Macaire,PER,,452213,", ni même en Bertrand,

mais e"
"ée et sublime,
à la face de l'",453467,Europe,PER,,453473,"!

Alors, c’est du délire. Des"
"d’une demi-minute.

— Vive la ",453798,République,PER,,453808," ! Vive Courbassol! hurle la
f"
"-t-il ? demandent Courbassol,
",454132,Machinard,PER,LOC,454141, et plusieurs autres en se pré
"ris, tout! Ah! les coquins... ",454393,Mon,MISC,,454396," Dieu!
quel malheur !.…

Courb"
"ert derrière la glace.

— Ah! ",456437,Monsieur,PER,,456445,", que nous avons du malheur!
m"
"i donner
de mes nouvelles par ",457020,M.,PER,,457022," Courbassol.…

Annette, tout e"
"ouvelles par M. Courbassol.…

",457037,Annette,PER,MISC,457044,", tout en larmes, me conduit à"
"oujours
dans les écluses ?

— ",457790,Toujours,PER,,457798,".

—— Il en faut donc beaucoup"
" m'amuse à dévisager les pas-
",459270,Sants,PER,LOC,459275,", pour tuer le temps ; ils son"
" cette colonne Ven-
0me de la ",459831,Déroute,PER,ORG,459838, ! Cette pierre à aiguiser les
"trant chez moi, une lettre de ",460391,Roger,PER,,460396,"-la-
Honte qui me demande de m"
ui me demande de me trouver à ,460438,Bruxelles,PER,LOC,460447,"
dans trois ou quatre jours..."
" du
côté de ceux de la rue de ",460579,Rivoli,PER,,460585,", je n’aperçois pas
mon homme."
 la statue de pierre du Grand ,460743,Tribun,MISC,,460749," dont
le bras vengeur désigne "
vengeur désigne la trouée des ,460793,Vosges,PER,,460799," — à
Pouest. |

Allons-nous-en"
"st ici, et sa fille aussi.

— ",461287,Vraiment,PER,,461295, ! sa fille ! Et depuis quand 
" fille ! Et depuis quand ?

— ",461330,Depuis,PER,,461336," hier soir, répond Canonnier q"
faisait surveiller l’hôtel de ,462918,M.,PER,,462920," de
Bois-Créault, où demeurait"
à la suivre. Elle a essayé de ,463121,Le,MISC,,463123," dépister,
mais vainement ; c’"
"lle ?

.T Je te crois, répond ",463365,Canonnier,LOC,MISC,463374,". Si tu veux voir
l'individu, "
"a-tu, toi ?

— Moi, je vais à ",464267,Bruxelles,PER,LOC,464276,".

— Eh! bien, moi aussi j'ira"
" Eh! bien, moi aussi j'irai à ",464310,Bruxelles,PER,LOC,464319,".

— C'est de la folie ! La Be"
"e, si l’on sait que je suis à ",464453,Bruxelles,PER,LOC,464462,";
mais si on l’ignore ? Car, s"
"rai demain matin. Maintenant, ",464990,n€,PER,,464992,"
quitte pas la fenêtre, survei"
"le, comment vous portez-vous, ",465452,Issacar,PER,MISC,465459," ?

— Comment! c'est vous! s’é"
"user
votre invitation, répond ",465906,Issacar,PER,MISC,465913," ; maïs en ce moment
je suis f"
"oment
je suis fort occupé.

— ",465958,Occupé,PER,MISC,465964," ! dis-je très haut, car je co"
 du louche dans la conduite d’,466048,Issacar,PER,MISC,466055,".

Occupé ! Vous osez me racon"
"prises avec les cannibales du
",466263,Congo,PER,LOC,466268,". | :
_ Je fais signe à un coc"
"rêter devant nous.

— Allons, ",466359,Issacar,PER,MISC,466366,", dis-je en le prenant par le "
adresse d’un restaurant de la ,466640,rue,LOC,,466643," Lafayette.

— Non, me dit Iss"
"rue Lafayette.

— Non, me dit ",466670,Issacar,PER,MISC,466677," au dessert, non, je n'ai

poi"
"ecte, quoi
qu'on en dise. Les ",468123,Juifs,PER,MISC,468128," — cela peut vous paraître
étr"
" profitant de son mieux. |

— ",468623,Naturellement,PER,,468636,". Je vous parle du plus grand
"
" et
celle de Spinoza vivant à ",469562,La,PER,,469564," Haye, sur le Spui, dans
lhumb"
"us — mais pas dans nos
actes. ",470486,La,PER,,470488, connaissance nette des choses
"ns nos
actes. La connaissance ",470502,nette,PER,,470507," des choses est déjà pour
nous"
":

TN,
MT

HT ms hs

244, LE ",471226,VOLEUR,PER,LOC,471232,"

sommes indifférents à vos co"
" de la Loi!

— Et, dites-moi, ",471676,Issacar,PER,MISC,471683,", n’avez-vous pas les doigts,
"
"là ?

— Toute la main, répond ",471785,Issacar,PER,MISC,471792,". Je ne veux pas
vous le cache"
"romis de me nommer préfet.

— ",472996,Vraiment,PER,MISC,473004,! Mes compliments. Mais qu'ave
" J'ai rendu des services, dit ",473115,Issacar,PER,MISC,473122,".… des ser”

#

#%

_ Le dé e"
".… |

— Pourquoi pas ? répond ",473868,Issacar,PER,MISC,473875,". Vous êtes admi-
rable, vraim"
 policier ; quant à l’homme d’,474469,Etat,MISC,LOC,474473,", c’est

un composé des deux a"
"ssi l’Artiste ;
mais, dans la ",474549,Société,PER,ORG,474556," actuelle, c’est un monstre.

"
" |

— Vous le savez, continue ",474651,Issacar,PER,MISC,474658,", je suis Juif; et
Par conséqu"
": c’est une raison d’être.
Le ",474838,Juif,PER,MISC,474842,... Figurez-vous une caravane 
"s poisons qu’on lui demande.

",474990,Juif,PER,MISC,474994,", à mon avis, n’a pas encore j"
"ainement pas moyen de retenir
",475347,Issacar,PER,MISC,475354, davantage. N'importe ; Canonn
"éjà, sans
doute, à la gare du ",475472,Nord,LOC,,475476,". Il faudra que je prenne le
t"
"dra que je prenne le
train de ",475514,Bruxelles,PER,LOC,475523," ce soir, et que je les décide"
"
compte de ce qui se passe... ",475985,Dieu,MISC,,475989," de Dieu! Cest
Canonnier!.. Po"
de ce qui se passe... Dieu de ,475993,Dieu,MISC,,475997,"! Cest
Canonnier!.. Pourvu qu'"
"! Cest
Canonnier!.. Pourvu qu'",476027,Issacar,PER,MISC,476034,"…

Mais Issacar n’est plus là."
"r!.. Pourvu qu'Issacar…

Mais ",476042,Issacar,PER,MISC,476049, n’est plus là. Il a sauté dan
"-je pas expliqué les choses
à ",476605,Issacar,PER,MISC,476612,", tout à l'heure ?.. Îl n’a pa"
"s convaincu qu il
aurait aidé ",476723,Canonnier,PER,MISC,476732," à échapper, si je lui avais d"
" Je sors. Je vais aller invi-
",477301,ter,PER,,477304, Margot à diner ; son bavardag
"eux-tu qu’on prenne,
mon ami? ",478318,Réfléchis,PER,,478327," un peu. Qui? Ils.ne sont pas
"
"ut con-
fler un portefeuille. ",478430,Tiens,MISC,,478435,", tu ne connais rien à ces.

c"
"e. Madame est toute
seule.

— ",479238,Voyons,PER,,479244,", voyons, ma petite, c'est inu"
"ez-moi,
sacredié ! C’est moi, ",479499,Machinard,PER,LOC,479508,".

— Réponds, murmure Margot; "
"rr |...

— Bien, bien, répond ",479699,Machinard,PER,ORG,479708,". C'est tout ce
que je voulais"
"t
vous rendre à l’Elysée pour ",479805,midi,LOC,,479809,". Le président vous
fait appel"
"seil
et le portefeuille de la ",479909,Justice,PER,MISC,479916,". Je compte sur votre
exactitu"
"z-vous bien de me réserver
la ",480169,Marine,PER,ORG,480175,". |

— Humrrr !...

— Et mes c"
"iez pas de me désigner pour
l'",480299,Agriculture,PER,LOC,480310,". |

— Humrrr!…..

LE VOLEUR "
"aire de
moi un ministre de la ",480627,Justice,PER,MISC,480634," !

— Etpuis, après ? dit Marg"
"n ministre de la Justice !

— ",480640,Etpuis,PER,LOC,480646,", après ? dit Margot qui rit e"
"’est vrai, elle ne sait rien.
",480779,Laissons,PER,MISC,480787,"-la dans son ignorance.

Quand"
" va être heureux, Courbassol. ",481165,Ministre,PER,,481173,"
de la Justice ! Quel honneur!"
"x, Courbassol. Ministre
de la ",481180,Justice,PER,ORG,481187, ! Quel honneur! — Quel honneu
"! — Quel honneur
même pour la ",481232,Justice,PER,MISC,481239,", car enfin Courbassol n’est
p"
"que
sous les narines du vieux ",483097,monsieur,PER,,483105,", La tête du vieux
monsieur se"
"ux monsieur, La tête du vieux
",483124,monsieur,PER,,483132," se rejette en arrière, la bou"
" La tête du vieux
monsieur se ",483136,rejette,PER,,483143," en arrière, la bouche s'entr'"
"ières
battent, et c'est tout. ",483257,Le,PER,,483259," vieux monsieur se révetllera
"
"es
battent, et c'est tout. Le ",483260,vieux,PER,,483265," monsieur se révetllera
deux o"
"tent, et c'est tout. Le vieux ",483266,monsieur,PER,,483274," se révetllera
deux ou trois m"
"ttre en usage sur la
ligne du ",483664,Nord,LOC,,483668,". Allons, il ne sera pas trop "
"ette un re-
gard sur le vieux ",483891,monsieur,PER,,483899," ; ses mains se crispent et
il"
"appari-
tion à l'hôtel du Roi ",484271,Salomon,PER,LOC,484278,".

— Ah ! monsieur Randal! s’é"
"hôtel du Roi Salomon.

— Ah ! ",484288,monsieur,PER,,484296, Randal! s’écrie l'hôtelière d
"ne fille.

— Êt puis,et puis! ",484464,M.,PER,,484466," Canonnier.l’avez-vous vu ?
— "
" Canonnier.l’avez-vous vu ?
— ",484496,M.,PER,,484498," Canonnier ? Je crois bien, qu"
" tee mue —

252 LE VOLEUR

- ",484670,Jene,PER,,484674, l’écoute plus; je grimpe l'es
re vaut mieux pour moi que la ,485706,Belgique,PER,LOC,485714,", et j'étais
décidé à ne pas r"
"s à la consigne de la gare du
",485832,Nord,LOC,,485836, et j'ai télégraphié à Paterno
"is pas davantage. D'ailleurs, ",486099,Paternoster,PER,MISC,486110,"

3 , + r *
 n’auraitaucun int"
" à Hélène dès que cette fille
",487209,Sera,PER,,487213," partie, me dit-ilen revenant "
"errain; k
désagrégation de la ",490052,Société,PER,,490059," sous le vent du scandak,
sous"
"yagé. J'ai été

+

eux fois à ",492374,Dieppe,PER,LOC,492380,", trois fois à Dinard, une foi"
"re; c'est un
commencement.

— ",492638,Vraiment,PER,,492646, ? Que je suis contente ! La B
"ntéressante, n'est-ce pas?

— ",492730,Onne,PER,LOC,492734, sait pas; on n'a pas le temps
"t vite.

— Est-ce votre avis, ",492825,monsieur,PER,,492833," Randal ?

— Oh ! si tu demand"
ngent qu'au nivellement de la ,492977,Suisse,PER,LOC,492983,".

— Et ces utopistes politiqu"
"ue de chimères. Figurez-vous, ",493072,Mademoiselle,LOC,MISC,493084,", que
votre père avait trouvé "
"ution de la
question d’Alsace-",493160,Lorraine,PER,,493168,". Il proposait qu’on y re-
con"
" re-
constituit le royaume de ",493220,Pologne,MISC,,493227,", Les Alsaciens se-
raient ren"
ient rentrés en France et les ,493279,Prussiens,MISC,LOC,493288," en Allemagne.
Le tout, bien. "
"ai lu dernièrement, dans la « ",493542,Revue,PER,,493547,"

Pénitentiaire », un article "
" en-
core plus facilement.

— ",494114,la,PER,,494116," mère ne m'avait jamais dit, j"
"-
core plus facilement.

— la ",494117,mère,PER,,494121," ne m'avait jamais dit, je cro"
ésus ! Nous répondions : Vive ,494391,Jésus,PER,,494396,"!
les yeux encore mi-clos, et "
t cédé à des entrainements... ,494970,Certains,PER,,494978,"
hommes manquent tellement de "
"ure audacieusement
Canonnier. ",495625,Dieu,MISC,,495629, merci ! il y a encore des gen
"is
déshonoré leur victoire... ",496402,Père,MISC,PER,496406,", est-ce que tu n'as
pas aussi"
"le dans les yeux d'Hélène.

— ",496840,Père,MISC,PER,496844,", demande-t-elle en se penchan"
" être
encore dans le salon de ",497203,Me,MISC,PER,497205," de Boïs-Créault; on
y parlait"
encore dans le salon de Me de ,497209,Boïs,MISC,,497213,"-Créault; on
y parlait comme v"
e dans le salon de Me de Boïs-,497214,Créault,PER,LOC,497221,"; on
y parlait comme vous le f"
"de ceux qui en
possèdent, dit ",498914,Canonnier,PER,MISC,498923,". | :

— Et qu'est-ce que c’es"
" c’est que l'argent, père?

— ",498978,Demande,PER,,498985," à Randal. |

— Non, Mademoise"
" d’un pistolet, s'approche de ",500054,Canonnier,LOC,MISC,500063,".

— Vousèêtesle nommé Canonni"
", s'approche de Canonnier.

— ",500068,Vousèêtesle,PER,ORG,500079," nommé Canonnier, Jean-Françoi"
"
jamais dans les marécages de ",500721,Cayenne,PER,LOC,500728,". Mais il sait qu'il
est inuti"
" il salue obséquieusement.

— ",501373,Mademoiselle,PER,,501385,", je suis chargé d’une mission"
"hagrin.

15.

Er: .
HF «
Fr à ",502791,Ris,PER,LOC,502794," à

‘262 LE VOLEUR

Elle m'in"
"tard, très probable-
ment.

— ",503323,Merci,PER,,503328,", Monsieur, répond-elle d’une "
"ès honorables et trés
riches. ",504400,M.,PER,,504402, de Bois-Créault est un ancien
"uis bien renseigné. Son fils, ",504740,M.,PER,,504742," Armand de Bois-
Créault, n’a "
"eigné. Son fils, M. Armand de ",504753,Bois-,PER,,504758,"
Créault, n’a point d'occupati"
" Son fils, M. Armand de Bois-
",504759,Créault,PER,LOC,504766,", n’a point d'occupation défin"
"moment où
ce malheur survint. ",506151,Mme,PER,,506154," de Bois-Créault résolut de
ne"
"nt res-
pirer du chloroforme. ",507268,Mme,PER,,507271," de Bois-Créault connais-
sait"
"l mettrait à sec les
caves de ",509371,Ja,PER,,509373, Banque. Et sa mère en est fol
"ettrait à sec les
caves de Ja ",509374,Banque,PER,ORG,509380,. Et sa mère en est folle; ell
"r à Barzot.

,— Mais, dis-je, ",509595,M.,PER,,509597," de Bois-Créault, le père, ne
"
"dit Hélène. Barzot
est déjà à ",511621,Bruxelles,PER,LOC,511630,".

— Ilest ici ? Vous le savez"
’est un premier président que ,512087,JA,PER,ORG,512089,"!
volé ?... Comme cest flatteu"
"aux-pas, et
même sans raison. ",513477,La,PER,,513479, police n’y regarde pas à deux
" de vos mœurs l’état de votre
",513944,Vigunuté,PER,LOC,513952,". Avant huit jours, vous serie"
"ne robe. Je r'’avais rien em-
",515095,porté,PER,,515100, en quittant l’hôtel de Bois-C
"s journaux, un numéro de la « ",516906,Revue,PER,,516911," Péniten-
taire », et un grand"
" oui, je lui ai coûté cher, à ",517921,Barzot,PER,LOC,517927," ;

et il ne m’a pas eue comme"
"j'avais de l’af-
fection pour ",518154,Mme,PER,,518157," de Bois-Créault, je vous dis."
"i
qu'à mettre mon chapeau.

— ",518560,Attendez,PER,MISC,518568,! Il est nécessaire de savoir 
"er de pren-
dre le train pour ",518941,Ostende,PER,LOC,518948," et le bateau pour Douvres:
j'"
"irait monter un pensionnat

à ",519723,Bruxelles,PER,LOC,519732, pour les jeunes misses anglai
"basse, l’air déconfit.

— Ah! ",520716,monsieur,PER,,520724," Randal, dit-il, quel malheur!"
"elque chose de spécial contre
",521110,M.,PER,,521112," Canonnier, savez-vous

— Ne v"
" une course pour moi... |
.‘— ",521273,Bien,MISC,ORG,521277,", monsieur Randal; tout de sui"
"ourse pour moi... |
.‘— Bien, ",521279,monsieur,PER,,521287," Randal; tout de suite. Ab !
j"
"t de suite. Ab !
j'oubliais : ",521329,M.,PER,,521331," Roger vient d’arriver…

— Rog"
" M. Roger vient d’arriver…

— ",521358,Roger,PER,,521363,"-Ja-Honte ? |

— Oui, monsieur"
"ger vient d’arriver…

— Roger-",521364,Ja,PER,,521366,"-Honte ? |

— Oui, monsieur Ra"
"
— Roger-Ja-Honte ? |

— Oui, ",521385,monsieur,PER,,521393," Randal.

— Dites-lui qu’il mo"
"ace dans cinq mi-
nutes, -

— ",521787,Bien,PER,,521791,", monsieur Randal ; comptez su"
"ns cinq mi-
nutes, -

— Bien, ",521793,monsieur,PER,,521801," Randal ; comptez sur moi, pou"
e je t’avais écrit de venir à ,522425,Bruxelles,PER,LOC,522434,"...

— Roger, dis-je, il faut "
". Tu vas aller à Ixelles, rue ",522770,Clémentine,PER,LOC,522780,";
tu sais ?

— Parbleu ! |

— "
-il ? Neuf heures. Préviens l’,523129,Anglaise,PER,LOC,523137,"
que je serai. chez elle vers "
"yen d'uti-
liser les lettres. ",523583,Voici,PER,,523588," mon plan: je vais exiger de
M"
e d’état-civil qu’il me faut. ,525043,M.,PER,,525045," Armand de
Bois-Créault ne ser"
plus simplement du monde. Les ,525612,Bois-,PER,LOC,525617,"
Créault, qui ont l'espoir de "
"implement du monde. Les Bois-
",525618,Créault,PER,LOC,525625,", qui ont l'espoir de me voir "
"de ce soin.

— Ah !... Ah!

— ",526273,Naturellement,LOC,,526286,", puisque j'ai les lettres. Ce"
terdisent. Je resterai Mr° de ,526875,Bois-,PER,,526880,"
Créault, honnête et malheureu"
"ent. Je resterai Mr° de Bois-
",526881,Créault,PER,LOC,526888,", honnête et malheureuse femme"
"le bruit
du petit panier de l’",528674,Anglaise,PER,LOC,528682,".

— Les roussins viennent de "
".

— N'ayez pas d’inquiétude, ",532865,monsieur,PER,,532873," Randal,
me dit cette veuve de"
"ce.

En rentrant à l'hôtel du ",533311,Roi,PER,,533314," Salomon, j'aperçois
les deux "
"
En rentrant à l'hôtel du Roi ",533315,Salomon,PER,,533322,", j'aperçois
les deux policier"
" acheté, en passant, dans les ",533690,Galeries,PER,,533698,"
Saint-Hubert. Tout a été pour"
"en passant, dans les Galeries
",533699,Saint-Hubert,PER,,533711,". Tout a été pour le mieux.

—"
"e coup est à faire, non pas à ",533877,Bruxelles,PER,LOC,533886,", mais
à Louvain. C'est Stépha"
", non pas à Bruxelles, mais
à ",533895,Louvain,PER,LOC,533902,. C'est Stéphanus qui me l’a i
"LEUR 279

zot au saut du lit. ",534951,Tiens,MISC,,534956,", à propos... Mais où per-
che"
"e lui fais passer ma carte

| ",535234,Georges,PER,,535241," Randal

INGÉNIEUR

Collaborat"
"is passer ma carte

| Georges ",535242,Randal,PER,,535248,"

INGÉNIEUR

Collaborateur à l"
"INGÉNIEUR

Collaborateur à la ",535280,Revue,PER,,535285," Pénitentiaire

 

XVIII

COM"
". |

— Je connais beaucoup un ",535845,M.,PER,,535847," Randal.…

— M. Urbain Randal "
"is beaucoup un M. Randal.…

— ",535860,M.,PER,,535862, Urbain Randal ? C’est mon onc
"p un M. Randal.…

— M. Urbain ",535870,Randal,PER,,535876, ? C’est mon oncle. Je sais en
"il m'ofirait
dans sa villa de ",536086,Maisons,PER,,536093,-Lafitte et j’aurais eu certal
— Mie Canonnier se trouvait à ,536977,Bruxelles,PER,LOC,536986," depuis
avant-hier avec son pè"
"honneur, d’être très lié avec
",537097,M.,PER,,537099, Canonnier; nousnous sommes re
"e. _

77, Je connaissais donc ",537535,M.,PER,,537537," Canonnier. Mais je
n'avais ja"
pérations exécutées au nom de ,538107,la,PER,,538109," Justice,
vous a certainement "
ations exécutées au nom de la ,538110,Justice,PER,MISC,538117,",
vous a certainement permis d"
"nt permis d'apprendre comment
",538166,M.,PER,,538168," Canonnier fut ravi, hier soir"
"oin de cet évènement pénible.
",538269,Me,PER,,538271," Hélène Canonnier,restée seule"
" !

Je hausse les épaules.

— ",538670,Réellement,PER,,538680,", Monsieur ? Misérable ?... Di"
"e présentais à vous au nom
de ",539137,Mi,PER,,539139,": Canonnier, et pas au mien. C"
"ésentais à vous au nom
de Mi: ",539141,Canonnier,PER,MISC,539150,", et pas au mien. Ce n’est pas"
"élène r€-
clame de lui. .

.— ",539596,Me,PER,,539598," Canonnier, dis-je, n’a point "
"ne r€-
clame de lui. .

.— Me ",539599,Canonnier,PER,MISC,539608,", dis-je, n’a point de positio"
"se faire
entendre. Hélas ! la ",541360,Justice,PER,MISC,541367," est ouverte à tous. Le res-

"
"Paillard aussi... E1 puis, la ",541438,Justice,PER,MISC,541445,", les lois.

Des mots, des mot"
"t il ose exister, l'Homme qui ",541545,Juge,MISC,,541549,"! Il fau-
drait que ce fût un "
"! Il fau-
drait que ce fût un ",541579,saint,PER,,541584,", cet homme-là. Un grand
Saint"
"saint, cet homme-là. Un grand
",541609,Saint,PER,,541614, et un grand savant. Il faudra
e pas. On ne pardonne jamais. ,545432,Voyons,PER,,545438,",
Monsieur. Mie Canonnier dési"
"t autant d'intérêt que vous
4 ",545703,éviter,PER,,545709," un scandale, C’est avec M. Ar"
"viter un scandale, C’est avec ",545734,M.,PER,,545736," Armand de Bois-
Créault que m"
"dale, C’est avec M. Armand de ",545747,Bois-,MISC,,545752,"
Créault que mad.

286 LE VOL"
"C’est avec M. Armand de Bois-
",545753,Créault,PER,LOC,545760," que mad.

286 LE VOLEUR

— J"
"t que mad.

286 LE VOLEUR

— ",545789,Jamais,PER,MISC,545795, ! s’écrie Barzot qui se lève 
"-
colorée par l’angoïisse, la ",546625,sueur,PER,,546630," au front, il fixe sur moi
ses"
" par l’angoïisse, la sueur au ",546634,front,PER,,546639,", il fixe sur moi
ses yeux hag"
" ajoute-t-il anxieusement.

— ",549794,Mon,MISC,,549797," Dieu ! Monsieur, dis-je en so"
"l anxieusement.

— Mon Dieu ! ",549805,Monsieur,PER,,549813,", dis-je en souriant, vous
vou"
ous entendrez à ce sujet avec ,549871,Mi,PER,MISC,549873,": Canonnier quand
elle sera Mn"
"r quand
elle sera Mn° de Boïs-",549913,Créault,PER,LOC,549920,". Vous ne manquerez
pas, j'ima"
"a splendeur triomphante de sa
",552908,Jeunesse,PER,,552916, radieuse... Ah! si elle avait
"t se sont décidés au
mariage. ",553531,Parbleu,PER,MISC,553538,"! Canonnier, de Mazas où il se"
"nt décidés au
mariage. Parbleu",553538,!,MISC,,553539," Canonnier, de Mazas où il se
"
"en douter, constitué une dot. ",554048,Roger,PER,,554053,"-la-
Honte, que j'avais envoyé"
"enue ce matin la cher-
cher à ",554840,Bruxelles,PER,LOC,554849,", et qui l’a priée, par un bil"
"oir, ce sera le cambriolage à ",555722,Louvain,PER,LOC,555729,", avec Ro-
ger-la-Honte, sur l"
"PLETEMENT INATTENDUS

4

«.., ",556339,Décidément,PER,MISC,556349,", mon cher, on ne connaît sa p"
"yée ; et vous aviez raison,
à ",556442,Bruxelles,PER,LOC,556451, ; je suis très forte. Si vous
"gé de citations latines, du
« ",557512,Réquisitoire,PER,MISC,557524, à travers les Ages ! » Auriez
"e femme — la femme
forte de l’",558252,Evangile,PER,MISC,558260,", mon cher. — Et, tenez, pour
"
 et qu'elle va partir pour la ,559192,Suisse,PER,LOC,559198,".
D'ailleurs, elle ne me donne"
"étexte à son départ, nisur
ss ",559313,Intentions,PER,MISC,559323,. « Ne soyez point inquiet de 
"des noyés
aux murailles de la ",560163,Morgue,PER,,560169,", ces débris de choses vé-
cue"
"s,
épithalames et épitaphes — ",560375,Regrets,PER,,560382," éternels. Oui,
éternels, les "
"is que nous
sommes revenus de ",560868,Belgique,PER,LOC,560876,", Roger-la-Honte €t
moi, après"
"-di-
vers aux journalistes de ",560975,Louvain,PER,LOC,560982,". Triste! Triste !.…
Non, Hélè"
"dernier ét ridicule effort...
",562333,Voüloir,PER,MISC,562340, ! La volonté : üne lame qu’on
ussi inexorables qué la hart. ,562643,Libre,PER,,562648," autant qu’il
désirera l’être,"
"e
Caüchemar héréditaire, de l’",562803,Idéal,PER,,562808," à la tête invisible,
aux pied"
onte qui voudrait m'emmener à ,563739,Venise,PER,LOC,563745,". Qu'y fe.
rais-je, à Venise? "
"à Venise. Qu'y fe.
rais-je, à ",563767,Venise,PER,LOC,563773,? Je m'y ennuierais autant qu'
"t-être.

Non, je n'irai pas à ",564349,Venise,PER,LOC,564355,". Tant pis pour Roger-
Ja-Hont"
i pas à Venise. Tant pis pour ,564371,Roger-,PER,,564377,"
Ja-Honte ; il attendra. Je n’"
" Venise. Tant pis pour Roger-
",564378,Ja,PER,,564380,-Honte ; il attendra. Je n’ira
il attendra. Je n’irais pas à ,564419,Venise,PER,LOC,564425," mêmes
j'étais sûr d’y trouver"
"s vieux habi-
tués du café de ",565789,la,PER,,565791," Mairie, en province — rentier"
"ieux habi-
tués du café de la ",565792,Mairie,PER,,565798,", en province — rentiers à
cer"
"bi-
tudes et leurs manies. Je ",565995,tiens,MISC,,566000," compte des unes et des
autres"
"ux mains rouges. Ce sont

les ",566933,Grandes,PER,,566940, Assises de l’immoralité tenue
" les

Sous-sols de la tour de ",567006,Babel,PER,LOC,567011,".

Intéressant ? Certainement."
t tout arrive à se confondre. ,567656,Est,LOC,,567659,"-ce la co-
cotte qui a pervert"
"u l’honnête
femme la cocotte? ",567740,Est,LOC,,567743,"-ce le voleur qui a dépravé
l'"
istoires qu’aime à débiter le ,568964,monsieur,PER,,568972," qui
paye à la marchande d'amo"
"r. [l parle à cœur ouvert,
ce ",569033,monsieur,PER,,569041,-là. Secrets de famille et d’a
"le
penser que les rapports du ",569332,monsieur,PER,,569340," qui paye avec la
courtisane s"
efuse de la remplacer par une ,572029,Danoise,MISC,LOC,572036,". Je veux avoir
le temps de pl"
 ! vous prenez bien la Vie de ,572223,Bohème,PER,,572229,"
au sérieux, et vous mouillez "
otre peau comme la tunique du ,573298,Centaure,PER,,573306,".

— C’est bien fait, me dit P"
"l a
lu mes articles dans la « ",573880,Revue,PER,,573885," Pénitentiaire » et pré-
tend "
" que m'a faites ce
malheureux ",574345,Canonnier,PER,MISC,574354,". Mais je ne me fie pas à Pa-
"
ui ai meublé près de Waterloo ,575307,Road,PER,,575311,", où
elle vit fort satisfaite."
isfaite. Je passe pour un bon ,575363,papa,PER,,575367,",
veuf et pas très riche, poin"
", dissje ; et vous passez sur ",575674,Waterloo,PER,,575682," Bridge,
un pont qui ne s'appe"
"lle pas pour rien le Pont des
",575742,Soupirs,PER,,575749,", avec votre éternel sac qui c"
"e ca-
davre fera la pianche à ",575975,Gravesend,PER,LOC,575984,".

Paternoster hausse les épau"
" ses gonds.

Me voici dans la ",577029,place,MISC,,577034,". Il y fait noir comme dans
un"
"acristain, il y a un homme
de ",577279,Dieu,MISC,,577283, én embuscade dans cette pièce
"s heureux
d’avoirété là...

— ",580930,Figure,PER,,580936,"-toi, dis-je en m'eflorçant d'"
"
trouver d'emploi nulle part. ",582407,La,PER,,582409," mère parvenant, par
un travai"
ouver d'emploi nulle part. La ,582410,mère,PER,,582414," parvenant, par
un travail de "
"ot de blâme. Non,

 Pagnie de ",583083,Navigation,MISC,,583093,", qui lui permet de vivre, tou"
"er, presque, leur bonheur...

",584399,Leur,MISC,,584403," bonheur! Est-il réel, ce bonh"
"onte et de l'accom-

pagner à ",586294,Venise,PER,LOC,586300,. Je l’attends justement ce so
"t d'affronter le

“

«* :
je ",588110,Le,PER,,588112,"
: .

gs Aie eva ere der sert "
 robe noire d’ouvrière.. Ah ! ,589673,Dieu,MISC,,589677," de Dieu!
La voici. Elle rentr"
ire d’ouvrière.. Ah ! Dieu de ,589681,Dieu,MISC,,589685,"!
La voici. Elle rentre, tout "
" exa-
- miné attentivement la ",590465,petite,PER,,590471,", n’a rien voulu prescrire,
n'"
"ra, j'ai rencontré Marguerite ",591145,Marguerite,PER,,591155,", tu
te souviens ? l’ancienne "
"ncienne femme de chambre de
M ",591207,Montareuil,PER,,591217,. — Elle ne savait rien de ce 
" rentrant;
puis, j’ai hésité. ",592139,La,PER,,592141, petite paraissait ne plus sou
"ntrant;
puis, j’ai hésité. La ",592142,petite,PER,,592148," paraissait ne plus soufirir.
"
plus. J’ai pris le train pour ,592438,Londres,PER,LOC,592445,".
— Il y a longtemps, dis-je s"
"s yeux se mouiller un peu.

— ",593469,Ecoute,PER,MISC,593475,", dit Charlotte ; ce n’est pas"
"le.
st nomme Hélène,

312 LE ",594275,VOLEUR,PER,,594281,"

Brusquement, je retire ma ma"
"
navrantes.

— Maman, bobo... ",596641,Maman,PER,MISC,596646,"... bobo.

Charlotte la prend "
" Lg rnn ne ue = … zh
nn mru'e ",599702,Lt,PER,,599704," , se : s . , 2 =

LL 2e .. !
"
"sourit d’un sourire triste.
— ",600337,Crois,PER,,600342,-tu qu'Annie réussira à avoir 
"saille. Je me
fais conduire à ",601595,Kensington,PER,LOC,601605,". Pourvu qu’elle soit chez
ell"
"it chez
elle ! |

Elle y est. ",601654,Rapidement,PER,,601664,", je la mets au courant des
ch"
"
— Ab! quel malheur ! s’écrie ",601887,Broussaille,LOC,PER,601898,". Si j'avais
pu savoir !.. Hie"
"ême, Broussaille. Au revoir.

",603269,Sitôt,PER,,603274," dans.la rue, je prends un cab"
cocher l'adresse du bureau de ,603350,Paternoster,PER,LOC,603361,". Je me suis
souvenu, subiteme"
" marché
aussi bien le jour de ",603763,Pâques,PER,MISC,603769," que celui de la Trinité.
Iles"
"l’s... Mais, au coin de
Queen ",603959,Victoria,PER,,603967, Street et de la petite rue où
"t au bout, ià-bas, j’aperçois ",604205,Paternoster,PER,MISC,604216," qui s’en

va et je le vois di"
"trequ'illasauvera, ma fille.

",605227,Jene,MISC,,605231," veux pas qu'elle meure, cette"
"-ce que c’est ? — Mais, mais. ",605487,Voyons,PER,,605493,",
Paternoster n'osera pas me r"
"Fleet Street, Strand, « Merry ",606735,Christ-,PER,,606742,"
mas »..,

Je viens de travers"
"nel sac, Je
descends Waterloo ",606878,Road,PER,,606882,". Brusquement, il tourne À
dro"
"c, Je
descends Waterloo Road. ",606884,Brusquement,PER,,606895,", il tourne À
droite et dispar"
"ace, au coin. de la rue et de ",607386,Waterloo,PER,LOC,607394," Road, à l'en-
droit d’où j'ai"
oin. de la rue et de Waterloo ,607395,Road,PER,,607399,", à l'en-
droit d’où j'ai vu P"
"présent, que la silhouette de
",608991,Paternoster,PER,LOC,609002,", là-bas. Il se hâte, une main"
"nt... Un vagabond, écumeur du ",609539,Pont,MISC,,609543," des Soupirs,

320 LE VOLEUR "
"eux égarés.

— Qu’as-tu fait, ",610946,Georges,PER,MISC,610953," ? me demande-t-elle
d’une voi"
"er ses bras autour du

Cou.
— ",611664,Pardonne,PER,,611672,"-moi, me dit-elle pendant que "
"issant tomber sur
une chaise. ",613029,Seigneur,PER,MISC,613037, ! Seigneur ! que je souffre !
"er sur
une chaise. Seigneur ! ",613040,Seigneur,PER,MISC,613048," ! que je souffre ! Oh!
cest a"
"|

Oui, Noël, sainte journée. ",613118,Jour,MISC,,613122," de paix et de

-bonne volonté"
":
une tête de veau au blanc d’",613302,Espagne,PER,LOC,613309,".

_ — Monsieur, me dit-il, j’"
" voici cinquante autres. |

— ",613559,Merci,PER,,613564,", Monsieur, dit le docteur Sco"
"ite de pouvoir trouver,
en ce ",614188,saint,PER,,614193," jour qui commence, au souveni"
"le début, tout était vain.

— ",614538,Vraiment,PER,,614546," ?

— Sur l'honneur, Monsieur "
" Vraiment ?

— Sur l'honneur, ",614567,Monsieur,PER,MISC,614575," ! dit-il en frappant d
la mai"
" vu comment
on l’a trouvé sur ",617086,Waterloo,PER,,617094," Bridge, la nuit de Noël,
ce p"
"gnée…
Puis, le délire a saisi ",618276,Paternoster,PER,MISC,618287," et son agonie a duré
près de "
"loient les
malfaiteurs ? Et l'",618945,Eglise,PER,ORG,618951,"? Assassinat et vol, vol et
as"
"rd’hui, — le parier qu'on ca-
",619445,Pitonne,PER,LOC,619452, avec de la sciure de bois.— Q
"... Mais si ce n'était
pas un ",622060,saint,PER,,622065,", c'était un homme, ce qui est"
"oins sanguinaire, dit l'abbé. ",622968,Maïs,PER,,622972," puisque
l'argent est le seul "
"our soi et Dieu

pour tous... ",623104,Naturellement,PER,,623117,", Dieu pour tous! Sans
Dieu, c"
"que je pensais aussi, le
même ",627292,Jour,MISC,LOC,627296,", une heure avant, lorsque tu "
i; je n’airien à leur envier. ,629864,Est,LOC,,629867,"-ce parce que

_je suis pauvre"
" à la main d’une héri-
tière. ",629996,Est,LOC,,629999,-ce parceque je suis honnête ?
"partis, le soir même, pour le ",630595,midi,LOC,,630599,"
de la France. Nous y avons pa"
" voulu con-
duire Charlotte à ",631255,Monte,PER,,631260,"-Carlo, qu’elle n'avait jamais"
"is
vu. Moi, je le connais, le ",631318,Casino,PER,LOC,631324," célèbre. Je lui ai
rendu visi"
"ant dans ce chà-
teau-fort du ",631867,Jeu,PER,,631870,", l'impression que ressentit A"
" le noir, soit avec le rouge. ",633605,Beaucoup,PER,,633613," de noir
et beaucoup de rouge,"
"arlotte me saisit le bras.

— ",634400,Viens,PER,,634405,", viens, me dit-elle d’une voi"
" trois mois
que nous sommes à ",635302,Nice,MISC,LOC,635306,. J’ai entendu dire que lorsqu
"drôle d'idée ! Enfin, si tu y ",635579,tiens,MISC,,635584,".

49.

334 LE VOLEUR,

— Tu "
"mier est pour après-demain,
à ",636631,Orléans,PER,LOC,636638,", et il faut nous mettre en ro"
"suis pris tu pourras te
dire. ",638550,Tiens,MISC,,638555,", tu me mettrais en colère, te"
"bateau que j'ai pris à Saint-
",638947,Malo,PER,LOC,638951,", tout seul, Roger-la-Honte ét"
deaux une tois le coup fait à ,639029,Orléans,PER,LOC,639036,". Oui, c’est
insensé. Charlott"
"rte. Annie vient m ouvrir.

— ",641817,Bonsoir,PER,,641824,", Annie. Madame est là-haut ?
"
"échire l'enveloppe.

_«..…... ",642412,Notre,PER,,642417, vie à tous deux serait un mar
"e viens de
passer huit joursà ",644137,Vichy,PER,LOC,644142,". J’y serais même restée plus
"
"s parents
tiennent un hôtel à ",644419,Vichy,PER,LOC,644424," »

— Oui, ton frère me l’a ap"
"superbe, un des plus beaux
de ",644686,Vichy,PER,LOC,644691,", l'hôtel Jeanne d'Arc.

— Âh "
" plus beaux
de Vichy, l'hôtel ",644701,Jeanne,PER,,644707," d'Arc.

— Âh l'oui, je vois ç"
chez eux se trouvait un vieux ,644850,monsieur,PER,,644858,", d’une soixan-
taine d'années"
"s mains. — Comme il s'appelle
",645068,M.,PER,,645070," Randal, j'avais pensé...

— U"
"l, j'avais pensé...

— Urbain ",645106,Randal,PER,,645112," ?

— Oui, c’est ça ; Urbain R"
"l ?

— Oui, c’est ça ; Urbain ",645141,Randal,PER,,645147,".

— C'est mon oncle, dis-je ;"
"; Urbain Randal.

— C'est mon ",645162,oncle,PER,,645167,", dis-je ; ah !'il est à Vichy"
"oncle, dis-je ; ah !'il est à ",645192,Vichy,PER,LOC,645197,"...

— Oui, avec la cocotte en"
 vais me mettre en route pour ,645952,Vichy,PER,LOC,645957,"

. CÆ SOir, empoigner mon onc"
et beaucoup moins. Pourquoi ? ,648662,Mélange,MISC,,648669," de vio-
lence et d’irrésoluti"
"mes du bagne qui s'appelle la
",649466,Société,PER,ORG,649473,", un geste d'animal peut seul "
", environ, quand j’ar-
rive à ",650058,Vichy,PER,LOC,650063,. Un train quitte la gare au m
"re. Je descends rapidement du
",650155,Wagon,PER,MISC,650160," et je traverse le quai.

— Bo"
"on et je traverse le quai.

— ",650188,Bonjour,PER,,650195,", mon neveu !

C'est une femme"
"neveu !

C'est une femme... — ",650231,Margot,PER,,650237,"! c’est Margot ! — .

342 LE "
abandonner ; et je suis comme ,650662,Calypso,PER,LOC,650669,". Tu vois que
j'ai fait des pr"
"pture com-
plète, un divorce. ",650815,Entre,PER,,650820," nous, tu sais, je n’en suis p"
m’a dit qu’il partait pour la ,651760,Suisse,PER,LOC,651766,",
mais ce n'est certainement p"
"avoir vers quels
rivages il a ",652004,porté,MISC,,652009," ses plumes, ce pigeon voyageu"
"r chemins. Nous l’appelons le
",652098,Juif,PER,,652102,-Errant. Il ne se plait nulle 
"? Il faudra que je te soigne.
",652400,Voyons,PER,,652406,", fais risette... Puisque je t"
"ous roulons vers la ville.

— ",652668,Ecoute,PER,MISC,652674,", dit Margot en frappant des m"
"viens d’être venu
avec elle à ",653300,Monte,PER,,653305,"-Carlo, vers la fin de l’hiver"
"e à quitter les salons du Ca-
",654148,sino,PER,,654152,. C'était son père qu’elle ava
"en te racontant ça? de-
mande ",655564,Marsot,PER,,655570,. Pardonne-moi; je ne me douta
" peux pas.
Je suis attendue à ",656208,Cusset,PER,LOC,656214, ; je suis très demandée en ce
" heures.
Tiens, voici l’hôtel ",656315,Jeanne,PER,,656321," d’Arc, où j'habite ; prends-y"
" ces propriétaires de
l'hôtel ",657351,Jeanne,PER,,657357, d’ Arc. Ils ont été enchantés
"sie ; très paternel,
surtout. ",658845,La,PER,,658847," mère, qui a dû être fort joli"
" ; très paternel,
surtout. La ",658848,mère,PER,,658852,", qui a dû être fort jolie, gr"
"uiètent avec intelligence.

— ",659204,Mangez,PER,,659210,-vous bien ? Buvez-vous bien ?
" Vous amu-
sez-vous ? demande ",659435,M.,PER,,659437," Voisin.

— Oui, Monsieur, bea"
"t-elles à peu près? de-
mande ",659634,M.,PER,,659636," Voisin.

— Oui, Monsieur, pas"
"e qui m'inquiète, à
propos de ",662393,Broussaille,LOC,PER,662404," et de Roger, c’est leur santé"
"À propos, c'est votre parent,
",663537,M.,PER,,663539, Randal qui est si riche et qu
"faites bien de m'avertir, dit ",664152,Me,PER,,664154," Voisin
sans s'émouvoir ; je v"
" porte ouvre dans
le salon de ",664279,Mi,PER,MISC,664281,: de Vaucouleurs ; ce sera plu
te qu'on fût complaisant pour ,664460,Broussaille,LOC,PER,664471,", quand
elle voyage... Un peti"
petit verre de chartreuse? De ,664527,Ja,PER,,664529,"
verte, n'est-ce-pas ?.. Je cr"
"le
se trémoussent des parades ",665663,burlesques,PER,,665673,", tandis qu’on
joue des drames"
 aux bagatelles de la porte ? ,665918,La,PER,,665920,"
tragédie, c’est pour les cerv"
"ire
faire un tour au parc; et ",666171,M.,PER,,666173," Voisin, que je rencontre
dans"
ois que si je rencontrais mon ,666566,oncle,PER,,666571,",
dans cette allée où je me pr"
"ses arbres sans ma-
jesté. Le ",666827,Casino,PER,,666833," là-bas, tout au bout; le Kios"
 plaît — mais pour réfléchir. ,667345,Réfléchissons,PER,,667358,"…
Je réfléchis ; et je ne sais"
"tout d’un coup, devant
l'abbé ",667479,Lamargelle,LOC,,667489,". Rencontre bizarre, inattendu"
"up, devant
l'abbé Lamargelle. ",667491,Rencontre,PER,,667500," bizarre, inattendut,
presque "
"

symphonie à la gloire de la ",669775,Discorde,MISC,ORG,669783,". Il m'avait
semblé tout d’abo"
" in.
sulté par un couac de la ",669871,clarinette,PER,,669881,", appelait à son
aide le corne"
"le sort a voulu
qu'il quittât ",670846,Vichy,PER,LOC,670851, juste au moment où vous y arr
Elle procède de la conscience ,672462,nette,PER,,672467," des choses
et de la répudiati"
"la force — la vraie force ? —
",673070,Vieilleries,PER,LOC,673081,", tout ça ; bêtises. Voyez-vou"
'ombre; ou bien — attendez. — ,673425,Votre,PER,,673430,"
oncle est un scélérat, oui. I"
"i; mais... Je l’ai aperçu
ces ",673543,Jours,PER,MISC,673548,"-ci, continue l’abbé en portan"
"... Avez-vous l’intention de
“",673753,Tester,PER,MISC,673759," ici quelque temps ?
— Je ne s"
"-vous descendu ?

— À l'hôtel ",674131,Jeanne,PER,,674137," d'Arc.

_— Excellente idée qu"
"adresse à
rendre des points à ",674706,Robert,PER,,674712,"-Houdin et mon doigté est
simp"
"eut
seulement exister avec la ",675639,Liberté,PER,ORG,675646," ; elle doit sortir de
cette l"
"Du reste. ils peuvent
aller à ",676570,Rome,MISC,LOC,676574,", si le cœur leur en dit.

— V"
"n à l’hôtel.
Saint-Vincent de ",676865,Paul,PER,,676869,". Je vous présenterai, de vous"
"vierge, tim-
bale de nouilles ",677078,saint,PER,,677083," Joseph, crême terre-sainte et"
", tim-
bale de nouilles saint ",677084,Joseph,PER,,677090,", crême terre-sainte et
Châtea"
passerai encore une semaine à ,677213,Vichy,PER,LOC,677218,".
Après quoi, mon retour à Par"
r les filles-mères aux abois. ,677368,Entreprise,PER,,677378," pa-
triotique autant que char"
"oileau? Non ; pas du tout.

— ",677827,Mre,PER,,677830," Ida Boileau, rue Saint-Honoré"
"e me rappelle pas...

— C’est ",678554,M.,PER,,678556," Armand de Bois-Créault, dit l"
"répond l'abbé. Elle habite
la ",678891,Belgique,PER,LOC,678899, et je n’ai jamais eu l’honneu
"connaissait la vie réelle des
",681252,Victimes,PER,MISC,681260,", si la confession ne lui avai"
re le kiosque à musique et le ,682175,Casino,PER,MISC,682181,". J'ai fort en-
vie d’y aller "
"able de
prendre sa place à la ",683411,Direction,MISC,ORG,683420," des Douzièmes Provi-
soires. "
e sa place à la Direction des ,683425,Douzièmes,MISC,,683434," Provi-
soires. Les Douzièmes "
" Douzièmes Provi-
soires. Les ",683454,Douzièmes,MISC,,683463," Provisoires demandent à être
"
"posera sa candidature
dans la ",683774,Bièvre,PER,LOC,683780,. Candidature progressiste qui
"a candidature
dans la Bièvre. ",683782,Candidature,PER,,683793," progressiste qui sera
soutenu"
ente immédiatement. Armand de ,684716,Bois-,PER,,684721,"
Créault nous propose, à Moura"
"mmédiatement. Armand de Bois-
",684722,Créault,PER,LOC,684729," nous propose, à Mouratet et à"
"e.

— Un soupirant évincé.

— ",686369,Evincé,PER,MISC,686375," ! Vous voulez rire.

— Mécont"
"s le commencement de l’année.
",686621,Voyons,PER,,686627,", ajoute-t-elle en comptant su"
" consultant mon
portefeuille. ",688117,Voici,PER,,688122,".

— Bon, dit-elle en glissant"
"mmencement à tout. Dites-moi,
",688720,petite,PER,,688726," Renée, elle vous amuse, l'exi"
"oi le
mot — des carottes à la ",689707,Vichy,PER,LOC,689712,".
Mais elle aperçoit son mari "
perçoit son mari et Armand de ,689755,Bois-,PER,,689760,"

Créault qui se dirigent de n"
"|

— Je reprochais vivement à ",689989,M.,PER,,689991," Randal de n'être
pas venu à P"
" veux
pas manquer de parole à ",690326,Marguerite,PER,,690336," de Vaucouleurs.

+ à 9 APE P"
"s faite aux époux Mouratet, à ",690537,Vichy,PER,LOC,690542,". J'ai quitté
Londres pour Par"
"mi, si tu n’as pas de preuves
",692796,Pheure,PER,LOC,692802," qu’il est, tu as complètement"
"e doit pas être soupçonnée.
— ",694715,Naturellement,PER,,694728,", ai-je repris en faisant des "
 brouillé avec Armand de Bois-,695445,Créault,PER,,695452,",au moins ?

— Pas du tout. No"
"quent. — C'est vrai,
arépondu ",696128,Mouratet,PER,ORG,696136,", la larme à l’œil ; et j'ai c"
" épaules. Qu’en ferai-je, mon ",698973,Dieu,MISC,,698977,"!
D'autant plus qu'avec une éc"
"e un bras autour
du cou. |

— ",699479,Voyons,PER,,699485,", gros bête! Puisque je vous d"
"'artiste, aucune
enluminure d’",701460,Epinal,PER,LOC,701466,", si grandiose que l’ait faite"
raient donner l’idée du Barbe-,701584,Bleue,PER,,701589," que j'ai
devant moi. C’est qu"
"-Bleue ; mais ce n’est Barbe-
",702176,Bleue,PER,,702181, que parce que c’est Mouratet.
 eh! s’écrie le directeur des ,702250,Douzièmes,PER,,702259,"
Provisoires, ravi de l'effet "
". | |

— Tout à fait, dis-je. ",702394,Réellement,PER,,702404,", tu es effroyable.

— Le fait"
"s retraites ouvrières, que la
",702648,Chambre,PER,ORG,702655," va discuter. |

— Elle ne Le "
"es,
pierreries et cailloux du ",703744,Rhin,MISC,LOC,703748,", bijoux de prix et
costumes s"
"n'est
que l’avant-dernière. — ",704766,Voici,PER,,704771," la constatation finale:
dans "
"sage pendant cinq
minutes.

— ",705432,Viens,PER,,705437," par ici, dis-je à Mouratet qu"
"tez-le lui sans trève.

— Ah! ",706154,monsieur,PER,,706162," Barbe-Bleue, s'écrie la Dinde"
"i sans trève.

— Ah! monsieur ",706163,Barbe,PER,,706168,"-Bleue, s'écrie la Dinde,
que "
" trève.

— Ah! monsieur Barbe-",706169,Bleue,PER,,706174,", s'écrie la Dinde,
que vous m"
" de suite très

camarades, la ",706288,Dinde,PER,LOC,706293, et lui. J’ai eu la main heure
"oup à sa conversation.

— Ah! ",706655,monsieur,PER,,706663," Barbe-Bleue, s’écrie-t-elle, "
"conversation.

— Ah! monsieur ",706664,Barbe,PER,,706669,"-Bleue, s’écrie-t-elle, que

|"
"sation.

— Ah! monsieur Barbe-",706670,Bleue,MISC,,706675,", s’écrie-t-elle, que

| ? . ."
"as ? Ah! les cocus
assassins, ",709003,Monsieur,PER,MISC,709011," !... Tenez, on enlève les cad"
"ine.

Je descends l’escalier. ",711452,Déshonoré,PER,MISC,711461," ! Il aurait été
déshonoré.. T"
"usavons vo'é l'industriel, en
",712407,Belgique,PER,LOC,712415,". Oui, si d’autresastres sont "
" que je fréquentais les
époux ",713140,Mouratet,LOC,PER,713148,", que je les ai accompagnés au"
devant le juge d'instruction. ,713393,Perspec-,PER,ORG,713401,"
tive désagréable. Je n’ai pas"
"i pas de préjugés contre les.
",713456,Juges,PER,,713461," d'instruction, ou presque pas"
"ossible, ne point
donner à la ",713814,Justice,PER,MISC,713821, l’occasion de contempler mon 
" pas léger chez
Marguerite de ",714068,Vaucouleurs,PER,,714079,", car je sais que Margot
repri"
"emain, je reçois un billet de ",714850,Margot,PER,,714856," qui
m'annonce que les choses "
"tion de
vingt minutes avec un ",715088,monsieur,PER,,715096," qui me complimente
fort sur i"
fort sur imes articles à la « ,715146,Revue,PER,,715151," » de Montareuil, et
m'annonce"
es articles à la « Revue » de ,715157,Montareuil,PER,,715167,", et
m'annonce que je suis cha"
"ends letrain, non pas pour la ",715873,Dalmatie,PER,LOC,715881,", mais pour

Bruxelles.

Beauc"
"matie, mais pour

Bruxelles.

",715906,Beaucoup,PER,,715914," de gens, à ma place, resterai"
"
la capitale du Brabant. |

À ",716256,Bruxelles,PER,LOC,716265,", je parcours les établissemen"
"ue j’ai à vous proposer.

(1) ",717597,Voir,PER,,717601," Brusr, Armée d'Afrique.

378"
"c’est que les matériaux ne me
",721190,Manqueront,PER,LOC,721200, point. Ai-je déjà vu de chose
"'a appris, d’abord, que M"" de ",723646,Bois-,PER,LOC,723651,"
Créault mère s’est donné La m"
"ris, d’abord, que M"" de Bois-
",723652,Créault,PER,LOC,723659, mère s’est donné La mort quel
chainementles détuls dans une ,724317,Revue,PER,,724322,"
spéciale, me fera certainemen"
"oup d’honneur.
J'ai inventé l’",724389,Ecluse,PER,,724395," à renversement. Ce n'est, à v"
asse. Figure-toi que le nommé ,725167,Stéphanus,PER,ORG,725176," — tu sais
bien ? cet employé "
"arni aujour-
.d’hui.. | |

_ —",725762,Ohljetedevine,PER,LOC,725775,". Maisc’estimpossible, mon vie"
ureaux. Depuis qu’il a quitté ,725893,Bruxelles,PER,LOC,725902," — on l’a mis
à la porte osten"
"n chantant :

Belle enfant de ",726888,Venise,PER,,726894,"
Au sourire moqueur,
Il faut q"
"1rez porter au
Post-office de ",727885,Charing,PER,,727892,"-Cross, demain, à sept heures
"
"

€ Delpich, 84, rue d’Arlon, ",728080,Bruxelles,PER,LOC,728089,". — Venez
Londres immédiatemen"
de la confiance de la cour de ,729220,Belgique,PER,LOC,729228,", qui a él
domicile.

LE VOLE"
"ssi, par la même occasion, un
",729428,monsieur,PER,,729436, qui sort bientôt de la maison
"e. C'est Delpich, assurément.
",729535,Teint,PER,MISC,729540," blafard, taille rentassée, tr"
"ais, en flânant, à la gare du ",729782,Nord,LOC,,729786,". Il s’agit
de voir, maintenan"
"rendra le train qui part pour
",729855,Ostende,PER,LOC,729862," à 8 heures 40.

_ J'arrive à "
"portant ces mots : Cabinet
du ",730551,Directeur,MISC,,730560,". La seconde fois, deux ou tro"
"offes, on me prend mesure. Je ",731197,tiens,MISC,,731202," À
déposer des arrhes malgré l"
"f,
plutôt, une bonne clef.

— ",731846,Voici,PER,,731851, le passe-partout de la maison
"heraient en vain aïlleuts.

— ",732733,Voyons,PER,,732739," vos empreintes, dit l’hôtelie"
" pour cinq minutes. |

— Âh ! ",733674,monsieur,PER,,733682," Randal, s’écrie l’hôtelier, j"
" à Louis XVI.
Ça ne lui a pas ",734002,porté,MISC,,734007," bonheur, à ce pauvre roi, son"
"oir des sentiments religieux, ",734789,monsieur,PER,,734797," Randal.
C'est tellement néces"
"ire la nuit prochaine,
avenue ",735293,Louise,LOC,PER,735299, ; un Hollandais dont j'ignore
 n'avais pas été à la gare du ,736459,Nord,LOC,,736463," ?... Non, le vrai, c’est
que "
"r, ilne serait pas parti...
+ ",737225,Pessaye,PER,MISC,737232, les deux clefs que m'a donnée
" m'a dit l’abbé Lamargelle, à ",740383,Vichy,PER,LOC,740388,", au sujet
des relations d’aff"
"t
des relations d’affaires de ",740427,Me,PER,,740429," Hélène de Bois-Créault
avec l"
"as peur; c’est moi, Randal... ",740802,Randal,PER,,740808,", je vous dis.
Hélène ? C’est "
s voulez que je vous épargne. ,741545,Relevez,PER,,741552,"-vous et
donnez-vous la peine "
"vous êtes réelle-
ment madame ",742141,Delpich,PER,,742148,", que le secrétaire se trouve
"
"— Pour y prendre des lettres, ",742577,monsieur,PER,,742585,", dit-elle,

_ des lettres de "
"on, grasse,
blonde, ronde. Un ",743659,Rubens,MISC,PER,743665,", presque. Torse en fleur,
han"
"a console de mon mieux. |

—: ",744859,Voyons,PER,,744865,", Madame, calmez-vous. Vous av"
"rte de moule à base de glycé-
",745867,rine,PER,,745871,", en forme d’assiette à soupe,"
"ue vous m'avez compromise.

— ",747272,Compromise,PER,MISC,747282," ! dis-je, légèrement interloq"
"u’il m'a été aisé d'y entrer.
",747425,Compromise,PER,MISC,747435,"!

— J'exagère peut-être un pe"
"bien, il va falloir quitter
. ",748054,Bruxelles,PER,LOC,748063,", m'’exiler, partir au loin, s"
de l’existence des lettres de ,748224,la,PER,,748226," mère coupable, et
je me deman"
et obligée de vous expatrier. ,748627,Voici,PER,,748632," un
paquet de billets de banqu"
"aut voir.…

396 LE VOLEUR

— ",750633,Ecoute,PER,MISC,750639,", me dit Geneviève, une demi-h"
"i-heure
après — elle se nomme ",750696,Gereviève,PER,MISC,750705,"; j'ai appris ça en
me rafraîc"
"usse adresse :
Durand, Oxford ",750960,Street,PER,,750966,", Londres.

— Durand ? demande"
"tait mon
nom de demoiselle... ",751151,Embrasse,LOC,,751159,"-moi et va-t-en. Je
sortirai d"
"lle n’y va pas de main morte, ",751346,Me,PER,,751348," Delpich ;
et moi, pour la pre"
"ommeil du juste, à l'hôtel du ",751591,Roi,PER,,751594," Salomon, lorsque
des coups vi"
"ur cent sur ma prise; mais je
",752156,tiens,MISC,,752161, à ce que nous partagions enfr
" enfin honnêtement, à aller à ",752534,Venise,PER,LOC,752540,",
par exemple, etc. Une phrase"
"urneront les
choses. Puis, je ",753228,tiens,MISC,,753233, à avoir les vêtements que j'a
"ich a été arrêté
à la gare du ",753436,Nord,LOC,,753440,", en revenant d'Angleterre. Tr"
"ient être
prises aux sérieux. ",753658,Naturellement,PER,,753671,". Il passera devant le
tribuna"
"e, l’{ndépendance annonce
que ",753896,Mme,PER,,753899," Delpich, désolée du scandale "
"rand pendant trois minutes, à ",754345,Bruxelles,PER,LOC,754354,". Le sur-
lendemain de mon ret"
"ait presque un viol, tu sais. ",754997,Tiens,MISC,,755002,",
tu es un monstre ! Si j'étai"
", cœur ou autre chose; et que ",756413,Gene-,PER,MISC,756418,".
viève a l'intention de mettr"
 jamais sortir qu’en voiture. ,758984,Place,MISC,,758989," aux
honnêtes femmes qui vont "
"lé est très bien, vrai-
ment. ",759105,Beaucoup,PER,,759113," de chic. Un grand confrère, u"
"exemple, elle est à Aiïx-les-
",759906,Bains,PER,,759911,". Moi, je suis à Royan. Je ne "
"ïx-les-
Bains. Moi, je suis à ",759928,Royan,PER,LOC,759933,". Je ne pourrais dire
exacteme"
" Geneviève
lorsque je vois un ",761697,monsieur,PER,,761705," en franchir la grille,
s'éloi"
"lle
consent à l'accompagner à ",762182,Vienne,PER,LOC,762188,":

— Tu l'as peut-être vu sort"
"
que toi. Il s'appelle Urbain ",762688,Randal,PER,,762694,". Ne serait-il pas
ton parent "
"| |

— Si; dis-je ; c’est mon ",762756,oncle,PER,,762761,". |
. — Ah ! dit Geneviève un "
ain de Paris Geneviève et mon ,763820,oncle,PER,,763825,". Ah ! cette
figure de vieux v"
"ur d’ÿ voir la fosse creusée.
",764428,Ruine,PER,,764433," d’Humianité ; pas belle, à pé"
"ingt-quatre heures à Aix-les-
",764891,Bains,PER,,764896,", et je suis parti pour Londre"
"
Bains, et je suis parti pour ",764920,Londres,PER,LOC,764927,". Cette rencontre
inopinée de "
"te rencontre
inopinée de mon ‘",764962,oncle,PER,,764967,", si vieilli, si cassé, si prè"
"tard. Elle m’a appris que mon
",765744,oncle,PER,,765749," est au plus bas, qu’un dénoue"
" lorsque le domestique de
mon ",767011,oncle,PER,,767016,", ce matin, vient me chercher "
"evard Haussmann qu'habite mon
",767360,oncle,PER,,767365,. Geneviève nous accueille dan
"itresse, dis-je; de plus, mon
",767785,oncle,PER,,767790, a dù s’eflorcer d’en faire la
"crie l'abbé. C'est M Delpich!
",767927,Tiens,MISC,,767932, ! tiens !... Mais je devine :
"bbé. C'est M Delpich!
Tiens ! ",767935,tiens,MISC,,767940, !... Mais je devine : ce camb
à tout ? La part à réserver à ,768883,Mi,PER,LOC,768885,": Charlotte, par
exemple, si l"
tout ? La part à réserver à Mi,768885,:,PER,,768886," Charlotte, par
exemple, si l’"
s âurez à payér les frais des ,769880,obsèques,PER,,769888,". |
— Ils fie seront pas fott "
"
qu’elle eût déplu à certains ",771755,Grecs,PER,MISC,771760,", est presque un sym-
_bole. J"
"es-là. |

= Le notaire de mon ",772904,oncle,PER,,772909,", M° Tabel-Lion, arrive
le len"
" léguait
toute sa fortune à l’",773256,Institut,PER,,773264," Pasteur; il se trouve an-
nul"
"rige
mélancoliquement vers le ",773832,Père,LOC,,773836," Lachaise. Quelques
voitures s"
mélancoliquement vers le Père ,773837,Lachaise,PER,,773845,". Quelques
voitures seulement,"
" dizaine de vieux
amis de mon ",774089,oncle,PER,,774094,", vieux voleurs probablement, "
a croyance à l’immortalité de ,775226,Pâme,MISC,PER,775230,". Mé-
ditez ça, quand vous aur"
" quitter la salle à man-
ger. ",775838,Sitôt,PER,,775843," le café pris, Geneviève, qui "
j'entends fésonner le timbre. ,777022,Voici,PER,,777027," Geneviève; elle
entre dans le"
"es. L'auteur dé ma perte est

",777703,M.,PER,,777705, Georges Randal. Ilse dit votr
" L'auteur dé ma perte est

M. ",777706,Georges,PER,,777713," Randal. Ilse dit votre ami, m"
"r dé ma perte est

M. Georges ",777714,Randal,PER,,777720,". Ilse dit votre ami, monsieur"
"s Randal. Ilse dit votre ami, ",777742,monsieur,PER,,777750," l’abbé,

ét vous le croyez un"
lle raconte notre aventure de ,778077,Bruxelles,PER,LOC,778086,", à sa

façon, bien entendu. C"
"es lettres de ma mère... Ici, ",778524,monsieur,PER,,778532,"

l'abbé, il faut que je vous "
"dans un tiroir
de son bureau. ",778821,M.,PER,,778823," Raïdal les à découvertes, et,"
"le cœur d’une femtie, l’a em-
",779190,porté,PER,,779195, en moi sur toute dutre consid
"nce

©

\

412 __ LE VOLEUR

",779365,M.,PER,,779367, Randal m'a fait mener depuis.
" C’est absolument
effrayant ! ",779532,M.,PER,,779534, Randal est un misérable et s’
" d’un coup, pousse
un cri.

— ",779745,Impossible,PER,MISC,779755, ! C'est impossible ! Nous ne 
"ement l’abbé. Que
faire ? Mon ",780320,Dieu,MISC,MISC,780324,", éclairez-nous... Voici ce qu"
"Je vais m'em-
ployer à livrer ",780432,M.,PER,,780434, Randal à la justice après lui
"c
feu ; je suis une croyante, ",780851,monsieur,PER,,780859," l'abbé.

— Eh ! bien, vous n’"
"i
. monadresse. Vous êtes mon ",781435,sauveur,PER,,781442,", monsieur l'abbé,
‘.. vous êt"
"resse. Vous êtes mon sauveur, ",781444,monsieur,PER,,781452," l'abbé,
‘.. vous êtes mon sau"
"us êtes mon sauveur, monsieur ",781453,l',PER,,781455,"abbé,
‘.. vous êtes mon sauveu"
"conduire.
: . — J'ai promis à ",781588,M.,PER,,781590, Randal d’aller le voir aujour
"rêtez-vous sur
votre chemin à ",781901,Saint-Thomas,LOC,,781913," d'Aquin, et entendez
la messe"
"s-je. C’est extraordinaire,
. ",782192,Vraiment,PER,,782200,".

— Oui, répond l’abbé, mais "
"st bien prise. La mort de ton
",783941,oncle,PER,,783946," m’a profondément troublée, n’"
"inée ? En prièrès, à l'église ",784202,Saint-,LOC,,784208,"
Etienne du Mont, où repose ma"
"En prièrès, à l'église Saint-
",784209,Etienne,PER,,784216," du Mont, où repose ma bienheu"
" à l'église Saint-
Etienne du ",784220,Mont,LOC,,784224,", où repose ma bienheuretise p"
"retise pa-
tonne. C’estlà que ",784276,Dieu,MISC,PER,784280," ra parlé: Il m'a dit : & Ma
f"
"ette mort inat-
tendue de mon ",784949,oncle,PER,,784954," — cet homme que je haïssäis
t"
"-

dra implorer votre pardon. ",787906,Nolite,PER,,787912," confidere hominibus,
ni aux f"
"nte, entre autres
la villa de ",789496,Maisons,PER,,789503,"-Laffitte, la fortune de mon o"
"s-Laffitte, la fortune de mon ",789532,oncle,PER,,789537,"

monte à un joli total. En ch"
"ui plus rien
donner pour sa « ",790454,Revue,PER,MISC,790459," », quise vend très bien, mais"
faire deux ou trois visites à ,790731,Margot,PER,LOC,790737,",
qui est toujours au mieux av"
"ent satisfaits et glo-
rieux. ",791672,Vauvenargues,PER,LOC,791684, avait raison : la servitude a
"ravail de tout premier ordre, ",793028,Monsieur,PER,,793036," !
Vous avez rendu, en l’écriv"
blier. Vos articles dans la « ,793558,Revue,PER,,793563," Pénitentiaire »
ont été fort "
" nom de la localité. |
_:""# À ",793903,Nothingabout,PER,LOC,793915,", dis-je avéc aplomb. C’est un"
"l’on y tient, mais pas ça.:Le
",795389,ministre,PER,,795397,", heureusement, n’insiste pas."
"législateuts,
à ces prébendés ",795791,du.suffrage,PER,,795802," universel. Et quant à la
prob"
"ur, elle est heureuse, me dit ",796290,Roger,PER,,796295,"-la-
Honte que j'ai été voir e"
t ; il s'appelle... ah! M. de ,796501,Boiïs,LOC,,796506,"-Créauilt.
Tu sais bien ? Il y"
 s'appelle... ah! M. de Boiïs-,796507,Créauilt,PER,,796515,".
Tu sais bien ? Il y a eu un "
"our

‘ VOir. |

— Si tu veux. ",797053,Tiens,MISC,,797058,", des prospectus, des imprimés"
" oser, répond Roger-la-Honte. ",797720,Le,PER,,797722,"
principal, c'est que l’affair"
"E VOLEUR

bientôt partir pour ",797878,Venise,PER,LOC,797884,". Mon associé s’occupera de
la"
"s-tu qui
c’est, mon associé ? ",797985,Devine,PER,MISC,797991,"... Tu ne pourrais jamais;
j'a"
'aime mieux te le dire. C'est ,798049,Issacar,PER,MISC,798056,". |

-— Issacar ! Comment ? Ce"
"
Paris, dans l'arrestation de ",798375,Canonnier,LOC,MISC,798384,".

— Un rôle très avouable, ré"
"hé d’opérer larresta-
tion de ",798977,Canonnier,LOC,MISC,798986, à la gare du Nord et je l'ai 
ion de Canonnier à la gare du ,799000,Nord,LOC,,799004," et je l'ai encore
empêché de "
"iez eu confiance
en moi, cher ",799146,monsieur,PER,,799154," Randal, rien de ce qui s'est
"
ivé. Cette affaire ne m’a pas ,799235,porté,MISC,,799240,"
chance, à moi non plus. On n'"
"ne veux rien discuter, répond ",799639,Issacar,PER,MISC,799646," nerveu-
sement. Vous ignorez "
"seffets. Mais;
pour revenir à ",799784,Canonnier,PER,MISC,799793,",avez-vous de ses nouvelles ?
"
"e possible son départ pour

: ",800041,Cayenne,PER,LOC,800048,", car on craint une évasion.Il"
— Tu devrais venir avec moi à ,800880,Venise,PER,LOC,800886,", me dit
Roger-la-Honte qui m'"
"y avait pas l'argent. Mais le
",804377,Maitre,PER,,804383," est là. Tout ça va, vient, se"
vons de déjeuner à l’hôtel du ,809237,Roi,PER,,809240," Salomon, on ne
mange pas mal,"
un essai d’acclimatation à la ,810449,Société,PER,ORG,810456,".

— Votre gaîté est plutôt gr"
"ntinuez encore. Volez, volez. ",810633,Idéal,PER,,810638," pour
idéal, du moment que nou"
ation n’est pas seulement une ,811631,Doctrine,PER,MISC,811639,", mais
une Vie, la marche de l"
temps et ce qui sera bientôt. ,813028,Notre,PER,,813033,"
civilisation ? On peut la déf"
le ; cent marches de plus aux ,813452,Géitionies,PER,ORG,813462,". Le
génie duchristianistie ? "
"iisole dé force.
« Jésus, dit ",813529,saint,PER,,813534," Augustin, 4 perfectionné l’es"
"ix, ceux qui travaillent !... ",815021,Notre,PER,,815026,"
: . monde cccidental les trai"
"s’éveillent là-
Æ TRE

bas, à ",815151,l',PER,,815153,"Orient, libres de ces entraves"
la symétrie de l’incohérence. ,815528,Rappelez-,PER,LOC,815537,"
:.. * vous les événements aux"
"tans !... Pourtant, j'espère. ",817451,Notre,PER,,817456,"
époque est tellement abjecte,"
"apôtre qui aurait la volonté,
",817727,Ja,PER,MISC,817729, volonté tenace de se faire en
"tendre. — Un apôtre
serait un ",817789,Individu,PER,MISC,817797,", d'abord — l’Individu qui a d"
"rait un Individu, d'abord — l’",817811,Individu,PER,MISC,817819," qui a dis-
paru. — Le jour où"
"soit l'Amour ou qu’il soit
la ",817944,Haine,PER,LOC,817949,", qu’il étende les bras ou que"
"dévore;
de ce monastère de la ",818339,Rénonciation,MISC,,818351," Perpétuelle où
l’humanité, le"
"ue leur Providence, qui est l'",818805,Etat,MISC,LOC,818809,", entre-
baîlle le guichet par"
"abattoir. — Oui, le jour où l’",819023,Individu,PER,MISC,819031,"
reparaîtra, reniant les pacte"
"la dalle où sont gravés leurs
",819144,Droits,PER,ORG,819150," ; le jour où l’Individu, lais"
"s leurs
Droits ; le jour où l’",819166,Individu,PER,MISC,819174,", laissant les rois dire:
« No"
"rnier jour, bagne des
Peuples-",819696,Rois,MISC,,819700, où les hommes ne sont même pl
* - ns r cr CE - — 8 + . : ES ,823391,PERRET,PER,ORG,823397," MRE MAMA UT A,

7

ET ee

ST"
r cr CE - — 8 + . : ES PERRET ,823398,MRE,PER,,823401," MAMA UT A,

7

ET ee

ST ET "
"

Ten its

oo CNT

OS ET A PP ",823502,EPS,PER,,823505," EM, pee à à un ae more
"
