Gauche,Début,Texte,Label_modele,Label_spacy,Fin,Droit
" Gallica

Le voleur : roman / ",35,Georges,PER,,42,"
Darien

Source gallica.bnf.fr"
"

Le voleur : roman / Georges
",43,Darien,MISC,,49,"

Source gallica.bnf.fr / Bibl"
"èque nationale de France

11 ",113,Gallica,PER,,120,"

 

Darien, Georges (1862-192"
"le de France

11 Gallica

 

",125,Darien,MISC,,131,", Georges (1862-1921). Auteur "
"du texte. Le voleur : roman
| ",191,Georges,PER,,198," Darien. 1898.

1/ Les contenu"
". Le voleur : roman
| Georges ",199,Darien,PER,,205,". 1898.

1/ Les contenus acces"
tenus accessibles sur le site ,254,Gallica,PER,MISC,261," sont pour la plupart
des repr"
"8-753 du 17 juillet
1978 :

- ",476,La,PER,,478, réutilisation non commerciale
"tion en vigueur, notamment en
",2709,matière,PER,,2716, de propriété intellectuelle. 
"
TT bi LUS

 

. D:

CHEPT F ",3046,LÉGA,PER,,3050," di:

GEORGES DARIEN LL
| AR 2"
"do LS
P.-V. STOCK, ÉDITEUR 8
{",3251,Ancienne,PER,,3259," Librairie TRESSE & STOCK)

Oy"
"
 

Dane pe ele ai me a PE LE ",3505,RSI,MISC,,3508," 2 EN Rs 1 an np,

 

> . un
2"
"ays, y compris la Suèle et ia ",3708,Norvège,MISC,LOC,3715,".

Ce volume-a élè déposé au M"
"e.

Ce volume-a élè déposé au ",3744,Ministère,PER,,3753, de l'Intérieur (seelion de Îa
"vembre 1897. :

oh

A LA MÊME ",3830,LIBRATRIE,PER,,3839,"

fa

DU MÈME AUTEUR

Bas les "
"

A LA MÊME LIBRATRIE

fa

DU ",3848,MÈME,PER,LOC,3852," AUTEUR

Bas les Cœurs, 1870-1"
"-Libre
(en collaboration avec ",4030,M.,PER,,4032," Lucien Descaves), r brochure,"
"bre
(en collaboration avec M. ",4033,Lucien,PER,,4039," Descaves), r brochure,

 

Po"
" paraître prochainement :

La ",4101,Malhonnête,PER,LOC,4111," Femme, roman.

 

Ua clé tiré"
"ARIS
: P.-V, STOCK, ÉDITEUR

(",4492,Ancienne,PER,,4500," Librairie Tresse et Stock)

8"
"asser
ainsi la frontière? Mon ",5606,Dieu,MISC,,5610," ! j'avais voulu voir le

roi "
"
amais vu de roi. Quel est le ",5722,Républicain,PER,ORG,5733," qui ne me

_ comprendra pas ?"
ieur est sans doute un ami de ,6220,M.,PER,,6222," Randal,
me dit l'hôtelière co"
e inéme prénom ; il s'appelle ,6691,Georges,PER,MISC,6698,",
comme vous savéz — Georges R"
"e Georges,
comme vous savéz — ",6719,Georges,PER,,6726," Randal. — Eh 1 bien,
puisque "
"s,
comme vous savéz — Georges ",6727,Randal,PER,,6733,". — Eh 1 bien,
puisque vous lé"
"ce pas ? J'ai vu des dames
me ",7030,la,PER,,7032, rélenir quelquefois deux mois
"i est dans le coin, là,
c’est ",8373,la,PER,,8375, valise de M. Randal ; 1l n'a 
" coin, là,
c’est la valise de ",8386,M.,PER,,8388, Randal ; 1l n'a pas voulu l’e
la chambre ; elle est plus en ,8512,Sûreté,PER,ORG,8518," qu'ailleurs; car je
sais bien"
"— Pas le moins du monde.

— J'",8635,eshère,PER,,8641," que Monsieur sera satisfait, "
"ce que contenait la valise de
",9074,M.,PER,,9076," Randal. Curiosité malsaine,.j"
"que contenait la valise de
M. ",9077,Randal,MISC,PER,9083,". Curiosité malsaine,.je l'acc"
"évèrement. _

_Bref, j'ouvris ",9375,la,PER,,9377, valise; elle n’était point fe
"rouleau de
papiers. Je dénoue ",9925,la,PER,,9927, ficelle qui l’attache. Qu'est
"leau de
papiers. Je dénoue la ",9928,ficelle,PER,,9935," qui l’attache. Qu'est-ce que
"
", ni même le re-

meltre dans ",10317,la,PER,,10319, valise. On aurait pu l'enleve
"! Je

n'ai fait ni uncnideux. ",10755,J',PER,,10757,"ai envoyé un commissionnatire
"
"né la
lecture des mémoires de ",10932,M.,PER,,10934," Randal — l'appellerai-7e
Mons"
"ntérieure, mais
impérieuse.
‘ ",11181,Naturellement,MISC,,11194,. Mais comment faire? Le renvo
"l’espérer, personne ne ma vu. ",11804,Maïs,MISC,,11808," si 7 y re-
tourne et qu'on m'"
" si 7 y re-
tourne et qu'on m'",11838,observe,PER,,11845,", si l'on vient à remarquer ma"
" lui-même men donne le
moyen. ",12214,Lequel,LOC,,12220, ? Vous le verrez. Maïs je vie
"Az
Ë

F
is

1:
4°
M.""
ss
&
;

",12420,RS,LOC,,12422,"

5 Six
hs
pes

 

5: .
08 dun"
"ur

une bonne paire d'années! ",13466,J',PER,,13468,"aurais voulu mettre le
repenti"
"is
point comment il écrit, ce ",13686,Voleur,PER,MISC,13692,"-là; mes phrases n'en-
{rent p"
"ancune. |

Une chose qu'on me ",13940,reprochera,PER,,13950,", pourtant — et avec
raison, j"
"e, un ancien élève de l'Ecole ",14068,Polytechnique,PER,,14081,",
par exemple, qui, tout le lo"
"olume, aurait dit
son fait au ",14148,Voleur,PER,MISC,14154,. Il aurait suffi de le faire 
"cience. .

Mot qui ai volé le ",14639,Voleur,PER,MISC,14645,", je ne puis guère le flétrir."
"leurs, d'un cadavre et

d’une ",15868,jolie,MISC,,15873," femme, . . . . . .

XV. — Dan"
"mbe!... », . .
— Geneviève de ",16611,"Brabant
",MISC,,16619,— Le repentir fait oublier l'e
"s y pousse de tous
les côtés. ",17069,Mme,PER,,17072, Dubourg a laissé entendre à m
ubourg a laissé entendre à ma ,17104,mère,PER,,17108,"
qu'il était grand temps; et m"
"d'attendre davan-
tage. |

Le ",17815,curé,PER,,17819," aussi :

—— Un des premiers p"
"n : ils en auront un. | |
Ils ",18043,Pont,MISC,LOC,18047,".
Je me présente — très bien ("
"use ! Céré-
monie imposante ! ",19086,La,PER,,19088," robe d’un professeur enfante
"
"ères ont la larme à l'œil.

— ",19367,Cher,PER,LOC,19371, petit ! Comme il a dû travail
"ans. |

— Un bel âge! dit mon ",20811,oncle,PER,,20816,". On est déjà
presque un jeune"
"la
candeur de l’enfance. | |

",20906,Candeur,PER,,20913, !... Mon enfance ? Jene me ra
" ouvriers,
derrière nous, ont ",22988,murmuré,PER,,22995,".

— C'est honteux, ont-ils di"
ù se tenait alors l’Assemblée ,23663,Nationale,PER,,23672,".
La séance était ouverte quan"
" quand nous sommes entrés.
Un ",23727,monsieur,PER,,23735," chauve, fortifié d’un gilet b"
"and ils le met-
tent chez les ",24271,Jésuites,PER,ORG,24279,", mais qu'il doit leur obéir a"
'Histoire et il reconnaîtrait ,25398,M.,PER,,25400," Thiers à une demi- .
lieue…
"
"s moi.

— Le voilà, Gambetta! ",25496,Tiens,MISC,,25501,", là, là!

Oui, c’est lui, c’e"
"ui. Je reconnais son œil
— la ",25570,place,MISC,,25575," de son œil. — Il est là, au p"
" père, comme nous sortons.

— ",26102,La,PER,,26104, parole est d'argent et le sil
"

— La parole est d'argent et ",26128,le,PER,,26130," silence est d’or, me
répond-i"
; au moins quelquefois. Et le ,27330,monsieur,PER,,27338,"

4e,

TERRE
LORS FE
. ""7, VV"
"blanc, qui parlait quand nous ",27456,sommes,MISC,,27462,"

entrés, je vous jure que je "
"e n’est pas Gambetta, ni même ",27877,M.,PER,,27879," Thiers, qui
symbolisent pour "
"e libre, mais policé. C’estce ",27980,monsieur,PER,,27988,", dont
j'ignore le nom, dont l"
".

J'ai trois souvenirs de ma ",28264,mère,PER,,28268,".
Un jour, comme j'étais tout "
"quand
on va se promener. » Ma ",29106,mère,PER,,29110," avait raison, je l’ai vu
depu"
vaise habitude. Peut-être que ,30513,le,PER,,30515," Code est formel, pour
les ong"
" cœur j'ai posé le volume
sur ",31280,la,PER,,31282, table rustique du berceau ! A
"ement, avec fièvre. Je lis Le
",32382,Contrat,PER,,32389," de louage, le Régime dotal, b"
"ert sur

4°

10 , LE VOLEUR

",33085,la,PER,,33087," table, témoin muet, mais irré"
", c’est tout
ce quirestera de ",33908,la,PER,,33910," Société.

Bon, bon. Nous verr"
"un autre souvenir, encore. |

",33984,M.,PER,,33986, Dubourg est un ami de la fami
"mme est une
grande amie de ma ",34361,mère,PER,,34365," et c’est avec son fils, Alber"
es domestiques. Il paraît que ,34672,M.,PER,,34674," Dubourg s’est
mal conduit... "
"oir de [a chance,
dit-il à ma ",35013,mère,PER,,35017,", à déjeuner ; il ne sera pas "
"te, échapper au châtiment.

— ",35253,Jamais,PER,,35259,", dit ma mère. Mais on aura eu"
" châtiment.

— Jamais, dit ma ",35268,mère,PER,,35272,". Mais on aura eu égard à
son "
" à
son âge.

— Belle excuse ! ",35325,Raison,PER,,35331," de plus pour n'avoir pas
de p"
" ordres, ici. Et quant à toi,
",36159,Georges,PER,MISC,36166,", si par hasard tu rencontres "
" son journal, je vois arriver
",36425,M.,PER,,36427," Dubourg. La domestique, par b"
"uit
jours avant midi. |

Mais ",36584,M.,PER,,36586, Dubourg est à dix pas. Je sen
"re me retient par le bras.

— ",36813,Reste,PER,,36818," là!

M. Dubourg parle depuis "
"nt par le bras.

— Reste là!

",36824,M.,PER,,36826, Dubourg parle depuis cinq min
"n père es-
quisse la moitié d’",36998,un,MISC,,37000," geste, mais il ne répond rien"
"d rien.
Rien ; pas un mot.

: ",37054,M.,PER,,37056, Dubourg continue. Il dit que 
"us importuner plus longtemps, ",37984,M.,PER,,37986," Randal ; je vais
vous quitter"
".

— Adieu, Monsieur.

Alors, ",38181,M.,PER,,38183, Dubourg est parti. Il s’en es
"t. Je pense qu'ils ont, père, ",39137,mère,PER,,39141," et
grand-père, exactement Île"
D'UN HOMME VIERGE EST UN VASE ,39930,FROFOND,PER,MISC,39937,"

C'est entendu. Je ne sûüis p"
"sit gloria mundi, soupire mon ",40288,oncle,PER,,40293,", qui
ne sait pas le latin, ma"
"i a lu là phrase au bas
d’une ",40358,vieille,PER,,40365, estampe qui représente Bélisa
"sque aux passants.

C’est mon ",40443,oncle,PER,,40448,", à présent, qui veille sur me"
" dire à l’en-
terrement de ma ",40621,mère,PER,,40625,", ça vaut de l’or en barre; le"
st l’argent seul qui donne la ,42408,liberté,MISC,,42415,". J'aime l’ar-
gent. J'ai vu l"
nt seul qui donne la liberté. ,42417,J',PER,,42419,"aime l’ar-
gent. J'ai vu la jo"
"dée me supplicie.
Je hais mon ",42920,oncle,PER,,42925,; je le hais d’une haine terri
"e, toutes les semaines, c’est ",43441,la,PER,,43443," monnaie de mes
billets de ban"
"s de banque, qu’il a changés. ",43495,J',PER,,43497,"en suis arrivé à
ne plus pouvo"
"épris.

Mais ce n'est pas mon ",44344,oncle,PER,,44349," que je méprise; je
continue à"
"oient ses moyens,
ne peut pas ",44576,Être,PER,,44580, méprisable. Ce que je méprise
imé par le casque d’airain de ,45602,la,PER,,45604," saine philosophie,
les pieds "
"e présenter
à mes semblables. ",45796,J',PER,,45798,aurai du savoir-vivre. Je rega
"rrière la pierre du
sépulcre. ",46849,La,PER,,46851," bière est vide, la bière qu’o"
"est un égout.

Je ne suis pas ",47573,le,PER,,47575," seul, sans doute, à avoir dev"
"eviné la
tendance malfaisante ",47633,d’,PER,,47635,"un système qui poursuit, avec
"
"juste, du personnage ou de la ",47922,doctrine,PER,,47930," qui
cherche à peser sur lui. "
"ère, et
cette hache, c’est la ",48542,Nécessité,PER,,48551," qui la tient. C’est elle
qui "
"nement
classique. Loin de là. ",49612,J',PER,,49614,"ai pris le parti de ne penser
"
"unts qui
m'engagent à vivre:

",49771,Integer,PER,MISC,49778," vite, scelerisque purus.

Je "
". Mais n’anti-
cipons pas. |

",50231,J',PER,,50233,"exécute le programme, très con"
" mais

avec pas mal d’ironie. ",51183,J',PER,,51185,"apprends donc cette Histoire
d"
"rends donc cette Histoire
des ",51218,Morts,PER,,51223," — tout ça, c’est les procès v"
"s procès verbaux des
vieilles ",51273,Morgues,PER,LOC,51280, — cette Histoire des Morts qu
 Morgues — cette Histoire des ,51302,Morts,PER,,51307," qu'on
nous enseigne en dédain"
"nseignement, la découverte de
",52016,Pimprimerie,MISC,LOC,52027," ?

Ce serait trop simple, san"
"
dame :
PS TrFErS
de mt mt
DE ",53091,"Late

",MISC,PER,53097,"3 met ss,
MD ne et Re MR

ET P"
"E Late

3 met ss,
MD ne et Re ",53119,MR,PER,,53121,"

ET PR LT …
NE re UNS
Es .

E"
"ET, et ia 2
+ ares ……

=:

GG ",53262,RS,PER,,53264," 2 TETE TN à PE mr
EU DES HUB "
"E TE
Net TS AE E

Gros ie get ",53327,Peer,MISC,,53331,"
. ou ”

+
« St’
%.

ann Eh DT"
"e

RES RS El EE
D _ en ns Pas ",53475,Voz,PER,,53478,"

ce

DOS APE MENNE EEE
' Sa
."
" _ en ns Pas Voz

ce

DOS APE ",53492,MENNE,PER,MISC,53497," EEE
' Sa
. . * + ”
oui 7 Tate"
"ie; c'était
nécessaire ; « et ",54068,Jésus,PER,,54073,-Christ vient au monde. » Pour
tre juste : les invasions des ,54150,Barbares,LOC,MISC,54158," ont
eu du bon; pourquoi pas ?"
"et
que c’est fort heureux qne ",54296,Jeanne,PER,,54302," d’Arc les ait chassés
de Fran"
ent à un grain de sable ; que ,54415,la,PER,,54417," Révolution
française fut un g"
 à un grain de sable ; que la ,54418,Révolution,MISC,,54428,"
française fut un grand mouvem"
nmoins en blâmer les excès... ,54523,Poésie,MISC,,54529," de
faussaires ; science d’app"
; chronologie de fabricants d’,54679,almanachs,PER,,54688,".…  .
On forme mon goût, aussi"
or de gloire. » J’estime fort ,54828,Raphaël,MISC,PER,54835," pour
les Loges du Vatican, qu"
"’estime fort Raphaël pour
les ",54845,Loges,PER,LOC,54850," du Vatican, que j'ignore; Mic"
"'ignore; Michel-Ange,
pour le ",54898,Jugemént,PER,,54906," Dernier, que je n'ai jamais v"
"Michel-Ange,
pour le Jugemént ",54907,Dernier,MISC,,54914,", que je n'ai jamais vu.
Boile"
"nt pas de poème épique,
c'est ",55099,la,PER,,55101, faute à Voltaire. Je distingu
 il faudra qu’on la paye à ma ,55682,place,MISC,,55687," et qu’on
paye double. Ce n’es"
"is des vaincus.

Des vaincus. ",56335,J',PER,,56337,en vois partout. Ces universi-
"n ne le pense générale-
ment. ",57236,Croyez,MISC,,57242,"-vous, par exemple, que les An"
"leine.

— Mon ami, me dit mon ",57498,oncle,PER,,57503," quand j'ai quitté

TS TO ER E"
" TO ER EN UMR EE Eremmamn —°

",57555,Pages,MISC,,57560,"

LRO Te ae nes

7

sn Tara
Jr"
"rent à
toi ; tu peux choisir. ",57921,Commerce,PER,,57929,", industrie, littéra-
ture, sc"
"t ouverte aux talents. |

Mon ",58095,oncle,PER,,58100," s'amuse un peu, en me disant "
la commissure des lèvres ; et ,58556,la,PER,,58558," face
tout entière, que couron"
"
= — Excellente idée, dit mon ",59013,oncle,PER,,59018,". Peut-être as-tu

raison de n"
" tas de vols, et quelle masse ",60503,d’,LOC,,60505,"escroque-
ries !... La prison "
"nieur.
Où, comment j'ai connu ",61325,M.,PER,,61327," Issacar, c'est assez diffi-
c"
"t
jamais la connaissance d’un ",61438,Israélite,PER,MISC,61447,", d’abord ; c’est
toujours lui"
"jours lui qui fait la vôtre.

",61498,M.,PER,,61500, Issacar compte beaucoup sur m
"rs lui qui fait la vôtre.

M. ",61501,Issacar,PER,,61508, compte beaucoup sur moi ; il 
"inté-
resse pas mal ; et nous ",61570,sommes,MISC,,61576," grands amis. C’est
très bon, "
"le hasard des promis-
cuités. ",61761,M.,PER,,61763, Issacar est un homme habile ;
"e cause : lobservation, par l’",62172,Israé-,MISC,LOC,62178,"

hte, d’une règle religieuse "
"illeurs, la qualification est ",63463,libre,PER,,63468," ; le pre-
mier venu peut se l"
"us
entendons. | |
Je le sais. ",63715,Issacar,PER,MISC,63722, à une grande idée. Il veut cr
"e belge, à peu de distance de ",63796,la,PER,,63798," frontière
française, un immen"
",
pour qu’elle ait du succès.
",64259,Néanmoins,PER,,64268,", j'ai été très heureux de voy"
"luses.

— Vous voyez, m'a dit ",64831,Issacar,PER,MISC,64838,", que ça marche
comme sur des "
", je réponds de la réussite.

",65381,Malgré,PER,,65387," tout, je ne sais pas si nous "
"s sur les sentiments
moraux d’",65493,Issacar,PER,MISC,65500, ; je n’ai pas le moindre dout
"ne m'en a pas laissé l’om-

— ",65595,La,PER,,65597," morale, dit-il, est une chose"
"plutôt, la directe émanation. ",65791,Jusqu',PER,,65797,"à une cer-
taine époque, le xv"
", de ses dernières croyances. ",66283,La,PER,,66285," trans-
formation d’un univers"
"e ne point se
laisser voler ? ",67150,Croyez,LOC,,67156,-vous que ce soient les Codes 
" j'ai visité les pré-
toires. ",67751,Monsieur,PER,,67759,", c’est absolument piteux. Mai"
"victime, vous

pouvez être le ",68188,sentimentaliste,PER,,68203," qui soupire ou la dupe
qu on "
"ur
véhémente colère contre un ",68470,Molochisme,PER,MISC,68480," dont celui
d'aujourd'hui n’es"
" OT DER RTE
5 CPR RÉ Rte

LES
",68729,CU,LOC,,68731,"
md as
3%

nr

LE VOLEUR |. 29"
"pas ton corps »,
a dit Isaïe. ",68883,Monsieur,PER,,68891,", je ne connais point de parol"
"point de parole
plus haute. — ",68937,Riche,LOC,MISC,68942, ! ne méprise pas ton corps ; 
"un mauvais tour

de la part d’",71288,Issacar,PER,MISC,71295, ; je ne redoute pas qu’il veu
" et que le hasard
seul en eût ",71765,assuré,PER,,71771," la réussite. Le hasard, oui, "
e de suite dans les procédés. ,72412,La,PER,,72414," moustache
courte et la barbe "
 oreilles... Mais descendons. ,73167,Issacar,PER,MISC,73174,"
boîte un peu ; chez lui, pour"
"s je ne suis sûr
de rien. Mon ",73603,oncle,PER,,73608,", qui me fait une pension depu"
n peu émêché... Peut-être que ,75148,la,PER,,75150," définition
n'est pas bonne, a"
"hologue.
Alors je ne suis pas ",75257,amoureux,PER,,75265,".

Mais je suis étonné, très é"
"rès étonné, même, lorsque
mon ",75320,oncle,PER,,75325," me prend à part, un soir, et "
 paraît que c’est pressé. Mon ,75516,oncle,PER,,75521," tient
sans doute à savoir, av"
"règle, correct, légal...

Mon ",75969,oncle,PER,,75974,", c’est un homme d’ordre; une "
" dominantes :
l’Orgueil et la ",76243,Luxure,PER,,76249,", dont la somme, toujours, est"
"ont la somme, toujours, est

_",76282,JAvarice,PER,MISC,76290,". A force d'énergie, il arrive"
 d'autorité qui lui assure la ,76598,garan-,PER,,76604,"
tie des hiérarchies, même usu"
"
Et avare ? Certainement. Mon ",77585,oncle,PER,,77590," est un avare
tragique.

Ce n’"
" de
leur donner une musette d'",77852,avoine,PER,,77858,". Ce n’est pas un
de ces pince"
ue chose d’effrayant chez mon ,79575,oncle,PER,,79580,";
c’est l'absence complète de "
ère ; fort jolie surtout. Mon ,80482,oncle,PER,,80487,", le lendemain du
mariage, pri"
"ui met sur
. le visage de mon ",80928,oncle,PER,,80933,", parfois, un voile de tristes"
"e sol et ses pro-
duits et se ",81750,libèreront,PER,,81760, de tout souci en plaçant la r
"a seule
Puissance. — Mais mon ",82287,oncle,PER,,82292," est venu trop tard
dans un mo"
"se seulement qu’inspire
à mon ",82613,oncle,PER,,82618, cette vision décourageante de
"me de ses passions,
mais leur ",83659,maître,PER,,83665, ; un maître exigeant et bruta
"ssions,
mais leur maître ; un ",83671,maître,PER,,83677," exigeant et brutal, qui
pouss"
" avoir pour
son argent... Mon ",83832,oncle,PER,,83837," me fait souvent songer aux
ba"
"ut lorsqu'on croit, comme mon ",84813,oncle,PER,,84818,",
que l’âge est proche où l'au"
"— Âh! ces Américains, dit:mon ",85058,oncle,PER,,85063," avec colère,
quelles leçons i"
s leçons ils donnent au Vieux ,85113,Monde,PER,,85118,"!

Et il explique le système s"
"as
ae eg ÉTAT Le

PÉRLE peu,

",85441,Panne,MISC,,85446," YA AE ie
D TUE ae LP
mono is
"
"t lorsqu'il a dit

_ à l'abbé ",86168,Lamargelle,LOC,PER,86178," qui, depuis quelque temps déj"
" charitables : « Dites-moi,
l'",86271,abbé,PER,,86275,", ne pourriez-vous pas néglige"
"arti
pour ma fille ? » l’abbé ",86399,Lamargelle,LOC,,86409," a immédiatement
compris que l"
"l ne
faut pas plaisanter avec ",86558,M.,PER,,86560," Urbain Randal.

Mais ça, c’es"
pas plaisanter avec M. Urbain ,86568,Randal,MISC,,86574,".

Mais ça, c’est une règle qu"
e que des plaisanteries À mon ,86718,oncle,PER,,86723,", tout à

l'heure.

Car je sui"
"’une odeur de chancis-

sure. ",88067,Amour,PER,,88072," paternel, amour maternel, amo"
"es imitant de leur
mieux, mon ",88450,oncle,PER,,88455, a été conduit à rechercher po
"le,
échoue misérablement. Mon ",88990,oncle,PER,,88995," (ou plutôt mon ar-
gent) en a"
" prudence toujours né-

 

 

",89558,RTE,MISC,ORG,89561," TE TT

 

+ .
msn + ou

M. e"
"
RTE TE TT

 

+ .
msn + ou

",89587,M.,PER,,89589," eus

SA ET TR ET EE aa: 7 u F"
"béante de la spéculation. |
_ ",89965,J',PER,,89967,écoute. Je suis venu pour écou
"’aime plus que ne l’aime

mon ",90333,oncle,PER,,90338, ! Chaque parole qu’il prononc
" à la
gorge et lui crier : &« ",90609,Menteur,PER,MISC,90616,"! Voleur ! » ‘C’est au-
jourd'"
ge et lui crier : &« Menteur! ,90618,Voleur,PER,MISC,90624," ! » ‘C’est au-
jourd'hui, ce "
"eux pas!

— À quoi penses-tu, ",90767,Georges,PER,MISC,90774," ?. crie mon oncle
d’une voix "
"enses-tu, Georges ?. crie mon ",90787,oncle,PER,,90792,"
d’une voix furieuse. Tu ne m’"
" ses actes. Il ne
dit plus: « ",91454,Mets,LOC,,91458,"-toi à ma place, je t’en prie "
" ne
dit plus: « Mets-toi à ma ",91468,place,MISC,,91473,", je t’en prie ; aurais-
tu ag"
"ence.

Je ne réponds pas. Mon ",92712,oncle,PER,,92717," reprend :

_— J'ai donc, aujo"
" — C’est possible, répond mon ",93065,oncle,PER,,93070,". Lis un jour-

_nal. Ou plutô"
e les ai payées le prix fort. ,93299,J',PER,,93301,"ai
les bordereaux d’achat. Les"
"ereaux d’achat. Les voici. :

",93342,Naturellement,MISC,,93355,". |

— Tu n’as aucune réclamat"
". |

Il ne l’aura pas.

— Mon ",94180,oncle,PER,,94185,", dis-je en prenant une plume,"
"règlement.

Mais il me saisit ",94261,la,PER,,94263," main. |

— Attends! Rappelle-"
"saisit la main. |

— Attends! ",94284,Rappelle,PER,,94292,"-toi qu’en acceptant aujour-
d"
"une réclamation ulté-
rieure. ",94383,Réfléchis,MISC,,94392, ! Je ne t’oblige à rien. Tu a
"n me fasse grâce, moi!

— Mon ",94535,oncle,PER,,94540,", ne faites aucune attention à"
"ues lignes que je signe. Mon

",94711,oncle,PER,,94716, s’est rassis pendant que j'éc
"on d’entreprendre,
me dit mon ",94980,oncle,PER,,94985, lorsqu'il m'a remis les titre
", il n’y a rien
de tel que le ",95397,Respect,MISC,LOC,95404,. J'en ai fait l'expérience. L
re vue. Montesquieu a écrit l',95609,Esprit,PER,,95615,"
des Lois ; il est inutile, n’"
ir bon cœur qu’à bon escient. ,95927,Rappelle,PER,,95935,"-toi
que le Petit Poucet a ret"
" escient. Rappelle-toi
que le ",95947,Petit,PER,,95952, Poucet a retrouvé son chemin 
". Et je saurai, aussi,
que le ",96141,Respect,MISC,LOC,96148, est un chat malfaisant et san
"es Montareuil? me
demande mon ",96379,oncle,PER,,96384,".

— Non; je ne crois pas. _

"
"s pas. _

— Tu le devrais; M"" ",96434,Montareuil,PER,LOC,96444," est charmante
pour toi et Edo"
"e, la femme de chambre de M""° ",96680,Montareuil,PER,LOC,96690,",
une jolie fille pas trop far"
sérieux. Qu’en dire de plus ? ,97081,Trans-,MISC,PER,97087,"
crire sa conversation avec Ch"
"modés.
— Oui, Monsieur. |
Mon ",97496,oncle,PER,MISC,97501, parle de l'intention qu'il a 
" bijoux que lui a

laissés sa ",97609,mère,PER,,97613,".

— Quelle chose incompréhens"
"e chose incompréhensible, dit ",97653,"M""",PER,,97655,"° Mon-
tareuil, que ces perpét"
"che dans son
appartement. Mon ",97993,oncle,PER,,97998," est radieux, plein d'atten-
t"
"ent. Pourquoi en dire
du mal? ",98625,Mme,PER,,98628, Montareuil referme l’écrin av
"Vous viendrez
aussi à Maisons-",98818,Lafitte,PER,,98825,", j'espère, monsieur Georges ?"
" à Maisons-Lafitte, j'espère, ",98837,monsieur,PER,,98845," Georges ?
_ — Non, Madame; je"
"mais j'ai déjà
expliqué à mon ",98919,oncle,PER,,98924, les raisons qui ne me permett
"effet, j'ai reçu une lettre d’",99087,Issacar,PER,MISC,99094," qui m'appelle
à Bruxelles. Ma"
"cette belle
propriété que mon ",99238,oncle,PER,,99243," a achetée, je crois, par habi"
ser de l'hospitalité de votre ,99493,oncle,PER,,99498,". Nous laissons
Marguerite pou"
"tour. C’est si

joli, Maisons-",99633,Lafitte,PER,,99640, ! Et les courses ! Quelque ch
"uyaux d'orgue !

C’est l’abbé ",99881,Lamargelle,LOC,,99891," qui fait son entrée; et j'en
"
" car, si la conversation de
l'",99975,abbé,PER,,99979," m'intéresse, je n’aime pas be"
 Monsieur ne va pas à Maisons-,100253,Lafitte,PER,,100260," de-
main, me dit-elle dans l’"
"EE

7%

nee Ve"" .
À Y a « mt
",101019,nette,PER,,101024," tie 2

E. Pa Nr Me, these AÉS"
" a « mt
nette tie 2

E. Pa Nr ",101041,Me,PER,,101043,", these AÉS ce

LRURS 2.

IV

"
"u'une semaine, jai trouvé mon
",101225,oncle,PER,,101230, dans une colère bleue. Mr. Mo
"ient l’air fort affligé.

__— ",101516,Mademoiselle,PER,,101528," Charlotte ne se mariera pas, "
"rt affligé.

__— Mademoiselle ",101529,Charlotte,PER,,101538," ne se mariera pas, m’a
dit l’"
e très malheureuse. C’est mon ,101665,oncle,PER,,101670," qui
me l’apprend, d’une voix "
"s voleurs
sont venus chez les ",101855,Montareuil,PER,LOC,101865," ; ils ont tout enlevé,
tout, "
onné le signalement de l’un d’,102354,eux,PER,,102357,";
c'était un homme brun, avec "
"personne, cette nuit-là,
chez ",102571,Me,PER,,102573," Montareuil ?

— Si; Marguerit"
la Digestion. Economique ; M° ,103451,Montareuil,PER,,103461," aussi a
_ toujours été très c"
"é très charitable, ajoute mon ",103513,oncle,PER,,103518," qui ne
se souvient plus de ce"
"onsidérable.

— Je pense, mon ",104237,oncle,PER,,104242,", que vous avez été un peu
vit"
leur totalité ; que la police ,104686,mette,PER,,104691," la
main sur les coupables.

M"
"
main sur les coupables.

Mon ",104724,oncle,PER,,104729," ricane.

— Les coupables ! di"
as agi aussi brusquement avec ,105204,"M""",PER,,105206,"° Mon-
tareuil. J’ai pris des "
"R

un peu mystérieuses de mon ",105874,oncle,PER,,105879," m'intéressent, alors,
quel es"
" te dire son nom, répond

mon ",105980,oncle,PER,,105985, ; ilne t’apprendrait rien. C’
"mant de Me Mon-
tareuil. |

— ",106143,Me,PER,,106145," Montareuil ! Un amant!

— Pou"
"s la seule, je pense,
dit mon ",106230,oncle,PER,,106235, en haussant les épaules... Ca
uis deux ans. C’est là qu’est ,106306,la,PER,,106308," bêtise. Qu’une
femme, à n'imp"
"e. Un de ces faux artistes de
",106839,Montmartre,PER,LOC,106849, dont le ciseau de sculpteur s
"urbe
en pince et qui ont dans ",106915,la,PER,,106917," main le poil de leurs pin-
ce"
" avant-hier, dans la Seine. — ",107231,Crime,PER,,107236," ou sui-
cide ? Crime, certain"
"Seine. — Crime ou sui-
cide ? ",107252,Crime,PER,,107257,", certainement. Il n'avait pas"
"arce que, depuis

+

FRERE TE ",107711,MRETIREATRR,PER,,107722,"

RC D STRESS mr
RIRE RER RTE "
". Mais pour-
quoi diable, mon ",108239,oncle,PER,,108244,", me racontez-vous une pa-
rei"
" ?

— Une histoire ! crie mon ",108316,oncle,PER,,108321,". Une histoire !
Aussi vrai qu"
sation ; c’est permettre à la ,109455,vieille,PER,,109462,"
barbarie de prévaloir contre "
"nicharde, je songeais à cette ",109669,vieille,PER,,109676,"
princesse qui, pendant le pil"
"nneur, j'avais envie. Ah!
bon ",109859,Dieu,MISC,,109863,! se souvenir qu’on a un sexe 
"naire ! |

— Calmez-vous, mon ",109994,oncle,PER,,109999,". D'abord, ces titres,
ceux qu"
"
eux-mêmes... |

— Est-ce que ",110474,"M""",PER,,110476,° Montareuil est au courant de
"-mêmes... |

— Est-ce que M""° ",110478,Montareuil,PER,LOC,110488," est au courant des
choses ?

"
" au courant des
choses ?

Mon ",110522,oncle,PER,,110527," tire sa montre.

— À l'heure "
"e qui la mandait, seule, à la
",110651,Sûreté,PER,ORG,110657," ; elle est, depuis une demi-h"
"s trois cent mille francs. |

",111179,Petite,MISC,,111185, affaire. « Plaie d'argent n’e
" Mais que pense-t-ellé ?

Mon ",111398,oncle,PER,,111403," me regarde avec étonnement.

"
" ue LE An et ne A ee TT
ce RS ",111686,RRER,PER,ORG,111690," ASNE pE PETER FR en

À.""

 

"
"

 

LE VOLEUR | SI

suis son ",111748,père,PER,,111752, ; je pense pour elle... Après
"re sa curiosité de la vie; sa
",114278,mère,PER,,114282,", morte de bonne heure, n’a pu"
" que moi, isolé, enfermé
dans ",114989,la,PER,,114991, cage où l’on vous apprend à a
" apprend à avoir peur et
dans ",115039,la,PER,,115041, cage où l’on vous enseigne à 
"a passé — et que les nerfs
de ",115994,la,PER,,115996," femme n’oublient jamais, même"
 ont ouvert l’âme à moitié en ,116148,la,PER,,116150,"

#  froissant beaucoup. Car l"
on réprimée produit la pitié. ,116464,La,PER,,116466," pitié mes-
“ . quine, espèce "
" idées libératrices — ou
même ",117441,la,PER,,117443," bonté sans phrases, lorsqu'el"
" x # 522 5 . u 2e
Te REV gars ",117796,CASE,PER,MISC,117800," A T2 Fe
LEUR RUE PAGES

 

ce"
"ur d’orage,
dans le jardin de ",118511,Maiïsons,PER,,118519,"-Lafitte, où sa robe blanche
f"
"e,
dans le jardin de Maiïsons-",118520,Lafitte,PER,,118527,", où sa robe blanche
frémissai"
"voyons que la vie, quand nous ",120857,sommes,MISC,,120863," ensemble, la
vie dont nous ne"
"ne parlons jamais, hideuse et ",120921,vieille,PER,,120928,",
— vieille, vieille... |

J'a"
"jamais, hideuse et vieille,
— ",120932,vieille,PER,,120939,", vieille... |

J'ai conscienc"
"ideuse et vieille,
— vieille, ",120941,vieille,PER,,120948,"... |

J'ai conscience qu’elle"
"elle
sent qu’elle n’est point ",121032,faite,PER,,121037," de ma chair. C'est comme
si j"
"
où elle était assise, devant ",122024,la,PER,,122026," table où elle s’appuyait ;
ce"
"e l’entrevue ; je l’attends.

",123544,La,PER,,123546," voici. Pour la première fois,"
"s, en face d'elle, je
me sens ",123604,maître,PER,,123610," de moi, je n’éprouve pas les "
"i. |

C'est vrai. J'ai vu mon ",123793,oncle,PER,,123798," hier matin. Il ma
écouté sans"
 elle voudra attendre ? » Mon ,125263,oncle,PER,,125268," s’est mis à ri-
caner. « Oh! "
"aîtresse.
— Ta...? à crié mon ",125718,oncle,PER,,125723," en sursautant, car il a
senti"
"iser notre si-
tuation. » Mon ",125918,oncle,PER,,125923," était blème, encore, et sa
ma"
"lé mon
héritage, à moi! » Mon ",126370,oncle,PER,,126375," ne s’est pas indigné ; il
a s"
"cherche de la pa-
ternité.… » ",126881,J',PER,,126883,ai bondi vers mon oncle et je 
rnité.… » J'ai bondi vers mon ,126901,oncle,PER,,126906," et je l’ai empoi-
gné par les"
"e sous.

mes pieds et je vous ",127108,jette,PER,,127113," par la fenêtre. Il ÿ a long-
"
"iant avec
une dot, je ne puis ",129039,la,PER,,129041," donner qu'à un homme possé-
d"
"serai pas
du droit qu’elle me ",129584,confère,PER,,129591,". Tu as séduit Charlotte ;
tu "
"e me mmrme qe

60 LE VOLEUR

‘",130349,Cliarlotte,PER,LOC,130359, secoue la tête tristement. El
" quelque chose, au loin,
pour ",130590,éviter,PER,,130596, son regard que je sens peser 
"

— Dis-moi ce que tu penses, ",130774,Georges,PER,MISC,130781," ! Je t'en
prie, dis-le moi, s"
"nnais pas. Je ne te vois
pas. ",131168,J',PER,,131170,ai peur... Je devine des chose
à cessé de vivre de leur vie. ,131659,J',PER,,131661,"ai... Tu sais, le
vol commis c"
". Tu sais, le
vol commis chez ",131695,Me,PER,,131697," Montareuil, ces quatre cent m"
".. Non,
. non,ne t'en va pas. ",132375,Keste,PER,,132380,". Ne te mets pas en colère .
s"
"continuer, ni plus ni

“* ;
+ ",134124,À.,PER,,134126," 5, die

ë

""

es

42

1

27
E"
"Dieu ne m'en empêcherait
pas. ",134507,J',PER,,134509,espère que tu ne me quitteras 
"ir en larron légal, comme ton ",135258,père,PER,,135262," ? Je

ne veux pas être un lar"
"qui es une femme et qui seras
",135801,mère,PER,,135805," demain, tu peux être empoigné"
"ui volent avec un décret,
Îls ",137360,comprendront,PER,,137372, que ces deux espèces de voleu
"oses impossibles. Il faut que
",138306,Jagisse,PER,MISC,138313," comme je te l’ai dit, je suis"
 murmure-t-elle en détournant ,138491,la,PER,,138493," tête ; je

64 _ LE VOLEUR

v"
"t pendant;
longtemps, cloué à ",139754,la,PER,,139756," même place et comme pétrifié,"
"t;
longtemps, cloué à la même ",139762,place,MISC,,139767," et comme pétrifié, .
je crois"
"lendemain matin, à la gare du ",140074,Nord,LOC,,140078,", au mo
ment où je vais prendr"
"aule. Je me retourne. C'est
l'",140195,abbé,PER,,140199," Lamargelle.

— Vous partez en"
" Je me retourne. C'est
l'abbé ",140200,Lamargelle,MISC,,140210,".

— Vous partez en voyage, ch"
"— Vous partez en voyage, cher ",140243,monsieur,PER,,140251," ?

£ ,
D Fur nen Vanne LÉ RS"
 Vous ne m'étonnez pas; votre ,140536,oncle,PER,,140541," est un
homme aimable et Mi: C"
" Providence sont insondables.
",141070,M.,PER,,141072, Edouard Montareuil est bien a
" sont insondables.
M. Edouard ",141081,Montareuil,PER,,141091," est bien affecte.

— J'espère"
our sur la route de PInstitut ,141307,Pasteur,PER,,141314,". La
science est une grande co"
"er mon train. Au revoir, cher
",141804,monsieur,PER,,141812,". Nous nous retrouverons, j'es"
"ica-
lisme c’est l'ennemi. |

",142508,J',PER,,142510,y réfléchis pendant que le tra
"ques malheureux millions en
. ",142982,Europe,PER,LOC,142988, ; on est bien forcé d'admettr
"ac x

ET T AE

OU COURT-IL

— ",143296,Naturellement,PER,,143309,", si vous essayez d'expliquer "
"s
vrai que le voleur, c’est l'",143478,Atlas,PER,LOC,143483," qui porte le monde
moderne su"
"ix-huit siècles, au sommet du ",144617,Golgotha,PER,MISC,144625," : le
_ Jarron légal à droite,"
" au sommet du Golgotha : le
_ ",144633,Jarron,PER,,144639," légal à droite, le larron hor"
"ent à son action
sont en bien ",145745,petit,PER,,145750," nombre. Ils existent, cependa"
"personnes les
plus versées en ",145911,la,PER,,145913, matière n’ont point de doutes
"sonnes les
plus versées en la ",145914,matière,PER,,145921," n’ont point de doutes à ce
su"
"t point de doutes à ce
sujet. ",145956,M.,PER,,145958, Alphonse Bertillon assure mêm
"oint de doutes à ce
sujet. M. ",145959,Alphonse,PER,,145967, Bertillon assure même qu’on p
dre le Code pénal pour base d’,146894,apprécia-,LOC,,146903,"
tion.

— Bien entendu ; le Co"
t les utopistes du Socialisme ,149112,la,PER,,149114," parachèvent. Mais la
tentativ"
qui n’aura point pour base la ,150589,liberté,PER,,150596," ab-
solue de l’Individu ; de "
"ase la liberté ab-
solue de l’",150612,Individu,PER,MISC,150620, ; de la bloquer dans sa Cité 
"la bloquer dans sa Cité du

_ ",150656,Lucre,LOC,,150661,", jusqu’à ce qu’elle se rende "
" se détruise elle-même, comme ",150749,Numance,PER,MISC,150756,". Ce
rôle, il ne le remplit pa"
"uelle. .

— Certainement, dit ",152470,Issacar,PER,MISC,152477,". Mais ce n’est pas

72 | | L"
"t il subsistera
tant qu’elles ",152800,existeront,PER,,152810," ; il est [à pour démontrer,
p"
" loups sont des loups, répond ",153698,Issacar,PER,MISC,153705," ; et
les hommes... Il y a ann"
"t cinquante mille
suicides en ",153773,Europe,PER,LOC,153779,"; et, en France seulement, qua"
"ite de chagrins
et de misère. ",153992,Croyez,MISC,,153998,-vous que cette foule de misé-
nsée à l'acte ! Plutôt que de ,154283,la,PER,,154285," fran-
Chir, ils préfèrent la "
"r, par
exemple, une affaire d’",155207,adultère,PER,,155215," ; le voleur, devant le
public"
"eur, devant le
public et même ",155254,le,PER,,155256," tribunal, fait bien meilleure"
"|
_— Que voulez-vous ? ricane ",156149,Issacar,PER,MISC,156156,". Ils ont contre
Eux l'opinion"
 des titres avec lesquels mon ,156958,oncle,PER,,156963," avait
réglé ses comptes de tu"
perspective était engageante. ,157769,Néanmoins,PER,,157778,", elle
ne m'attirait pas. J'ét"
"s. D'ailleurs, je n’avais pas ",158046,la,PER,,158048," notion
déprimante de l'avenir"
"ne question de principes, dit ",158194,Issacar,PER,MISC,158201,". Rien de
mauvais comme les pr"
"on de principes, dit Issacar. ",158203,Rien,MISC,,158207," de
mauvais comme les principe"
"u'avait déjà tenue Jérémie, l’",159992,Individu,PER,,160000," la porte sur
R poitrine, aujo"
"upation de notre épo-
que est ",160501,la,PER,,160503," division du travail, car on a"
ne sont point une sauvegarde. ,161677,Jusqu',PER,,161683,"ici, vous
n'avez commis qu’un "
"udent et d’une
audace presque ",161757,enfantine,PER,,161766," ; grâce à un concours de
circ"
souvenez-vous bien qu'il faut ,162028,éviter,PER,,162034,"
à tout prix les violences con"
"e vous révoltez pas trop, dit ",163110,Issacar,PER,MISC,163117," ; ça n'a
jamais rien valu. Co"
"elque
chose du côté du Congo. ",165687,J',PER,,165689,"ai une idée... |

— Vous ne cr"
"ux ports de mer ?

— Si; mais ",165765,la,PER,,165767, question n’est pas mûre; les 
"les ils
feront la conquête de ",165936,la,PER,,165938," Suisse, pour créer un port
à "
"isse, pour créer un port
à La-",165971,Chaux,PER,,165976,"-de-Fonds; seulement, il faut "
vous avez soulagé cette bonne ,166533,vieille,PER,,166540,"
dame? C'était si naturel! Je "
"èque ce soir ?

— Non, répond ",166810,Îssacar,PER,MISC,166817," ; vous m'enverrez ces

vingt "
"ez ces

vingt mille francs de ",166863,Londres,PER,LOC,166870,", après-demain matin,

en bank"
" présent, en route, chantonne
",167079,Issacar,PER,MISC,167086, en prenant son-chapeau. Le ca
’égouttement de l’eau bénite. ,168947,Issacar,PER,MISC,168954," fait les
présentations comme "
"industriel, j'ai ap-
pris par ",169122,M.,PER,,169124, Issacar combien vous êtes dés
"avis de notre ho-
norable ami ",169440,M.,PER,,169442," Issacar, et je suis heureux q"
écoute le moins possible. Mon ,169838,Dieu,MISC,,169842," !
Mon Dieu ! pourvu que ça ne"
"oins possible. Mon Dieu !
Mon ",169849,Dieu,MISC,,169853, ! pourvu que ça ne dure pas t
" l’honnête industriel. | |

— ",170319,Monsieur,PER,,170327,", lui dis-je, le tableau que v"
’exposer est tracé de main de ,170401,maître,PER,,170407,", et je dois
avouer que vous m"
"s.

— Quoi qu’il en soit, dit ",171135,Issacar,PER,MISC,171142," qui s'aperçoit sans
doute que"
la plus grande impression sur ,171316,M.,PER,,171318," Ran-
dal. Je connais M. Randa"
"n sur M. Ran-
dal. Je connais ",171340,M.,PER,,171342," Randal. Il est peu expansif, "
"r je ne
comprends pas du tout ",171783,la,PER,,171785," signification des coups de

p"
"ication des coups de

pied qu’",171822,Issacar,PER,MISC,171829, me lance sous la table — oh !
pied qu’Issacar me lance sous ,171844,la,PER,,171846," table — oh ! oh! c’est
aller "
"s’agit pas
ici des Bitumes du ",172031,Maroc,PER,,172036," ou du percement du Caucase,
s"
s du Maroc ou du percement du ,172056,Caucase,PER,LOC,172063,",
savez-vous. C’est une affair"
"is ?

Moi ? Pas du tout. Mais ",172258,Issacar,PER,MISC,172265," en a pour moi.

— Oui, dit-il"
"n a pour moi.

— Oui, dit-il, ",172297,M.,PER,,172299, Randal a certaines raisons qu
e que nous leur donnerions de ,172875,la,PER,,172877," main droite, nous
le leur rep"
" nous
le leur reprendrions de ",172920,la,PER,,172922," main gauche. Il est impos-
si"
"nous l'ap-
prend. La science, ",173022,Monsieur,PER,MISC,173030,"! La main-d'œuvre est
pour rie"
" est une admirable chose, dit ",173507,Issacar,PER,MISC,173514,".
Mais M. Randal, qui a pour e"
"able chose, dit Issacar.
Mais ",173521,M.,PER,,173523," Randal, qui a pour elle tout "
"rofundis! Tu sais, les bâti-

",174720,ments,PER,,174725," sont assurés.

—. C’est une g"
"t une grande consolation, dit ",174778,Issacar,PER,MISC,174785,". Mal-
heureusement, cette uni"
"es, dont l’idée seule
effraye ",174961,M.,PER,,174963," Randal.

.— Oui, dis-je, obéi"
"sant à une pression du pied
d'",175024,Issacar,PER,MISC,175031,", je crains énormément les grè"
"est

nous qui les provoquons. ",175306,En,ORG,,175308," Angleterre, en France, en
Amé"
a surproduction se refait par ,175431,la,PER,,175433," grève.
[l'est curieux que vou"
"ion sociale.
_ Coup de pied d’",176057,Issacar,PER,MISC,176064,". Silence. Second coup de
pied"
"ilence. Second coup de
pied d’",176097,Issacar,PER,MISC,176104,". Je parle.

— Certainement, u"
"on qui prendrait
d'assaut les ",176280,Banques,PER,LOC,176287, et dilapiderait les épargnes 
"able
en Belgique ; nous avons ",176452,la,PER,,176454," garde civique, ici, Mon-
sieu"
"ne pas
confier son argent aux ",176612,Banques,PER,LOC,176619," et de le garder chez

soi. C’"
reille fine et je ne dors que ,177643,d’,PER,,177645,"un œil, en gendarme.

— Excell"
".

— Excellente habitude, dit ",177694,Issacar,PER,MISC,177701," ; nous n’aurons
pas de mal à "
"onne son adresse : 67, rue de ",178253,Darbroëk,PER,,178261," ;
et se retire après force co"
"ore pas. Ah ! quelle lame de

",179137,Sabre,PER,ORG,179142, ne vaudrait mille fois son pa
"est presque un soulagement,

",179829,Me,PER,,179831," ue ae ART . TOI AT TE +
AM EE"
" TE +
AM EE ts = À: v Dors où ",179880,Lens,MISC,LOC,179884,"
‘ e : « - ne —. LS
1 Fr : 4

"
"e soir.

— Volontiers, répond ",180455,Issacar,PER,MISC,180462,"; mais il est inutile
de sorti"
"ent faire
la connaissance. |

",180686,J',PER,,180688,esquisse un. geste d’étonnemen
" le jeune
homme blond me tend ",180755,la,PER,,180757," main.

— Je suis vraiment enc"
"tification ; mon nom
est bien ",180876,Roger,PER,,180881," Voisin mais, d’ordinaire, on "
"onte.

y 8.

VI

PLEIN CIEL

",180963,Minuit,PER,,180969, sonne au beffroi de la cathéd
" est
quelquefois obligé de se ",181406,contenter,PER,,181415," de peu, et même
€ trop peu. T"
" de nous donner du
Monsieur ? ",181693,Donc,MISC,,181697,", Roger-la-Honte me tutoie et "
"te, tout court, comme on dit:
",181784,Monsieur,PER,,181792," Thiers.

— Nous voici arrivés"
tituent tout l’ameublement de ,182558,la,PER,,182560," chambre où mon

nouvel ami a "
"honnête industriel, comme dit ",183121,Issacar,PER,MISC,183128,"… Nous a-t-il

assez assommés "
"— Vous en auriez été quittes, ",184071,Issacar,PER,MISC,184078," et toi, pour
aller déjeuner c"
" trouvait au second étage, et
",184299,Issacar,PER,MISC,184306, soutenait qu’il était au troi
" ;
elle à eu du mal, car nous ",185648,sommes,MISC,,185654," trois enfants, deux

90 LE V"
vois maintenant : c'est vrai. ,188386,Rien,MISC,,188390," de plus anti-social
—.dans le"
"on véhémente et
Superbe de la ",188754,Liberté,PER,,188761, et de la Beauté contre la Lai
uperbe de la Liberté et de la ,188771,Beauté,PER,,188777," contre la Laideur
et la Servi"
rté et de la Beauté contre la ,188788,Laideur,PER,,188795,"
et la Servitude; et l’homme, "
"idu
et la haute majesté de la ",189042,Nature,PER,MISC,189048," ; cette voix fière qui
étouff"
l à le ressentir. Je le sais. ,189483,J',PER,,189485,"ai
vu les figures des serfs de"
"ceptions. Moi, j'en suis une. ",190703,J',PER,,190705,"ai
- l'horreur de l’esclavage "
"s. J’ai décroché une toile de
",191479,Lorenzo,PER,,191486," di Credi, une Vierge qui me p"
 la vérité à mon père et à ma ,192511,mère,PER,,192515,", fort
étonnés de mon absence "
 leurs peines sans salaire et ,193645,leurs,PER,,193650," fatigues
sans récompense, tu "
" les doigts d’une
main. Et ta ",193907,mère,PER,,193911,", ta pauvre mère dont les prod"
"e
main. Et ta mère, ta pauvre ",193923,mère,PER,,193927," dont les prodiges
d’abnégatio"
"vés tous les
trois, ta pauvre ",194017,mère,PER,,194021, dont la vie a été un long ren
quitté Paris ; ils tiennent à ,195602,Vichy,PER,LOC,195607," un
hôtel qu’ils ont acheté et"
"pes ; elle était censée
avoir ",196294,avancé,PER,,196300, à mes parents l'argent nécess
"essaire à leur
établissement. ",196357,Censée,PER,,196363,", tu comprends. La vérité, c’e"
"a dit
qu'elle prierait le Bon ",196877,Dieu,MISC,,196881," pour moi deux fois par
jour. "
"tre sœur, elle est

encore au ",196973,couvent,LOC,,196980," ?
..— Non; elle en est sortie"
" fois mes parents
installés à ",197044,Vichy,PER,LOC,197049,". Mais, un beau jour, Broussai"
"
restée depuis.

— Ah ! bah !'",197557,Broussaille,PER,,197568," est à Londres. Et qu’est-
ce "
" de chaussons de lisières.

— ",198419,Retirons,PER,LOC,198427, vite nos bottines et mettons 
"ça. C’est
des bons. C’est des ",198487,Poissy,MISC,LOC,198493,".

— Comme cela, dis-je en gli"
"‘1 faut attendre; nous
nous y ",199084,sommes,MISC,,199090, pris trop tôt. Ces garces de 
 dit tout bas Roger-la-Honte. ,199375,Re-,LOC,,199378,"
garde donc là-haut. Crois-tu "
deviendrais un grand peintre. ,200730,J',PER,,200732,"ai tellement envie
d'être un p"
"yre, depuis Sa-
turne jusqu’à ",201078,Mercure,PER,LOC,201085, ; -de-Fanalogie entre les dis
"te. Deux secondes après, nous ",202509,sommes,MISC,,202515," dans une
chambre que les rayo"
" lire pour calmer mes nerfs.

",205052,À.,PER,,205054," M. Delpich, banquier, 84, rue"
"re pour calmer mes nerfs.

À. ",205055,M.,PER,,205057," Delpich, banquier, 84, rue d'"
manditaire parmi vos clients. ,205194,J',PER,,205196,"ai déniché l’oiseau
rare. C’es"
e. C’est un jeune serin nommé ,205249,Georges,PER,,205256," Randal,
ingénieur de son état"
 un jeune serin nommé Georges ,205257,Randal,PER,,205263,",
ingénieur de son état, qui e"
"chauffons en Belgique... » |

",206053,La,PER,,206055, lettre ne va pas plus loin. Ç
"ier étage, devant la porte de ",206988,la,PER,,206990," chambre
à coucher de l'indust"
"le et il commence
à couper le ",207584,métal,PER,,207589,; on dirait le grignotement d’
"s et donner
un tour de clef à ",208884,la,PER,,208886," serrure. L'ordre avant tout.
"
"nt demain de bonne
heure ne s’",209386,apercevront,PER,,209397," de rien. C’est Monsieur lur-
"
"a si bien accueillis.

Nous y ",209636,sommes,MISC,,209642,", et nous avons fermé la porte"
"à vers Venise.

— Ah! Venise, ",211788,Venise,LOC,MISC,211794,"! soupire Roger-la-Honte
en s'"
"
que nous venons de prendre à ",212123,Cannon,PER,,212129," Street, c’est
que si Paternos"
us venons de prendre à Cannon ,212130,Street,PER,,212136,", c’est
que si Paternoster nou"
"ter, c’est un ancien
officier ",212566,ministériel,PER,,212577," ; il était notaire, je ne sai"
"e ne sais plus
où, du côté de ",212629,Bourges,MISC,LOC,212636," ou de Châteauroux.

_ — Etila"
"éputé
‘qui venait d’être fait ",213201,ministre,PER,,213209,", et qui l’a encore été
depuis"
e compte ni du ministre ni de ,213381,la,PER,,213383," femme qui
auraient été fort a"
"|
_ — Je le crois facilement. ",214207,Maïs,MISC,,214211," je ne vois point,
jusqu'ici, "
"ndestinement.

— Quoi! Mis en ",214404,liberté,MISC,,214411," ? |

— Absolument. Le ministr"
"
là, il'était accompagné d’un ",215097,curé,PER,,215101," et d’une toute jeune
fille vr"
ais pas ce que c'était que le ,215235,curé,PER,,215239,";
j'ai entendu dire que la pet"
tes qui sillonnent la Cité de ,215460,Londres,LOC,,215467,", devant une
haute maison noir"
"iles, hein ? Tout le monde se ",216458,plaint,PER,,216464," un
peu. Mais je parie que vou"
 une figure de cabotin; c’est ,217145,la,PER,,217147," volonté,
tenace et muette, ma"
" ? demande Roger-la-Honte.

— ",218438,Césont,PER,LOC,218444, ces papiers eux-mêmes qui me 
t là des placements de Belge. ,218526,Jamais,PER,,218532," un
Français, à l’heure actuel"
"s que je traite

ne peut être ",219062,basé,PER,,219066, que sur la confiance. Voilà p
"ne pos-
sèdent guère que dela ",219397,Rente,MISC,,219402," ou des Chemins de fer.
Excell"
"s,
vous n'en voulez pas. -

— ",219626,Naturellement,PER,,219639,"! Ce n’est pas garanti, au moi"
t même en Extrême-Orient ; le ,220128,Japon,PER,LOC,220133," y a pris goût
depuis quelques"
"
depuis quelques années et la ",220177,Chine,PER,LOC,220182," donne de belles
espérances, V"
a grandeur de la civilisation ,220552,occidentale,PER,,220563," et les

rappoïts des Blancs e"
"s

rappoïts des Blancs et des ",220599,Jaunes,MISC,ORG,220605," deviennent tous les
jours plu"
"’ont au-
cune difficulté à en ",221302,toucher,PER,,221309," les intérêts ?

— Aucune ; on"
"ls ont conquis leurs
grades à ",221873,Oxford,PER,LOC,221879," ; l’un d’eux, celui qui vous "
" avant
peu. Ah! oui, continue ",222102,Paternoster,PER,MISC,222113," en poursuivant
son examen des"
" japonais, un kaïmakan d'Asie ",222386,Mineure,PER,LOC,222393,"
où un mandarin à bouton de cr"
" x LL eum 7 _
#7 : . PORTA Se ",222959,Me,PER,,222961, ns te US mn da at A tue Mars 
"discours, dit Roger-la-Honte.
",223812,Monsieur,PER,,223820," Paternoster, il faut poser vo"
" dit Roger-la-Honte.
Monsieur ",223821,Paternoster,PER,,223832,", il faut poser votre candidat"
"ous que nous en fassions ?

— ",224737,Renvoyez,PER,,224745,"-les à leur propriétaire, répo"
"e vol ; quelle confu-
sion !: ",225450,La,PER,,225452," propriété n’est, pas Le vol; "
" que j'aie le plaisir de voir
",226467,monsieur,PER,,226475, votre ami pour la première fo
s acquiesçons d’un sourire et ,227496,Paternoster,PER,MISC,227507,", après
nous avoir compté les "
"se d’un hôtel du West-End.

— ",228635,Malgré,PER,,228641," tout, dis-je quand nous nous "
"ous allons faire
une visite à ",229008,Broussaille,PER,LOC,229019,". |

— C’est une excellente id"
" excellente idée.

RENTE pet ",229065,Moines,PER,ORG,229071," AL
ec ss
et :

LE VOLEUR 113
"
"long de Picca-
dilly, descend ",229171,Brompton,PER,LOC,229179," Roadets’arrête,à Kensington,
"
"end Brompton Roadets’arrête,à ",229197,Kensington,PER,LOC,229207,",
devant une des petites maiso"
"ons-y.

Nous y allons. Nous y ",229768,sommes,MISC,,229774," ; et il y a même dix
minutes "
"sœur. |

— Vous n’avez pas vu ",229912,Broussaille,LOC,PER,229923," ? demande-t-il à
toutes les f"
"ais
autre part.

— Jda, c’est ",230999,la,PER,,231001," dame de Paris ?

— Oui ; une "
"ablement, se déclare ravie et ",232028,sonne,PER,,232033," pour de-
mander du champagne."
" à diner, dit-ellè; nous
nous ",232170,sommes,MISC,,232176," ennuyées à mourir, toutes seu"
"oger ; et d’ailleurs, mon ami ",232299,Randal,MISC,PER,232305," n'aurait
pas osé. | |

— Vrai"
"arde, pen-
dant qu'on dessert ",233007,la,PER,,233009, table et qu’on apporte le cha
"rge ; des
dents de loup ; une ",233812,mignonne,PER,,233820," fossette au menton.

— Je vou"
entre la grâce des blondes et ,234023,la,PER,,234025," majesté des
brunes. Mais made"
"des
brunes. Mais mademoiselle ",234064,Broussaille,LOC,,234075," n’y perdra
rien pour avoir at"
"le est restée au couvent, dit ",234155,Brous-,MISC,LOC,234161,"
Saille, et il faut l’y laisse"
"nité. C’est une simple
et une ",235515,Jolie,MISC,LOC,235520,". | |

C’est une petite bête, "
" mysté-
rieux de la maison de ",235872,Kensington,PER,LOC,235882,". Là-dessus, Brous-
saille s’e"
"en-
viron, elle a acheté à un ",236091,Ju',PER,LOC,236094,"f pour trois cents livres
de b"
"s mains vides, hein ? Allons,
",237363,Broussaille,LOC,PER,237374,", viens m’embrasser et ne pleu"
PaS troïs mille francs. C’est ,238232,le,PER,,238234," père Binocar, au
Moins ? Oui."
"tropient les femmes.

— Et la ",239326,Justice,PER,MISC,239333,", dis-je, ne tient guère la ba"
 savants de la Faculté. C’est ,240091,le,PER,,240093," prestige
abrutissant de leur "
"égoïste et
décradante ; c’est ",240288,la,PER,,240290, cruauté de leur science impl-
"es à tuer leurs
petits. C’est ",240430,la,PER,,240432," science, la science des écono"
ls encombrent les ports de la ,241692,Manche,PER,,241698,". On
les embarque sur les navi"
 les navires qui vont à Terre-,241749,Neuve,PER,,241754,",
à condition qu'ils aideront "
"uant à la bourgeoisie —
c’est ",243126,la,PER,,243128," bourgeoisie avorteuse.

— À t"
"mérite
pas d'autre nom. C’est ",243228,la,PER,,243230," bourgeoisie avorteuse.

_— Br"
— Bravo! crie Roger-la-Honte. ,243286,Vilipendons,PER,,243297," la
bourgeoisie ! Nous en avon"
" le droit, je crois,
nous qui ",243363,sommes,MISC,,243369," obligés d’en vivre.

— Ah! di"
" ma
cliente. Tu sais bien, la ",243515,petite,PER,,243521," femme du monde que
j'avais mi"
'est qu'il s'était échappé de ,244002,Cayenne,PER,LOC,244009,", il y 2
six mois... On dit qu"
"u-

sieurs fois, à côté de sa ",244376,mère,PER,,244380," adoptive. Mon cher, on
dirait"
"roi des voleurs... Ma foi, ma ",244510,petite,PER,,244516," Ida, j’en suis dé-
solée, mai"
", mais je ne peux pas aller à ",244571,Paris,MISC,LOC,244576,". J'ai promus à
un camarade de"
je ne peux pas aller à Paris. ,244578,J',PER,,244580,"ai promus à
un camarade de lui"
"pourquoi n'irzis-tu
pas, toi, ",244758,Randal,MISC,PER,244764," ? . . |

— Oui, pourquoi? dem"
"s quoi, nous avons couru les

",245833,Magasins,PER,LOC,245841,", pendant toute l'après-midi, "
" lui
servent, à cet excellent ",246301,Issacar,PER,MISC,246308," ! Je lui souhaite
bonne chanc"
"iendrait pas cinq minutes. |

",247241,La,PER,,247243, traversée est belle et courte
"Et c’est si gentil, chez moi! ",247785,J',PER,,247787,"ai un salon.
on se croirait ch"
hez un dentiste américain. Si ,247846,saint,PER,,247851," Vin-
cent de Paule vivait enc"
"ricain. Si saint Vin-
cent de ",247865,Paule,MISC,PER,247870," vivait encore, je suis sûre q"
x pas être plus difficile que ,247995,saint,PER,,248000," Vincent
de Paul, et je promet"
"ifficile que saint Vincent
de ",248012,Paul,PER,,248016,", et je promets de me laisser "
.. les nuits sont glaciales.. ,248247,J',PER,,248249,"ai pourtant mon
grand manteau."
"u.

— Ah! moi qui oubliais... ",248307,J',PER,,248309,"ai justement un boa
dans ma va"
"pis, je
le mets tout de même. ",248558,Quelle,PER,,248564," horreur! Mais néces-
sité n’a"
"e !... Plus près. Tout près.

",248788,Peut,MISC,,248792,-on être frileuse à ce point-l
"NS ÉLEVER DE LAPINS

Souvent, ",248920,la,PER,,248922, femme est la perte du voleur.
"s
instants avant l’arrivée de ",249037,la,PER,,249039," femme du monde. |

— Pa, tout"
"l ; aujourd’hui, on a soif de ",250520,Cartouche,MISC,PER,250529,".
Un voleur, Madame! Un vrai v"
"ive de nous
SSuvenir que nous ",251050,sommes,MISC,,251056," de sexes différents, nous
n'e"
"ira ou quand tes
affaires t'y ",251415,appelleront,PER,,251426,", mais n’y demeure pas. Tu
as "
e vilaine histoire. Je te dis ,251656,la,PER,,251658," mauvaise aven-
sure, mais c’e"
"uvaise aven-
sure, mais c’est ",251691,la,PER,,251693," bonne. oo.

— Je n’en doute p"
"
126 . LE VOLEUR

à trouver. ",251892,J',PER,,251894,ai connu des hommes rudement f
"raconterais l’his-
_ toire de ",252054,Canonnier,LOC,MISC,252063, ; ce sera pour une autre fois
"
tage, mais refuse carrément. ",252390,Méfie,PER,,252395,"-toi d’elle, car c’est
une enj"
"s sommes seuls dans le
salon, ",253158,la,PER,,253160," femme du monde et moi.

— Mon"
"aucoup moins prompt !
._— Ah! ",253834,Monsieur,PER,,253842,", si vous saviez quel plaisir
"
"
le bord, me direz-vous ? Ah! ",254427,Monsieur,PER,,254435,", que je vou-
drais ne l’avoir"
comment cela s'est passé. Mon ,254650,oncle,PER,,254655,", un
frère de mon père, s’étai"
"Il vint me voir et me dit :
« ",254772,Renée,MISC,PER,254777," »... — je m'appelle Renée, Mo"
"t tout à fait cela. Bref, mon
",255127,oncle,PER,,255132," me dit : « Renée, il faut me "
"t une demi-heure. On
Voyait l’",255659,Acropole,PER,LOC,255667,", dans le fond. C’est admirabl"
"ble,

..
1

128 LE VOLEUR

l’",255725,Acropole,PER,LOC,255733, ; tout le monde le dit. C’est
"ous conso-
‘ler de la mort de ",256155,Cabanel,MISC,PER,256162,". Je suis bien contente que
no"
"quand ma tante,
la sœur de ma ",256256,mère,PER,,256260,", m'eut avoué dans quelle situ"
"pos-
sible. Mais, que faire ? ",256481,Demander,MISC,,256489," de l'argent à mon
mari, il n’"
" se marie, quelques
années de ",259993,liberté,MISC,,260000,". Donc, pas la servitude des e"
", quelques
années de liberté. ",260002,Donc,MISC,,260006,", pas la servitude des en-
fan"
"u'il n'y avait pas de
remède. ",260253,J',PER,,260255,"ai eu bien du chagrin, dans ce"
"Ida m'a mise en
rapports avec ",260413,M.,PER,,260415, Canonnier. Elle à dû vous le 
mon mari. Je ne savais à quel ,260952,saint,PER,,260957," me vouer. Un
Russe, qui m'ava"
"t manqué de parole. Un Russe, ",261054,Monsieur,PER,MISC,261062," !.…
Après ça, il fallait tire"
"a m'avait presque décidée, et ",261419,M.,PER,,261421," Canonnier ma
convaincue ; éco"
oleurs sont la modestie même. ,263128,M.,PER,,263130," Canonnier était

À
LL

Comme "
vantage. Je m'étonne même que ,263752,Canonnier,PER,MISC,263761," ait pu
vous offrir ce que vou"
ombien j'ai besoin d’argent ! ,264459,La,PER,,264461," vie est
si chère ! La toilett"
"rgent ! La vie est
si chère ! ",264481,La,PER,,264483," toilette nous ruine, et les h"
". . 4 + ‘
BAFA mnt Mia eus ps ",265499,Maude,PER,,265504," RE PE LS '
ss” n a . . ï
és :"
"mise! Je risquerais tout
pour ",266033,éviter,PER,,266039, ça... Il y a un coup à faire 
" très inhumain!

Elle me tend ",266776,la,PER,,266778," main, et sort avec un petit s"
"indre, qu’en penses-tu, de la ",267313,petite,PER,,267319," femme ? Gen-
tille, hein ? Ma"
"ous allons.

— Au tonnerre de ",267730,Dieu,MISC,,267734,", dis-je, si ça peut signifier"
"t
bien vivre, j'espère que la ",268269,petite,PER,,268275," femme n'oubliera pas
de venir"
"oyen
d’en avoir. Tu peux être ",268513,assuré,PER,,268519," qu’elle prendra toutes
les me"
le n’avait plus personne sous ,268749,la,PER,,268751," main
pour forcer les tiroirs "
" Paris
était d’une simplicité ",268962,enfantine,PER,,268971,"; ce n’a été qu’un je
pour moi"
"ent,
qui est récompensée.

-— ",269651,Naturellement,PER,,269664,", m'a-t-elle répondu; les temp"
" ses triomphes mondains,
pour ",270171,la,PER,,270173," voir faire la belle, parée et"
"upe. Quand ôn tra-
Vaille, ma ",270657,mère,PER,,270661," me l’a appris jadis, on ne so"
rents ; passer de Belgique en ,271179,Suisse,PER,LOC,271185,",

Allemagne en Hollande et d'"
"re. Ily a

Ongtemps que Henri ",271312,Heïine,PER,,271318," l’a dit : Il n’y a plus en
ur"
". Je suis — pour employer, en ",271554,la,PER,,271556," modifiant
un peu, une express"
"tier tran-
quille de Londres. ",272581,La,PER,,272583, vie que j'avais menée jusque-
"'un
bâtiment ; quelque pauvre ",273306,vieille,PER,,273313," femme, sans argent
et sans gî"
"e à passer là sa nuit.

Sr ts
",273396,MASSE,PER,,273401," AU

LE VOLEUR | 137

Le spec"
"on.
J'offris quelque argent à ",273824,la,PER,,273826," pauvresse ; elle grelottait
e"
"ermis d’adoucir le sort de sa
",274816,mère,PER,,274820, ; 1l avait commis un faux et 
rte de chez lui. Il fit plus. ,275176,Dieu,MISC,,275180," pour-
Suivant l’iniquité des "
"Si, répondit-elle en baissant ",275911,la,PER,,275913," tête; ce mal-
heureux garçon "
"usieurs années de prison. Ab!
",276077,Monsieur,PER,MISC,276085,", je suis si malheureuse de ne"
boit pas plus qu’un dixième d’,276718,Anglaise,PER,LOC,276726,"; elle
fait de la pâtisserie c"
it de la pâtisserie comme une ,276765,Allemande,PER,LOC,276774," ; elle est
économe comme une "
de adroitement à des corps de ,277775,Lédas,LOC,MISC,277780," s’aban-
donnant au cygne, de "
"r. Il n’y a pas d'erreur
plus ",278249,grossière,PER,,278258, ; mais c’est toujours la viei
ière ; mais c’est toujours la ,278284,vieille,PER,,278291," histoire.
« Îl faut que je vo"
" faut que je vous dise, écrit ",278336,Bussy,LOC,,278341,"-Rabutin à sa
cousine, ce que "
"-Rabutin à sa
cousine, ce que ",278371,M.,PER,,278373, de Turenne m'a conté avoir ou
"in à sa
cousine, ce que M. de ",278377,Turenne,MISC,,278384," m'a conté avoir oui
dire au f"
" plaisir de me désa-
buser. » ",278886,J',PER,,278888,"espère, moi aussi, faire plais"
"moi-
selles viennent me voir. ",279425,Jolies,PER,,279431," ? Ailleurs, je ne sais

l
=
"
tout ce qu’elles désirent; et ,279571,la,PER,,279573," femme est
toujours belle quan"
"iénable pro-
priété de l’abbé ",281275,Lamargelle,LOC,,281285,". Je n'avais pas eu le temps
d"
"ène. Oui, c'était bien l'abbé ",281669,Lamargelle,MISC,PER,281679,".

— Hé! bonjour, : cher Monsi"
"où sortez-vous ? »

— Ma foi, ",281890,monsieur,PER,,281898," l’abbé, répondis-je, j'en ai "
"emercier de vos atten-
tions, ",282470,monsieur,PER,,282478," l'abbé. Asseyez-vous donc, je"
" dans l'affaire, répon-
dit l'",282651,abbé,PER,,282655," qui se mit à secouer la tête,"
"nt plusieurs langues, et même ",284138,le,PER,,284140," portu-
gais — ah! ah! j'en su"
r notre entrevue à la gare du ,284288,Nord,LOC,,284292,", à
Paris, le jour où vous ête"
ur où vous êtes parti pour la ,284338,Belgi-,MISC,ORG,284344,"
que ? |

— Ce n’est pas le te"
"re n'avait pas été
absolument ",284551,fortuite,PER,,284559,". Malgré tout, vous n'avez poi"
" pas été
absolument fortuite. ",284561,Malgré,PER,,284567," tout, vous n'avez point
oubli"
", j'étais perdu. Il fallait l'",284886,arrêter,PER,,284893," au premier
mot agressif et, a"
"cune
de ses finesses ne m'est ",286374,étrangère,PER,,286383,". Mais vous vous
méprenez sur "
"doutable ; bien que
j'aie mis ",287033,la,PER,,287035," main à la pâte, plus d’une fo"
"revêtu. | |

— Oh! répondit l'",288297,abbé,PER,,288301," en riant, ma passion ne me
fe"
"pour
tant d’imbéciles ; c’est ",288462,le,PER,,288464," meilleur atout, dans mon
jeu."
"ieu, dis-je, je ne vois point ",288653,pourquoi,PER,,288661," je
ne vous croirais pas, aprè"
"s croirais pas, après tout. L'",288701,Eglise,PER,ORG,288707," n’a jamais
beaucoup pratiqué "
dhomme ! Je vais vous citerun ,289190,simple,PER,,289196," fait
dont le caractère symbol"
"lon écrivit Télémaque, sur
la ",289312,Petite,PER,,289318," Place, à Versailles, est aujo"
"ivit Télémaque, sur
la Petite ",289319,Place,MISC,,289324,", à Versailles, est aujourd’hu"
"
— Je ignore ; mais si l’on a ",289486,scellé,PER,,289492," la plaque dont
Vous parlez, s"
e chaire d’éloquence sacrée à ,292054,Mazas,PER,LOC,292059,"…

— Un voleur! murmura l’abbé"
" une seconde dépêche qui
vous ",295314,apprendra,PER,,295323, quel train il faudra prendre 
" coup
ici, en Angleterre ?

— ",296091,Jamais,PER,,296097,". D'abord, parce que l'hospita"
"i et de la société.
Peut-être ",296455,la,PER,,296457, bourgeoisie britannique payer
ai pas visité ; c’est Bethnal-,296975,Green,PER,,296980," Mu-
seum. Le sol en est recou"
 visité ; c’est Bethnal-Green ,296981,Mu-,PER,,296984,"
seum. Le sol en est recouvert"
"us pas eu de
nouvelles de mon ",297751,oncle,PER,,297756," ? :

— Oui et non, répondit-i"
"d’un air un peu em-
barrassé. ",297818,J',PER,,297820,ai appris que votre oncle avai
rrassé. J'ai appris que votre ,297840,oncle,PER,,297845," avait éprouvé,
ces temps dern"
vais passer mon après-midi au ,300071,Jardin,PER,,300077," Zoolo-
gique, pour tuer le te"
sser mon après-midi au Jardin ,300078,Zoolo-,MISC,,300084,"
gique, pour tuer le temps. Ce"
 l’œil liquéfié des castrats. ,300974,Leurs,PER,,300979," yeux,
à eux... Les yeux des l"
"ère vue. Ah! je voudrais bien
",305192,Connaître,PER,,305201," un criminaliste.…

— Ça viend"
"oix.

LES VOYAGES FORMENT LA ",305273,JEUNESSE,PER,,305281,"

Tout d’un coup, j’aperçois l"
" est une institution, comme l'",305998,Eglise,PER,ORG,306004,",
comme la Caserne ; on ne sau"
"ns ; mais il est im-
possible ",306169,d’,PER,,306171,"en dire du mal, tellement leur"
" nous entourent
de manquer de ",306586,morale,PER,,306592," ; d’ailleurs, ils en ont une."
"e, par exemple, ou celle de l’",307687,Ecclésiaste,PER,MISC,307698,"…
Voyons, il fait beau, allons"
"ce l’un de l’autre, à côté de ",308804,la,PER,,308806," portière du
fond. Le premier "
"
fond. Le premier est un gros ",308848,monsieur,PER,,308856," d’aspect jo-
vial, aux petits"
" rond
sur oreille, tandis que ",309585,la,PER,,309587," main gauche, plongée dans
le "
"onsieur d’aspect mo:
rose, au ",309719,teint,PER,,309724," jaunâtre, aux yeux.inquiets, "
"qu'ils lui ven-

. dront pour ",310630,éviter,PER,,310636," la faillite, ils ont tort, ca"
"lui ven-

. dront pour éviter ",310637,la,PER,,310639," faillite, ils ont tort, car s"
"
moi.

_- Vaine espérance! Le ",310901,Monsieur,PER,,310909," jovial m'en con-

vainc très "
ans doute? J'ai vu beaucoup d’,311367,Anglais,ORG,LOC,311374,",

ans ma vie. J'ai été à Boul"
"ndant
un mois ; il y a tant d’",311452,Anglais,MISC,LOC,311459,", à Boulogne!

— Je suis pas d"
"ne!

— Je suis pas du tout un ",311499,Anglais,PER,LOC,311506,", dis-je, car je vois
poindre "
 pas les Anglais ; je suis un ,311668,Américain,PER,LOC,311677,".

— Âh! diable! j’aurais dû m"
"e-t-il en
se tournant vers le ",312324,Monsieur,PER,,312332," triste, qu'il ÿ a quelque
cho"
"— Si, certainement, répond le ",312483,Monsieur,PER,,312491," triste d’une
voix lugubre. |
"
"— Si, certainement, répond le ",312817,Monsieur,PER,,312825," triste d’une
voix lugubre. | "
"ue l’histoire de
la troisième ",313026,République,PER,,313036, ! Et qui sait ce que l’avenir
"e l’avenir
nous réserve ! Ah! ",313086,M.,PER,,313088," Thiers avait bien raison
de d"
"— Si, certainement, répond le ",313224,Monsieur,PER,,313232," triste
d’une voix lugubre.

—"
"— Si, certainement, répond le ",313533,Monsieur,PER,,313541," triste
d’une voix lugubre.

—"
"idées concordent,
continue le ",313631,Monsieur,PER,,313639, jovial. Votre approbation m'e
"va-
teur.

— Oh! oh ! fait le ",313984,Monsieur,PER,,313992," triste.

— Ni plus ni moins, "
"Ni plus ni moins, continue le ",314034,Monsieur,PER,,314042," jovial.
Je suis socialiste en"
" |

— Pas très bien, avoue le ",314319,Monsieur,PER,,314327," triste.

_— C'est que je n’ai"
"T Si, certainement, répond le ",315071,Monsieur,PER,,315079," triste
d'une voix lugubre, ta"
gement dans les conditions de ,315658,la,PER,,315660," pro-
duction. Il y avait, dan"
"leur faveur. |

— Oui, dit le ",315940,Monsieur,PER,,315948," triste; on devrait bien
faire"
 même à des prix très élevés. ,316731,Malgré,PER,,316737,"
tout, je suis d'avis qu’il fa"
"— Si, certainement, répond le ",317068,Monsieur,PER,,317076," triste
d’une voix lugubre. |
"
"re. |

— Ce qui fait défaut à ",317130,la,PER,,317132," Chambre, Monsieur, c'est
un p"
" |

— Ce qui fait défaut à la ",317133,Chambre,PER,ORG,317140,", Monsieur, c'est
un philanthr"
"un. |

— Du pain ? demande le ",317245,Monsieur,PER,,317253," triste. Ah! ce
serait si veau"
es gens qui ont la conscience ,318228,nette,PER,,318233,"
ne redoutent point ces choses"
"l, gibier de potence toujours ",318496,porté,MISC,,318501,"
à mal faire, danger permanent"
"s gaillards-là ne font rien,

",319314,Onsieur,MISC,LOC,319321,", ou presque rien. Ils se tour"
"u-
trefois l’entreprise d’une ",319449,Maison,PER,,319455," centrale; mon argent
ne ME ra"
"— Si, certainement, répond le ",320112,Monsieur,PER,,320120," triste d’une
voix lugubre.

—"
"ne guillotine pas assez ?

Le ",320797,Monsieur,PER,,320805," triste ne répond pas.

— Auta"
"rer paternel pour
les autres. ",321001,La,PER,,321003, bonté est obligatoire aujourd
"ropriété.

— Âh !'oui, dit le ",321267,Monsieur,PER,,321275," triste. Justement ! Que
chacu"
" |

— Pas du tout! s’écrie le ",321473,Monsieur,PER,,321481," jovial. Une
maison |! Un jard"
"al. Une
maison |! Un jardin ! ",321516,Jamais,PER,,321522," de la vie! Qu'ils mettent
de "
"omprends pas bien, déclare le ",322070,Monsieur,PER,,322078,"
triste.

— Permettez-moi de v"
en-être de leurs confrères du ,323039,Centre,PER,LOC,323045,", et ils de-
viendront aussi i"
"ement leur per-
mettre. C’est ",323941,la,PER,,323943, lecture. La République a créé
" l’ins-
truction obligatoire. ",324003,Croyez,MISC,,324009,"-vous que ce soit sans in-
ten"
"ns in-
tention ?

— Je serais ",324059,porté,MISC,,324064," à croire, hasarde le Monsieur"
teraient ce qu’ils endurent ? ,324526,Quelle,PER,,324532,"
plaisanterie ! Ce qu'il faut,"
"’importe quoil Pendant
qu'ils ",324703,Liront,PER,LOC,324709,", ils ne songeront point à agi"
"Monsieur, du papier !.… |

Le ",325287,Monsieur,PER,,325295, triste ferme les yeux et semb
e aux dernières phrases de ce ,325427,Mauvais,PER,,325434,"
Samaritain. Au fond, il n’a p"
ètre superbe que j'ai volé en ,326306,Suisse,PER,LOC,326312,", 1l y a trois
mois.

— Il est"
t semble jaune à ceux qui ont ,326838,la,PER,,326840," jaunisse.
S'ils pouvaient sav"
"iments contigus, le Palais de ",327787,Justice,PER,,327794," et la
Prison. My voici, tout "
"ement. Vous traverserez
cette ",327858,place,MISC,,327863, en laissant le Palais de Just
lace en laissant le Palais de ,327889,Justice,PER,,327896," derrière
vous, et vous vous e"
"
clées de fer. Je traverse la ",328035,place,MISC,,328040,", j'aperçois les deux
bornes, "
 et je pénètre dans la rue en ,328099,la,PER,,328101," fouillant rapi-
dement du reg"
" marches du perron,
la clef à ",328276,la,PER,,328278, main. Comment l'abbé Lamargel
lef à la main. Comment l'abbé ,328300,Lamargelle,PER,,328310," s'est-il
procuré cette clef ?"
timent occupé n'a pas du tout ,328935,la,PER,,328937," même
odeur qu’une maison que "
 ses contemporains civilisés. ,329519,Mille,PER,,329524,"

LE VOLEUR 167

indices, imp"
"e,
les bijoux de Madame et de ",331255,Mademoiselle,PER,,331267,", il sera
inutile de rien cher"
"t de billets de banque dont
l'",332277,abbé,PER,,332281, Lamargelle n’entendra jamais 
"billets de banque dont
l'abbé ",332282,Lamargelle,MISC,,332292, n’entendra jamais parler. Il 
assez disposé à me traiter de ,332573,Vandale,PER,MISC,332580,". Allons, un
peu de philosophi"
"le
buffet et la bouteille sur ",333751,la,PER,,333753," table. Il y a des voleurs
qui"
bre. Par un brusque eïlort de ,335155,la,PER,,335157," volonté
qui veille encore en "
" c’est mon
révE qui continue. ",335320,J',PER,,335322,"entends des coups sourds, mio-"
Elle est noire de monde cette ,336262,place,MISC,,336267," !

Elle est noire de monde et"
" sur son thorax. — Il
avance, ",337008,porté,MISC,,337013,", plutôt que soutenu, par les "
"t de
forme — le bourreau — le ",337287,Monsieur,PER,,337295," triste de la nuit
dernière. |"
"ansporter, de l’autre côté de ",337702,la,PER,,337704," place, chez un
? . 2

pharmac"
"porter, de l’autre côté de la ",337705,place,MISC,,337710,", chez un
? . 2

pharmacien do"
"un soir, dans la maison d’une
",338330,vieille,PER,,338337," femme. La vieille femmé, à so"
"aison d’une
vieille femme. La ",338348,vieille,PER,,338355," femmé, à son entrée, avait
eu"
"amné. Il n'avait point
tué la ",338656,vieille,PER,,338663," femme, ne l’avait même pas to"
"s au bourreau,
à ce misérable ",339346,monsieur,PER,,339354, triste qui désire que tous le
s de deux francs sont en bien ,340203,petit,PER,,340208," nombre,
et il y a tant d’afla"
"etit nombre,
et il y a tant d’",340234,aflamés,PER,,340241," !... Le mieux, en face d’une
"
"es pièces de qua-
rante sous. ",340446,Etcette,PER,MISC,340453," loi, il faut l’appliquer avec"
"fléchis, plusje trouve que le ",340608,monsieur,PER,,340616,"
jovial avait raison. On ne gu"
" . Te

XI

CHEVEUX, BARBES ET ",340754,POSTICHES,PER,,340763,"

Je trouve l’abbé Lamargelle "
"T POSTICHES

Je trouve l’abbé ",340782,Lamargelle,PER,,340792," chez lui, rue du Bac ,au
deux"
"
deuxième. étage d’une grande ",340847,vieille,PER,,340854," maison grise,

d'aspect mépri"
"da ces dé-
pouilles opimes de ",341581,la,PER,,341583," bourgeoisie.

— Vous avez bie"
uire à l'horizon l’aube d’une ,344034,ère,PER,,344037," nouvelle.
Je veux me joindre "
". Aujour-
d'hui, quand on est ",344293,las,PER,,344296," et dégoûté du monde, on en-
t"
"s autres avec
leur salive.

. ",345277,J',PER,,345279,ai assisté à des réunions ôù i
"ravail égal,
entre l’homme et ",345910,la,PER,,345912, femme... Et j'ai pensé que le
"udeur d'ignorer
le travail de ",346009,la,PER,,346011, femme... Je leur ai entendu r
"applaudi encore plus fort.

. ",346353,J',PER,,346355,ai parlé avec quelques-uns d’e
"rt d’accommoder les
restes du ",347055,Capital,PER,LOC,347062,". — On y tranche, règle, décid"
de défense accordé au putois. ,348156,Transfuge,MISC,,348165," de la
bourgeoisie qui pensait"
urgeoisie qui pensait trouver ,348204,la,PER,,348206," pâtée, comme d’au-
tres, dans"
"es, qu’elle est souvent vide. ",348315,Raté,MISC,,348319," fielleux qui
laisse apercevoi"
dition des deshérités se soit ,350316,améliorée,PER,,350325," ; elle a
empiré, plutôt.

— E"
"E, POTTER I A PI

XII

L'IDÉE ",350953,MARCHE,PER,,350959,"

Une lettre de Roger-la-Honte"
e Roger-la-Honte m’a appelé à ,351003,Rouen,PER,LOC,351008," ;
il s'agissait d’une taxe ex"
"nité, ont sûrement une vision ",351524,nette,PER,,351529,"
des choses, la prescience de "
"i, Balon le psychologue, avec ",352883,M.,PER,,352885," Talon le
sociologue. Qu’y vou"
" de la Cause, anachorète de a ",354282,Sociale,PER,ORG,354289,",
moine du Progrès, confesseur"
"e, voilà ie
système de Balon. ",355174,Simplifiée,LOC,MISC,355184," ! Que dis-je ? Réduite à
sa p"
"qui lui fournit à forfait les
",355373,Vieux,PER,LOC,355378," journaux quil découpe, et l'é"
istoire de l'œuf - de Colomb. ,355696,Omne,LOC,,355700,"
tx ovo. Quel œuf!
Balon est u"
"s de plus, que l’Idée
marche. ",356022,Certains,PER,,356030, écumeurs ne seront pas conten
"t l’effroi des
exploiteurs et ",356186,la,PER,,356188," terreur des soudards, cet hom"
. Il me le déclare hautement. ,356497,Certaines,PER,,356506," de
ses phrases respirent la b"
" sais pas trop comment
dire : ",357126,Petit,PER,,357131,", noueux, des genoux qui font "
"ugri, d'un
porte-manteau pour ",357438,culs-de-jatte,PER,LOC,357451,". |

Comme j'ai eu raison de m"
ncher certaines difficultés d’,359478,organe,PER,,359484," par la main de
Praticiens spé"
" le corridor. Qu'y 2-
t-il... ",360340,Mme,PER,,360343, Talmasco et moi nous nous pré
"ent se rendre
compte que nous ",362370,sommes,MISC,,362376," en pleine période de lutte,
q"
dition des déshérités se soit ,363829,améliorée,PER,,363838,"; elle a
empiré, plutôt.

— Eh"
"EUSES

. Alors c’est cela, le ",364563,spectre,PER,,364570," rouge ; c'est cela, le
monstr"
" quilui inculque la
vanité et ",364867,la,PER,,364869, patience ; qui l’aveugle des 
"splendeurs fu-
tures du Quart-",364929,Etat,MISC,,364933,", existant par lui-même et tra"
"eux-communs plus
usés que les ",365122,vieille,PER,,365129," lunes, qui spécule sur l'aven"
s sa propre misère morale. La ,365739,Révolu-,MISC,,365746,"
‘tion prend l'aspect d’une Né"
"t cessé avec l’existence de
l'",367725,Individu,PER,MISC,367733,", tous les progrès accomplis p"
"e administrative,
qui a tué l’",368172,Individu,PER,MISC,368180,", devient plus intelligente, m"
"s, la Bourgeoisie peut dormir ",369913,tranquille,PER,,369923,"; elle
aura encote de beaux jo"
me mêler là ? Est-ce que cela ,370119,mere-,PER,,370124,"
garde, moi, ce que peuvent di"
"s affaires de
l'Etat. » C’est ",370307,Royer,PER,,370312,-Collard qui a dit ça ; et il 
 Ah! je devine :tu as revu la ,371128,petite,PER,,371134," femme du
monde. .

— Renée ? "
"a petite femme du
monde. .

— ",371156,Renée,MISC,PER,371161, ? Non. Je l’ai bien vue deux 
lle que je voulais te parler. ,371463,J',PER,,371465,"avais Pinten-
tention de te de"
"cela; tu t’en repentirais.

— ",371582,Naturellement,PER,,371595,; et ça ne n'empêcherait pas d
" |

— Après s'être échappé de ",371774,Cayenne,PER,LOC,371781," ; je sais ça.
Mais en dehors "
"e
l'envoyer finir ses jours à ",372429,Cayenne,PER,LOC,372436," ou à la Nouvelle-
Calédonie.
"
r ses jours à Cayenne ou à la ,372445,Nouvelle-,MISC,,372454,"
Calédonie.

— Certainement. L"
"à un des gros seigneurs dè
la ",373436,République,PER,MISC,373446,. Ce n’était pas de l’argent q
"l y 2 une
vingtaine d'années, ",375149,Canonnier,PER,MISC,375158,", qui n’en avait guéfé
que vin"
"me
gouvernante, au service de ",375331,M.,PER,,375333," de Bois-Créauit, le fa-
meux "
ur-général du commencement de ,375400,la,PER,,375402," Ré-
publique. C'était une pet"
t sourde à toute autre chose. ,375722,Canonnier,LOC,MISC,375731,", qui
faisait alors ses premiè"
" qu’elle eut mis au monde
une ",376308,petite,PER,,376314," fille.

— Et Canonnier, que f"
"lle, se trouvait auprès
de sa ",376908,mère,PER,,376912, quand ce malheur survint et p
" Mr° de Bois-Créault, émue de
",377007,Compassion,LOC,MISC,377017,", se résolut à garder la jeune"
"té
ne fut donnée au procès de ",377318,Canonnier,PER,,377327," ; il fut jugé,
condamné et re"
"s...

— J'ai entendu dire que ",377704,Canonnier,LOC,MISC,377713," était riche.

— ‘Très riche. "
"
— Certainement. M"": de Boiïs-",378212,Créault,PER,,378219," la traite
comme sa propre fil"
"la messe de
Saint-Philippe du ",378402,Roule,PER,,378407," où aux premières. Mon
cher, m"
"e la
franchise, la dignité et ",378673,la,PER,,378675," bonté. Ah! oui, c’est une
vra"
"1 la chose était possible, si ",378789,Canonnier,LOC,MISC,378798," était mort.

— Elle n’a pas d"
"probablement?

— Si. Un fils, ",378868,M.,PER,,378870," Armand de Bois-Créault. Un
je"
t le père ne met pas le holà? ,379321,J',PER,,379323,"aurais pensé
qu'un ancien magi"
"s-là, répond Ida en
souriant. ",379419,M.,PER,,379421, de Boiïs-Créault est un homme
"apprendre, et ce
n'est pas la ",379582,mère,PER,,379586, qui irait l’instruire des fre
"iré à travers les âges. » Les
",380057,Journaux,PER,,380065, ont déjà dit plusieurs fois q
" la commission
dont te charge ",380273,Canonnier,LOC,MISC,380282," ?

— Tune l’imaginerais jamai"
 sais pas comment faire tenir ,380572,la,PER,,380574," lettre
à Hélène ? | |

— Âh! "
"d’abominable dans ce que fait
",380858,Canonnier,LOC,MISC,380867, ? Engager sa fille à payer de
" dans ce que fait
Canonnier ? ",380870,Engager,PER,,380877, sa fille à payer de la plus n
"si, sans doute, le cœur de sa
",381202,mère,PER,,381206, adoptive !.. Et pourquoi ? Po
"e !...
Je sais bien que, pour ",381390,Canonnier,PER,MISC,381399,", tous les sentiments
ordinair"
"rien
de mieux à faire.

— Si. ",382337,J',PER,,382339,attends quelqu'un tantôt. L’ob
"gote
noire, en redingote à la ",383276,papa,PER,,383280,". Ah! homme de robe,
tu as une"
"esseur Machin, criminaliste.

",383737,Saluts,LOC,PER,383743,", poignées de mains, petite co"
"gnement, dans les profondeurs ",383886,d’,PER,,383888,"un
café. |

Ët comment se port"
"
café. |

Ët comment se porte ",383920,"M""",PER,,383922,"° Montareuil ? Pas trop
mal, b"
"é. |

Ët comment se porte M""° ",383924,Montareuil,MISC,LOC,383934," ? Pas trop
mal, bien qu’elle "
"Il
a fondé une Revue.

— La « ",384666,Revue,LOC,,384671, Pénitentiaire. » N’en avez-vo
"en accueilli.

Je suis obligé ",384807,d’,PER,,384809,avouer que j'étais à l'étrange
"intellectuel français.

— Ah! ",384931,Monsieur,PER,,384939,", déclare Île criminaliste, vo"
p perdu. L'apparition de la « ,385014,Revue,LOC,,385019,"
Pénitentiaire » a été l’événe"
"u
point de vue pécuniaire, sa ",385215,Revue,PER,MISC,385220," est un succès;
grâce à certai"
s vous condamnerons à lire la ,385912,Revue,PER,MISC,385917," que
lisent vos gardiens. » Ah"
" mes réflexions.

— Nous nous ",386066,sommes,MISC,,386072," aussi préoccupés, dit-il, de
"
a condition des détenus. Nous ,386133,sommes,MISC,,386139," convaincus
qu'une lecture sai"
"à un abonne-
ment annuel à la ",386375,Revue,PER,,386380,".

‘

LE VOLEUR . 199

— C'es"
"resque une affaire faite, dit ",386443,Montareuil,PER,LOC,386453," ;
de hauts fonctionnaires du "
", dit le criminaliste,
que la ",386659,Revue,PER,MISC,386664, n’est point lue à l'air libre
je suis certain qu’à l’aide d’,387194,"un
",MISC,,387197,mélange savamment combiné de b
 le pourceau qui sommeille. » ,387847,Rien,MISC,,387851," de plus in-
sultant pour le h"
"t par-
venue lhumanité. C’est ",387941,affirmer,PER,,387949," que les actes répré-
hensible"
"
aussi bien que possible ; et ",388374,la,PER,,388376," marche du progrès est

200 o"
"e, et
souvent même ces lignes ",388775,harmoniques,PER,,388786," et fines qui
sont particulièr"
’a dit; mais je ne sais point ,388888,s',PER,,388890,"il n'a
pas été un peu loin. Qu"
"chaise et en re-
gardant sous ",389323,la,PER,,389325, table. Parce que vous n’avez 
int porter des bottines aussi ,389564,pointues,PER,,389572,".
Voilà, Monsieur. Ah! la scie"
", aujourd’hui, c’est celle du ",389814,Voleur,PER,MISC,389820,"; il est
vrai qu’elle les cont"
" Nous vous parlons là, me dit ",389910,Montareuil,PER,LOC,389920,", de
choses qui ne doivent pas"
"i, dis:je, je suis ingénieur. ",390100,Ingénieur,PER,,390109," civil.
Mais ne croyez pas que"
nt en somme vers un même but? ,390509,J',PER,,390511,"en suis pro-
fondément convain"
"iste. Ah! c’est
merveilleux ! ",391040,La,PER,,391042, façon dont vous -concevez et 
"’est
superbe... Permettez-moi ",391255,Monsieur,PER,,391263,", de vous félici-
ter. Mais, j"
"inue-t-il en se tournant
vers ",391337,Montareuil,PER,LOC,391347,", ne pourriez-vous pas engager"
pour le prochain numéro de la ,391474,Revue,LOC,,391479,"? Un ar-
ticle dans lequel il "
"ptivant ?

— En effet, répond ",391614,Montareuil,PER,LOC,391624,". Pourquoi, mon

cher Randal, "
"nd Montareuil. Pourquoi, mon

",391641,cher,LOC,,391645," Randal, n’écririez-vous pas u"
"erse. — Moi, rédacteur à la « ",391867,Revue,LOC,,391872," Péniten-
taire »! Non, c’est "
"ire le Courrier de
Londres et ",391992,Canonnier,LOC,MISC,392001," pour envoyer des Correspon-
d"
et Canonnier pour envoyer des ,392019,Correspon-,LOC,ORG,392029,"
dances d'Amérique... Mais le "
ra dans ma collaboration à la ,392233,Revue,LOC,,392238,"
une belle dose d’ironie, qui "
"vre. Le prochain
numéro de la ",393244,Revue,LOC,MISC,393249, sera d’un intérêt supérieur. 
 sera d’un intérêt supérieur. ,393279,J',PER,,393281,"y
publie, pour mon compte, une"
de Moralité pour développer l',393426,Idéal,PER,,393431," public.
Je n'ai plus qu'à en "
"ite un bon coup de seringue.

",393948,La,PER,,393950, « Revue Pénitentiaire » a par
"n bon coup de seringue.

La « ",393953,Revue,LOC,,393958, Pénitentiaire » a paru ; et m
s sur la moralité publique. » ,394097,J',PER,,394099,"y étudiats

s , + ?
l’action h"
" en passant sous
le tunnel du ",394637,Père,MISC,,394641,-Lachaise. Je sautais sans emb
"assant sous
le tunnel du Père-",394642,Lachaise,LOC,,394650,". Je sautais sans embarras
du "
"sautais sans embarras
du plus ",394685,petit,PER,,394690," au plus grand, et je présenta"
"stant fait
par les Anglais du ",395024,Métropolitan,PER,,395036," Railway. Je démon-
trais que "
r les Anglais du Métropolitan ,395037,Railway,MISC,,395044,". Je démon-
trais que le manqu"
"s
que la haute moralité de la ",395294,Suisse,PER,LOC,395300,", contrée accidentée,
provient"
ssais par un éloge pompeux du ,395983,maître,PER,,395989," Lom-
10S0, où je mettais en p"
" qu'en puissent dire des

Fi ",396266,Moss,MISC,PER,396270, ns æ vero mr . CCR ar a . a a
"d'une
visite ; celle de Jules ",397037,Mouratet,PER,,397045,", un de mes camarades
de collè"
"à la tête de
la Direction des ",397345,Douzièmes,MISC,,397354," Provisoires, une nouvelle
Dir"
"ilà, à
son âge, Directeur des ",397661,Douzièmes,MISC,,397670," Provisoires; et,
même, il ser"
"s plus de trois ans. Avec
une ",398229,petite,PER,,398235," femme charmante, jolie, instr"
"e intérieur est ravissant, et ",398551,Mme,PER,,398554," Mouratet est
une des femmes l"
"en des
choses, à cette pauvre ",399322,République,PER,MISC,399332,"! Mais n'est-ce pas
encore le "
me occupant une position dans ,399539,le,PER,,399541," gouverne-
ment qui ne fasse t"
 intellectuelle de la nation. ,399651,La,PER,,399653," Ré-
publique française est la"
"La Ré-
publique française est ",399681,la,PER,,399683," République athénienne…

ais, "
"Ré-
publique française est la ",399684,République,PER,,399694," athénienne…

ais, à propos, n"
"n article dans cette

évue de ",399978,Montareuil,PER,LOC,399988,", je n’aurais pas su où aller "
"ar-
tistes de la Renaissance. ",400357,Léonard,PER,,400364," de Vinci, par
exemple... Ah !"
"sensitives…

— La névrose est ",400701,la,PER,,400703," maladie de l’époque. Mais
j'e"
"ce. Viens donc après-demain.

",401102,J',PER,,401104,"ai bien envie de refuser, sous"
onques ; jaime mieux aller au ,401185,Cirque,PER,LOC,401191," qu’en soirée.
Mais Mouratet i"
"omptueuse maison
du boulevard ",401464,Malesherbes,PER,,401475,". |

Je ne suis pas plutôt ann"
"ur, que votre étude dans Ra
« ",401784,Revue,LOC,,401789, Pénitentiaire » m’a donc amus
"olontaire après tout,
a sauvé ",402897,la,PER,,402899, situation; me permet d’expliq
gaie. Je n’aime rien tant que ,403229,la,PER,,403231," gaité. |

— Alors, vous vous "
"rcé de fréquenter, le jour de ",405095,Jugement,PER,,405103," dernier,
dans la vallée de Jo"
"on; elle est
fort grecque, la ",405240,République,PER,,405250," athénienne.

Ah ! cette Répub"
"lique athénienne.

Ah ! cette ",405275,République,PER,MISC,405285,", qui n'est même pas une
monar"
"est même pas
une Corinthe !.. ",405377,Quelle,PER,,405383," dèche, mon Empereur !

Je vou"
ander un autre morceau ; la « ,406955,Marche,PER,,406961,"
des Monts Carpathes. » oo
. E"
"tre morceau ; la « Marche
des ",406966,Monts,MISC,,406971," Carpathes. » oo
. Elle revien"
"qui fait valoir son charme
de ",407101,Parisienne,PER,LOC,407111,". _ | |
_— Ça y est. Je lui ai"
 Je lui ai dit qu’il était le ,407161,Strauss,MISC,PER,407168," de
demain. Pourquoi pas l'Off"
portez une pince-monseigneur. ,407622,J',PER,,407624,"en entends parler
depuis si lo"
"amer l’ « Ode au
Béguinage. » ",408066,Regardez,MISC,,408074,"-le là-bas, devant la cheminée"
"out prendre, que le cachet du ",408513,Directeur,PER,MISC,408522," des Dou-
zièmes Provisoires? "
 bien. Mais l'en blimerai-je? ,409639,Dieu,MISC,,409643," m'en garde.

+

Il ne faut po"
tenir moins qu'on n'espérait. ,409808,J',PER,,409810,"ai volé
cent sous. |

J'ai app"
"rait. J'ai volé
cent sous. |

",409832,J',PER,,409834,ai apporté la pince; et Renée 
"est
céttain, par exemple, que ",411666,Mme,PER,,411669," Courbassol qui, je
(rois, vou"
"uels je suis liée. -
Haite- ! ",412052,Renée,MISC,PER,412057, est charmante; c’est une bonn
dit l’axiome si vrai de Bussy-,412353,Rabutin,MISC,,412360,", volé par Na-
poléon. Il ne f"
"’équivalent de
cette allée des",413109,’,MISC,,413110, Acacias où je me promëne en c
"re
son persil! Tiens! elle me ",413681,salue,MISC,,413686,". Je rends le
salut... Qui est"
s côte à côte dans l’allée et ,414810,Margue-,MISC,LOC,414817,"
rite me fait le récit de ses "
voyée sans certificat par M®° ,414912,Montareuil,PER,MISC,414922,",
à la suite de ce vol dont on"
"iver à trouver une nou-
velle ",415035,place,MISC,,415040,". Elle a eu beaucoup de mal, l"
"ns le monde
de la galanterie. ",415306,Depuis,MISC,,415312, elle n’a pas eu à se plaindre
un cette paire de solitaires. ,415869,Jolis,PER,MISC,415874,", hein ? Tu
Sais, Courbassol s"
".. De-

Main, Courbassol va à ",416051,Malenvers,PER,MISC,416060,", avec sa bande, pour

214 ‘L"
"e qui me forcera à res-
ter à ",416480,Malenvers,PER,,416489,", et tu y demeureras, toi auss"
"t tu y demeureras, toi aussi. ",416522,J',PER,,416524,"irai
envahir ta chambre... Ahl"
"es qui
descendent l’allée des ",416976,Acacias,PER,LOC,416983,"; et elle se retourne
pour m'e"
"ntil, qui fait
scintiller ses ",417075,brillants,PER,,417084,". |

Ah ! Marguerite de Vaucou"
"tiller ses brillants. |

Ah ! ",417094,Marguerite,PER,,417104, de Vaucouleurs !.. Tu prends 
" ne
<

XIV

AVENTURES DE DEUX ",417711,VOLEURS,PER,,417718,", D'UN CADAVRE ET
D'UNE JOLIE "
"OLEURS, D'UN CADAVRE ET
D'UNE ",417742,JOLIE,PER,,417747," FEMME

Si j'étais bavard, je "
"e de la France,
quoi ! | |

— ",418475,Malenvers,PER,MISC,418484,"! Malenvers |.

On descend. La"
"nce,
quoi ! | |

— Malenvers! ",418486,Malenvers,PER,,418495," |.

On descend. La ville est "
"ile qui peuvent
s'appliquer à ",418760,Malenvers,PER,MISC,418769,". Moi, je ne fais pas de des-
"
"et très médaillée, exécute la ",419724,Marseillaise,PER,MISC,419736," ; et
au dernier soupir du tro"
"te le sourire
sur les lèvres. ",419914,M.,PER,,419916, le maire rend hommage aux gra
"mmage aux grandes
qualités de ",419963,Courbassol,PER,LOC,419973,", à ses talents supérieurs qui"
i fait si bien comprendre que ,420159,la,PER,,420161," li-
berté ne saurait exister "
"our n’est peut-être pas loin, ",420310,Messieurs,PER,MISC,420319,"! — à
la tête du gouvernement."
"aire. La fanfare re-
prend la ",421298,Marseillaise,PER,MISC,421310," et la foule hurle :

— Vive l"
"tuitement au service
du futur ",421435,ministre,PER,,421443," et de sa suite, sont prises d"
"eur langage
peu châtié, et un ",422842,monsieur,PER,,422850," taciturne, au teint basané,
a"
"e correspondant d’une
gazette ",423452,étrangère,PER,,423461, qui cherche toutes les occasi
" et de mon pardessus, je vois ",425602,Margot,LOC,PER,425608,"
descendre l’escalier, son bou"
"a nature et
ne sait même plus ",427844,la,PER,,427846," voir, de l’homme qui se mar-
"
"
à sept heures et demie, à la ",428839,Halle,PER,LOC,428844," aux Plumes, et ses
affaires, "
" do-
mestiques sont déjà à la ",429238,Halle,PER,LOC,429243," aux Plumes, sans.
doute, avec"
"n, derrière le rideau. Je
m y ",430211,place,MISC,,430216, et je cherche à :ne rappeler 
"sera pour cette
nuit... Vous, ",432018,Annette,PER,MISC,432025,", continue-t-1l en s’adressant"
"mas a n

LE VOLEUR | 223

+ — ",432319,La,PER,,432321, chambre de maman ! sanglote l
"
sous, ça fait cinq francs... ",432547,Bien,MISC,,432551," entendu, Annette,
ajoute-t-il"
"plaint de l'odeur des médica-
",432672,ments,PER,,432677,", vous lui direz que la chambr"
"à, une situation ! Que faire? ",433110,J',PER,,433112,"entends
l’hôtelier et sa femme"
". Attendons
encore un peu. |

",433623,J',PER,,433625,entends un pas de femme dans l
". La

_ Porte s'ouvre ; c’est ",433695,Annette,PER,MISC,433702,".

— Eh l'bien, dit-elle à Jér"
"tres domestiques non plus.

— ",434377,Jamais,PER,,434383, de la vie ! s’écrie Annette. 
-tu bien te tenir tranquille! ,434561,Devant,MISC,,434567," un
mort! sic'est permis... Al"
st le cadavre qui a parlé !.. ,435062,J',PER,,435064,"en suis
sûr... Oh ! j'en suis "
"t 565
bras, et son torse ; et ",435889,le,PER,,435891, voici sur ses pieds. Il s'ava
" a vu mon mouvement, et étend ",436392,la,PER,,436394," main.

— N'aie pas peur! Je n"
"en à craindre. Je m'ap-
pelle ",436622,Canonnier,PER,MISC,436631,".

—, Canonnier! C’est vous, C"
"r.

—, Canonnier! C’est vous, ",436660,Canonnier,LOC,MISC,436669,"?... Cest
Vous ?.. ""

— Oui, m"
".. Comment t’appelles-tu ?

— ",436820,Randal,MISC,PER,436826,". |

Alors, moi aussi j'ai ent"
"i j'ai entendu parler de toi.
",436876,Javiis,PER,LOC,436882, même l'intention de te voir e
"nvers. Le hasard est un grand
",437030,maitre,PER,,437036,". Ah ! j’ai bien ri, en moi-mê"
"e temps.

— Au contraire, dit ",437492,Canonnier,LOC,MISC,437501,". Ne nous pressons
Pas. Attend"
"i ce cadavre, là, ce corps de ",437876,vieille,PER,,437883,"
femme que ses enfants auraien"
"enta-
lisme !... Ah ! assez d’",438492,oraison,PER,,438499," funèbre. Dis donc, jene
pense"
" cette boîte que tu es venu à
",438631,Malenvers,LOC,PER,438640," ? |
. — Non, c’est une idée q"
"itations. Moi, je suis venu à ",438891,Malen-,MISC,PER,438897,"

vers afin de pouvoir en part"
"artir. Tu vas me comprendre.

",438954,J',PER,,438956,"ai quitté les Etats-Unis, il y"
" Comment, une occasion ? ,

— ",439264,Naturellement,PER,,439277,". Mon départ d'Amérique à été
"
"int d'autre
raison d’être que ",439703,la,PER,,439705," facilité de l’espionnage. Or,"
" et arrêté deux
heures après. ",439967,J’,PER,,439969,ai donc envoyé mes bagages à P
"quent, pour un collègue de la
",440542,Sûreté,PER,,440548," Générale ; mais, en temps ord"
"pour un collègue de la
Sûreté ",440549,Générale,PER,,440557," ; mais, en temps ordinaire, j"
"t trop d'intérêt

à me mettre ",440665,la,PER,,440667," main au collet.…

— Ma foi, d"
"rotechniciens.

— Allons, dit ",441240,Canonnier,LOC,MISC,441249," en se levant; c'est le
Moment"
"le auquel je me suis attaqué,
",442635,Canonnier,LOC,MISC,442644, entre dans la chambre avec de
" dans la main gauche et, dans ",442723,la,PER,,442725," main droite,
son chapeau où s"
", sont appuyés contre le mur.
",443815,Canonnier,LOC,,443824," en prend un, arrache l’étoffe"
" papiers.

— À merveille, dit ",444031,Canonnier,LOC,MISC,444040," en boutonnant son
gilet. Je f"
n !... Des billets de mille ; ,444634,mazette,PER,,444641,"!…
Quatre, cinq.., Neuf, dix. "
"moi...

- Voici cinq billets. ",444825,Mets,LOC,,444829,"-les dans ta poche, et allons-"
"nous dirigeons
Vers la grande ",445345,place,MISC,,445350, et nous avons la joie d’assit
la grande place et nous avons ,445365,la,PER,,445367," joie d’assiter aux

Transport"
" avons la joie d’assiter aux

",445388,Transports,MISC,,445398, de la foule devant les soleil
"avards, là-dedans ! mur-
mure ",447999,Canonnier,LOC,MISC,448008,", ils. vont être gavés, bientô"
es les preuves. et qui aurait ,448501,le,LOC,,448503," courage
et la force de prendr"
"à dix
heures, sur la place du ",448801,Carrousel,PER,LOC,448810,", devant lé monu-
ment de Gamb"
"nt lé monu-
ment de Gambetta. ",448846,Convenu,LOC,,448853," ? Bien. Je te quitte ; je
vai"
"le, songeant à ce que m’a dit ",449125,Canonnier,PER,MISC,449134,", à ce qu’il
Ma laissé entendr"
ans but m’a ramené près de la ,449587,Halle,ORG,LOC,449592,"
aux Plumes. J'y entre; car on"
"ation ; et, vers
le milieu de ",451196,la,PER,,451198," table, debout, avec des geste"
"on. Illa déclame,

non pas en ",452199,Robert,PER,,452205,"-Macaire, ni même en Bertrand,"
"a déclame,

non pas en Robert-",452206,Macaire,PER,,452213,", ni même en Bertrand,

mais e"
"ertrand,

mais en Courbassol. ",452257,La,PER,,452259," voix est lourde, monotone,
au"
"ai la conviction profonde, la ",453142,Chambre,PER,ORG,453149," va montrer
Par Son vote qu'el"
"progrès, son bras n’abdiquera
",453323,Jamais,PER,,453329, le droit de tenir haut et fer
"réné-
tiques font trembler la ",453552,Halle,PER,,453557," aux Plumes sur sa base.
On ve"
"-t-il ? demandent Courbassol,
",454132,Machinard,PER,LOC,454141, et plusieurs autres en se pré
"|

— Tenez, Messieurs, tenez! ",454276,Regardez,PER,,454284," la caisse!
Voyez le secrétair"
"quel malheur !.…

Courbassol, ",454433,Machinard,PER,LOC,454442," et plusieurs autres font
pleu"
"t ça; les nerfs des femmes...
",455012,Margot,PER,,455018, passera la nuit au Sabot d'Or
 gémissantes de la perversité ,455231,Lu-,LOC,,455234,"

Free
“à

NA a agree CORRE L"
re dans le bureau de l'hôtel. ,455750,Margot,PER,,455756,", assise à
côté de l’hôtelière"
"eveux, de
Hi main gauche ; de ",456339,la,PER,,456341," main droite, il tient le vieu"
"ent le vieux
portefeuille que ",456390,Canonnier,PER,MISC,456399, adécouvert derrière la glace.
"ert derrière la glace.

— Ah! ",456437,Monsieur,PER,,456445,", que nous avons du malheur!
m"
"te la soirée à la porte
de la ",456634,Halle,PER,LOC,456639, aux Plumes au lieu de patroui
"i donner
de mes nouvelles par ",457020,M.,PER,,457022," Courbassol.…

Annette, tout e"
"ouvelles par M. Courbassol.…

",457037,Annette,PER,MISC,457044,", tout en larmes, me conduit à"
est pas celle où est morte la ,457123,vieille,PER,,457130,"
femme ; tant mieux ; quoique "
" c'est curieux ? me de-
mande ",457376,Margot,PER,,457382, dans le train qui nous ramène
"rité sur le vol d'hier?
C'est ",457956,la,PER,,457958, femme de chambre qui m'a raco
"bergistes avaient chez
eux la ",458058,mère,PER,,458062," de [a femme, une vieille qui "
"
eux la mère de [a femme, une ",458080,vieille,PER,,458087," qui était morte
dans l'après-"
r! — Toutes les valeurs de la ,458201,vieille,PER,,458208,"
étaient dans le secrétaire ; "
"on avis; &r
enfin, le mari et ",458550,la,PER,,458552, femme qui s'absenteni ensembl
"es
becs de gaz de la place du ",459089,Carrousel,PER,LOC,459098,". Dix beures un
quart. J'atten"
"rrousel. Dix beures un
quart. ",459121,J',PER,,459123,attends Canonnier depuis vingt
te en traversant cette grande ,459379,place,MISC,,459384,"
à laquelle la disparition des"
"ouris déclouée
de la porte du ",460063,Grenier,LOC,,460070," d’Abondance — qui n’a plus
be"
"les
soirs pendant un mois sur ",460321,la,PER,,460323," place du Carrousel. J'ai
reçu"
ndant un mois sur la place du ,460333,Carrousel,PER,LOC,460342,". J'ai
reçu, en rentrant chez "
is sur la place du Carrousel. ,460344,J',PER,,460346,"ai
reçu, en rentrant chez moi,"
"'ai beau regarder
du côté des ",460514,guichets,LOC,,460522, qui donnent sur le quai et du
" du
côté de ceux de la rue de ",460579,Rivoli,MISC,,460585,", je n’aperçois pas
mon homme."
"ujours, n’en parlons jamais.

",461077,J',PER,,461079,"arrive chez Ida, rue Saint-Hon"
"la ? |

— On savait, continue ",462634,Canonnier,LOC,MISC,462643,", que c'était pour
venir cherc"
faisait surveiller l’hôtel de ,462918,M.,PER,,462920," de
Bois-Créault, où demeurait"
"mouchard.
— Comment ! s’écrie ",463682,Canonnier,LOC,MISC,463691," ; ce n’est pas.

240 LE VOLE"
"si le gouverne-
ment français ",464119,la,PER,,464121," demande, car tu n'es pas cond"
"endre
_et l’emmener avec moi. ",464726,Regarde,PER,,464733," par la fenêtre. Une
fois que "
"in. Maintenant, n€
quitte pas ",465004,la,PER,,465006," fenêtre, surveille bien mes m"
"te le mo-
ment où l’homme que ",465162,Canonnier,PER,MISC,465171," prend pour un
mouchard aura l"
"le, comment vous portez-vous, ",465452,Issacar,LOC,MISC,465459," ?

— Comment! c'est vous! s’é"
 Comment! c'est vous! s’écrie ,465494,Issacar,LOC,MISC,465501," absolu-

er

EST 3

AT AA IS"
"user
votre invitation, répond ",465906,Issacar,PER,MISC,465913," ; maïs en ce moment
je suis f"
 du louche dans la conduite d’,466048,Issacar,PER,MISC,466055,".

Occupé ! Vous osez me racon"
"rêter devant nous.

— Allons, ",466359,Issacar,PER,MISC,466366,", dis-je en le prenant par le "
sse d’un restaurant de la rue ,466644,Lafayette,PER,LOC,466653,".

— Non, me dit Issacar au de"
"rue Lafayette.

— Non, me dit ",466670,Issacar,PER,MISC,466677," au dessert, non, je n'ai

poi"
"’on n’égala pas, la misère et ",468483,la,PER,,468485," bêtise ; dont le plus
grand n"
" profitant de son mieux. |

— ",468623,Naturellement,PER,,468636,". Je vous parle du plus grand
"
t celles d’Tsraélites qui ont ,469411,la,PER,,469413," notion du ca-
ractère et des "
"e
_ bourses, demain gendarme. ",470407,Notre,MISC,,470412," logique est dans
nos idées — "
"ns nos
actes. La connaissance ",470502,nette,PER,,470507," des choses est déjà pour
nous"
"la tête couronnée
d’épines..… ",471408,Æcce,PER,,471412, homo !... Hé! qu'il reste à s
" de la Loi!

— Et, dites-moi, ",471676,Issacar,PER,MISC,471683,", n’avez-vous pas les doigts,
"
"là ?

— Toute la main, répond ",471785,Issacar,PER,MISC,471792,". Je ne veux pas
vous le cache"
"en souffrent encore.

— C’est ",471980,Courbassol,PER,LOC,471990, qui va être nommé président d
rait-on' laissé entrevoir une ,472907,place,MISC,,472912,"
. au râtelier, après le netto"
" J'ai rendu des services, dit ",473115,Issacar,PER,MISC,473122,".… des ser”

#

#%

_ Le dé e"
"ste d’in-
dignation. Comment! ",473796,Issacar,PER,MISC,473803,", vous en êtes là!
Vous faites"
".… |

— Pourquoi pas ? répond ",473868,Issacar,PER,MISC,473875,". Vous êtes admi-
rable, vraim"
 policier ; quant à l’homme d’,474469,"Etat,",MISC,LOC,474474," c’est

un composé des deux au"
s deux autres. Il y a aussi l’,474525,Artiste,PER,MISC,474532," ;
mais, dans la Société actue"
" |

— Vous le savez, continue ",474651,Issacar,PER,MISC,474658,", je suis Juif; et
Par conséqu"
"ez, continue Issacar, je suis ",474668,Juif,PER,MISC,474672,"; et
Par conséquent, tout à fa"
ssacar davantage. N'importe ; ,475378,Canonnier,LOC,MISC,475387," et sa fille
ont pu mettre le "
"éjà, sans
doute, à la gare du ",475472,Nord,LOC,,475476,". Il faudra que je prenne le
t"
"
compte de ce qui se passe... ",475985,Dieu,MISC,,475989," de Dieu! Cest
Canonnier!.. Po"
de ce qui se passe... Dieu de ,475993,Dieu,MISC,,475997,"! Cest
Canonnier!.. Pourvu qu'"
"e passe... Dieu de Dieu! Cest
",476004,Canonnier,LOC,MISC,476013,"!.. Pourvu qu'Issacar…

Mais I"
"r!.. Pourvu qu'Issacar…

Mais ",476042,Issacar,PER,MISC,476049, n’est plus là. Il a sauté dan
"ar Îs-
sacar aux mouchards de ",476465,la,PER,,476467," frontière... Que faire *.…
Ri"
"-je pas expliqué les choses
à ",476605,Issacar,PER,MISC,476612,", tout à l'heure ?.. Îl n’a pa"
"s convaincu qu il
aurait aidé ",476723,Canonnier,LOC,MISC,476732," à échapper, si je lui avais d"
" solitude redouble
mon ennui. ",477259,Sept,MISC,,477263, heures. Je sors. Je vais alle
e qui repoussa les présents d’,477444,Artaxercès,MISC,PER,477454,".
C'est elle qui tient à m’off"
"ps d’y digérer à mon gré, car ",477720,Margot,MISC,PER,477726," est
veuve jusqu'à demain. Cou"
"eux-tu qu’on prenne,
mon ami? ",478318,Réfléchis,MISC,,478327," un peu. Qui? Ils.ne sont pas
"
"ne pas me réveiller avant de-
",478644,Main,MISC,PER,478648,",

; . Ps, R
C'est, ma foi, ce"
"ez-moi,
sacredié ! C’est moi, ",479499,Machinard,PER,LOC,479508,".

— Réponds, murmure Margot; "
"rr |...

— Bien, bien, répond ",479699,Machinard,PER,ORG,479708,". C'est tout ce
que je voulais"
"seil
et le portefeuille de la ",479909,Justice,PER,MISC,479916,". Je compte sur votre
exactitu"
"z-vous bien de me réserver
la ",480169,Marine,PER,ORG,480175,". |

— Humrrr !...

— Et mes c"
"iez pas de me désigner pour
l'",480299,Agriculture,PER,LOC,480310,". |

— Humrrr!…..

LE VOLEUR "
"aire de
moi un ministre de la ",480627,Justice,PER,MISC,480634," !

— Etpuis, après ? dit Marg"
"elle me demande mon adresse
à ",480862,Londres,PER,LOC,480869, ; elle viendra peut-être me f
" visite
dans quelque temps... ",480937,J',PER,,480939,"en serai enchanté. Je lui
donn"
" va être heureux, Courbassol. ",481165,Ministre,PER,,481173,"
de la Justice ! Quel honneur!"
"x, Courbassol. Ministre
de la ",481180,Justice,PER,ORG,481187, ! Quel honneur! — Quel honneu
"! — Quel honneur
même pour la ",481232,Justice,PER,MISC,481239,", car enfin Courbassol n’est
p"
"me pour la Justice, car enfin ",481251,Courbassol,PER,LOC,481261," n’est
peut-être encore que l’"
ncore que l’avant-dernier des ,481309,Courbassols,MISC,LOC,481320,"…

Je me hâte de rentrer chez "
"HELINE DE PAR LA LOI

Nous ne ",481613,sommes,MISC,,481619," plus qu'à une demi-heure de
B"
"que
sous les narines du vieux ",483097,monsieur,PER,,483105,", La tête du vieux
monsieur se"
"es narines du vieux monsieur, ",483107,La,PER,,483109," tête du vieux
monsieur se rej"
"ux monsieur, La tête du vieux
",483124,monsieur,PER,,483132," se rejette en arrière, la bou"
"tent, et c'est tout. Le vieux ",483266,monsieur,PER,,483274," se révetllera
deux ou trois m"
"arrivée du train à
Bruxelles. ",483349,J’,PER,,483351,aï une grande expérience de ce
"e précaution ; je reprends
ma ",483502,place,MISC,,483507, et je déplie un journal où l’
"ttre en usage sur la
ligne du ",483664,Nord,LOC,,483668,". Allons, il ne sera pas trop "
"ette un re-
gard sur le vieux ",483891,monsieur,PER,,483899," ; ses mains se crispent et
il"
emps. Je tourne la poignée de ,484026,la,PER,,484028," por-
üère, je saisis mes deux"
"hôtel du Roi Salomon.

— Ah ! ",484288,monsieur,PER,,484296, Randal! s’écrie l'hôtelière d
"ne fille.

— Êt puis,et puis! ",484464,M.,PER,,484466," Canonnier.l’avez-vous vu ?
— "
" Canonnier.l’avez-vous vu ?
— ",484496,M.,PER,,484498," Canonnier ? Je crois bien, qu"
"nonnier.l’avez-vous vu ?
— M. ",484499,Canonnier,LOC,PER,484508," ? Je crois bien, que .je l’ai"
" tee mue —

252 LE VOLEUR

- ",484670,Jene,PER,,484674, l’écoute plus; je grimpe l'es
"impe l'escalier au plus vite.
",484725,Canonnier,LOC,MISC,484734," est ici !... Alors, qu'est-ce"
"uée.

— Enfin! c’est toi, dit ",485088,Canonnier,LOC,MISC,485097," qui vient m’ou-
vrir. Je comm"
"
Londres à la première heure. ",485470,J',PER,,485472,"ai à faire ici dans deux
ou tr"
"s à la consigne de la gare du
",485832,Nord,LOC,,485836, et j'ai télégraphié à Paterno
aphié à Paternoster de garder ,485881,la,PER,,485883," vi-
leur des titres que je lu"
"ent. Tu sais ce qu’il
donne ? ",486007,Mille,LOC,,486012, livres sterling. Iln’y a pas 
"is pas davantage. D'ailleurs, ",486099,Paternoster,PER,MISC,486110,"

3 , + r *
 n’auraitaucun int"
e servante met le couvert sur ,487135,la,PER,,487137," table du salon.
:_ — Je vais "
" je ne veux
pas t’en faire un ",487792,mystère,PER,,487799," ; d’autant moins que je dé-
s"
largement à mes combinaisons. ,487876,J',PER,,487878,"ai
besoin d’un homme instruit,"
" été le dernier auquel tu au-
",488398,las,PER,ORG,488401, participé. Il ne s'agira plus
"'elle
comprenne. Je reviens.

",489611,Canonnier,LOC,,489620, disparaît derrière la porte q
"ne grande jeune fille, belle. ",490808,Malgré,PER,,490814," la masse de

ses cheveux, d’u"
" Française, l'expres-
sion de ",491044,la,PER,,491046, tête ne contredit point celle
" de mon arrivée, et nous nous ",492238,sommes,MISC,,492244," mis à
table.

— Non, Monsieur"
"x fois à Dieppe, trois fois à ",492395,Dinard,MISC,LOC,492401,", une fois à

256 LE VOLEUR

"
"u as raison de l'espérer, dit ",492554,Canonnier,LOC,MISC,492563,"; nous
pattirons demain matin "
aiment ? Que je suis contente ,492670,!,MISC,,492671," La Belsique
n'est pas bien in"
ment ? Que je suis contente ! ,492672,La,PER,,492674," Belsique
n'est pas bien intér"
"t vite.

— Est-ce votre avis, ",492825,monsieur,PER,,492833," Randal ?

— Oh ! si tu demand"
"— Est-ce votre avis, monsieur ",492834,Randal,MISC,PER,492840," ?

— Oh ! si tu demandes à Ra"
"
songent qu'au nivellement de ",492974,la,PER,,492976," Suisse.

— Et ces utopistes p"
ngent qu'au nivellement de la ,492977,Suisse,PER,LOC,492983,".

— Et ces utopistes politiqu"
"ue de chimères. Figurez-vous, ",493072,Mademoiselle,PER,MISC,493084,", que
votre père avait trouvé "
"ution de la
question d’Alsace-",493160,Lorraine,PER,,493168,". Il proposait qu’on y re-
con"
" thèses un peu

paradoxales ? ",493510,J',PER,,493512,"ai lu dernièrement, dans la « "
"ai lu dernièrement, dans la « ",493542,Revue,LOC,,493547,"

Pénitentiaire », un article "
"257

— Oh ! j'ai appris toute ",494261,seule,MISC,,494266,". Au couvent, c'était
très gen"
! j'ai appris toute seule. Au ,494271,couvent,LOC,,494278,", c'était
très gentil. Les sœu"
ésus ! Nous répondions : Vive ,494391,Jésus,PER,,494396,"!
les yeux encore mi-clos, et "
" à peu près sur le même ton.

",494486,Canonnier,LOC,,494495," fait la grimace.

— L’instruc"
"le
Ainsi, une de mes amies de ",494793,"couvent,",PER,,494801," qui s’était ma-
riée à dix-hu"
t cédé à des entrainements... ,494970,Certains,PER,,494978,"
hommes manquent tellement de "
"— Le loup n’y est jamais, dit ",495337,Canonnier,LOC,MISC,495346," ; il est
dans la bergerie, en"
"ure audacieusement
Canonnier. ",495625,Dieu,MISC,,495629, merci ! il y a encore des gen
"n étrange, comme la nervosité
",495831,amère,PER,,495836," de l'ironie qu'on dompte, com"
"is
déshonoré leur victoire... ",496402,Père,MISC,PER,496406,", est-ce que tu n'as
pas aussi"
" avec les déshérités, s’écrie ",496537,Canonnier,LOC,MISC,496546,"
qui oublie son rôle, ce ne se"
"le dans les yeux d'Hélène.

— ",496840,Père,MISC,PER,496844,", demande-t-elle en se penchan"
"in de son père. :

— Je vois, ",497701,Mademoiselle,PER,MISC,497713,", que vous étiez fort 0
cupée "
" sont des hommes d’ordre, dit ",498259,Canonnier,LOC,MISC,498268," ;
ils veulent mettre les pauv"
"de ceux qui en
possèdent, dit ",498914,Canonnier,LOC,MISC,498923,". | :

— Et qu'est-ce que c’es"
"st-ce que c’est que l'argent, ",498969,père,MISC,,498973,"?

— Demande à Randal. |

— No"
" l'argent, père?

— Demande à ",498988,Randal,MISC,PER,498994,". |

— Non, Mademoiselle, ne m"
"e salon. | |
.— Eh! bien, dit ",499251,Canonnier,LOC,MISC,499260," dès qu’elles sont sor-
tes, p"
"s sont sor-
tes, puisque nous ",499302,sommes,MISC,,499308," entre la poire et le fro-
mag"
"a tête, font irrup-
tion dans ",499860,le,PER,,499862, salon. Nous nouslevons tousle
"ommes, qui tient un papier de ",499941,la,PER,,499943," main gauche et
dont la main d"
"nonnier.

— Vousèêtesle nommé ",500086,Canonnier,LOC,MISC,500095,", Jean-François ?.…
J'ai un ma"
à la mort qu'il va; car c’est ,500625,la,PER,,500627," mort, la
mort lente, hideuse "
"
jamais dans les marécages de ",500721,Cayenne,PER,LOC,500728,". Mais il sait qu'il
est inuti"
"Cr
nonnier. Cette fois-ci, il ",501347,salue,MISC,,501352," obséquieusement.

— Mademoise"
" il salue obséquieusement.

— ",501373,Mademoiselle,PER,,501385,", je suis chargé d’une mission"
"colère.

— Non, certainement, ",501611,Mademoiselle,PER,MISC,501623,", mais.

— Eh! bien, je vous p"
"te ; autrement, elle n’aurait ",502479,point ré-,PER,,502488,"
pondu comme elle vient de le "
"ous à rompre le
silence. |

— ",502651,Mademoiselle,PER,,502663,", dis-je pendant qu’elle sembl"
"u présent?
.  — Certainement, ",503542,Mademoiselle,PER,MISC,503554," ; je n’ai point
l'honneur d’ê"
"e ; je n’ai point
l'honneur d’",503583,être,PER,,503587, connu de vous depuis bien lon
"ès honorables et trés
riches. ",504400,M.,PER,,504402, de Bois-Créault est un ancien
"uis bien renseigné. Son fils, ",504740,M.,PER,,504742," Armand de Bois-
Créault, n’a "
— Je ne sais pas si c’est une ,505141,Egérie,MISC,LOC,505147,", dit froidement
Hélène. Je sa"
"é un pareil terme, mais c’est ",505336,le,PER,,505338," seul
qui convienne, en bonne "
"ppris, j'en suis sûre, que ma
",505973,mère,PER,,505977, est morte il y a quatre ans e
" dame au moment où
ce malheur ",506142,survint,PER,,506149,. Mme de Bois-Créault résolut 
"moment où
ce malheur survint. ",506151,Mme,PER,,506154," de Bois-Créault résolut de
ne"
je ne Île sais pas davantage. ,507111,J',PER,,507113,"ai entendu dire que
les voleur"
"nt res-
pirer du chloroforme. ",507268,Mme,PER,,507271," de Bois-Créault connais-
sait"
"EUR - 265

bout d’un instant. ",508493,Attendre,PER,,508501," je ne savais quoi. Le
moment "
"ù je pourrais me venger, oui! ",508562,J',PER,,508564,"ai espéré.
que je le pourrais,"
"e; mais pas assez. Ils ne le

",509249,Seront,MISC,,509255, jamais assez. Le fils dépense
"les
caves de Ja Banque. Et sa ",509388,mère,PER,,509392," en est folle; elle
l'adore ; "
"r à Barzot.

,— Mais, dis-je, ",509595,M.,PER,,509597," de Bois-Créault, le père, ne
"
"ètent les journaux, il n’en a
",510197,Jamais,PER,,510203, écrit une ligne. Il a un méti
"atin au soir, pour les bonnes
",510306,Œuvres,PER,,510312, de sa femme. Quand elle donne
’est un premier président que ,512087,JA,PER,ORG,512089,"!
volé ?... Comme cest flatteu"
"temps, qu'il était
un voleur. ",512830,Pensez,LOC,,512836,"-vous que M"" de Bois-Créault m"
u sauvage. Je suis un voleur. ,514755,"M""",PER,,514757,"®* de Bois-Créault
avait oubli"
"ne robe. Je r'’avais rien em-
",515095,porté,MISC,,515100, en quittant l’hôtel de Bois-C
"s journaux, un numéro de la « ",516906,Revue,LOC,,516911," Péniten-
taire », et un grand"
" oui, je lui ai coûté cher, à ",517921,Barzot,PER,LOC,517927," ;

et il ne m’a pas eue comme"
"j'avais de l’af-
fection pour ",518154,Mme,PER,,518157," de Bois-Créault, je vous dis."
enant. Il était fou de moi... ,518291,Croyez-,MISC,LOC,518298,"

Vous qu’on pourrait tirer pa"
"mment nous sorti-
rons d'ici. ",518664,La,PER,,518666," maison est surveillée, certai"
"de nous empêcher de pren-
dre ",518927,le,PER,,518929, train pour Ostende et le bate
"t
de jeunes filles. C’est une ",519389,Anglaise,PER,LOC,519397," dont le mari, es-
tampeur de "
"basse, l’air déconfit.

— Ah! ",520716,monsieur,PER,,520724," Randal, dit-il, quel malheur!"
"elque chose de spécial contre
",521110,M.,PER,,521112," Canonnier, savez-vous

— Ne v"
"ourse pour moi... |
.‘— Bien, ",521279,monsieur,PER,,521287," Randal; tout de suite. Ab !
j"
"t de suite. Ab !
j'oubliais : ",521329,M.,PER,,521331," Roger vient d’arriver…

— Rog"
"
— Roger-Ja-Honte ? |

— Oui, ",521385,monsieur,PER,,521393," Randal.

— Dites-lui qu’il mo"
"Ja-Honte ? |

— Oui, monsieur ",521394,Randal,MISC,PER,521400,".

— Dites-lui qu’il monte imm"
"ns cinq mi-
nutes, -

— Bien, ",521793,monsieur,PER,,521801," Randal ; comptez sur moi, pou"
"l entre, la bouche
pleine, la ",521974,serviette,PER,,521983," autour du cou.

272 _ LE VOL"
" que tu
faisais donc à Paris? ",522133,Broussaille,LOC,PER,522144," disait qu'on t’avait
nommé ju"
"est arrivé,
des histoires !.. ",522236,Canonnier,LOC,,522245," arrêté... Ah! vrail... Sa.
fi"
". Tu vas aller à Ixelles, rue ",522770,Clémentine,PER,LOC,522780,";
tu sais ?

— Parbleu ! |

— "
"

— Bien sûr.

— Tu diras à l’",522935,Anglaise,PER,LOC,522943," de faire atteler son petit
pa"
-il ? Neuf heures. Préviens l’,523129,Anglaise,PER,LOC,523137,"
que je serai. chez elle vers "
"i mon plan: je vais exiger de
",523617,Mre,PER,,523620," de Bois-Créault, sous la mena"
"
Mais je ne veux pas être une ",524242,cocotte,PER,,524249," ; je veux être
pire; et, pour"
e d’état-civil qu’il me faut. ,525043,M.,PER,,525045," Armand de
Bois-Créault ne ser"
". Une femme qui s’est
laissée ",525215,toucher,PER,,525222," une fois, une seule fois, par"
Mais le fils aura reconnu ses ,525950,torts,PER,,525955," à
mon égard, j'aurai pardonné"
"de ce soin.

— Ah !... Ah!

— ",526273,Naturellement,PER,,526286,", puisque j'ai les lettres. Ce"
"ne. Vous qui l'avez

ou ‘ .

",527582,La,LOC,,527584," ri its r 4 . + . : °° ®
s è »"
"le bruit
du petit panier de l’",528674,Anglaise,PER,LOC,528682,".

— Les roussins viennent de "
"uand nous arriverons aux der-
",529359,Meres,PER,,529364," maisons de la ville, je coupe"
"l.

l

276 LE VOLEUR

Nous y ",529433,sommes,MISC,,529439,. Je me retourne; le fiacre es
 sanglants de la colère et de ,530849,la,PER,,530851," haine
pour montrer la route, "
ard... Je suis intelligenteet ,531760,belle,MISC,,531765,". Embras-
sez-moi fort. encore"
"
roxysme, par les émotions de ",531926,la,PER,,531928," soirée. Certes, elle
est inte"
"s
k cour du pensionnat dont l’",532808,Anglaise,PER,LOC,532816," à ouvert la
grille.

— N'ayez"
".

— N'ayez pas d’inquiétude, ",532865,monsieur,PER,,532873," Randal,
me dit cette veuve de"
" acheté, en passant, dans les ",533690,Galeries,PER,,533698,"
Saint-Hubert. Tout a été pour"
", non pas à Bruxelles, mais
à ",533895,Louvain,PER,LOC,533902,. C'est Stéphanus qui me l’a i
"LEUR 279

zot au saut du lit. ",534951,Tiens,MISC,,534956,", à propos... Mais où per-
che"
"ar l’hôtel Men-
celle. |
J'ai ",535105,la,PER,,535107, main heureuse. C’est justemen
"se. C’est justement à l'hôtel
",535149,Mengelle,PER,LOC,535157, qu’est descendu le premier pr
"is passer ma carte

| Georges ",535242,Randal,MISC,,535248,"

INGÉNIEUR

Collaborateur à l"
"
| Georges Randal

INGÉNIEUR

",535261,Collaborateur,PER,,535274," à la Revue Pénitentiaire

 
"
"INGÉNIEUR

Collaborateur à la ",535280,Revue,LOC,,535285," Pénitentiaire

 

XVIII

COM"
"aire

 

XVIII

COMBINAISONS ",535325,MACHIAVÉLIQUES,PER,,535339," ET LEURS RÉSULTATS

En m'aper"
OMBINAISONS MACHIAVÉLIQUES ET ,535343,LEURS,PER,,535348," RÉSULTATS

En m'apercevant, B"
". |

— Je connais beaucoup un ",535845,M.,PER,,535847," Randal.…

— M. Urbain Randal "
"is beaucoup un M. Randal.…

— ",535860,M.,PER,,535862, Urbain Randal ? C’est mon onc
"p un M. Randal.…

— M. Urbain ",535870,Randal,LOC,,535876, ? C’est mon oncle. Je sais en
 M. Urbain Randal ? C’est mon ,535889,oncle,PER,,535894,". Je sais en
effet, Monsieur, "
"rait
dans sa villa de Maisons-",536094,Lafitte,PER,,536101," et j’aurais eu certal-
nement"
"voyé vers vous par
M'e Hélène ",536835,Canonnier,PER,,536844,".

Barzot ne répond point. Son"
"honneur, d’être très lié avec
",537097,M.,PER,,537099, Canonnier; nousnous sommes re
"é avec
M. Canonnier; nousnous ",537120,sommes,MISC,,537126," rendu des services
mutéels ; "
"e. _

77, Je connaissais donc ",537535,M.,PER,,537537," Canonnier. Mais je
n'avais ja"
ations exécutées au nom de la ,538110,Justice,PER,MISC,538117,",
vous a certainement permis d"
"nt permis d'apprendre comment
",538166,M.,PER,,538168," Canonnier fut ravi, hier soir"
"oin de cet évènement pénible.
",538269,Me,PER,,538271," Hélène Canonnier,restée seule"
" évènement pénible.
Me Hélène ",538279,Canonnier,LOC,,538288,",restée seule, avec moi, m’avo"
"élène r€-
clame de lui. .

.— ",539596,Me,PER,,539598," Canonnier, dis-je, n’a point "
"ne r€-
clame de lui. .

.— Me ",539599,Canonnier,PER,MISC,539608,", dis-je, n’a point de positio"
" Vous avez tort, dis-je ; mon ",540098,oncle,PER,,540103," est un voleur.
S'il ne m'avai"
" le moment où j'ai
appris que ",540395,Mie,PER,,540398, Canonnier avait quitté Paris.
"moment où j'ai
appris que Mie ",540399,Canonnier,PER,MISC,540408," avait quitté Paris. Les
pensé"
"se faire
entendre. Hélas ! la ",541360,Justice,PER,MISC,541367," est ouverte à tous. Le res-

"
"Paillard aussi... E1 puis, la ",541438,Justice,PER,MISC,541445,", les lois.

Des mots, des mot"
"! Il fau-
drait que ce fût un ",541579,saint,PER,,541584,", cet homme-là. Un grand
Saint"
"saint, cet homme-là. Un grand
",541609,Saint,PER,,541614, et un grand savant. Il faudra
"pos-
sible ; et à offrir à Ml ",542524,Canonnier,PER,MISC,542533," telle somme qu'elle
aurait pu"
"OLEUR | 285

votre enfant une ",543799,belle-mère,PER,,543809," de son âge ! Et vous pré-
par"
"ous avez achetée, a souffert? ",544544,Savez-,MISC,LOC,544550,"
vous ce qu’elle a éprouvé, hi"
"jamais. Voyons,
Monsieur. Mie ",545454,Canonnier,LOC,MISC,545463," désire se marier et elle
Vous"
"t autant d'intérêt que vous
4 ",545703,éviter,PER,,545709," un scandale, C’est avec M. Ar"
"viter un scandale, C’est avec ",545734,M.,PER,,545736," Armand de Bois-
Créault que m"
"t que mad.

286 LE VOLEUR

— ",545789,Jamais,PER,MISC,545795, ! s’écrie Barzot qui se lève 
"arzot qui se lève en frappant
",545837,la,PER,,545839, table du poing. Jamais !... Q
"n frappant
la table du poing. ",545856,Jamais,PER,,545862," !... Qu'il arrive n’importe
q"
"sée. — Comme vous voudrez,
M: ",546159,Canonnier,LOC,MISC,546168, fera son chemin tout de même.
"ndigne qui
pesait sur elle... ",548255,Combien,MISC,,548262," de fois ai-je voulu l’ar-
tac"
"remble, vous pourrez dire à
M ",549416,Canonnier,LOC,MISC,549425, que je ferai selon son désir 
"e, me donner l'adresse de
M'e ",549568,Canonnier,LOC,PER,549577, ? Non. Bien. C’est donc sous 
"é-

288 : LE VOLEUR

marche. ",549693,J',PER,,549695,ai votre carte... Les lettres 
"l anxieusement.

— Mon Dieu ! ",549805,Monsieur,PER,,549813,", dis-je en souriant, vous
vou"
"es — au moïns une par une.

— ",550088,La,PER,,550090," vie est une comédie sinistre,"
"a
sensibilité de la nature et ",551564,la,PER,,551566," délicatesse du caractère
entr"
e toute espèce de sentiments. ,551792,Peut,MISC,,551796,"-être
est-1} nécessaire d’agir"
" redouter cette exis-
tence d’",551924,aventurière,PER,,551935, que je vais commencer. S'il n
"sprit et les élans
du cœur... ",552253,Quelle,PER,,552259, vie! C’est agir comme les Bar
ondulations et les inflexions ,552800,longues,PER,,552807,"
de sa chair qui s’attend frém"
"a splendeur triomphante de sa
",552908,Jeunesse,PER,,552916, radieuse... Ah! si elle avait
"rrais
lui faire. Et pour moi. ",553231,Rien,MISC,,553235," de plus ridicule que
d'être l"
" décidés au
mariage. Parbleu! ",553540,Canonnier,LOC,,553549,", de Mazas où il se
trouve, a "
"
cents. livres que j'ai prié. ",554194,Paternoster,PER,,554205," de lui remettre.

Hélène na. "
"je lui fais mes
adieux chez l’",554351,Anglaise,PER,LOC,554359,", elle me remercie de mes offr"
"t si lâches ! |

Elle me tend ",554691,la,PER,,554693," main, monte dans la voiture q"
" venir la rejoindre à
l’hôtel ",554948,Mengelle,PER,,554956,. Elle sera ce soir à Paris. Q
"oir, ce sera le cambriolage à ",555722,Louvain,PER,LOC,555729,", avec Ro-
ger-la-Honte, sur l"
 sur les indic:tions du nommé ,555783,Stépha-,LOC,PER,555790,"
nus, employé de banque. Et de"
; on avait profité de la mort ,556685,d’,LOC,,556687,"un cousin éloi-
gné pour faire"
 de famille. Un vicaire et un ,556799,adjoint,PER,,556806," ont
suffi à confectionner le "
"gé de citations latines, du
« ",557512,Réquisitoire,LOC,MISC,557524, à travers les Ages ! » Auriez
mensonges ! — [] en pleuvait. ,557705,Pensez,PER,,557711," si je.
contribuais à laverse!"
"reusement, je ne suis plus la ",558068,petite,PER,,558074," femme apeurée
qui se pressait"
ir. Je suis une vraie femme — ,558232,la,PER,,558234," femme
forte de l’Evangile, mo"
"des noyés
aux murailles de la ",560163,Morgue,PER,,560169,", ces débris de choses vé-
cue"
"s,
épithalames et épitaphes — ",560375,Regrets,PER,,560382," éternels. Oui,
éternels, les "
"tomne pluvieux
et noirâtre de ",560578,Londres,PER,LOC,560585,". | |

‘Une lueur bläfarde et "
"-di-
vers aux journalistes de ",560975,Louvain,PER,LOC,560982,". Triste! Triste !.…
Non, Hélè"
rnalistes de Louvain. Triste! ,560992,Triste,MISC,,560998," !.…
Non, Hélène n’est plus la"
"!.…
Non, Hélène n’est plus la ",561029,petite,PER,,561035," femme qui se pres-
sait contr"
"vit
lui soit marâtre ou bonne ",561187,mère,PER,,561191,", elle ne sera plus J#
mais ce"
"plus J#
mais cette femme-là — ",561236,la,PER,,561238," femme que j'aurais voul
qu'el"
ceur certainement. On rêve de ,561544,la,PER,,561546," femme
par laquelle l’uñivers "
"ée se
prend de vertige devant ",561794,Celle,PER,,561799," qui a la bravoure de
s'ofirir"
" ridicule effort...
Voüloir ! ",562343,La,PER,,562345, volonté : üne lame qu’on n’em
ussi inexorables qué la hart. ,562643,Libre,PER,,562648," autant qu’il
désirera l’être,"
arte les suggestions de Roger-,563705,l-,PER,,563707,"
Honte qui voudrait m'emmener "
i pas à Venise. Tant pis pour ,564371,Roger-,MISC,,564377,"
Ja-Honte ; il attendra. Je n’"
"pis pour Roger-
Ja-Honte ; il ",564392,attendra,PER,,564400,. Je n’irais pas à Venise même
"ien.
Affaire conclue. |

Nous ",564714,sommes,MISC,,564720," mariés, collés. C’est fini, ç"
"ieux habi-
tués du café de la ",565792,Mairie,PER,,565798,", en province — rentiers à
cer"
"ouillent dans ces
repaires du ",566620,Crime,PER,,566625, cosmopolite ; tous les vices 
" rouges. Ce sont

les Grandes ",566941,Assises,PER,,566948, de l’immoralité tenues dans l
" les

Sous-sols de la tour de ",567006,Babel,PER,LOC,567011,".

Intéressant ? Certainement."
", douloureux et rare, faisait ",568425,place,MISC,,568430,"
à un ricanement facile et gén"
istoires qu’aime à débiter le ,568964,monsieur,PER,,568972," qui
paye à la marchande d'amo"
"r. [l parle à cœur ouvert,
ce ",569033,monsieur,PER,,569041,-là. Secrets de famille et d’a
" cœur ouvert,
ce monsieur-là. ",569046,Secrets,PER,,569053," de famille et d’alcôve, babi-"
"le
penser que les rapports du ",569332,monsieur,PER,,569340," qui paye avec la
courtisane s"
 Ils se sont mis au diapason: ,569798,Leurs,PER,,569803," femmes
payent leur dot après,"
"— Je viens de rompre avec une
",571946,Allemande,PER,LOC,571955, qui m'annexait depuis quinze 
efuse de la remplacer par une ,572029,Danoise,MISC,LOC,572036,". Je veux avoir
le temps de pl"
otre peau comme la tunique du ,573298,Centaure,PER,,573306,".

— C’est bien fait, me dit P"
"l a
lu mes articles dans la « ",573880,Revue,LOC,,573885," Pénitentiaire » et pré-
tend "
"ui me rappellent, je ne sais

",574281,pourquoi,MISC,,574289,", les propositions voilées que"
" que m'a faites ce
malheureux ",574345,Canonnier,PER,MISC,574354,". Mais je ne me fie pas à Pa-
"
ai fait la connaissance d’une ,575035,Anglaise,PER,LOC,575043,",
une de ces malheureuses peti"
ui ai meublé près de Waterloo ,575307,Road,PER,,575311,", où
elle vit fort satisfaite."
isfaite. Je passe pour un bon ,575363,papa,PER,,575367,",
veuf et pas très riche, poin"
 bandit qui vous enverra dans ,575884,la,PER,,575886," Tamise, par-
dessus le parape"
"e que nous venons
de faire en ",576391,Hollande,PER,LOC,576399,", et que nous ne regrettons pa"
"der à tourner sur ses gonds.

",577012,Me,PER,,577014, voici dans la place. Il y fai
"main au feu. Curé, vi-
caire, ",577230,suisse,PER,LOC,577236,", bedéau ou sacristain, il y a"
"acristain, il y a un homme
de ",577279,Dieu,MISC,,577283, én embuscade dans cette pièce
"pal. D'un saut,

je suis dans ",577602,le,PER,,577604," jardin ; d’un bond, je passe "
", et va
mé barrer le passage. ",578409,J',PER,,578411,"ai ma pince à la main; je
peux"
"Il m’atteint, il est sur moi. ",579089,J',PER,,579091,"ai juste le temps
de me retour"
"coup, je le reconnais.

C'est ",580556,Albert,PER,,580562," Dubourg, mon ami d’enfance, m"
" !

— Oui, dit-il en souriant ",580780,d’,PER,,580782,"un sourire triste. Cest
moi. T"
usé longtemps. 11 m'a raconté ,582143,la,PER,,582145," triste histoire que
je presse"
"
trouver d'emploi nulle part. ",582407,La,PER,,582409," mère parvenant, par
un travai"
ouver d'emploi nulle part. La ,582410,mère,PER,,582414," parvenant, par
un travail de "
"ot de blâme. Non,

 Pagnie de ",583083,Navigation,MISC,,583093,", qui lui permet de vivre, tou"
"
Ils y réussissent, je crois. ",583539,J',PER,,583541,"ai passé la journée du
lendema"
"
Que pour le métier de mouton
",584161,Jamais,PER,,584167," aucun loup ne soupire ?

Et l"
"'est-il pas lui-même une chi-
",584661,mère,PER,,584665,", le voile d’un rêve d’or deva"
" existence-là, ses ennuis qui ",584960,la,PER,,584962," harassent,
sès chagtins qui l"
"s la
misère ; et pas d'amour. ",585789,Jamais,PER,,585795,". Jamais. |

Pauvre Albert !.."
ère ; et pas d'amour. Jamais. ,585797,Jamais,PER,,585803,". |

Pauvre Albert !... Voilà "
"s d'amour. Jamais. Jamais. |

",585808,Pauvre,MISC,,585814, Albert !... Voilà que je le p
"uve, sa foi en elle-même ; et ",587981,la,PER,,587983," tt-
solution fière qu’elle su"
qui auraient pu être semblent ,588404,pas-,PER,,588408,"

ser devant mes yeux ainsi qu"
"son enfant — à notre enfant.

",588793,Notre,MISC,,588798," enfant! Flle est là, à côté, "
"é, reposant sur
un lit que sa ",588855,mère,PER,,588859,", aidée par Annie, lui a prépa"
"itté,

sa triste robe noire d’",589657,ouvrière,ORG,,589665,".. Ah ! Dieu de Dieu!
La voici"
 robe noire d’ouvrière.. Ah ! ,589673,Dieu,MISC,,589677," de Dieu!
La voici. Elle rentr"
ire d’ouvrière.. Ah ! Dieu de ,589681,Dieu,MISC,,589685,"!
La voici. Elle rentre, tout "
"ouvrière.. Ah ! Dieu de Dieu!
",589687,La,PER,,589689," voici. Elle rentre, tout douc"
", comme elle faisait
à Paris. ",589933,J',PER,,589935,"ai eu si peur avant-hier, hier"
"e suis décidée à aller cher-

",590234,cher,LOC,,590238," un docteur. Un bon médecin, h"
"ue de
l'Opéra, j'ai rencontré ",591134,Marguerite,PER,,591144," Marguerite, tu
te souviens ? "
"ncienne femme de chambre de
M ",591207,Montareuil,PER,,591217,. — Elle ne savait rien de ce 
"e... Je ne raï-
sonnais plus. ",592414,J’,PER,,592416,ai pris le train pour Londres.
"pas osé... On m’ena
dissuadé. ",592873,J',PER,,592875,"ai pensé... | |

— Quoi? deman"
"ui est revenue à toi, mais la ",593551,mère,PER,,593555," de ton enfant. Je.
néte deman"
"le non. plus; mais... Voyons,
",593676,Georges,PER,MISC,593683,", regarde-moi. Pourquoi pleure"
" ou plutôt ce
matin, car nous ",595113,sommes,MISC,,595119," à dimanche depuis cinquante
m"
"e retour
ue vers le milieu de ",596128,la,PER,,596130," semaine... Maïs quand vien-
f"
"eils si inquié-
tants pour sa ",596308,mère,PER,,596312,. Comme elle est päle! Ses yeu
"
navrantes.

— Maman, bobo... ",596641,Maman,PER,MISC,596646,"... bobo.

Charlotte la prend "
"s.

— Maman, bobo... Maman... ",596650,bobo,MISC,,596654,".

Charlotte la prend dans ses"
"?

— Oui, certainement, c’est ",597586,la,PER,,597588," méningite.

— Ÿ at-il de l'es"
"t ne
Peuvent m'offrir que des ",601424,sommes dérisoires,MISC,,601441,". Et voilà
trois heures que je"
"it chez
elle ! |

Elle y est. ",601654,Rapidement,PER,,601664,", je la mets au courant des
ch"
 une enfant! Je voudrais bien ,602017,la,PER,,602019," voir.
Elle doit être belle co"
"te ""
Aus Us

HN RS
;

z
pense ",603483,Pense,PER,,603488," RS mes ee 4, :

L LE VOLEUR 3"
"six ; ses clients, en

effet, ",603642,observent,PER,,603651, peu les chômages indiqués par
" marché
aussi bien le jour de ",603763,Pâques,PER,MISC,603769," que celui de la Trinité.
Iles"
"t au bout, ià-bas, j’aperçois ",604205,Paternoster,PER,MISC,604216," qui s’en

va et je le vois di"
"mme dont
J'ai besoin. Ah! bon ",604914,Dieu,MISC,,604918," !... Mais, pourtant, si je
ne"
" il mele faut, il me le faut! ",605038,J',PER,,605040,"ai promis de le rap-
porter ; "
"trequ'illasauvera, ma fille.

",605227,Jene,PER,,605231," veux pas qu'elle meure, cette"
"et se bom-
bardant de « Merry ",606446,Christmas,PER,,606455," » ; aux voitures de gui
et de"
"Fleet Street, Strand, « Merry ",606735,Christ-,PER,,606742,"
mas »..,

Je viens de travers"
rrière la porte d’une maison. ,606961,J',PER,,606963,"ai
à peine eu le temps del’y v"
oin. de la rue et de Waterloo ,607395,Road,LOC,,607399,", à l'en-
droit d’où j'ai vu P"
 seulement maintenant. L’idée ,608179,nette,PER,,608184," de
l'acte à accomplir se déco"
"présent, que la silhouette de
",608991,Paternoster,PER,LOC,609002,", là-bas. Il se hâte, une main"
"vagabond, écumeur du Pont des ",609548,Soupirs,LOC,,609555,",

320 LE VOLEUR |
qui a vu m"
"Bonne affaire ! | |

— Tenez, ",610381,vieille,PER,,610388," femme, voici cinquante livres"
"octeur Scoundrel, dans
Harley ",610480,Street,PER,,610486,", donnez-lui ça d'avance et ra"
. Je n’ai plus la tête à moi. ,611957,J',PER,,611959,"ai des pressen-
timents si noi"
"tort, dis-je en l’embrassant. ",612038,J',PER,,612040,"espère que
le médecin qui va v"
e des flocons de soie ; et un ,612518,cercle,PER,,612524," noir
cave les yeux. |

— Ést-"
arler... Comme elle a grandi! ,612680,Regarde,PER,,612687,". On croirait
qu'elle a trois "
"e quelque chose, mon
Dieul... ",612895,Minuit,PER,,612901,". Les cloches, de tous les côt"
"st
épuisée, à bout de forces. ",614055,IL,PER,,614057," y a déjà paralysie dk
langue "
"ite de pouvoir trouver,
en ce ",614188,saint,PER,,614193," jour qui commence, au souveni"
" Vraiment ?

— Sur l'honneur, ",614567,Monsieur,PER,MISC,614575," ! dit-il en frappant d
la mai"
"enterré hier.

: C’est l’abbé ",616732,Lamargelle,LOC,,616742," qui parle ; et je l’écoute
en"
"gnée…
Puis, le délire a saisi ",618276,Paternoster,PER,MISC,618287," et son agonie a duré
près de "
"loient les
malfaiteurs ? Et l'",618945,Eglise,LOC,ORG,618951,"? Assassinat et vol, vol et
as"
"C'est bien possible, répond l'",619105,abbé,PER,,619109," ; en tous cas,
il ne prêchait"
"rd’hui, — le parier qu'on ca-
",619445,Pitonne,PER,LOC,619452, avec de la sciure de bois.— Q
"s
hommes dont ils n’ont point ",619961,la,PER,,619963," force, que les gens
qui succo"
nditions d'existence que nous ,620330,sommes,MISC,,620336,"
assez vils pour accepter ? Es"
que nous menons ; et que nous ,620473,sommes,MISC,,620479," bien lâches,
pour ne pas nous"
"’on voulait !.…

— Oui, dit l'",620916,abbé,PER,,620920,; vous avez raison. Si l’on vo
" Je m'en garderai bien, dit l'",621869,abbé,PER,,621873," ; il aurait ses
fidèles avant"
"... Mais si ce n'était
pas un ",622060,saint,PER,,622065,", c'était un homme, ce qui est"
"rent.

— Ce qui n'empêche pas ",622294,le,PER,,622296," fait d’avoir existé... Il
ava"
"bé. Maïs puisque
l'argent est ",622994,le,PER,,622996, seul lien qui attache les hom
"our soi et Dieu

pour tous... ",623104,Naturellement,PER,,623117,", Dieu pour tous! Sans
Dieu, c"
serait pas chacun pour soi... ,623182,La,PER,,623184," bassesse
est obligatoire, et "
" nous refuse le bonheur, nous ",623494,sommes,MISC,,623500,"

328 __ LE VOLEUR

aussi mal"
"ser passer:

— Tu te trompes, ",626045,Georges,PER,MISC,626052,", je raisonne autrement
aujour"
"que je pensais aussi, le
même ",627292,Jour,MISC,LOC,627296,", une heure avant, lorsque tu "
"urquoi m’as-tu dit de rester, ",629237,la,PER,,629239," semaine der-
nière, quand je "
"is entrer dans ces
temples de ",631144,la,PER,,631146, joie où l'anxiété humaine che
" voulu con-
duire Charlotte à ",631255,Monte,PER,,631260,"-Carlo, qu’elle n'avait jamais"
" con-
duire Charlotte à Monte-",631261,Carlo,PER,,631266,", qu’elle n'avait jamais
vu. M"
"is
vu. Moi, je le connais, le ",631318,Casino,PER,LOC,631324," célèbre. Je lui ai
rendu visi"
 crainte du retour inopiné du ,632334,maître,PER,,632340,". C’est ri-
sible et pitoyable"
"-clac

FIAT TAN PR PR MER ET ",633808,MEME,PER,,633812,",
n +.

"".
+
. 3 .

Les RER
EN"
" trois mois
que nous sommes à ",635302,Nice,MISC,LOC,635306,. J’ai entendu dire que lorsqu
"s-nous ? À Londres?

— Oui, à ",635468,Londres,PER,LOC,635475,; où il te plaira... Je voudra
" éprouve, je sens la peur qui ",637744,la,PER,,637746," secoue palpiter
en moi et pét"
"bateau que j'ai pris à Saint-
",638947,Malo,MISC,LOC,638951,", tout seul, Roger-la-Honte ét"
"rlotte !

Personne ne répond. ",642026,J',PER,,642028,"arrive au premier, j'ouvre
vio"
"échire l'enveloppe.

_«..…... ",642412,Notre,MISC,,642417, vie à tous deux serait un mar
drais funeste. Il ne faut pas ,642543,m',PER,,642545,"en vouloir, vois-tu ; je
ne su"
"it tou-
jours nous séparer... ",642814,J',PER,,642816,ai le cœur serré dans la grift
"e viens de
passer huit joursà ",644137,Vichy,PER,LOC,644142,". J’y serais même restée plus
"
"s parents
tiennent un hôtel à ",644419,Vichy,PER,LOC,644424," »

— Oui, ton frère me l’a ap"
"superbe, un des plus beaux
de ",644686,Vichy,PER,LOC,644691,", l'hôtel Jeanne d'Arc.

— Âh "
" plus beaux
de Vichy, l'hôtel ",644701,Jeanne,PER,,644707," d'Arc.

— Âh l'oui, je vois ç"
chez eux se trouvait un vieux ,644850,monsieur,PER,,644858,", d’une soixan-
taine d'années"
"s mains. — Comme il s'appelle
",645068,M.,PER,,645070," Randal, j'avais pensé...

— U"
"l, j'avais pensé...

— Urbain ",645106,Randal,MISC,,645112," ?

— Oui, c’est ça ; Urbain R"
"l ?

— Oui, c’est ça ; Urbain ",645141,Randal,MISC,,645147,".

— C'est mon oncle, dis-je ;"
"; Urbain Randal.

— C'est mon ",645162,oncle,PER,,645167,", dis-je ; ah !'il est à Vichy"
"oncle, dis-je ; ah !'il est à ",645192,Vichy,PER,LOC,645197,"...

— Oui, avec la cocotte en"
 vais me mettre en route pour ,645952,Vichy,PER,LOC,645957,"

. CÆ SOir, empoigner mon onc"
"chy

. CÆ SOir, empoigner mon ",645984,oncle,PER,,645989," demain, et lui tordre

€ cou."
"emps, à vrai dire, que cette

",646067,Pensée,MISC,,646073," de vengeance, qui se formule "
"versées, je les verse encore. ",648491,Projets,MISC,,648498,", rêves, plans ébau-
chés, aba"
et beaucoup moins. Pourquoi ? ,648662,Mélange,MISC,,648669," de vio-
lence et d’irrésoluti"
river. Âh ! le vieux gredin ! ,649003,la,PER,,649005," brute hypo-
criteet lâche! Je"
", environ, quand j’ar-
rive à ",650058,Vichy,PER,LOC,650063,. Un train quitte la gare au m
"neveu !

C'est une femme... — ",650231,Margot,PER,,650237,"! c’est Margot ! — .

342 LE "
". Et où est-il, lui ?

—_ Ton ",650583,oncle,PER,,650588," ? Il vient de partir, de me q"
abandonner ; et je suis comme ,650662,Calypso,PER,LOC,650669,". Tu vois que
j'ai fait des pr"
"oir.
Du reste, je ne suis pas ",651413,la,PER,,651415," première avec qui il äit agl
"
"it pour deux cons-
pirateurs. ",652574,J',PER,,652576,ai ma voiture là. Viens. Je t'
"s. Je de-
vine la vérité. Ton ",652737,oncle,PER,,652742, est parti parce que tu l'avai
’il te déteste tant ! reprend ,652907,Margot,PER,MISC,652913,". Il

faut dire, aussi, que tu"
"viens d’être venu
avec elle à ",653300,Monte,PER,,653305,"-Carlo, vers la fin de l’hiver"
"d’être venu
avec elle à Monte-",653306,Carlo,PER,,653311,", vers la fin de l’hiver der-
"
"'y étais aussi, moi, avec ton ",653415,oncle,PER,,653420," ;
ét situ ne l’as pas vu, toi"
"oupçonnais bien quelque chose
",653689,Entré,PER,,653694, vous car quelque temps aupara
" temps auparavant, à Paris,
] ",653741,AVIS,PER,ORG,653745," rencontré.

Je n’écotite plus"
"lons du Ca-
sino. C'était son ",654166,père,PER,,654170, qu’elle avait vu !... Son pèr
ère qu’elle avait vu !... Son ,654197,père,PER,,654201,",
qui l'avait chassée bien moi"
" a gagné beaucoup. Quand
nous ",654696,sommes,MISC,,654702," partis, seulement, il m'a dit"
 chance tous les deux ; c’est ,654781,la,PER,,654783," première
fois. »

Chance ! Il"
"en te racontant ça? de-
mande ",655564,Marsot,PER,,655570,. Pardonne-moi; je ne me douta
"s.
Ju sais que je ne suis pas ",655635,méchante,PER,,655643,".

— Non, dis-je en lui prenan"
"rre ou les
actions de Paul... ",656015,Tâche,MISC,,656020, de te remettre au beau fixe d
" peux pas.
Je suis attendue à ",656208,Cusset,PER,LOC,656214, ; je suis très demandée en ce
" heures.
Tiens, voici l’hôtel ",656315,Jeanne,PER,,656321," d’Arc, où j'habite ; prends-y"
"nt charmants.

— Je le crois. ",656415,J',PER,,656417,"ai justement une commission à
"
" ces propriétaires de
l'hôtel ",657351,Jeanne,PER,,657357, d’ Arc. Ils ont été enchantés
"e,
eût été invitée chez M..le ",657642,curé,PER,,657646,".

— Si elle avait pu prévoir "
" ; très paternel,
surtout. La ",658848,mère,PER,,658852,", qui a dû être fort jolie, gr"
les cheveux tout blancs et le ,658927,teint,PER,,658932," rosé, à l'air
d’une bien dign"
"uiètent avec intelligence.

— ",659204,Mangez,PER,,659210,-vous bien ? Buvez-vous bien ?
" Vous amu-
sez-vous ? demande ",659435,M.,PER,,659437," Voisin.

— Oui, Monsieur, bea"
"t-elles à peu près? de-
mande ",659634,M.,PER,,659636," Voisin.

— Oui, Monsieur, pas"
"t laisser
aux aptitudes toute ",661922,liberté,MISC,,661929," de se développer. Je sais
bie"
"té.
Ce qui me fait peur, chez ",662462,Broussaille,LOC,PER,662473,", c’est la vivacité
de son tem"
"peur, chez Broussaille, c’est ",662481,la,PER,,662483," vivacité
de son tempérament. "
"n, dans ces choses-là !... De ",662748,la,PER,,662750," verve,
du brio, je ne dis pas"
"rio, je ne dis pas non ; mais ",662792,la,PER,,662794," frénésie... Aprés
tout, je me"
e est une petite risque-tout. ,663065,Jolié,PER,,663070,",
hein ? Dans cinq ou six ans,"
"À propos, c'est votre parent,
",663537,M.,PER,,663539, Randal qui est si riche et qu
"ire à mon mari qu
c'est votre ",663651,oncle,PER,,663656," ? | L:
— Qui, dis-je. Et c'es"
"LEUR 7. 349.

— Âh ! répond Mr",663736,®,PER,,663737,° Voisin fort tranquillement; 
"faites bien de m'avertir, dit ",664152,Me,PER,,664154," Voisin
sans s'émouvoir ; je v"
"t restés intègres, que de co-
",665254,Cottes,PER,ORG,665260, qui turent des courtisanes et
 aux bagatelles de la porte ? ,665918,La,LOC,,665920,"
tragédie, c’est pour les cerv"
"ire
faire un tour au parc; et ",666171,M.,PER,,666173," Voisin, que je rencontre
dans"
ois que si je rencontrais mon ,666566,oncle,PER,,666571,",
dans cette allée où je me pr"
"n, je n'irais pas plus loin.

",666712,Bien,MISC,,666716," mesquin, ce parc, avec ses pe"
"ses arbres sans ma-
jesté. Le ",666827,Casino,PER,,666833," là-bas, tout au bout; le Kios"
"ais, tout d’un coup, devant
l'",667474,abbé,PER,,667478, Lamargelle. Rencontre bizarre
"tout d’un coup, devant
l'abbé ",667479,Lamargelle,LOC,,667489,". Rencontre bizarre, inattendu"
"up, devant
l'abbé Lamargelle. ",667491,Rencontre,PER,,667500," bizarre, inattendut,
presque "
ur de l’ouir en confession; l',669369,abbé,PER,,669373,",
lüi, fait l'effet d’un prêtr"
"
si elles pouvaient parler !

",669567,Mäis,LOC,,669571, elles auraient tort d'essayer
" in.
sulté par un couac de la ",669871,clarinette,PER,,669881,", appelait à son
aide le corne"
"aperçois maintenant
que c'est ",669964,le,PER,,669966, tambour lui-même qui avait to
"ien: vous auriez trouvé
votre ",670679,oncle,PER,,670684," ce matin, et vous l’auriez tu"
"le sort a voulu
qu'il quittât ",670846,Vichy,PER,LOC,670851, juste au moment où vous y arr
"e sang-froid, lors-
qu'on est ",671212,assuré,PER,,671218, de l’impunité. Ce n’est pas u
"
meurtre pour le meurtre vous ",671439,abandonne,PER,,671448," et vous
avez devant vous, au "
Elle procède de la conscience ,672462,nette,PER,,672467," des choses
et de la répudiati"
"ra... Vengez-vous
pendant que ",673342,la,PER,,673344, fureur vous barre le cerveau 
"Cela, et n’en parlons plus... ",673727,Avez,MISC,,673731,"-vous l’intention de
“Tester i"
"... Avez-vous l’intention de
“",673753,Tester,PER,MISC,673759," ici quelque temps ?
— Je ne s"
"-vous descendu ?

— À l'hôtel ",674131,Jeanne,PER,,674137," d'Arc.

_— Excellente idée qu"
"ur y transporter
mes pénates. ",674260,Jusqu',PER,,674266,ici je logeais à l’hôtel Suint
"rs
‘ des âmes contemporaines. ",675429,Leurs,PER,,675434," mœurs! Comment
voulez-vous qu"
"eut
seulement exister avec la ",675639,Liberté,PER,ORG,675646," ; elle doit sortir de
cette l"
"n à l’hôtel.
Saint-Vincent de ",676865,Paul,PER,,676869,". Je vous présenterai, de vous"
"vierge, tim-
bale de nouilles ",677078,saint,PER,,677083," Joseph, crême terre-sainte et"
", tim-
bale de nouilles saint ",677084,Joseph,PER,,677090,", crême terre-sainte et
Châtea"
passerai encore une semaine à ,677213,Vichy,PER,LOC,677218,".
Après quoi, mon retour à Par"
"oileau? Non ; pas du tout.

— ",677827,Mre,PER,,677830," Ida Boileau, rue Saint-Honoré"
"e me rappelle pas...

— C’est ",678554,M.,PER,,678556," Armand de Bois-Créault, dit l"
"Armand de Bois-Créault, dit l'",678587,abbé,PER,,678591,";
il est l’amant de Mv° Mourat"
e n’ai jamais eu l’honneur de ,678934,la,PER,,678936," voir,
bien que j'aille souven"
" si
vous voulez, qui se nomme ",679078,Delpich,MISC,PER,679085," et avec lequel elle
fait des "
"n fils, dit Labbé
en secouant ",679401,la,PER,,679403, tête ; il est en train de la 
"ement, à l’état d’imbécillité ",679812,pas-,PER,,679816,"
sive, fonctionnante, et d’hum"
 maris afin de faire exempter ,680710,leurs,PER,,680715," fils du
service militaire ! Q"
"s ce
militarisme à outrance ! ",680805,La,PER,,680807," confession nous apprend.
Mais"
"et s’il n’avait pas le droit, ",681358,le,PER,,681360," droit
absolu, de parler de ve"
"aille,

358 | LE VOLEUR

une ",681690,Broussaille,LOC,PER,681701, pleine de dignité. ‘Elle va p
"up de
chapeau, fort éloquent. ",681819,La,PER,,681821," jeune femme “répond d’une
inc"
re le kiosque à musique et le ,682175,Casino,PER,MISC,682181,". J'ai fort en-
vie d’y aller "
"Mouratet
parvient à me serrer ",682841,la,PER,,682843," main et à me présenter à
l’ad"
e et ses habitants délicieux. ,683204,La,PER,,683206," vie n’a que des
sourires pour"
"capable de
prendre sa place à ",683408,la,PER,,683410, Direction des Douzièmes Provi
e sa place à la Direction des ,683425,Douzièmes,MISC,,683434," Provi-
soires. Les Douzièmes "
 à la Direction des Douzièmes ,683435,Provi-,MISC,,683441,"
soires. Les Douzièmes Proviso"
" Douzièmes Provi-
soires. Les ",683454,Douzièmes,MISC,,683463," Provisoires demandent à être
"
"a candidature
dans la Bièvre. ",683782,Candidature,PER,,683793," progressiste qui sera
soutenu"
ois-Créault aussi affirme que ,684114,le,PER,,684116," fait ne le
surprendra point; "
"st un jeu trop
1830 pour moi. ",684885,Renée,MISC,PER,684890," m’approuve et me prie de la
m"
"Evincé ! Vous voulez rire.

— ",686399,Mécontent,PER,,686408,", alors.

— Vous voulez me fai"
"? Une vestale fin de
siècle ! ",687116,J',PER,,687118,ai bien ri quand Armand m'a ra
"
cevoir une forte somme de sa ",687630,mère,PER,,687634,", dans trois jours ;
elle vend"
ête depuis le commencement de ,687850,la,PER,,687852," semaine ;
les horizontales se"
"...
donnez-moi votre adresse. ",688258,J',PER,,688260,"irai vous dire merci
demain ma"
"rôle, de raconter des blagues ",688878,d’,PER,,688880,"un
bout de l’année à l’autre, "
"oi le
mot — des carottes à la ",689707,Vichy,PER,LOC,689712,".
Mais elle aperçoit son mari "
"|

— Je reprochais vivement à ",689989,M.,PER,,689991," Randal de n'être
pas venu à P"
"ur au commencement
de l’année ",690120,prochaine,PER,,690129,". Maintenant, il faut qu'il ré"
" veux
pas manquer de parole à ",690326,Marguerite,PER,,690336," de Vaucouleurs.

+ à 9 APE P"
"
+ à 9 APE PE APP SR PE Lo ee ",690384,Moss,MISC,,690388," es
. se E : 2 :
M '
,

XXII]
"
"s faite aux époux Mouratet, à ",690537,Vichy,PER,LOC,690542,". J'ai quitté
Londres pour Par"
" aux époux Mouratet, à Vichy. ",690544,J',PER,,690546,"ai quitté
Londres pour Paris a"
" n’est
pas que je sois fou de ",690687,Paris,MISC,LOC,690692," ; non ; j'y suis né et
j'aime"
"ent, j'étais resté
sceptique. ",692240,Mouratet,PER,,692248," jaloux, c’est trop drôle.

Po"
"ouratet lui-même
me l’a avoué ",692339,la,PER,,692341," semaine dernière, un matin où"
 ne sais pas ce que c’est que ,692475,la,PER,,692477," jalousie,
m'a-t-il dit d’une "
es de sa beauté. — Peut-être. ,693583,Malgré,PER,,693589," tout, il y
a une chose que je"
" que sa maison soit de verre.
",694666,La,PER,,694668, femme de César ne doit pas êt
"e doit pas être soupçonnée.
— ",694715,Naturellement,PER,,694728,", ai-je repris en faisant des "
"e quel-
qu'un ? — Oui et non. ",694949,J',PER,,694951,"avais pensé tout d’abord
qu'Ar"
 de ton caractère ombrageux ? ,695396,Hein,LOC,PER,695400," ? Tu n'es

pas brouillé avec "
"s irons ensemble,

là semaine ",695578,prochaine,PER,,695587,", au bal de l'Opéra. Tu y vien"
"emaine prochaine, au bal de l'",695601,Opéra,PER,LOC,695606,". Tu y vien-

366 | LE VOLEUR"
"e pas beaucoup, mais elles me ",695791,seront,PER,,695797,"
bientôt interdites ; car, lor"
"quent. — C'est vrai,
arépondu ",696128,Mouratet,PER,ORG,696136,", la larme à l’œil ; et j'ai c"
"r, dans le salon du boulevard
",696954,Malesherbes,PER,,696965,".

C’est bon. Je prends un jou"
"t gêné, ces temps-ci, mais sa ",697832,mère,PER,,697836,"
vient d’hypothéquer son hôtel"
"mari pendant une demi-
heure. ",698004,Pourrez,MISC,,698011,"-vous ?

— Certainement. Compt"
"n principe, l’enlève-
ment me ",698659,sourit,PER,,698665, assez ; mais je dois avouer q
".

En pratique, non, il ne me ",698742,sourit,PER,,698748," pas du tout. Ce
ne sont pas l"
" épaules. Qu’en ferai-je, mon ",698973,Dieu,MISC,,698977,"!
D'autant plus qu'avec une éc"
"cile, ce que je vous demande. ",699237,Arracher,PER,,699245," une

femme au foyer conjugal,"
"cent fois par jour, rien
qu'à ",699364,Paris,MISC,LOC,699369,". Vrai, je n'aurais pas cru.
"
"n. |

— À la bonne heure, dit ",700674,Renée,MISC,PER,700679,". Vous êtes gentil
comme tout."
"pinal, si grandiose que l’ait ",701491,faite,PER,,701496," la
plume, si atroce que l'ait"
raient donner l’idée du Barbe-,701584,Bleue,PER,,701589," que j'ai
devant moi. C’est qu"
"de
leur barbarie. C’est Barbe-",702147,Bleue,PER,,702152," ; mais ce n’est Barbe-
Bleue "
t Barbe-Bleue ; mais ce n’est ,702169,Barbe-,LOC,,702175,"
Bleue que parce que c’est Mou"
 eh! s’écrie le directeur des ,702250,Douzièmes,MISC,,702259,"
Provisoires, ravi de l'effet "
 J'en ai profité pour lire un ,702576,article,PER,,702583," qui traite
du projet de loi s"
fité pour lire un article qui ,702588,traite,PER,,702594,"
du projet de loi sur les retr"
"s partons.

Canaille, ce bal. ",703367,Triste,MISC,,703373," aussi, malgré toutes les
exub"
r. Tout le monde veut être de ,704998,la,PER,,705000," cour. On
voit ça ailleurs qu'"
"e faire
la connaissance d'une ",705554,petite,PER,,705560," femme extraordinaire.
Tu ne r"
ous mettons à la recherche de ,705670,la,PER,,705672," femme
extraordinaire, qui n'e"
"tez-le lui sans trève.

— Ah! ",706154,monsieur,PER,,706162," Barbe-Bleue, s'écrie la Dinde"
",
que vous m'avez fait peur!

",706222,Mouratet,MISC,PER,706230, est enchanté. Ils sont tout d
"oup à sa conversation.

— Ah! ",706655,monsieur,PER,,706663," Barbe-Bleue, s’écrie-t-elle, "
" peur ! Quand je vous ai vu.

",706754,La,PER,,706756, Dinde laisse tomber son évent
"ur ! Quand je vous ai vu.

La ",706757,Dinde,PER,MISC,706762, laisse tomber son éventail. J
e rendre le dernier soupir et ,708759,la,PER,,708761," femme
a été tuée sur le coup "
"as ? Ah! les cocus
assassins, ",709003,Monsieur,PER,MISC,709011," !... Tenez, on enlève les cad"
oir les cadavres et parler au ,709468,prisonnier,MISC,,709478,".

— Je vous remercie, docteur"
"eur ; j'irai dans uninstant.

",709535,Réflexion,MISC,,709544," faite, je n’irai pas du tout."
" sa
vanité grotesque, et même ",710151,la,PER,,710153," considération. dont il
jouiss"
roles attirent mon attention. ,710920,J',PER,,710922,"écoute, sans en avoit :
air.
"
 et déshonoré avant la fin de ,711415,la,PER,,711417," semaine.

Je descends l’escal"
"IV

ON DIRA POURQUOI...

+

_ ",712647,J',PER,,712649,aime autant l’avouer : je n'ai
"pas visité
Mouratet parce que ",712883,Mouratetme,PER,,712893," dégoûteet que son
infortune a"
"ossible, ne point
donner à la ",713814,Justice,PER,MISC,713821, l’occasion de contempler mon 
"m'en vais d’un pas léger chez
",714054,Marguerite,PER,,714064," de Vaucouleurs, car je sais q"
"ue et que Courbassol, rappelé
",714161,la,PER,,714163, semaine dernière au ministère
"emain, je reçois un billet de ",714850,Margot,PER,,714856," qui
m'annonce que les choses "
"tion de
vingt minutes avec un ",715088,monsieur,PER,,715096," qui me complimente
fort sur i"
fort sur imes articles à la « ,715146,Revue,LOC,,715151," » de Montareuil, et
m'annonce"
ssements pénitentiaires de la ,715366,Dalmatie,MISC,LOC,715374,", faire un
rapport ; etje reço"
"ends letrain, non pas pour la ",715873,Dalmatie,MISC,LOC,715881,", mais pour

Bruxelles.

Beauc"
"lles.

Beaucoup de gens, à ma ",715929,place,MISC,,715934,", resteraient à Paris

et fabr"
"ai à vous proposer.

(1) Voir ",717602,Brusr,PER,LOC,717607,", Armée d'Afrique.

378 © LE "
"us proposer.

(1) Voir Brusr, ",717609,Armée,PER,,717614," d'Afrique.

378 © LE VOLEUR
"
est de par la puissance de la ,720297,routine,PER,,720304," lâche, auraient
produits ces "
"t-être des
actes très nobles. ",720393,J',PER,,720395,"ai répété, avec quelques varia"
"c’est que les matériaux ne me
",721190,Manqueront,PER,LOC,721200, point. Ai-je déjà vu de chose
hoses que je ne dirai pas!... ,721284,J',PER,,721286,"ai passé
partout, ou à peu prè"
", nes’ y tromperont pas ; ils ",723188,comprendront,PER,,723200," que c’est
vrai, .que c’est vé"
"c’est vécu, comme on dit; que ",723252,la,PER,,723254," main qui
fait crier la plume "
"bord, que M"" de Bois-
Créault ",723660,mère,PER,,723664, s’est donné La mort quelques 
"son cadavre...
Ah la vie !... ",724058,Quelle,PER,,724064, farce ! — jouée dans quel aba
chainementles détuls dans une ,724317,Revue,LOC,,724322,"
spéciale, me fera certainemen"
"arni aujour-
.d’hui.. | |

_ —",725762,Ohljetedevine,PER,LOC,725775,". Maisc’estimpossible, mon vie"
"n chantant :

Belle enfant de ",726888,Venise,LOC,,726894,"
Au sourire moqueur,
Il faut q"
"ur,
Il faut que je te dise …

",726941,Delpich,MISC,,726948, !... Où diable ai-je entendu 
"prononcer ce
nom-là ?.. Ah! à ",727008,Vichy,PER,LOC,727013,", par l'abbé Lamargelle. Out;
"
"à ?.. Ah! à Vichy, par l'abbé ",727026,Lamargelle,MISC,PER,727036,". Out;
mais avant ça, il me se"
"lé, et qui porte l’adresse de ",727472,Delpich,MISC,PER,727479,". — C’est
parfait. |
Quelle he"
"ter au
Post-office de Charing-",727893,Cross,PER,,727898,", demain, à sept heures
du soi"
"s des magasins, en
face. Et j’",729388,examine,PER,,729395," aussi, par la même occasion, "
"ssi, par la même occasion, un
",729428,monsieur,PER,,729436, qui sort bientôt de la maison
"e. C'est Delpich, assurément.
",729535,Teint,PER,MISC,729540," blafard, taille rentassée, tr"
"ais, en flânant, à la gare du ",729782,Nord,LOC,,729786,". Il s’agit
de voir, maintenan"
"our
Ostende à 8 heures 40.

_ ",729881,J',PER,,729883,arrive à la gare à 8 heures 35
" précipitation avec laquelle

",729988,Delpich,MISC,PER,729995, s’introduit dans la salle d’a
 de cuivre portant ces mots : ,730540,Cabinet,PER,,730547,"
du Directeur. La seconde fois"
"portant ces mots : Cabinet
du ",730551,Directeur,PER,,730560,". La seconde fois, deux ou tro"
" déclare que j'ai besoin d’un
",731105,Costume,PER,,731112, de voyage et d’un pardessus. 
"et d’un pardessus. On me fait
",731153,Choisir,PER,,731160," des étoffes, on me prend mesu"
e je vous demande un service. ,731417,J',PER,,731419,"ai une pointe
dans la semelle "
"au de cire
que je tenais dans ",732132,la,PER,,732134," main gauche. — Je remercie
be"
l’ai pas. Il faudra le faire. ,732837,Maïs,MISC,,732841,"
pour ces deux serrures-là, je"
" de
la serrure, on a la clef. ",733364,Regardez,MISC,,733372," comme ces deux-là
s'adaptent "
" pour cinq minutes. |

— Âh ! ",733674,monsieur,PER,,733682," Randal, s’écrie l’hôtelier, j"
" à Louis XVI.
Ça ne lui a pas ",734002,porté,MISC,,734007," bonheur, à ce pauvre roi, son"
"à ce pauvre roi, son
amour de ",734047,la,PER,,734049," serrurerie ; car, enfin, sans"
"ue vous avez
fini votre clef. ",734164,Voyons,PER,,734170, un peu; essayons sur la cire.
"oir des sentiments religieux, ",734789,monsieur,PER,,734797," Randal.
C'est tellement néces"
"entiments religieux, monsieur ",734798,Randal,MISC,PER,734804,".
C'est tellement nécessaire, "
"es aux projets indécis et une
",735392,Anglaise,PER,LOC,735400, qui m'a expliqué en détail co
" aux autres, et avant
d’avoir ",735725,la,PER,,735727," tête lourde, heureusement. |
"
 n'avais pas été à la gare du ,736459,Nord,LOC,,736463," ?... Non, le vrai, c’est
que "
"as besoin de me tourmen-
ter. ",736811,Delpich,MISC,PER,736818,", méfiant comme il doit l’être"
"ance
vivement, je les écarte. ",737851,Rien,MISC,,737855,". Derrière le secrétaire ?
Je "
"Que fait-il là, ce ciseau ?
. ",738995,J',PER,,738997,examine le secrétaire. Ah ! pa
"
j'ai rencontré ce malheureux ",739375,Canonnier,PER,MISC,739384," qui va recom-
mencer. Seuleme"
"r. Seulement, ce n’est pas un ",739434,Canonnier,PER,MISC,739443," que
je vais trouver; non, ces"
ambriolige qui n'a pas encore ,739645,la,PER,,739647," main faite.
Il faut voir sa f"
"tends à du
bruit, à un cri... ",739870,Rien,MISC,,739874,". J’avance un peu, ma lanterne"
"appelle
ce que m'a dit l’abbé ",740369,Lamargelle,LOC,,740379,", à Vichy, au sujet
des relati"
" m'a dit l’abbé Lamargelle, à ",740383,Vichy,PER,LOC,740388,", au sujet
des relations d’aff"
"t
des relations d’affaires de ",740427,Me,PER,,740429," Hélène de Bois-Créault
avec l"
". En un clin d'œil, toute
une ",740509,série,MISC,,740514," de possibilités, de certitude"
cerveau. J’en suis sûr! c’est ,740595,la,PER,,740597," fille de Canon-
nier qui est "
"as peur; c’est moi, Randal... ",740802,Randal,LOC,,740808,", je vous dis.
Hélène ? C’est "
"tre vie est

entre vos mains. ",741472,Cessez,PER,,741478," de pleurer, s’il vous plaît, "
s voulez que je vous épargne. ,741545,Relevez,PER,,741552,"-vous et
donnez-vous la peine "
"ille
heure.

— Je suis madame ",741745,Delpich,MISC,,741752,", murmure cette femme

en émoi"
"vous êtes réelle-
ment madame ",742141,Delpich,MISC,,742148,", que le secrétaire se trouve
"
"— Pour y prendre des lettres, ",742577,monsieur,PER,,742585,", dit-elle,

_ des lettres de "
"it-elle,

_ des lettres de ma ",742618,mère,PER,,742622,". Ma mère. c’est un secret de
"
us dire toute la vérité... ma ,742742,mère,PER,,742746," a eu un
amant. Oui, Monsieur,"
"ésent, je vois bien que c’est ",744607,la,PER,,744609," Providence
qui vous envoyait "
Nous entrons dans le cabinet. ,745057,J',PER,,745059,"allume le gaz,
j'ouvre mon sac"
" de la faiblesse de ma
pauvre ",745539,mère,PER,,745543," |

Les tiroirs sont ouverts, "
"
Les tiroirs sont ouverts, M"" ",745576,Delpich,MISC,,745583," fouille dans
les papiers, et "
 les criminels conservateurs. ,745794,J',PER,,745796,"ai inventé quelque
chose de mi"
ns mon sac. C'est une affaire ,746702,faite,MISC,,746707,".

M"" Delpich, qui a fini de r"
" C'est une affaire faite.

M"" ",746713,Delpich,MISC,PER,746720,", qui a fini de remuer les pap"
" main.

— Comment! s’écrie M"" ",747106,Delpich,MISC,PER,747113,", vous partez
déjà! Déjà! Et v"
"u’il m'a été aisé d'y entrer.
",747425,Compromise,LOC,MISC,747435,"!

— J'exagère peut-être un pe"
l’existence des lettres de la ,748227,mère,PER,,748231," coupable, et
je me demande si"
"pable, et
je me demande si M"" ",748265,Delpich,MISC,PER,748272,", pressentant les projets
de s"
qui saura me comprendre. Nous ,749073,sommes,MISC,,749079," si rarement
comprises, nous, "
l... Mais Michelet assure que ,750581,la,PER,,750583," femme
rafraichit, Faut voir.…"
"i-heure
après — elle se nomme ",750696,Gereviève,PER,MISC,750705,"; j'ai appris ça en
me rafraîc"
"nner
encore dix mille francs. ",750799,J',PER,,750801,"ai peur de ne pas avoir
assez."
"esse :
Durand, Oxford Street, ",750968,Londres,MISC,LOC,750975,".

— Durand ? demande-t-elle e"
"cinq minutes.

… Je suis dans ",751223,la,PER,,751225," rue, portant mon sac — allégé"
"lle n’y va pas de main morte, ",751346,Me,PER,,751348," Delpich ;
et moi, pour la pre"
" n’y va pas de main morte, Me ",751349,Delpich,MISC,PER,751356," ;
et moi, pour la première fo"
"Roger-la-Honte, qui arrive de ",751731,"Londres
",PER,LOC,751739,"qu'il a quitté hier soir, à pe"
"tement, en
emportant mon sac. ",752073,Réglementairement,PER,,752090,", je ne devrais
lui donner que"
"ich a été arrêté
à la gare du ",753436,Nord,LOC,,753440,", en revenant d'Angleterre. Tr"
"ient être
prises aux sérieux. ",753658,Naturellement,PER,,753671,". Il passera devant le
tribuna"
s de prison. C’est bien fait. ,753790,J',PER,,753792,"en veux
à Delpich. Sa femme m’"
"du la langue.

Vers la fin de ",753857,la,PER,,753859," semaine, l’{ndépendance annon"
"e, l’{ndépendance annonce
que ",753896,Mme,PER,,753899," Delpich, désolée du scandale "
"l fallu employer, des ruses
d’",754584,Apache,LOC,MISC,754590,! Heureusement que tu in’avais
"ait presque un viol, tu sais. ",754997,Tiens,MISC,,755002,",
tu es un monstre ! Si j'étai"
"donc pas, ta petite femme?
ta ",755169,petite,PER,,755175, femme qui t'aime tant ? Tu as
" L'histoire des lettres de sa
",755822,mère,PER,,755826, ? Simple invention. Les mauva
"oire des lettres de sa
mère ? ",755829,Simple,PER,,755835, invention. Les mauvais traite
"ait
orpheline à douze ans, et ",755953,Delpich,MISC,PER,755960," n’a jamais maltraité
sa femme"
s tout de suite. Geneviève de ,758106,Brabant,MISC,,758113,".
C’est comme ça qu’on l’appel"
'un défaut : elle ne sait pas ,758878,marcher,PER,,758885,".
Elle marche très mal. Aussi "
 jamais sortir qu’en voiture. ,758984,Place,MISC,,758989," aux
honnêtes femmes qui vont "
"ïx-les-
Bains. Moi, je suis à ",759928,Royan,PER,LOC,759933,". Je ne pourrais dire
exacteme"
"Travaille !
Donne-toi du mal. ",760566,Continue,PER,ORG,760574," ! Nous te regardons.…

Oui il"
"e voyage, qui n’en finit pas. ",761066,J',PER,,761068,"arrive enfin à
Aix, dans l'apr"
"r

402 | LE VOLEUR

exemple. ",761216,J’,PER,,761218,aine donc Geneviève ? Certaine
" Geneviève
lorsque je vois un ",761697,monsieur,PER,,761705," en franchir la grille,
s'éloi"
"t de suite,
en présence de ma ",761902,petite,PER,,761908," femiie. Jai eu bien tort de
r"
"lle
consent à l'accompagner à ",762182,Vienne,PER,LOC,762188,":

— Tu l'as peut-être vu sort"
"
que toi. Il s'appelle Urbain ",762688,Randal,MISC,,762694,". Ne serait-il pas
ton parent "
"| |

— Si; dis-je ; c’est mon ",762756,oncle,PER,,762761,". |
. — Ah ! dit Geneviève un "
"
trichiien. Mais, quant à ton ",763008,oncle,PER,,763013,", comme il ést usé
at dernier "
ain de Paris Geneviève et mon ,763820,oncle,PER,,763825,". Ah ! cette
figure de vieux v"
ations désoléés et ardentés ! ,763989,La,PER,,763991," voi-
ture s'arrête. Il éñi de"
"te rencontre
inopinée de mon ‘",764962,oncle,PER,,764967,", si vieilli, si cassé, si prè"
"tard. Elle m’a appris que mon
",765744,oncle,PER,,765749," est au plus bas, qu’un dénoue"
"ffaires. |

Je prends note de ",766401,la,PER,,766403," date. Hier, c'était le 12. C’"
" lorsque le domestique de
mon ",767011,oncle,PER,,767016,", ce matin, vient me chercher "
" chercher « de la part de
son ",767066,maître,PER,,767072," », c’est avec une rapidité fo"
"s conduire rue du Bac, chez
l'",767219,abbé,PER,,767223, Lamargelle. Une demi-heure ap
"duire rue du Bac, chez
l'abbé ",767224,Lamargelle,LOC,,767234,". Une demi-heure après, nous
m"
"evard Haussmann qu'habite mon
",767360,oncle,PER,,767365,. Geneviève nous accueille dan
"itresse, dis-je; de plus, mon
",767785,oncle,PER,,767790, a dù s’eflorcer d’en faire la
"e la sienne ; et enfin,
c’est ",767846,la,PER,,767848," femme d’un certain Delpich.…
"
ble ! s’écrie l'abbé. C'est M ,767918,Delpich,MISC,,767925,"!
Tiens ! tiens !... Mais je d"
"ue sera
le testament de votre ",768658,oncle,PER,,768663," ?

— Tout à fait. C’est moi q"
"e sa plus
belle écriture.

_— ",768739,J',PER,,768741,"en étais sûr, dit l’abbé. Je l"
"etrouvera jamais, ses
traces. ",769010,J',PER,,769012,ai fait faire toutés les reche
"'avais perdue!
Et dire que la ",769464,vieille,PER,,769471," cañaille qui crève là...

— B"
" lui tirer
les pieds, à votre ",769573,oncle,PER,,769578,", Eaissez-le faire sa besogne."
"e faire sa besogne.::

AO OT ",769619,Rae,PER,,769622," Emme En mire de 7

=.
CT
F
PÉ"
"esogne.::

AO OT Rae Emme En ",769631,mire,PER,,769635," de 7

=.
CT
F
PÉrrtS
ee NF
uv"
e seront pas fott élevés. Mon ,769930,oncle,PER,,769935," de-
mandë à être condüit aü c"
ondüit aü chämp du fepos dans ,769984,le,PER,,769986," cor-
billard des pauvies. . ."
"aëse,
‘n'est-ce pas ? | |

_— ",770253,La,PER,,770255, paroïsse? Vous plaisantez. Un
je n'aurais pas pensé à cela. ,770459,Quelle,PER,,770465," trouvaille !..
Mais, continde"
"oï ? Grave
question que votre ",771242,oncle,PER,,771247," petit mairitenänt débattre

a"
"Bizarre jusqu’à la fin, votre ",771324,oncle,PER,,771329,".

Quand on vient le voir riou"
"
qu’elle eût déplu à certains ",771755,Grecs,PER,MISC,771760,", est presque un sym-
_bole. J"
"s, est presque un sym-
_bole. ",771789,J',PER,,771791,ai dans l’idée que la Société 
"tent en sanglots.
. Un si bon ",772336,maître,PER,,772342," ! Mais l’abbé, qui se relève "
"e
moi, mais elle est si bête! ",772671,Rien,MISC,,772675," de tel comme con-
_solation… "
"s lettres de faire part; un
. ",772819,mort,PER,,772823, n’est pas complètement décédé
"es-là. |

= Le notaire de mon ",772904,oncle,PER,,772909,", M° Tabel-Lion, arrive
le len"
"onsieur, me dit-il, que
votre ",773086,oncle,PER,,773091, est revenu avant de mourir à 
toute sa fortune à l’Institut ,773265,Pasteur,PER,,773272,"; il se trouve an-
nulé de ple"
"s dernières volontés
de votre ",773403,oncle,PER,,773408, : cet enterrement civil. Mais
pprends que la fortune de mon ,773546,oncle,PER,,773551," est encore
considérable, M° T"
"rige
mélancoliquement vers le ",773832,Père,MISC,,773836," Lachaise. Quelques
voitures s"
"ement, derrière. Je suis dans ",773899,la,PER,,773901," première

avec l’abbé Lamarge"
"dans la première

avec l’abbé ",773924,Lamargelle,LOC,PER,773934, qui a endossé des habits civi
" dizaine de vieux
amis de mon ",774089,oncle,PER,,774094,", vieux voleurs probablement, "
illion et tu fais faire à ton ,774356,oncle,PER,,774361," des funérailles
civiles ! Oui"
"rêtre qui est ton ami, l’abbé ",774533,Lamargelle,LOC,,774543,",

savait ce que tu es ! S'il "
"iquées.
Savez-vous quelle est ",775148,la,PER,,775150," base de la propriété, la vrai"
a croyance à l’immortalité de ,775226,Pâme,MISC,PER,775230,". Mé-
ditez ça, quand vous aur"
e entr'ouverte qui donne dans ,776657,le,PER,,776659," salon où il va
recevoir Genev"
"ir Geneviève, l’arrivée de ma ",776711,petite,PER,,776717," femme. Je
voudrais bien, hist"
ions exactes de cet excellent ,776970,abbé,PER,,776974," Lamargelle. Mais
j'entends fé"
exactes de cet excellent abbé ,776975,Lamargelle,LOC,PER,776985,". Mais
j'entends fésonner le t"
"e celui qui est
sans péché me ",777495,jette,PER,,777500," la première pierre |

L'abbé "
"es. L'auteur dé ma perte est

",777703,M.,PER,,777705, Georges Randal. Ilse dit votr
" L'auteur dé ma perte est

M. ",777706,Georges,PER,,777713," Randal. Ilse dit votre ami, m"
"r dé ma perte est

M. Georges ",777714,Randal,MISC,,777720,". Ilse dit votre ami, monsieur"
"perte est

M. Georges Randal. ",777722,Ilse,MISC,PER,777726," dit votre ami, monsieur l’abb"
"s Randal. Ilse dit votre ami, ",777742,monsieur,PER,,777750," l’abbé,

ét vous le croyez un"
"et, hélas ! les lettres de ma ",778511,mère,PER,,778515,"... Ici, monsieur

l'abbé, il "
"es lettres de ma mère... Ici, ",778524,monsieur,PER,,778532,"

l'abbé, il faut que je vous "
"dans un tiroir
de son bureau. ",778821,M.,PER,,778823," Raïdal les à découvertes, et,"
urs. Que ‘vous dire dé plus ? ,779119,La,PER,,779121," piété filiale,
toujours si fo"
"nce

©

\

412 __ LE VOLEUR

",779365,M.,PER,,779367, Randal m'a fait mener depuis.
"412 __ LE VOLEUR

M. Randal m'",779377,a,PER,,779378, fait mener depuis. C’est la h
" C’est absolument
effrayant ! ",779532,M.,PER,,779534, Randal est un misérable et s’
"est absolument
effrayant ! M. ",779535,Randal,MISC,PER,779541, est un misérable et s’est jou
arrêter. Ces lettres de votre ,779838,mère,PER,,779842,",
qu'il possède, il ne les a p"
"Je vais m'em-
ployer à livrer ",780432,M.,PER,,780434, Randal à la justice après lui
"c
feu ; je suis une croyante, ",780851,monsieur,PER,,780859," l'abbé.

— Eh ! bien, vous n’"
"resse. Vous êtes mon sauveur, ",781444,monsieur,PER,,781452," l'abbé,
‘.. vous êtes mon sau"
" êtes mon sauveur, monsieur l'",781455,abbé,PER,,781459,",
‘.. vous êtes mon sauveur |."
"conduire.
: . — J'ai promis à ",781588,M.,PER,,781590, Randal d’aller le voir aujour
"rêtez-vous sur
votre chemin à ",781901,Saint-Thomas,MISC,,781913," d'Aquin, et entendez
la messe"
nsformé en infime Golo !... L',782124,abbé,PER,,782128," revient.
:— J'ai tout entendu"
ant elle. Partez. Hâtez-vous. ,783596,J',PER,,783598,"irai vous donneï des
nouvelles"
"inée ? En prièrès, à l'église ",784202,Saint-,LOC,,784208,"
Etienne du Mont, où repose ma"
" à l'église Saint-
Etienne du ",784220,Mont,PER,,784224,", où repose ma bienheuretise p"
"retise pa-
tonne. C’estlà que ",784276,Dieu,MISC,PER,784280," ra parlé: Il m'a dit : & Ma
f"
"st
vrai; mais je te pardonne. ",784449,Jamais,PER,,784455," un tot contre toine
s'échappe"
"ette mort inat-
tendue de mon ",784949,oncle,PER,,784954," — cet homme que je haïssäis
t"
"

LE VOLEUR AIS

sommeil, à l'",785406,abbé,PER,,785410, qui doit venir m’apprendre co
autre qu’on me charge de vous ,785686,remettre,PER,,785694,".

Jé déchire l'enveloppe. Gen"
"umain -— [a conscience, c’est ",787670,la,PER,,787672," Peur.
Enfin, vous voici veuf."
"ement. Tâchez
être loin quand ",787840,la,MISC,,787842, crise se produira et qu’elle 
"-

dra implorer votre pardon. ",787906,Nolite,PER,,787912," confidere hominibus,
ni aux f"
s dans les délais légaux ; et ,789260,J',PER,,789262,"ai laissé

dés fonds suffisant"
"nte, entre autres
la villa de ",789496,Maisons,PER,,789503,"-Laffitte, la fortune de mon o"
"re autres
la villa de Maisons-",789504,Laffitte,PER,,789512,", la fortune de mon oncle

mon"
"s-Laffitte, la fortune de mon ",789532,oncle,PER,,789537,"

monte à un joli total. En ch"
"ncs 7$ centimes
à l’insoumis. ",790288,J’,PER,,790290,"ai retenu le timbre, en ma qua"
 Le rapport m'a fait songer à ,790370,Montareuil,PER,LOC,790380,",
que j'ai été voir. Il m'a re"
"ui plus rien
donner pour sa « ",790454,Revue,LOC,MISC,790459," », quise vend très bien, mais"
faire deux ou trois visites à ,790731,Margot,PER,LOC,790737,",
qui est toujours au mieux av"
"s
à terme. Cependant, je suis ",791090,las,PER,,791093," de m’entendre félici-
ter sur"
'invite à venir lui parler au ,791263,ministère,PER,,791272,".

Dans dix minutes, ce sera u"
" minutes, ce sera une affaire ",791313,faite,MISC,,791318,". J'attends
en effet, dans l’a"
"s, ce sera une affaire faite. ",791320,J',PER,,791322,"attends
en effet, dans l’antic"
"ent satisfaits et glo-
rieux. ",791672,Vauvenargues,PER,LOC,791684, avait raison : la servitude a
une tristesse qui veut rester ,792015,muette,PER,,792021,"; on
dirait. | |

Mais la port"
" trouve devant Courbassol.
Le ",792714,Courbassol,PER,LOC,792724, que j’ai vu à Malenvers ; le 
".
Le Courbassol que j’ai vu à ",792739,Malenvers,PER,MISC,792748," ; le même re-
gard fuyant, la"
"la même physionomie vulgaire, ",792806,la,PER,,792808," même
lèvre immonde. La même v"
"ravail de tout premier ordre, ",793028,Monsieur,PER,,793036," !
Vous avez rendu, en l’écriv"
blier. Vos articles dans la « ,793558,Revue,LOC,,793563," Pénitentiaire »
ont été fort "
"duc..…
Ce viaduc... à.., à... ",793827,Me,PER,,793829," de Vaucouleurs me citait
:: “"
" nom de la localité. |
_:""# À ",793903,Nothingabout,PER,LOC,793915,", dis-je avéc aplomb. C’est un"
"t ac-
tuellement vacants à la ",794306,Chambre,PER,ORG,794313," ; et si vous vous dé-
cidiez "
"us vous convaincrez
que votre ",794613,place,MISC,,794618," est parminous. | |

Il y a be"
mon collègue de l’Instruction ,795322,Pu-,PER,,795325,"
blique… Hs.

Non, non; Mazas,"
gistrat ; il s'appelle... ah! ,796495,M.,PER,,796497," de Boiïs-Créauilt.
Tu sais bi"
 s'appelle... ah! M. de Boiïs-,796507,Créauilt,PER,,796515,".
Tu sais bien ? Il y a eu un "
"tu sais. D'ailleurs, regarde: ",797348,Maison,PER,,797354," fondée

en 1837. Nous renseig"
'aime mieux te le dire. C'est ,798049,Issacar,PER,MISC,798056,". |

-— Issacar ! Comment ? Ce"
"
Paris, dans l'arrestation de ",798375,Canonnier,LOC,MISC,798384,".

— Un rôle très avouable, ré"
ion de Canonnier à la gare du ,799000,Nord,LOC,,799004," et je l'ai encore
empêché de "
"iez eu confiance
en moi, cher ",799146,monsieur,PER,,799154," Randal, rien de ce qui s'est
"
ivé. Cette affaire ne m’a pas ,799235,porté,MISC,,799240,"
chance, à moi non plus. On n'"
 et je n'ai pu obtenir qu’une ,799332,place,MISC,,799337," de
_sous-préfet.

— Où vous v"
"ne veux rien discuter, répond ",799639,Issacar,PER,MISC,799646," nerveu-
sement. Vous ignorez "
"rien discuter, répond Issacar ",799647,nerveu-,PER,,799654,"
sement. Vous ignorez les caus"
"e possible son départ pour

: ",800041,Cayenne,PER,LOC,800048,", car on craint une évasion.Il"
"aujourd'hui ?... Ainsi, cette ",800525,vieille,PER,,800532," to-
quée d'Annie pleure comme"
"ôt, va
revenir auprès d'elle. ",800779,Malgré,PER,,800785," tout, elle pleure à chaudes
l"
xelles ; pour porter à l’abbé ,801071,Lamargelle,LOC,PER,801081," les

papiers que je lui ai pr"
"y avait pas l'argent. Mais le
",804377,Maitre,PER,,804383," est là. Tout ça va, vient, se"
"x, pär hasard? Une idée! Vous ",805303,m',PER,,805305,"aimez
peut-être ?

— Je n'en s"
"redeux courses
effrénées dans ",806162,le,PER,,806164, désert où les ossements blanc
"ène, pas des mots. Des faits.
",807424,La,PER,,807426," femme qu'il vous faut, vous l"
"se morale.
J'ai pensé à vous. ",807769,J',PER,,807771,ai pensé... ce que vous pensez
"LUSIONS

— Ma foi, dit l'abbé ",809179,Lamargelle,LOC,,809189," comme nous ache-
vons de déje"
"s mal, ici ; pas mal du tout. ",809294,Maison,PER,,809300," louche,
mais cuisine parfaite"
". Maison louche,
mais cuisine ",809322,parfaite,PER,,809330,. J’avoue que je suis gourmand
s voluptés de l’abstinence. » ,809456,Mâles,PER,,809461," voluptés !
Comme c’est mâle e"
"uêt de papiers déposé
sur une ",809904,petite,PER,,809910," table, vous verrez quelle all"
"ence, une idée... Moi rien.

",810070,Métas,PER,,810075,"

LE-VOLEUR . : | 429

— Je vo"
"s la si-
onification du fait? ",811027,Découvrez,MISC,,811036,"-vous, autrement que
les gazet"
"le passé de
la bourgeoisie et ",811505,manifeste,PER,,811514," son futur. D'ailleurs, il
est"
ation n’est pas seulement une ,811631,Doctrine,PER,MISC,811639,", mais
une Vie, la marche de l"
"tion.

— Meñsonge ! s'écrie l'",812636,abbé,PER,,812640,". Notre époque est une
épodué "
"
— Meñsonge ! s'écrie l'abbé. ",812642,Notre,MISC,,812647," époque est une
épodué d’accom"
temps et ce qui sera bientôt. ,813028,Notre,MISC,,813033,"
civilisation ? On peut la déf"
de la corruption des sociétés ,813296,antiques,PER,,813304,"; de
plus en plus atroce et ga"
"iisole dé force.
« Jésus, dit ",813529,saint,PER,,813534," Augustin, 4 perfectionné l’es"
"incus, la gloire des assommés ",813833,!,MISC,,813834," Cette
Sanctification de l’imb"
"s, et auquel on fit

‘ porter ",814862,la,PER,,814864, croix du personnage ? Il reve
"ix, ceux qui travaillent !... ",815021,Notre,MISC,,815026,"
: . monde cccidental les trai"
la symétrie de l’incohérence. ,815528,Rappelez-,MISC,LOC,815537,"
:.. * vous les événements aux"
"ité,
aberration, folie !... « ",815769,La,PER,,815771," maladie est l’état naturel
du"
" 

432 ‘LE VOLEUR

défroque: ",816440,J',PER,,816442,aurais l'air d'exister par moi
"tans !... Pourtant, j'espère. ",817451,Notre,MISC,,817456,"
époque est tellement abjecte,"
apôtre — un apôtre qui aurait ,817715,la,PER,,817717," volonté,
Ja volonté tenace de"
"tendre. — Un apôtre
serait un ",817789,Individu,PER,MISC,817797,", d'abord — l’Individu qui a d"
"rait un Individu, d'abord — l’",817811,Individu,PER,MISC,817819," qui a dis-
paru. — Le jour où"
"soit l'Amour ou qu’il soit
la ",817944,Haine,PER,LOC,817949,", qu’il étende les bras ou que"
"dévore;
de ce monastère de la ",818339,Rénonciation,MISC,,818351," Perpétuelle où
l’humanité, le"
 monastère de la Rénonciation ,818352,Perpétuelle,MISC,,818363," où
l’humanité, le bandeau de "
"ées devant

leur idole — leur ",818734,Idole,PER,ORG,818739," qui est leur Image — en
atten"
"temps, elle
laisse apercevoir ",818890,la,PER,,818892," manne, à moins qu’elle ne pré"
"abattoir. — Oui, le jour où l’",819023,Individu,PER,MISC,819031,"
reparaîtra, reniant les pacte"
"s leurs
Droits ; le jour où l’",819166,Individu,PER,MISC,819174,", laissant les rois dire:
« No"
" jour, ergas-
tule des Foules ",819490,Souveraines,MISC,,819501," où l’on prêche que
l'Homme n'"
 p's l’'inanité du sacrifice. ,820723,Malgré,PER,,820729," tout,
l'idéal est en nous. C’"
"je n’y ai pas réussi
souvent. ",822277,J',PER,,822279,ai fait beaucoup de mal'à mes 
r cr CE - — 8 + . : ES PERRET ,823398,MRE,PER,,823401," MAMA UT A,

7

ET ee

ST ET "
 CE - — 8 + . : ES PERRET MRE ,823402,MAMA,PER,,823406," UT A,

7

ET ee

ST ET mm

m"
