Gauche,Début,Texte,Label_modele,Label_spacy,Fin,Droit
" Gallica

Le voleur : roman / ",35,"Georges
Darien

Source gallica.bnf.fr /",,PER,74, Bibliothèque nationale de Fra
"rien

Source gallica.bnf.fr / ",75,Bibliothèque nationale de France,,LOC,107,"

11 Gallica

 

Darien, Geor"
"ance

11 Gallica

 

Darien, ",133,Georges,,MISC,140, (1862-1921). Auteur du texte.
"du texte. Le voleur : roman
| ",191,Georges Darien,,PER,205,". 1898.

1/ Les contenus acces"
tenus accessibles sur le site ,254,Gallica,,MISC,261," sont pour la plupart
des repr"
s : « Source gallica.bnf.fr / ,772,"Bibliothèque nationale
de France",,ORG,804, » ou « Source gallica.bnf.fr 
"ue nationale
de France » ou « ",812,Source gallica.bnf.fr / BnF,,MISC,839," ».

- La réutilisation commer"
"vocation promotionnelle etc.

",1337,CLIQUER ICI,,MISC,1348, POUR ACCÉDER AUX TARIFS ET À 
"nnelle etc.

CLIQUER ICI POUR ",1354,ACCÉDER,,ORG,1361," AUX TARIFS ET À LA LICENCE

2"
"
CLIQUER ICI POUR ACCÉDER AUX ",1366,TARIFS ET,,MISC,1375," À LA LICENCE

2] Les contenus"
 POUR ACCÉDER AUX TARIFS ET À ,1378,"LA LICENCE

2",,MISC,1391,] Les contenus de Gallica sont
"A LICENCE

2] Les contenus de ",1409,Gallica,,MISC,1416, sont la propriété de la BnF a
llica sont la propriété de la ,1441,BnF,,ORG,1444," au sens de
l'article L.2112-1"
"e la BnF au sens de
l'article ",1466,L.2112-1,,MISC,1474, du code général de la proprié
" sont
signalés par la mention ",1985,"Source gallica.BnF.fr / Bibliothèque
municipale de …",,MISC,2037, (ou autre partenaire). L'util
"ditions de
réutilisation.

4] ",2169,Gallica,,MISC,2176, constitue une base de données
" une base de données, dont la ",2216,BnF,,ORG,2219," est le
producteur, protégée a"
protégée au sens des articles ,2269,L341-1,,MISC,2275," et suivants du
code de la pro"
d'utilisation des contenus de ,2387,Gallica,,MISC,2394,"
sont régies par la loi frança"
] Pour obtenir un document de ,2898,Gallica,,MISC,2905," en haute définition,
contacte"
"erciale@ bnf.fr.

j-

us

 

",2983,Sovts,,MISC,2988,"

Se

 

TS œ mme mms © ©

"
"

j-

us

 

Sovts

Se

 

",2999,TS,,MISC,3001," œ mme mms © ©

TT bi LUS

 
"
"D:

CHEPT F LÉGA di:

GEORGES ",3064,DARIEN LL,,PER,3073,"
| AR 2H. LE

 

 

LE

 

; -"
"LÉGA di:

GEORGES DARIEN LL
| ",3076,AR 2H.,,MISC,3082," LE

 

 

LE

 

; -- o _ \
\"
":

GEORGES DARIEN LL
| AR 2H. ",3083,"LE

 

 

LE",,MISC,3095,"

 

; -- o _ \
\ SF À
\, f LT"
"ens honteux ni fort délicats.
",3195,La FONTAINE,,PER,3206,",

 

PARIS oo do LS
P.-V. STO"
"rt délicats.
La FONTAINE,

 

",3212,PARIS,,LOC,3217," oo do LS
P.-V. STOCK, ÉDITEUR"
"INE,

 

PARIS oo do LS
P.-V. ",3233,STOCK,,ORG,3238,", ÉDITEUR 8
{Ancienne Librairi"
"

PARIS oo do LS
P.-V. STOCK, ",3240,ÉDITEUR,,MISC,3247," 8
{Ancienne Librairie TRESSE "
"ne Librairie TRESSE & STOCK)

",3287,Oy Q,,ORG,3291,"» 10, 11, GALERIE Di} THÉATRE-"
"réservés. pour tous les pays, ",3424,y.,,LOC,3426," compris
la Suède et la. Noïvè"
" tous les pays, y. compris
la ",3438,Suède,,LOC,3443," et la. Noïvège.

1
3

 

tr"
"s, y. compris
la Suède et la. ",3451,Noïvège,,LOC,3458,".

1
3

 

tr:

 

Dane pe e"
". Noïvège.

1
3

 

tr:

 

",3479,Dane pe ele,,PER,3490, ai me a PE LE RSI 2 EN Rs 1 a
"
tr:

 

Dane pe ele ai me a ",3499,PE LE RSI 2 EN Rs,,MISC,3516," 1 an np,

 

> . un
2 d Er ma"
"EN Rs 1 an np,

 

> . un
2 d ",3541,Er mapaeas th dé nt,,LOC,3560," ré va tte rt

NE

L'auteur e"
2 d Er mapaeas th dé nt ré va ,3567,"tte rt

NE

L'auteur",,MISC,3588, et l'éditeur déclarent réserv
" jour lous pays, y compris la ",3696,Suèle,,LOC,3701," et ia Norvège.

Ce volume-a é"
"ays, y compris la Suèle et ia ",3708,Norvège,,LOC,3715,".

Ce volume-a élè déposé au M"
"e.

Ce volume-a élè déposé au ",3744,Ministère de l'Intérieur,,ORG,3768," (seelion de Îa librairie)
en "
re de l'Intérieur (seelion de ,3781,Îa librairie,,MISC,3793,")
en novembre 1897. :

oh

A L"
"

A LA MÊME LIBRATRIE

fa

DU ",3848,MÈME,,LOC,3852," AUTEUR

Bas les Cœurs, 1870-1"
"IBRATRIE

fa

DU MÈME AUTEUR

",3861,Bas,,LOC,3864," les Cœurs, 1870-1871. roman, "
", 1870-1871. roman, 1 volume.
",3904,Biribi,,LOC,3910,", armée d'Afrique, roman, 1 vo"
"an, 1 volume.
Biribi, armée d'",3920,Afrique,,LOC,3927,", roman, 1 volume.

Les Chapon"
"ce en un acte, représentée au ",3993,Théätre-Libre,,LOC,4006,"
(en collaboration avec M. Luc"
"-Libre
(en collaboration avec ",4030,M. Lucien Descaves,,PER,4048,"), r brochure,

 

Pour paraît"
" paraître prochainement :

La ",4101,Malhonnête,,LOC,4111," Femme, roman.

 

Ua clé tiré"
"n.

 

Ua clé tiré à part, de ",4153,cel ouvrage,,MISC,4164,", sur papier de
Hollande, dix "
"de cel ouvrage, sur papier de
",4180,Hollande,,LOC,4188,", dix exemplaires numérotés à "
"es numérotés à la presse.

 

",4233,SAINT-AMAND,,LOC,4244,", CHER, — IMPRIMÉRIL BUSSIÈRE "
"à la presse.

 

SAINT-AMAND, ",4246,CHER,,MISC,4250,", — IMPRIMÉRIL BUSSIÈRE FRÈRES"
"sse.

 

SAINT-AMAND, CHER, — ",4254,IMPRIMÉRIL,,MISC,4264," BUSSIÈRE FRÈRES.

LP A HEURE "
" IMPRIMÉRIL BUSSIÈRE FRÈRES.

",4283,LP A HEURE 7e TL ER PE,,MISC,4305," En à ere ere

CRETE

 

ROMA"
" à ere ere

CRETE

 

ROMAN

",4338,Les Voleurs,,MISC,4349," ne sont pas ,
Gens honteux ni"
"AN

Les Voleurs ne sont pas ,
",4364,Gens honteux ni fort délicats,,MISC,4393,".

 

F1 LA FoxTAINE. %

  
 
"
"honteux ni fort délicats.

 

",4399,F1 LA FoxTAINE,,MISC,4413,". %

  
 
  

AE Sc en
SRSNUT."
"oxTAINE. %

  
 
  

AE Sc en
",4436,SRSNUT,,ORG,4442,".

ETC
37, W
En

| PARIS
: P.-"
"  

AE Sc en
SRSNUT.

ETC
37, ",4453,W,,PER,4454,"
En

| PARIS
: P.-V, STOCK, ÉD"
"c en
SRSNUT.

ETC
37, W
En

| ",4461,PARIS,,LOC,4466,"
: P.-V, STOCK, ÉDITEUR

(Anci"
"NUT.

ETC
37, W
En

| PARIS
: ",4469,P.-V,,LOC,4473,", STOCK, ÉDITEUR

(Ancienne Li"
"ETC
37, W
En

| PARIS
: P.-V, ",4475,STOCK,,ORG,4480,", ÉDITEUR

(Ancienne Librairie"
" W
En

| PARIS
: P.-V, STOCK, ",4482,ÉDITEUR,,MISC,4489,"

(Ancienne Librairie Tresse e"
"ARIS
: P.-V, STOCK, ÉDITEUR

(",4492,Ancienne Librairie Tresse,,MISC,4517," et Stock)

8,9, I0, II, GALER"
(Ancienne Librairie Tresse et ,4521,Stock,,ORG,4526,")

8,9, I0, II, GALERIE DU THÉ"
"rairie Tresse et Stock)

8,9, ",4534,I0,,LOC,4536,", II, GALERIE DU THÉATRE-FRANC"
"ie Tresse et Stock)

8,9, I0, ",4538,II,,LOC,4540,", GALERIE DU THÉATRE-FRANCAIS
"
"resse et Stock)

8,9, I0, II, ",4542,"GALERIE DU THÉATRE-FRANCAIS

Le",,MISC,4573," PALAIS-ROYAL

1898 s

SRE enr"
"LERIE DU THÉATRE-FRANCAIS

Le ",4574,PALAIS-ROYAL,,LOC,4586,"

1898 s

SRE enr, Lot tt Se
s"
"AIS

Le PALAIS-ROYAL

1898 s

",4596,SRE,,LOC,4599," enr, Lot tt Se
sv, D - =.
Ÿ À"
"ALAIS-ROYAL

1898 s

SRE enr, ",4605,"Lot tt Se
sv",,MISC,4617,", D - =.
Ÿ À °
’ “ ai
-

LE
GE"
"SRE enr, Lot tt Se
sv, D - =.
",4626,Ÿ,,LOC,4627," À °
’ “ ai
-

LE
GE""!

RAT ="
"sv, D - =.
Ÿ À °
’ “ ai
-

LE
",4645,GE,,ORG,4647,"""!

RAT = , sw . Lou - ,

 
"
" =.
Ÿ À °
’ “ ai
-

LE
GE""!

",4652,RAT,,MISC,4655," = , sw . Lou - ,

 

 

 

A"
"et que je signe, n'est pas de
",4752,mmoL,,LOC,4756,".. | | |
Cette déclaration fai"
"nt légué par un

caissier.
Je ",5216,Pat,,PER,5219," volé. |
J'avoue mon crime. Je"
"ître, s'il le faut, devant le ",5372,Procureur du Roi,,PER,5388,".
(Ca se passe en Belrique.) |"
" devant le Procureur du Roi.
(",5391,Ca,,MISC,5393," se passe en Belrique.) |
© Ca"
"ureur du Roi.
(Ca se passe en ",5406,Belrique,,LOC,5414,".) |
© Case passe en Belgique."
"
(Ca se passe en Belrique.) |
",5419,© Case,,PER,5425, passe en Belgique. J'avais ét
" Belrique.) |
© Case passe en ",5435,Belgique,,LOC,5443,". J'avais été faire un petit
v"
"Dieu ! j'avais voulu voir le

",5636,roi Léopold,,PER,5647,", avant de mourir. Un dada. Je"
"
amais vu de roi. Quel est le ",5722,Républicain,,ORG,5733," qui ne me

_ comprendra pas ?"
"
J'étais entré, en arrivant à ",5794,Bruxelles,,LOC,5803,", dans le premier
hôtel venu, "
"dans le premier
hôtel venu, l'",5835,hôtel du,,LOC,5843, Roï Salomon. /e ne me fie guè
"remier
hôtel venu, l'hôtel du ",5844,Roï Salomon,,LOC,5855,". /e ne me fie guère
aux maiso"
"ne mon nom sur le re-
gisire. ",6292,"| |

—",,MISC,6298," Non, Madaine; je n'ai pas cet"
"uoi bon détromper cette brave
",6582,Jemme,,LOC,6587," ?

— Du reste, ajoute-t-elle "
e inéme prénom ; il s'appelle ,6691,Georges,,MISC,6698,",
comme vous savéz — Georges R"
"e Georges,
comme vous savéz — ",6719,Georges Randal,,PER,6733,". — Eh 1 bien,
puisque vous lé"
"nnaissez, je vais vous donner ",6796,"Sa
chambre",,PER,6806,; il est parti hier el je ne p
" ; voulez-vous me suivre ?.….
",6970,Là !,,MISC,6974," Une jolie chambre, n'est-ce p"
"nde ici. Ces
messieurs sont à ",7155,Spa,,LOC,7158,", à Dinan, à Ostende, ou bien
"
". Ces
messieurs sont à Spa, à ",7162,Dinan,,LOC,7167,", à Ostende, ou bien
dans les "
"sieurs sont à Spa, à Dinan, à ",7171,Ostende,,LOC,7178,", ou bien
dans les villes d'ea"
"u bien
dans les villes d'eaux ",7211,de France,,LOC,7220," ou d'Allemagne ; par-
tout où"
 villes d'eaux de France ou d',7226,Allemagne,,LOC,7235," ; par-
tout où 1l y a du trav"
"ïil C'est la saison. Et
puis, ",7303,ts,,ORG,7305, ne peuvent pas laisser leurs 
"s bêtises st

facilement... | ",7422,EE,,ORG,7424," ne

- Quels messieurs ? Quell"
"rcher lui-même ;
el avec lui, ",7679,Savez,,MISC,7684,"-vous, jamais de visite; il s’"
"puis, vos instruments à vous, ",7986,ls,,ORG,7988,"
auraient du mal à échapper à "
ut des solides el que vous ne ,8091,fouvez,,ORG,8097," pas

Pa

LUS

.

AVANT-PROPO"
"s el que vous ne fouvez pas

",8104,"Pa

LUS",,LOC,8111,"

.

AVANT-PROPOS IT

toujours"
"'est bien certain. Mais. |

— ",8315,Ah!,,MISC,8318, j'oubliais. La valise qui est
"l ; 1l n'a pas voulu l’empor-
",8424,ler,,LOC,8427,", hier. Si elle ne vous gêne p"
la chambre ; elle est plus en ,8512,Sûreté,,ORG,8518," qu'ailleurs; car je
sais bien"
"car j'avais appris que le roi
",8913,Léopold,,PER,8920, était enrhumé et qu’il ne sor
"orte-manteau dans ma
chambre? ",9184,Pourquot,,PER,9192, étais-je morose et désœuvré ?
étais-je morose et désœuvré ? ,9223,Pour-,,LOC,9228,"
quot le roi Léopold était-1l "
" désœuvré ? Pour-
quot le roi ",9241,Léopold était-1l enrhumé,,PER,9265,"? Autant de ques-
fions auxque"
 petite bouteille éfiquetée : ,9741,Chlo-,,LOC,9746,"
roforme. Ne l’ouvrons pas! Un"
" sur une table le manuscrit

",10226,"EN

IV",,MISC,10232," . AVANT -PROPOS

dont je n'av"
" était si bien, pourtant... — ",10720,Enfin!,,MISC,10726," Je

n'ai fait ni uncnideux. J"
" me suis
installé ailleurs. ,
",10862,ET maintenant,,ORG,10875,", maintenant que j'ai lerminé "
"ion, et un de ces soirs « ces ",11477,Messieurs,,PER,11486," » 1ne Casse-
ront le nez, dan"
s soirs « ces Messieurs » 1ne ,11493,Casse-,,MISC,11499,"
ront le nez, dans un coin. Bi"
ns un coin. Bien grand merci. ,11545,"oo

Le rapporter moi",,MISC,11565,"-même, avec quelques plaisante"
"rassante. Comment en sortir ?
",12162,Eh!,,MISC,12165," bien, le manuscrit lui-même m"
"! bien, le manuscrit lui-même ",12194,men,,MISC,12197," donne le
moyen. Lequel ? Vous"
"œurde ou, plutôt, je le vole

",12372,TE,,LOC,12374," RE ne à mm

£
Az
Ë

F
is

1:"
"je le vole

TE RE ne à mm

£
",12390,"Az
Ë

F
is

1",,MISC,12403,":
4°
M.""
ss
&
;

RS

5 Six
hs
"
"ne à mm

£
Az
Ë

F
is

1:
4°
",12408,M.,,PER,12410,"""
ss
&
;

RS

5 Six
hs
pes

 
"
"Az
Ë

F
is

1:
4°
M.""
ss
&
;

",12420,"RS

5 Six
hs
pes",,MISC,12436,"

 

5: .
08 dun ©

AVANT-PROP"
"
5 Six
hs
pes

 

5: .
08 dun ",12453,"©

AVANT-PROPOS",,MISC,12468," eV

— comme je l'ai écrit plu"
"on sache où ça finira. | | |

",12837,Finir !,,MISC,12844," C’est ce livre, que je voudra"
"remords en face du crime
— et ",13552,ausst,,MISC,13557," parler des prisons, pour én d"
"is
point comment il écrit, ce ",13686,Voleur,,MISC,13692,"-là; mes phrases n'en-
{rent p"
"
{rent pas dans les siennes.

",13744,ÎT,,LOC,13746, m'aurait fallu démolir le man
"sonnage, un ancien élève de l'",14062,Ecole Polytechnique,,ORG,14081,",
par exemple, qui, tout le lo"
"olume, aurait dit
son fait au ",14148,Voleur,,MISC,14154,. Il aurait suffi de le faire 
"rois fois par chapitre et, en ",14234,vérilé,,LOC,14240,", — à con-
dition de ne change"
" de temps à autre
— rien ne m'",14317,eit,,ORG,14320," élé plus facile.

Mais, réfle"
"usé d'en risquer une seconde.
",14500,Æt,,LOC,14502," puis, si vous voulez que je v"
"s-
cience. .

Mot qui ai volé ",14636,le Voleur,,MISC,14645,", je ne puis guère le flétrir."
"'y vois
point d'inconvénient, ",14830,"Mais, mot",,MISC,14839,", je n'en ai pas le droit.
Je "
" droit.
Peut-être. |

GEORGES ",14941,DARIEN,,MISC,14947,".

Londres, 1806.

 

»
‘ L
."
"eut-être. |

GEORGES DARIEN.

",14950,Londres,,LOC,14957,", 1806.

 

»
‘ L
.'s
. Ÿ
ru
"
"IEN.

Londres, 1806.

 

»
‘ ",14974,"L
.'s
",,MISC,14980,". Ÿ
ru

&

 

TABLE DES CHAPIT"
"res, 1806.

 

»
‘ L
.'s
. Ÿ
",14984,"ru

&

 

TABLE DES CHAPITRES

AVANT- PROPOS",,LOC,15028," . . . + 4 . . . . . .

I. — A"
"mptes font les bons amis. . .
",15206,IV,,MISC,15208,. — Où l'ont voit bien que tou
" l’existence. . . . . . . . .
",15291,V,,PER,15292,", — Où court-ilr . . . . , . ."
"ù court-ilr . . . . , . . . .
",15327,VI,,PER,15329,. — Plein ciel . . . . . . . .
"in ciel . . . . . . . . . . .
",15366,VII,,PER,15369,". — Dans lequel on apprend, en"
"nnent les anciens notaires .

",15460,VIII,,MISC,15464,. — L'art de se faire cinquant
"s élever de lapins . . . . .

",15552,IX,,PER,15554,. — De quelques quadrupèdes et
"s quadrupèdes et de certains

",15598,"X.
XI",,PER,15603,".
XII.
XIII.
XIV.

bipèdes . ."
"upèdes et de certains

X.
XI.
",15605,XII,,PER,15608,".
XIII.
XIV.

bipèdes . . . . "
"s et de certains

X.
XI.
XII.
",15610,XIII,,MISC,15614,".
XIV.

bipèdes . . . . . . . "
"e certains

X.
XI.
XII.
XIII.
",15616,XIV,,PER,15619,".

bipèdes . . . . . . . . . ."
"forment la jeunesse . . . .
— ",15696,"Cheveux, barbes et postiches",,MISC,15724," . . . . .
— L'idée marche . -"
"arche . -. :. . . . . . . .
— ",15775,Rencontres heureuses,,MISC,15795," et malheureuses . .
— Aventur"
"ureuses et malheureuses . .
— ",15818,Aventures de.deux voleurs,,MISC,15843,", d'un cadavre et

d’une jolie"
" vice est bien près d’être

À ",15944,VI,,LOC,15946,".

XVII.

XVIIE,

TÉCOMIPENSÉ "
"en près d’être

À VI.

XVII.

",15956,XVIIE,,MISC,15961,",

TÉCOMIPENSÉ . . 4 . + . + ."
"d’être

À VI.

XVII.

XVIIE,

",15964,TÉCOMIPENSÉ,,LOC,15975," . . 4 . + . + . .

— Orphelin"
"L - , . ‘ L % , . +

104
124

",16150,I4I,,MISC,16153,"
154
173
179

107
21S.
237
250"
"37
250

261

280

VIE.

XIX.
",16207,XX,,LOC,16209,".

XXI.

X AIT.
XXIIL.
XXIV.

"
"0

261

280

VIE.

XIX.
XX.

",16212,XXI,,MISC,16215,".

X AIT.
XXIIL.
XXIV.

XXV,

"
"

280

VIE.

XIX.
XX.

XXI.

",16218,X AIT,,ORG,16223,".
XXIIL.
XXIV.

XXV,

XXVI,
XX"
"
VIE.

XIX.
XX.

XXI.

X AIT.
",16225,XXIIL,,MISC,16230,".
XXIV.

XXV,

XXVI,
XX VII.

"
"XIX.
XX.

XXI.

X AIT.
XXIIL.
",16232,XXIV,,MISC,16236,".

XXV,

XXVI,
XX VII.

XX VII"
".

XXI.

X AIT.
XXIIL.
XXIV.

",16239,XXV,,LOC,16242,",

XXVI,
XX VII.

XX VII.

XXI"
".

X AIT.
XXIIL.
XXIV.

XXV,

",16245,XXVI,,MISC,16249,",
XX VII.

XX VII.

XXIX.

XXX"
"IT.
XXIIL.
XXIV.

XXV,

XXVI,
",16251,XX VII,,MISC,16257,".

XX VII.

XXIX.

XXX.

 

TA"
"XXV,

XXVI,
XX VII.

XX VII.

",16269,XXIX,,MISC,16273,".

XXX.

 

TABLE DES CHAPITRE"
"On dira pourquoi. nos ee
— Le ",16542,Christ,,PER,16548, a dit : « Pitié pour qui suc-
"r qui suc-
combe!... », . .
— ",16598,Geneviève de Brabant,,PER,16618,"
— Le repentir fait oublier l'"
"femmes savaient s’y prendre
— ",16765,Conclusion provisoire,,MISC,16786," — comme toutes les
conclusion"
"marare ve mn dès cum uma

 

",16944,LT,,ORG,16946,"

 

AURORE

. Mes parents ne "
"mon père au pied du mur. |

— ",17211,Comment!,,MISC,17219," des gens. à leur aise, dans u"
"ssurés, on comprend ça. Mais, ",17459,"sa-
pristi !",,PER,17471,"... Et la fortune amassée, où "
ut un enfant — au moins un. — ,17657,"Réfléchissez-y.

",,LOC,17674,"Le médecin s’en mêle : :

— Ma"
"un enfant.

2 | | LE VOLEUR

",17964,Eh!,,MISC,17967," bien, puisque tout le monde l"
"n : ils en auront un. | |
Ils ",18043,Pont,,LOC,18047,".
Je me présente — très bien ("
"oute ma vie, disait plus
tard ",18218,Aglaé,,PER,18223,", la cuisinière ; il faisait u"
"s, c’est que je suis un élève ",18802,"mo-
dèle",,PER,18810, ; je fais l'honneur de ma cla
"ant-là. Vous le voyez, heïn ?
",19308,Eh!,,MISC,19311," bien, c’est à moi!

Les mères"
 ! Comme il a dû travailler ! ,19407,"Ah!
c’est bien beau",,MISC,19426,", l'instruction...
= Les paren"
"
7 . Sy)

LE ETS res mm

ADSL ",19677,UOE,,LOC,19680," PME

+

RE ne tn Le
frs LE et"
"ME

+

RE ne tn Le
frs LE ets ",19712,"ini

Tr

ETES",,MISC,19725," PER PRE TE TS PT nt px ï
FRA "
" LE ets ini

Tr

ETES PER PRE ",19734,TE TS PT,,ORG,19742," nt px ï
FRA RARE EE AS CT

EC"
" TS PT nt px ï
FRA RARE EE AS ",19766,"CT

EC",,ORG,19772,"
Fe UN

Dee eu ee
mir
roi

 
"
"nt px ï
FRA RARE EE AS CT

EC
",19773,"Fe UN

Dee",,MISC,19783," eu ee
mir
roi

 

CCR

LE VO"
"Fe UN

Dee eu ee
mir
roi

 

",19803,"CCR

LE VOLEUR or",,MISC,19820,". 3
centenaires allongent fièr"
 me le prédit tous les jours. ,20709,Sic,,PER,20712,"
itur ad astra.

J’aile temps,"
"|

Candeur !... Mon enfance ? ",20933,Jene,,PER,20937," me rappelle déjà

plus. Mes s"
" les coins de
notre maison de ",21660,Paris,,LOC,21665,; dans les allées ratissées de
"les allées ratissées de

1 ° ",21702,DT,,ORG,21704,"

4. LE VOLEUR

notre jardin d"
" ratissées de

1 ° DT

4. LE ",21712,VOLEUR,,LOC,21718,"

notre jardin de la campagne "
urniquets chargés de pavés de ,22422,Reims,,LOC,22427,", de
porcelaines utiles et de "
" Tu vas voir, a-t-il dit, que ",22537,Phanor,,LOC,22543," est plus
adroit que toi.

Ïl "
"nor est plus
adroit que toi.

",22570,Ïl,,LOC,22572, a fait dresser le chien contr
" coup de patte auto-
ritaire. ",22686,Phanor,,PER,22692," a gagné le gros lot, un grand"
"coup les enfants.

à 0 — ns
2 ",23430,"rs 25

ere

",,MISC,23442,"——

Le TR

CA ET.

ES . .

EE."
"à 0 — ns
2 rs 25

ere

——

Le ",23449,"TR

CA ET",,ORG,23458,".

ES . .

EE. L

a md -
+

F"
"s 25

ere

——

Le TR

CA ET.

",23461,ES,,LOC,23463," . .

EE. L

a md -
+

Fa
LT."
"e

——

Le TR

CA ET.

ES . .

",23469,EE,,LOC,23471,". L

a md -
+

Fa
LT.
LE

Ke
"
"T.

ES . .

EE. L

a md -
+

",23487,"Fa
",,MISC,23490,"LT.
LE

Ke

 

LE VOLEUR S.

P"
"
ES . .

EE. L

a md -
+

Fa
",23490,LT,,ORG,23492,".
LE

Ke

 

LE VOLEUR S.

Plu"
"md -
+

Fa
LT.
LE

Ke

 

LE ",23508,"VOLEUR S.

Plus tard",,MISC,23528,", mon père m'a procuré une joi"
" plus
grave. Il m’a fait voir ",23589,Gambetta,,PER,23597,". C'était au Palais de
Versail"
ait voir Gambetta. C'était au ,23610,"Palais de
Versailles",,LOC,23630,", où se tenait alors l’Assembl"
"sailles, où se tenait alors l’",23653,Assemblée Nationale,,ORG,23672,".
La séance était ouverte quan"
"rte quand nous sommes entrés.
",23724,Un monsieur chauve,,MISC,23742,", fortifié d’un gilet blanc, é"
"mment ! je ne re-
connais pas ",23941,Gambetta,,PER,23949, ! Il est assez facile à disti
as le retirer d'un collège de ,24134,Jésuites,,ORG,24142," ?

Si, on me l’a dit mille fo"
"and ils le met-
tent chez les ",24271,Jésuites,,ORG,24279,", mais qu'il doit leur obéir a"
"rsqu'ils lenferment ailleurs.
",24354,Ah !,,MISC,24358,"tu es vraiment bien nigaud, mo"
s rien voir ; j'étais ébloui. ,24875,Ah!,,MISC,24878," j'ai été tellement
ému, en pé"
"ment
ému, en pénétrant dans l’",24923,auguste,,PER,24930," enceinte, dans le
sanctuaire "
"gité. Et
puis, je croyais que ",25024,Gambetta,,PER,25032," ne quittait pas la tri-
bane,"
'Histoire et il reconnaîtrait ,25398,M. Thiers,,PER,25407," à une demi- .
lieue…

6 LE V"
"tourne vers moi.

— Le voilà, ",25486,Gambetta,,PER,25494,"! Tiens, là, là!

Oui, c’est l"
s promis de te faire entendre ,26294,Gambetta,,PER,26302,"; ça
ne dépend point de moi. J"
" été très désillu-
sionné. Le ",26972,Gambetta,,PER,26980, que j'ai vu n’est point celui
"
_j'ignorerais demain comment ",27200,1l,,PER,27202," a le nez fait. Est-ce
que je "
"uefois. Et le monsieur

4e,

",27346,TERRE,,LOC,27351,"
LORS FE
. ""7, VV ,4

= rte +
"
"ur

4e,

TERRE
LORS FE
. ""7, ",27366,VV,,LOC,27368," ,4

= rte +
,

LE EL

_

LE V"
"RS FE
. ""7, VV ,4

= rte +
,

",27384,"LE EL

_

LE VOLEUR",,MISC,27403," : 7

chauve, en gilet blanc, "
"nt justi-
fiées, ce n’est pas ",27859,Gambetta,,PER,27867,", ni même M. Thiers, qui
symbo"
"e n’est pas Gambetta, ni même ",27877,M. Thiers,,PER,27886,", qui
symbolisent pour moi le "
" peuple libre, mais policé. C’",27974,estce monsieur,,PER,27988,", dont
j'ignore le nom, dont l"
"les cheveux avaient quitté la
",28047,France,,LOC,28053, dans le fiacre à Louis-Philip
"je demande
toujours où mènent ",29049,leschemins,,ORG,29059," qu’on traverse, quand
on va s"
"is, qui dit tou-
jours que le ",29386,Code,,MISC,29390," est formel. |

= Le Code est "
" que le Code est formel. |

= ",29408,Le Code,,MISC,29415," est formel.
Le geste est facé"
"oix siffle, tranche, dissèque ",29627,ia phrase,,PER,29636,",
désarticule les mots, incise"
"a-
turés aux consonnes.
"",. — ",29723,Le Code,,MISC,29730," est formel !
‘” Pécoute ça, p"
""",. — Le Code est formel !
‘” ",29747,Pécoute,,MISC,29754," ça, plein d’une sombre admira"
"’une sombre admiration pour
l’",29796,Autorité souveraine et mystérieuse,,ORG,29830," du Code, un peu
térrifié auss"
 souveraine et mystérieuse du ,29834,Code,,MISC,29838,", un peu
térrifié aussi -— et "
se habitude. Peut-être que le ,30516,Code,,MISC,30520," est formel, pour
les ongles. "
"ns la bibliothèque,
saisir un ",31046,Code,,MISC,31050,", le cacher sous ma blouse et "
"A IT es ne ee

RE r  ——

“ ‘
",31121,AO,,ORG,31123," as
: 7

LE VOLEUR 9

gier, sa"
"oire à ma soif à la
source de ",31395,justiceet,,PER,31404," de vérité, avec quels espoirs"
"
ouvrant le livre sacré! Non, ",32068,Eve,,PER,32071," n'a pas cueilli le
fruit défe"
" cueilli le
fruit défendu, au ",32109,jardin d'Eden,,LOC,32122,", avec une émotion plus
grande"
" une émotion plus
grande ; le ",32158,Tentateur ne luiavait,,MISC,32179," parlé qu’une seule
fois de la"
'entends chanter la gloire du ,32294,Code,,MISC,32298,", du
Code qui est formel !

Je"
"chanter la gloire du Code, du
",32303,Code,,MISC,32307," qui est formel !

Je lis. Je "
"arnement, avec fièvre. Je lis ",32379,"Le
Contrat de louage",,MISC,32399,", le Régime dotal, beaucoup d’"
" lis Le
Contrat de louage, le ",32404,Régime dotal,,MISC,32416,", beaucoup d’autres
choses com"
"oup d’autres
choses comme ça. ",32453,Etje,,MISC,32457," ne sens pas monter en moi le
"
"tellement j'étais absorbé.

— ",32896,Ïl,,LOC,32898, ÿ a deux heures que je te che
"-ce que tu lis ?

— Je lis le ",33003,Code!,,MISC,33008," |
À quoi bon nier ? Le livre "
", grand ouvert sur

4°

10 , ",33074,LE VOLEUR,,PER,33083,"

la table, témoin muet, mais "
"and-père sourit.

— Tu lis le ",33190,Code !,,MISC,33196," Ca t’amuse, de lire le Code ?"
"Code ! Ca t’amuse, de lire le ",33220,Code ?,,MISC,33226," Ça
t'intéresse ? |

Je fais u"
"mmédiatement.

— Pour lire le ",33496,Code,,MISC,33500,", mon ami, il ne suffit pas de"
 lire; il faut savoir lire le ,33567,Code,,MISC,33571,". Ce qu'il faut
lire, dans ce "
"primé ;
c'est le blanc, c’est ",33667,"ca...

Et",,MISC,33676, il pose son doigt sur la marg
"’est tout
ce quirestera de la ",33911,Société,,ORG,33918,".

Bon, bon. Nous verrons ca.
"
"iété.

Bon, bon. Nous verrons ",33944,ca,,MISC,33946,".

J'ai un autre souvenir, enc"
"un autre souvenir, encore. |

",33984,M. Dubourg,,PER,33994, est un ami de la famille. C’e
" mère et c’est avec son fils, ",34390,Albert,,PER,34396,",
que je joue le plus volontie"
"urs, on me défende de sortir, ",34560,"Que se
passe-t-1l ?",,MISC,34579," »

Jai surpris des bouts de c"
"e que je suis au courant des

",34839,SA,,ORG,34841," em

TETE er ete,

D om me,

"
"u courant des

SA em

TETE er ",34854,ete,,ORG,34857,",

D om me,

 

LE VOLEUR II
"
"

TETE er ete,

D om me,

 

",34874,"LE VOLEUR II

choses",,MISC,34894,", car il prend le parti de ne "
"lus se gèner devant
moi. |

— ",34955,Dubourg,,PER,34962, peut se flatter d’avoir de [a
"rime ne doit jamais, sous au-
",35213,cun,,LOC,35216," prétexte, échapper au châtime"
"n aura eu égard à
son âge.

— ",35310,Belle excuse !,,MISC,35324, Raison de plus pour n'avoir p
"me sous l'Empire ! Comme
sous ",35628,Louis XV,,PER,35636," !... Et, quand on le prend su"
st ce qu’on fait partout pour ,36088,Duboursg,,MISC,36096,", sois
tranquille. J’ai donné "
" ordres, ici. Et quant à toi,
",36159,Georges,,MISC,36166,", si par hasard tu rencontres "
", si par hasard tu rencontres ",36196,Albert,,MISC,36202,", je te dé-
fends de lui parle"
"ends ?

Je n'ai pas rencontré ",36293,Albert,,PER,36299,". Mais le surlendemain
matin, "
", qu’il ne pourra pas dire,

",36686,"RE RE Ph

12 LE VOLEUR",,MISC,36708,"

devant moi, tout ce qu’il a "
"fois qu’il s'arrête, mon père ",36975,"es-
quisse",,PER,36985," la moitié d’un geste, mais il"
" serait
peut-être le mieux... ",37891,"|

Silence",,MISC,37901,". |

—— Eh! bien, a-t-1l murmu"
"le mieux... |

Silence. |

—— ",37909,Eh!,,MISC,37912," bien, a-t-1l murmuré, je ne v"
"dal ; je vais
vous quitter... ",38020,Âu,,LOC,38022," revoir... |

Æt il a tendu un"
"
vous quitter... Âu revoir... ",38033,"|

",,PER,38036,Æt il a tendu une main qui tre
"ère et
grand-père, exactement ",39168,Îles,,LOC,39172," mêmes idées — qu'ils
exprimen"
e déshériter complètement. Le ,39869,Code,,MISC,39873," est formel.

IT

LE CŒUR D'U"
"ode est formel.

IT

LE CŒUR ",39900,D'UN HOMME VIERGE EST UN,,MISC,39924," VASE FROFOND

C'est entendu. "
D'UN HOMME VIERGE EST UN VASE ,39930,"FROFOND

C'",,MISC,39941,est entendu. Je ne sûüis plus 
"e purgatoire des accessit.

— ",40250,Sic,,PER,40253," transit gloria mundi, soupire"
ieille estampe qui représente ,40389,Bélisaire,,PER,40398," tendant
son casque aux passan"
"| je l’ai

ss ET

La RSRRREEN ",40926,SSL 1,,MISC,40931,".""

test CUT

 

LE VOLEUR | "
"ET

La RSRRREEN SSL 1.""

test ",40940,"CUT

 

LE VOLEUR",,MISC,40958," | IS

deviné. « Les yeux du b"
i le bœuf n’obéirait point. » ,41107,Eh!,,MISC,41110," bien, l’en-
fant, l'enfant qu"
"et qu’ils m'ont

légué, je ne ",41989,laurai,,MISC,41995, pas. Je ne serai pas riche ; 
" pauvre — et j'aime l'argent,
",42105,"Oui, j'aime l'argent",,MISC,42125, ; je n’aimé que ça. C'est l'a
es souffrances et donner tous ,42251,Îles,,LOC,42255," bonheurs ;
c'est l’argent seu"
"açon depuis que mes pa-
rents ",42754,Sont morts,,MISC,42764,. [| me semble qu’une condamna
"re, rien faire. Cette idée me ",42897,supplicie,,PER,42906,".
Je hais mon oncle; je le hai"
"leur,

quand il me parle ; de ",43109,Jui,,PER,43112," crier que sa bonté n’est que
"
"oient ses moyens,
ne peut pas ",44576,Être méprisable,,MISC,44591,". Ce que je méprise, c'est
l'e"
"on ;

éducation. On sm'éléve. ",44745,Oh !,,MISC,44749," l'ironie de ce mot-là !.…

Éd"
 Je ne dois bas être comme je ,44914,Suis,,LOC,44918,", mais
comme 1l faut. Pourquoi"
"t-il ?... On m'inaite à

mere ",44982,APE TL,,MISC,44988,"
Ar ,

heu ns a =

. TT el
PR"
"e APE TL
Ar ,

heu ns a =

. ",45010,TT,,ORG,45012," el
PRESSE

+.

LE VOLEUR | | "
"TL
Ar ,

heu ns a =

. TT el
",45016,"PRESSE

+",,MISC,45025,".

LE VOLEUR | | 17

suivre le"
" mais point à ne pas me lais-
",45205,ser,,PER,45208, tromper. On m'inocule la rais
"s, avec permission de la ro-

",45936,mantiser,,PER,45944," un peu, mais défense de la vi"
cherche à peser sur lui. Mais ,47965,Îa,,PER,47967," raillerie n’est pas
assez for"
"tre abstrait. Je sais que ce

",49070,FORRAET ART - RUE Re,,PER,49090,",
1, N° D ‘ ae : ""

—

ITR
COR"
" ce

FORRAET ART - RUE Re,
1, ",49095,N° D ‘ ae,,MISC,49104," : ""

—

ITR
CORTE

1-
+

Sur
"
" RUE Re,
1, N° D ‘ ae : ""

—

",49113,ITR,,MISC,49116,"
CORTE

1-
+

Sur
CRAN

SE TRE"
" Re,
1, N° D ‘ ae : ""

—

ITR
",49117,CORTE,,MISC,49122,"

1-
+

Sur
CRAN

SE TRE
© or
"
"—

ITR
CORTE

1-
+

Sur
CRAN

",49140,SE TRE,,MISC,49146,"
© or
O8 +

—

DETTE LR 2e A
_"
"ur
CRAN

SE TRE
© or
O8 +

—

",49161,DETTE LR,,ORG,49169," 2e A
_. , LR Ti

CE
: Le: o« "
"r
O8 +

—

DETTE LR 2e A
_. , ",49180,"LR Ti

CE",,MISC,49189,"
: Le: o« .

{+ Das .
5

LE V"
"unts qui
m'engagent à vivre:

",49771,Integer,,MISC,49778," vite, scelerisque purus.

Je "
"agent à vivre:

Integer vite, ",49785,scelerisque purus,,MISC,49802,".

Je leur ai même dû, depuis,"
"ne certaine recon-
naissance. ",49864,Îl,,PER,49866," y a beaucoup de bonnes ruses,"
chonner du grec ! O cheval de ,50194,Troie,,LOC,50199,"... Mais n’anti-
cipons pas. |"
ne pour mes professeurs ; car ,50645,"jene
suis",,PER,50654, pas comme beaucoup d’autres e
ironie. J'apprends donc cette ,51205,"Histoire
des Morts",,MISC,51223," — tout ça, c’est les procès v"
"s procès verbaux des
vieilles ",51273,Morgues,,LOC,51280, — cette Histoire des Morts qu
" des
vieilles Morgues — cette ",51289,Histoire des Morts,,MISC,51307," qu'on
nous enseigne en dédain"
"n
nous enseigne en dédain des ",51342,Actes des Vivants,,MISC,51359," —
comme on nous condamne à la"
ntenu des livres que j'ai dans,51725,"”

mon pupitre",,MISC,51739,. Et je salis beaucoup de papi
"nseignement, la découverte de
",52016,Pimprimerie,,LOC,52027," ?

Ce serait trop simple, san"
"ole pendant que je traduis
le ",52408,De officiis,,MISC,52419,", moi qui dépense ici, inutile"
"our par jour et pied à
pied ? ",52632,Ah !,,MISC,52636," si j'étais encore riche, seul"
"e me laisse faire.
- Je porte ",52800,Le lourd spondée,,MISC,52816," à bras tendu et je fais cas-
"
"oint m’éblouir, m'émerveille, ",53045,"Et la haute si-

dame",,MISC,53066," :
PS TrFErS
de mt mt
DE Late
"
"ille, Et la haute si-

dame :
",53069,PS TrFErS,,MISC,53078,"
de mt mt
DE Late

3 met ss,
M"
"i-

dame :
PS TrFErS
de mt mt
",53088,DE Late,,PER,53095,"

3 met ss,
MD ne et Re MR

ET"
"S
de mt mt
DE Late

3 met ss,
",53107,MD,,ORG,53109," ne et Re MR

ET PR LT …
NE re"
"t
DE Late

3 met ss,
MD ne et ",53116,"Re MR

ET PR LT",,ORG,53131," …
NE re UNS
Es .

Eur
re EU.
"
"s,
MD ne et Re MR

ET PR LT …
",53134,"NE re UNS
Es",,PER,53146," .

Eur
re EU.
SUN Le ir

=
‘
"
"R

ET PR LT …
NE re UNS
Es .

",53150,Eur,,PER,53153,"
re EU.
SUN Le ir

=
‘
,

es 4"
"R LT …
NE re UNS
Es .

Eur
re ",53157,EU,,LOC,53159,".
SUN Le ir

=
‘
,

es 4 _ SET"
" …
NE re UNS
Es .

Eur
re EU.
",53161,SUN,,ORG,53164," Le ir

=
‘
,

es 4 _ SET en i"
" EU.
SUN Le ir

=
‘
,

es 4 _ ",53186,SET,,MISC,53189," en ie nn
ENT P RS RE PRE TT C"
"r

=
‘
,

es 4 _ SET en ie nn
",53199,ENT P RS,,MISC,53207," RE PRE TT CRE
et 2er us
ET, e"
"T en ie nn
ENT P RS RE PRE TT ",53218,CRE,,ORG,53221,"
et 2er us
ET, et ia 2
+ ares "
" P RS RE PRE TT CRE
et 2er us
",53232,ET,,MISC,53234,", et ia 2
+ ares ……

=:

GG RS"
"us
ET, et ia 2
+ ares ……

=:

",53259,GG RS 2,,MISC,53266," TETE TN à PE mr
EU DES HUB TR"
"res ……

=:

GG RS 2 TETE TN à ",53277,PE,,ORG,53279," mr
EU DES HUB TRUE TE
Net TS "
"TN à PE mr
EU DES HUB TRUE TE
",53302,"Net TS AE E

Gros ie get Peer",,MISC,53331,"
. ou ”

+
« St’
%.

ann Eh DT"
"S AE E

Gros ie get Peer
. ou ",53337,"”

+
« St’
%",,MISC,53349,".

ann Eh DT pe
Ste LEE TE
47 "
"er
. ou ”

+
« St’
%.

ann Eh ",53359,DT,,ORG,53361," pe
Ste LEE TE
47 - _.h "" CE]
"
"ann Eh DT pe
Ste LEE TE
47 - _",53382,.h,,MISC,53384," "" CE]

ETES EREMEFTE EE. ARE "
"e LEE TE
47 - _.h "" CE]

ETES ",53397,EREMEFTE EE,,LOC,53408,". ARE LT PERTE PET AL
PERTE : "
" _.h "" CE]

ETES EREMEFTE EE. ",53410,ARE,,MISC,53413," LT PERTE PET AL
PERTE : Te A "
TES EREMEFTE EE. ARE LT PERTE ,53423,"PET AL
PERTE :",,MISC,53437," Te A fie

RES RS El EE
D _ en"
" El EE
D _ en ns Pas Voz

ce

",53484,DOS,,MISC,53487," APE MENNE EEE
' Sa
. . * + ”
"
" _ en ns Pas Voz

ce

DOS APE ",53492,MENNE,,MISC,53497," EEE
' Sa
. . * + ”
oui 7 Tate"
"ENNE EEE
' Sa
. . * + ”
oui 7 ",53523,"Tate
",,PER,53528,"- Th ce

DR ae me 2e is
. ses,"
". . * + ”
oui 7 Tate
- Th ce

",53537,DR,,ORG,53539," ae me 2e is
. ses, sr —. ,:
-"
" Th ce

DR ae me 2e is
. ses, ",53559,sr,,LOC,53561," —. ,:
- os

ANT TR

re
us
Us
"
" sr —. ,:
- os

ANT TR

re
us
",53588,"Us

",,MISC,53592,"a Yan

mn que mer mr ro rm qe"
" ,:
- os

ANT TR

re
us
Us

a ",53594,Yan,,PER,53597,"

mn que mer mr ro rm qe tr -"
" TR

re
us
Us

a Yan

mn que ",53607,mer mr ro rm qe tr -.,,LOC,53628," * -. ss"" "" Li -
F V7 * 1 . + "
" mr ro rm qe tr -. * -. ss"" "" ",53640,"Li -
",,PER,53645,"F V7 * 1 . + \

LE VOLEUR | 21"
"faction visible
à la ruine de ",53801,Carthage,,LOC,53809," ; je comprends que la fin de
"
"il convient, à la victoire de
",53943,Cicéron,,PER,53950, sur Catilina ; et aussi au tr
" à la victoire de
Cicéron sur ",53955,Catilina,,MISC,53963, ; et aussi au triomphe de Cés
"aussi au triomphe de César.
L'",53999,empire Romain,,LOC,54012," s'établit, à ma grande joie; "
ésus-Christ vient au monde. » ,54099,Pour-,,LOC,54104,"
tant, il faut être juste : le"
tre juste : les invasions des ,54150,Barbares,,MISC,54158," ont
eu du bon; pourquoi pas ?"
bon; pourquoi pas ? Quant aux ,54199,Anglais,,LOC,54206,", je sais
que trois voix crier"
"et
que c’est fort heureux qne ",54296,Jeanne d’Arc,,PER,54308," les ait chassés
de France. Je"
" Jeanne d’Arc les ait chassés
",54325,de France,,LOC,54334,. Je vois clairement que la de
"lairement que la destinée des
",54375,Empires,,MISC,54382, tient à un grain de sable ; q
 à un grain de sable ; que la ,54418,"Révolution
française",,MISC,54438, fut un grand mouvement libéra
nmoins en blâmer les excès... ,54523,"Poésie de
faussaires ;",,MISC,54545, science d’apprentis teinturie
"me mon goût, aussi. Je vénère ",54730,Horace,,MISC,54736,",

‘« qu'on aime à lire dans u"
ime à lire dans un boïs »; et ,54779,Homère,,PER,54785,",

«jeune encor de gloire. » J"
" » J’estime fort Raphaël pour
",54841,les Loges,,LOC,54850," du Vatican, que j'ignore; Mic"
"ort Raphaël pour
les Loges du ",54854,Vatican,,LOC,54861,", que j'ignore; Michel-Ange,
p"
"e j'ignore; Michel-Ange,
pour ",54895,le Jugemént Dernier,,MISC,54914,", que je n'ai jamais vu.
Boile"
"rnier, que je n'ai jamais vu.
",54939,Boileau,,PER,54946, a mon admiration ; et Malherb
", qui vint
enfin. Je sais que ",55007,Molière,,PER,55014," est supérieur à Shakespeare
e"
s que Molière est supérieur à ,55031,Shakespeare,,PER,55042,"
et que si les Français n’ont "
"r à Shakespeare
et que si les ",55057,Français,,LOC,55065," n’ont pas de poème épique,
c'"
"oème épique,
c'est la faute à ",55110,Voltaire,,PER,55118,". Je distingue soigneusement
e"
"ssuet, qui était un aigle, et ",55185,Fénelon,,PER,55192,", qui fut
un cygne. Plumages !"
"et Fénelon, qui fut
un cygne. ",55212,Plumages !,,MISC,55222,"... J’honore Franklin.
Je vis "
cygne. Plumages !... J’honore ,55235,Franklin,,PER,55243,".
Je vis en vieillard.

C'est "
"nce qui
est restée au fond de ",55771,laboîte,,LOC,55778,". Je n’espère pas. Je veux.

."
"ue âpre,.et mes rages mornes, ",56114,im-,,PER,56117,"
placable. Et puis, elle m'a d"
s la poudre rose des dadas. | ,56878,"|

—",,PER,56882, Serrez le texte ! s’écrie l’u
"ez-vous, par exemple, que les ",57270,Anciens,,LOC,57277,"
n'avaient d'autre coiffure qu"
"r plus loin. |
Oui, inutile;

",57391,Claudile jan rivos,,PER,57409,", pueri, sal prata biberunt.
N"
"inutile;

Claudile jan rivos, ",57411,pueri,,PER,57416,", sal prata biberunt.
N’en jet"
" mon oncle quand j'ai quitté

",57523,TS TO ER EN UMR,,MISC,57538," EE Eremmamn —°

Pages

LRO Te"
"

Pages

LRO Te ae nes

7

sn ",57583,"Tara
",,PER,57588,"Jr re

ce TR ATI

su
cer ferme"
" ae nes

7

sn Tara
Jr re

ce ",57598,TR ATI,,MISC,57604,"

su
cer ferme pe où + 4 muse "
"pe où + 4 muse eumeengs 2e ve
",57649,MRRSRETE PET our TT !,,MISC,57670," Ce!

Z # LR
a. ea en
Destin "
"s 2e ve
MRRSRETE PET our TT ! ",57671,"Ce!

Z # LR",,MISC,57683,"
a. ea en
Destin mt
ET IR ue
."
" PET our TT ! Ce!

Z # LR
a. ",57687,ea,,ORG,57689," en
Destin mt
ET IR ue
. : 7

"
"ur TT ! Ce!

Z # LR
a. ea en
",57693,"Destin mt
ET IR ue",,MISC,57711,"
. : 7

LE VOLEUR | 23

le lyc"
" 7

LE VOLEUR | 23

le lycée, ",57745,pede libero,,LOC,57756,", avec un diplôme flatteur et "
"rais-je ? Tu sais que, depuis ",58039,Bonaparte,,PER,58048,", la carrière

est ouverte aux"
"t, pourtant, je déclare à mon ",58874,on-,,PER,58877,"
cle que je désire, avant tout"
"afin d’être libre, après.
= — ",58988,Excellente idée,,MISC,59003,", dit mon oncle. Peut-être as-"
 un lit militaire. Je compte. ,59772,Collèce,,ORG,59779,",
caserne. Voilà quatorze ans "
orze ans que je suis enfermé. ,59830,Qua-,,ORG,59834,"
torze ans ! Oui, la caserne c"
"ans que je suis enfermé. Qua-
",59835,torze,,PER,59840," ans ! Oui, la caserne continu"
 qui apitoyerait les juges et ,61093,m'’obtiendrait,,MISC,61107,"
le minimum, à défaut d’un acq"
"serais pris ?

l

-

Em:

2

",61198,ROTNT,,MISC,61203,"

[IT

LES BONS COMPTES FONT L"
"t
jamais la connaissance d’un ",61438,Israélite,,MISC,61447,", d’abord ; c’est
toujours lui"
"e cause : lobservation, par l’",62172,"Israé-

hte",,LOC,62183,", d’une règle religieuse en mê"
"re à raisonner

+}
4

26. LE ",62352,VOLEUR,,LOC,62358,"

avec bon sens ; tandis que l"
confidences aux médecins et à ,62493,consterner,,PER,62503," les apothi-
caires. Quoi qu'i"
"l en soit, mes relations avec ",62563,Issacar,,MISC,62570,"
m'auront été fort utiles, m'a"
 faut se faire quelque chose. ,63145,Collez-,,LOC,63152,"
vous sur la poitrine un écrit"
"us
entendons. | |
Je le sais. ",63715,Issacar,,MISC,63722, à une grande idée. Il veut cr
"li-
sera en peu de temps avec ",63886,Anvers,,LOC,63892," et finira par tuer
Hambourg. "
"vec Anvers et finira par tuer
",63912,Hambourg,,LOC,63920,. Il m'a détaillé son projet a
é plus loin ; 1l m'a emmené à ,64065,L.,,PER,64067,",
où jai pu me rendre un compt"
"es choses ; il
est certain qu'",64136,Isaccar,,ORG,64143," n'exagère pas, et que son idé"
"’avant passé que

bre.

! LE ",64374,VOLEUR,,LOC,64380," __. 27

neuf ans au collèce, "
"ollections de

timbres-poste. ",64515,Issacar,,MISC,64522, a su se faire beaucoup d'amis
"ucoup d'amis,
non seulement à ",64570,L.,,PER,64572,", mais à Bruxelles, et nous ne"
"s,
non seulement à L., mais à ",64581,Bruxelles,,LOC,64590,", et nous ne
nous sommes pas e"
"luses.

— Vous voyez, m'a dit ",64831,Issacar,,MISC,64838,", que ça marche
comme sur des "
"ment, l'affaire
sera lancée à ",65026,Paris,,LOC,65031, et l'émission faite dans des 
"s sur les sentiments
moraux d’",65493,Issacar,,MISC,65500, ; je n’ai pas le moindre dout
smogonie. Le vieux système de ,65955,Ptolémée,,PER,65963," s’est
écroulé ; mais le monde"
"ombreuses fis-
sures dans les ",67259,Tables de la Loi,,MISC,67275," ; et la jurisprudence
est bie"
"nt suffisant. Je ne vous par-
",67411,lerai,,LOC,67416, pas de la façon dont les foul
duit forcément fa division de ,67940,l'Humanité,,ORG,67950," en
deux fractions à peu près "
"ur
véhémente colère contre un ",68470,Molochisme,,MISC,68480," dont celui
d'aujourd'hui n’es"
"ntinuation mal déguisée

 

;
",68551,"L
f
£

",,MISC,68558,"PT PTT TT TA TT GET

RE TL À A"
"ion mal déguisée

 

;
L
f
£

",68558,PT PTT TT TA TT,,ORG,68573," GET

RE TL À Am ET eme dé AT "
";
L
f
£

PT PTT TT TA TT GET

",68579,RE TL À,,MISC,68586," Am ET eme dé AT TT

à
Ca meme"
"
PT PTT TT TA TT GET

RE TL À ",68587,Am ET eme dé AT TT,,MISC,68605,"

à
Ca meme em emememeeennine "
"RE TL À Am ET eme dé AT TT

à
",68609,"Ca meme em emememeeennine ie 2

ra
",,MISC,68645,"EI
on

PRE ES
rt

4
le

Érerÿ,"
"e em emememeeennine ie 2

ra
",68645,EI,,ORG,68647,"
on

PRE ES
rt

4
le

Érerÿ,
U"
"eeennine ie 2

ra
EI
on

PRE ",68656,ES,,LOC,68658,"
rt

4
le

Érerÿ,
UE

RP RT PE"
"I
on

PRE ES
rt

4
le

Érerÿ,
",68676,"UE

RP",,MISC,68682," RT PEUR ELERE
RS OT DER RTE
5"
"

4
le

Érerÿ,
UE

RP RT PEUR ",68691,ELERE,,MISC,68696,"
RS OT DER RTE
5 CPR RÉ Rte

L"
"

Érerÿ,
UE

RP RT PEUR ELERE
",68697,RS OT,,ORG,68702," DER RTE
5 CPR RÉ Rte

LES
CU
"
"E

RP RT PEUR ELERE
RS OT DER ",68707,RTE,,ORG,68710,"
5 CPR RÉ Rte

LES
CU
md as
3%"
"RT PEUR ELERE
RS OT DER RTE
5 ",68713,CPR RÉ,,MISC,68719," Rte

LES
CU
md as
3%

nr

LE "
" Rte

LES
CU
md as
3%

nr

LE ",68749,VOLEUR,,LOC,68755," |. 29
— ont donné, dis-je, qu"
"point de parole
plus haute. — ",68937,Riche !,,MISC,68944, ne méprise pas ton corps ; ca
"ain sans mépriser ton

corps. ",69198,Pauvre !,,MISC,69206, ne méprise pas ton corps ; ca
al sans mépriser ton corps. — ,69490,Ca,,LOC,69492,", voyez-vous,
c’est une base. "
 l’individualisme n’est pas à ,69608,Îa,,LOC,69610,"
mode... Parbleu ! Comment vou"
u n’était pas écrasé comme il ,69696,Pest,,LOC,69700,", si les droits
n'étaient pas "
"moment qu'il est
obligatoire, ",70213,Obligatoire !,,MISC,70226, tout l’est à présent : instru
" mépriser son corps ; —
de la ",70579,sanie,,MISC,70584, infecte qu’on vous infuse dan
"ire de vous, autant

92°

30 ",70858,LL LE,,ORG,70863," VOLEUR

que possible, une des"
"rtain qu'il ne
donnera pas de ",71186,crocs-en-jambe,,LOC,71200," à ceux qui marche-

ront avec"
"un mauvais tour

de la part d’",71288,Issacar,,MISC,71295, ; je ne redoute pas qu’il veu
"es trous en lui, commeon dit. ",71578,Apte,,PER,71582," à formu-
ler exactement une i"
meilleure chance de succès qu’,71840,Issacar,,MISC,71847," ait dans son jeu.
Ses aptitud"
 font défaillir sa volonté au ,72186,mo-,,ORG,72189,"
ment critique, le condamneron"
"ace, symbolisent les excès de ",72511,la Propriété,,MISC,72523,", dévoratrice
d'elle-même, dit"
" dévoratrice
d'elle-même, dit ",72554,Proudhon,,PER,72562,"; mais les cheveux ne
désirent"
"ents s’y oppose. Les yeux,

. ",72868,EE,,MISC,72870,"

taf"":

""a à VE

cts

LE VOL"
"Les yeux,

. EE

taf"":

""a à ",72885,VE,,ORG,72887,"

cts

LE VOLEUR 31

légèremen"
"cts

LE VOLEUR 31

légèrement ",72919,bigles,,LOC,72925,", proclament des sentiments ég"
 oreilles... Mais descendons. ,73167,Issacar,,MISC,73174,"
boîte un peu ; chez lui, pour"
"ment, je crois que l'appui qu'",73319,Isaccar,,ORG,73326,"
obtiendra de moi aura plutôt "
" de mes camarades de collège, ",74301,"Edouard
Montareuil",,PER,74319,", que ma cousine Charlotte va "
nan-gnan — un fils à maman. — ,74453,Ça,,MISC,74455,"

. me fait quelque chose, on "
"ose, on dirait, de savoir que ",74507,Char-,,MISC,74512,"

""2

lotte va se marier avec "
"ous un balcon. J'y ai

32, | ",74935,LE VOLEUR,,PER,74944,"

reçu de l’eau, quand il avai"
endre mes comptes de tutelle. ,75462,Sois,,LOC,75466," exact.

Diable ! Il paraît qu"
"non un ré-
glement dérisoire. ",75655,Ça,,MISC,75657, doit être ça. C’est moi qui d
"une sou-
mission absolue à la ",76198,Loi,,MISC,76201," écrite, Ses dominantes :
l’Or"
"sion absolue à la Loi écrite, ",76210,"Ses dominantes :
l’Orgueil et la Luxure",,MISC,76249,", dont la somme, toujours, est"
"ont la somme, toujours, est

_",76282,JAvarice,,MISC,76290,". A force d'énergie, il arrive"
"t un implacable ; son ironie

",76870,"Try 4

ee",,MISC,76879," ce a ART

ee

Ti €

meme a me"
" ; son ironie

Try 4

ee ce a ",76885,"ART

ee

Ti",,MISC,76896," €

meme a mes met 1 GEI,
TOIT"
"T

ee

Ti €

meme a mes met 1 ",76917,GEI,,ORG,76920,",
TOITS RTS ECM EEE mi TEE

 
"
"t 1 GEI,
TOITS RTS ECM EEE mi ",76943,TEE,,MISC,76946,"

 

rat
PAR ee PT

KT

LE VO"
"S RTS ECM EEE mi TEE

 

rat
",76956,PAR ee,,ORG,76962," PT

KT

LE VOLEUR | 33.

n’es"
"CM EEE mi TEE

 

rat
PAR ee ",76963,PT,,ORG,76965,"

KT

LE VOLEUR | 33.

n’est p"
"t coquette, exigeante, dépen-
",80450,sière,,PER,80455, ; fort jolie surtout. Mon onc
"nation, il ne pourra jamais l’",81068,"as-

Res on

mers

CR meer",,MISC,81094," en anne SE CP SENTE
he am nu "
"as-

Res on

mers

CR meer en ",81098,anne SE,,LOC,81105," CP SENTE
he am nu tt : .

ge "
"E
he am nu tt : .

ge ne

= — ",81143,"mme mms

ln",,PER,81155,", ,

a? *
Æ

Lu:

ae eg
FRE Eh"
"ne

= — mme mms

ln, ,

a? *
",81165,"Æ

Lu:

ae eg",,LOC,81178,"
FRE Eh

PP RE

2m ND + .
WPEN"
",

a? *
Æ

Lu:

ae eg
FRE Eh

",81187,PP RE,,MISC,81192,"

2m ND + .
WPENE TETE
' Fe ;
"
"
Lu:

ae eg
FRE Eh

PP RE

2m ",81197,ND,,LOC,81199," + .
WPENE TETE
' Fe ;

IN an
"
"e eg
FRE Eh

PP RE

2m ND + .
",81204,WPENE TETE,,ORG,81214,"
' Fe ;

IN an

4 ar. ei
BEF g"
"PP RE

2m ND + .
WPENE TETE
' ",81217,Fe,,LOC,81219," ;

IN an

4 ar. ei
BEF ge

LE"
" TETE
' Fe ;

IN an

4 ar. ei
",81239,"BEF ge

LE VOLEUR",,LOC,81256," 35

souvir : que le moment n'"
"rgent, considéré comme unique ",81831,Providence,,LOC,81841,",
entre les mains d’une petite"
us mathématiquement par cette ,82045,Provi-,,LOC,82051,"
dence tangible; par le fait, "
près les toiles d’araignée du ,83077,Code,,MISC,83081,",
mais renversera d’un seul co"
"il constatera da-

36 | . LE ",83304,VOLEUR,,MISC,83310," |

vantage son impuissance à "
rons solitaires et tristes du ,83897,Moyen-Age,,LOC,83906,". Combien
yeut-il, derrière la"
"vait se chanter la
chanson de ",84405,l’Epée !,,MISC,84413, Quelle cohue d’oppresseurs et
"ils ne
purent être empereurs, ",84518,Charles-Quints,,PER,84532," avortés- en
Gilles de Rais.… "
"s, Charles-Quints avortés- en
",84545,Gilles de Rais,,PER,84559,".… . |

Se voir réduit à spécu"
"vortés- en
Gilles de Rais.… . ",84564,"|

Se voir",,MISC,84574, réduit à spéculer d’une façon
"ol nouveau des Etats-Unis.

— ",85030,Âh! ces,,MISC,85037," Américains, dit:mon oncle ave"
"au des Etats-Unis.

— Âh! ces ",85038,Américains,,LOC,85048,", dit:mon oncle avec colère,
q"
quelles leçons ils donnent au ,85107,Vieux Monde!,,LOC,85119,"

Et il explique le système si"
"si humani-
taire, dit-il, des ",85191,Crésus,,MISC,85197," d'Outre-mer. Ce système,
même"
"nge d'économie et de libéra-

",85328,"SC AA ER A A AE ET A NT A D

 

er
Lou dur EVE",,MISC,85375,"
sd ot SET are
SMART Le,

DT e"
" A NT A D

 

er
Lou dur EVE
",85376,sd ot SET,,MISC,85385," are
SMART Le,

DT ee ue

as
a"
"
er
Lou dur EVE
sd ot SET are
",85390,SMART,,ORG,85395," Le,

DT ee ue

as
ae eg ÉTAT "
" EVE
sd ot SET are
SMART Le,

",85401,DT,,ORG,85403," ee ue

as
ae eg ÉTAT Le

PÉRL"
"SMART Le,

DT ee ue

as
ae eg ",85420,ÉTAT,,LOC,85424," Le

PÉRLE peu,

Panne YA AE i"
"
PÉRLE peu,

Panne YA AE ie
D ",85458,TUE ae LP,,MISC,85467,"
mono is

LE VOLEUR 37

lité q"
",

Panne YA AE ie
D TUE ae LP
",85468,"mono is

LE VOLEUR",,MISC,85486," 37

lité qui doit porter inté"
faire le bien que d’étayer la ,85861,Société,,ORG,85868," actuelle et que

c'est faire "
al que de la miner sourdement ,85932,"C'est

un philanthrope cynique",,MISC,85962,". Il prête aux gens afin d’en
"
"ui; et lorsqu'il a dit

_ à l'",86163,abbé Lamargelle,,PER,86178," qui, depuis quelque temps déj"
"l ne
faut pas plaisanter avec ",86558,M. Urbain Randal,,PER,86574,".

Mais ça, c’est une règle qu"
"e
chose que des plaisanteries ",86712,À mon oncle,,MISC,86723,", tout à

l'heure.

Car je sui"
"des chiffres. Papiers blancs, ",87946,"pa-
piers bleus",,PER,87961,", brochés de ficelle rouge, co"
"e — vous aboutissez à ça |

— ",88149,Nous disons,,MISC,88160,", net, huit cent mille francs."
" net, huit cent mille francs. ",88191,Main-,,MISC,88196,"
tenant, passons à ma gestion."
" en moins et, en raison
de la ",88338,noiïrceur,,LOC,88347, croissante des horizons polit
"ue les choses tournent mal ?

",89119,Attendre,,MISC,89127,", attendre des hausses improba"
"t jamais, espérer contre tout ",89223,"es-
poir",,PER,89231,", avec cette ténacité particul"
" prudence toujours né-

 

 

",89558,RTE TE,,ORG,89564," TT

 

+ .
msn + ou

M. eus
"
"ce toujours né-

 

 

RTE TE ",89565,TT,,ORG,89567,"

 

+ .
msn + ou

M. eus

SA"
"TT

 

+ .
msn + ou

M. eus

",89595,SA ET TR ET EE aa,,ORG,89612,": 7 u Fe
SÉRR FR EMTEC AT e ee"
" u Fe
SÉRR FR EMTEC AT e ee
“ ",89645,H Mérner,,PER,89653," . . 7 M 7 TR TT TA)

PACA FE
"
" EMTEC AT e ee
“ H Mérner . . ",89658,7 M 7 TR TT TA,,MISC,89672,")

PACA FE

PAT E

=
* Ft +17
"
"R TT TA)

PACA FE

PAT E

=
* ",89695,Ft +17,,PER,89701,"
DE ARR
At Sie

yat Vas rer er"
" FE

PAT E

=
* Ft +17
DE ARR
",89709,At Sie,,MISC,89715,"

yat Vas rer er
rt

=

LE VOL"
"Sie

yat Vas rer er
rt

=

LE ",89742,VOLEUR,,LOC,89748," : 39

cessaire, et lancer à n"
"
qui coule, avec ses phrases! ",90459,Oh!,,MISC,90462," je voudrais qu'il
eût fini — "
" à la
gorge et lui crier : &« ",90609,Menteur!,,MISC,90617," Voleur ! » ‘C’est au-
jourd'h"
ge et lui crier : &« Menteur! ,90618,Voleur !,,MISC,90626," » ‘C’est au-
jourd'hui, ce jo"
" main-
tenant, si Je veux...

",90719,Eh !,,MISC,90723," bien, je ne veux pas!

— À qu"
"eux pas!

— À quoi penses-tu, ",90767,Georges,,MISC,90774," ?. crie mon oncle
d’une voix "
"oins signe que tu m’entends.

",90874,Etil,,LOC,90878, continue à décrire les opérat
" opérations dans les-
quelles ",90931,ila,,MISC,90934," engagé ma fortune, à en expli"
"our
moi que ce désastre de la ",91575,Banque Européenne,,ORG,91592,"... Jai
pensé que lorsque tu a"
x-tu? Un contrat est toujours ,92649,léonin,,LOC,92655,";
l'homme n’a pas de prescienc"
valeurs ne sont pas cotées en ,93189,Bourse,,LOC,93195,",
ni même en Banque. Lorsque j"
" cotées en Bourse,
ni même en ",93208,Banque,,ORG,93214,. Lorsque je m'en suis rendu a
"ègle-
ment que je te propose. ",93531,oo,,MISC,93533,"

 

£
h
f,
re
ÿ
F
Ë
F°
Ë
E
j
"
"e propose. oo

 

£
h
f,
re
ÿ
",93550,F,,LOC,93551,"
Ë
F°
Ë
E
j
$
Ë

Nes BR UE qu"
" 

£
h
f,
re
ÿ
F
Ë
F°
Ë
E
j
$
",93565,"Ë

",,MISC,93569,"Nes BR UE ques =
eX Bon me RUE"
"
Ë
E
j
$
Ë

Nes BR UE ques =
",93586,eX Bon me RUE gite,,MISC,93604,", 34

Le

Er

LE VOLEUR 41

Il"
"=
eX Bon me RUE gite, 34

Le

",93614,"Er

LE",,LOC,93620," VOLEUR 41

Il s'est levé pour"
"n me RUE gite, 34

Le

Er

LE ",93621,VOLEUR,,LOC,93627," 41

Il s'est levé pour lancer"
"is il me saisit la main. |

— ",94275,Attends! Rappelle,,MISC,94292,"-toi qu’en acceptant aujour-
d"
"es
paraissent à première vue. ",95587,Montesquieu,,PER,95598," a écrit l'Esprit
des Lois ; i"
re vue. Montesquieu a écrit l',95609,"Esprit
des Lois",,ORG,95624," ; il est inutile, n’est-ce pa"
ui ménage bien des alinéas... ,95760,Ah!,,MISC,95763," à propos d’eritrai-
nements, "
" escient. Rappelle-toi
que le ",95947,Petit Poucet,,LOC,95959, a retrouvé son chemin tant qu
"vil et très puissant seigneur
",96296,Prudhomme de Carabas,,PER,96316,". |

— Viendras-tu ce soir che"
 Viendras-tu ce soir chez les ,96352,Montareuil,,LOC,96362,"? me
demande mon oncle.

— Non"
"rois pas. _

— Tu le devrais; ",96431,M,,PER,96432,""" Montareuil est charmante
pou"
"s pas. _

— Tu le devrais; M"" ",96434,Montareuil,,LOC,96444," est charmante
pour toi et Edo"
"uil est charmante
pour toi et ",96471,Edouard,,PER,96478, est enchanté de te voir ; il 
"e absolument. Mais je pense à
",96641,Marguerite,,PER,96651,", la femme de chambre de M""° M"
"erite, la femme de chambre de ",96676,"M""° Montareuil",,LOC,96690,",
une jolie fille pas trop far"
"farouche dont j'ai déjà pincé
",96747,Ja,,MISC,96749," taille, dans les coins.

— So"
"; mais pas avant dix heures.

",96828,Mr Montareuil,,PER,96841," est une personne grave, avec "
sérieux. Qu’en dire de plus ? ,97081,Trans-,,PER,97087,"
crire sa conversation avec Ch"
"ps nous avons eu aujourd’hui,
",97201,"Mademoiselle !

—",,MISC,97218," Oh! oui, Monsieur.

 

most
"
"ujourd’hui,
Mademoiselle !

— ",97219,Oh!,,MISC,97222," oui, Monsieur.

 

most

A T"
"! oui, Monsieur.

 

most

A ",97251,TE,,LOC,97253,"
ris""

\

LE VOLEUR | 43

_

—"
"nez pas les grandes chaleurs, ",97390,"Ma-
demoiselle",,PER,97404," ?
— Non, Monsieur. | |
— Beau"
"ncommodés.
— Oui, Monsieur. |
",97492,Mon oncle,,MISC,97501, parle de l'intention qu'il a 
"e chose incompréhensible, dit ",97653,"M""° Mon-
tareuil",,MISC,97669,", que ces perpétuels changemen"
"écouvre à chaque instant
dans ",98186,Edouard,,PER,98193," de nouvelles qualités, Mr° Mo"
"douard de nouvelles qualités, ",98217,Mr° Montareuil,,PER,98231,"
rentre dans le salon.

— J'ai"
"leurs
que j'ai retirées de la ",98440,Banque,,ORG,98446," afin de faire opérer les
tran"
"ourses. Vous viendrez
aussi à ",98810,Maisons-Lafitte,,LOC,98825,", j'espère, monsieur Georges ?"
", monsieur Georges ?
_ — Non, ",98865,Madame,,PER,98871,; je le regrette; mais j'ai dé
invitation. Je dois partir en ,99007,Bel-,,MISC,99011,"
gique demain soir. |

*

44 "
"effet, j'ai reçu une lettre d’",99087,Issacar,,MISC,99094," qui m'appelle
à Bruxelles. Ma"
"tre d’Issacar qui m'appelle
à ",99111,Bruxelles,,LOC,99120,". Mais, surtout je ne tiens pa"
"es églises en construction au
",100082,Jhibet,,PER,100088, ne me disent rien de bon; et 
"t-elle dans l’antichambre.

— ",100306,Maisvousécoutezdoncaux,,LOC,100328," portes, petitesoubrette?

— C"
"ond-elleen baissant les yeux.
",100405,Eh !,,MISC,100409,"'bien, non, jen’y vais pas ; e"
"ant les yeux.
Eh !'bien, non, ",100421,jen’,,PER,100425,y vais pas ; et je ne suis pas
"ede la maison.

— Hélas ! dit ",100535,Marguerite,,PER,100545," avec un soupir. J'aurai le
te"
"ersuader. Je ne partirai pour
",100819,Bruxelles,,LOC,100828," qu’après-demain matin, et la "
"er re,

lu *

tt.

eg em
#

n ",100950,EN D qe C TT,,MISC,100962,"
rire ISERE RSS GRR ER RER EE
"
"
eg em
#

n EN D qe C TT
rire ",100968,ISERE,,MISC,100973," RSS GRR ER RER EE

7%

nee V"
"ISERE RSS GRR ER RER EE

7%

",100998,nee Ve,,PER,101004,""" .
À Y a « mt
nette tie 2

E."
"R ER RER EE

7%

nee Ve"" .
À ",101010,Y,,PER,101011," a « mt
nette tie 2

E. Pa Nr "
"2

E. Pa Nr Me, these AÉS ce

",101059,LRURS 2,,MISC,101066,".

IV

OU L’ON VOIT BIEN QUE T"
"r Me, these AÉS ce

LRURS 2.

",101069,"IV

OU",,MISC,101075, L’ON VOIT BIEN QUE TOUT N’EST
 VOIT BIEN QUE TOUT N’EST PAS ,101110,GAI,,MISC,101113,"
DANS L’EXISTENCE

Quand je su"
"QUE TOUT N’EST PAS GAI
DANS L’",101121,"EXISTENCE

",,MISC,101132,Quand je suis revenu de Belgiq
"
oncle dans une colère bleue. ",101254,Mr. Montareuil,,PER,101268,", que
j'avais rencontrée au ba"
" son mouchoir sur ses yeux et
",101383,Edouard,,PER,101390,", d’une voix lugubre, m'avait "
"ient l’air fort affligé.

__— ",101516,Mademoiselle Charlotte,,PER,101538," ne se mariera pas, m’a
dit l’"
"riera pas, m’a
dit l’un deux. ",101577,"|

Ah !",,MISC,101584, bah ! Pourquoi ? Qu'est-il do
"t qui a suivi
mon départ pour ",101798,Bruxelles,,LOC,101807,", par le fait — les voleurs
so"
"s voleurs
sont venus chez les ",101855,Montareuil,,LOC,101865," ; ils ont tout enlevé,
tout, "
"urs, bijoux. Le secrétaire de ",101937,"M° Mon-
tareuil",,MISC,101952, a té forcé et mis à sac. C’es
"sac. C’est épouvantable. :

— ",102003,Horrible !,,MISC,102013," dis-je, Et l’on n’a pas arrêt"
"able. :

— Horrible ! dis-je, ",102022,"Et l’on n’a pas arrêté les mal-

3*

46",,MISC,102062," | LE VOLEUR

faiteurs ? On n’"
" et une
casquette noire. |

— ",102434,Et Pon,,MISC,102440, n’a pas retrouvé cet homme br
"personne, cette nuit-là,
chez ",102571,Me Montareuil,,PER,102584," ?

— Si; Marguerite, la femme"
",
chez Me Montareuil ?

— Si; ",102594,Marguerite,,PER,102604,", la femme de chambre. Mais el"
"ent mille francs, à en croire ",102908,"Mr Mon-
tareuil",,MISC,102923," ; mettons-en, si tu veux, tro"
"dait, à mon avis. Si le vieux
",103026,Montareuil,,LOC,103036," avait encore été de ce monde,"
" monde, ce coup
l’aurait tué, ",103089,jen,,MISC,103092, suis sûr. Il tenait tant à so
"de
la Digestion. Economique ; ",103448,M°,,LOC,103450," Montareuil aussi a
_ toujours"
"du baume dans le cœur.

 

rù
",103883,"Lo
Q",,PER,103887,"
it
sx
17
M2
Le
È
55
ya
te
{

"
"le cœur.

 

rù
Lo
Q
it
sx
17
",103897,M2,,MISC,103899,"
Le
È
55
ya
te
{

 

HAT

FERR"
"cœur.

 

rù
Lo
Q
it
sx
17
M2
",103900,"Le
È
55
ya
te
{

 

",,MISC,103920,"HAT

FERRIERE SE AE

ET

 

L"
"
sx
17
M2
Le
È
55
ya
te
{

 

",103920,"HAT

FERRIERE SE AE

ET

 

LE VOLEUR",,LOC,103958," 47

Que veux-tu ? J'ai bien é"
"ntre la fortune que possédait
",104125,Edouard,,PER,104132, il y a huit jours et celle qu
"ection pour Edouard.

— Elle! ",104366,Charlotte,,PER,104375," ! Elle n'aime personne. Une
i"
"t me.
frappe sur l'épaule.

— ",104952,Écoute,,MISC,104958,", je ne veux pas ruser avec to"
"i, ni faire
des cachotteries. ",105018,Garde,,LOC,105023," seulement pour toi ce que tu
"
as agi aussi brusquement avec ,105204,"M""° Mon-
tareuil",,MISC,105220,. J’ai pris des renseignements
renseignements. J'ai été à la ,105266,Pré-,,LOC,105270,"
fecture, où je connais quelqu"
"idus qu’on prétend avoir vus.
",105689,Fausse piste,,MISC,105701, ; renseignement mauvais dont 
"dupe, ni d’autres, ni moi.

— ",105781,Âlors,,LOC,105786,", dis-je, ému malgré moi, car "
"lle — j'ai
vu son portrait. — ",106101,Ïl,,PER,106103," était l’amant de Me Mon-
tare"
rtrait. — Ïl était l’amant de ,106121,"Me Mon-
tareuil",,MISC,106136,". |

— Me Montareuil ! Un aman"
"mant de Me Mon-
tareuil. |

— ",106143,Me Montareuil,,PER,106156," ! Un amant!

— Pourquoi pas ?"
le en haussant les épaules... ,106263,Ca,,LOC,106265," durait
depuis deux ans. C’est"
"e. Un de ces faux artistes de
",106839,Montmartre,,LOC,106849, dont le ciseau de sculpteur s
"re-
trouvé — avant-hier, dans ",107219,la Seine,,LOC,107227,". — Crime ou sui-
cide ? Crime"
i ont révélé son intimitéavec ,107442,"Me Mon-
tareuil",,MISC,107457,". | | | _.

— Ce n’est donc pa"
"intimitéavec Me Mon-
tareuil. ",107459,| | | _,,LOC,107466,".

— Ce n’est donc pas elle qu"
"arce que, depuis

+

FRERE TE ",107711,"MRETIREATRR

RC D",,MISC,107728," STRESS mr
RIRE RER RTE Tr

 "
"E TE MRETIREATRR

RC D STRESS ",107736,"mr
RIRE RER",,PER,107747," RTE Tr

 

dc
FX
ë
ER
Fr

 
"
"SS mr
RIRE RER RTE Tr

 

dc
",107763,FX,,ORG,107765,"
ë
ER
Fr

 

LE VOLEUR _ 49

l"
"
RIRE RER RTE Tr

 

dc
FX
ë
",107768,"ER
",,ORG,107771,"Fr

 

LE VOLEUR _ 49

laffair"
onnant là une grande preuve d’,107951,ha-,,PER,107954,"

bileté ; je regrette même, p"
"esse.

J'éclate de rire. |

— ",108127,Oh!,,MISC,108130," oui, c’est regrettable ! Les "
"é pure. La vérité, je te dis! ",108441,Me,,PER,108443,"
prends-tu pour un enfant ? Es"
"itude
d'inventer des contes ? ",108522,Tu ris!..,,MISC,108531,", Mais c'est affreux,
c’est à "
"enter des contes ? Tu ris!.., ",108533,Mais c'est affreux,,MISC,108551,",
c’est à faire trembler, ces "
s déréglés — et livrent leurs ,108917,"mu-
nitions",,PER,108928,", en bloc, à l'ennemi! — Où so"
"ole d'honneur, j'avais envie. ",109851,"Ah!
bon Dieu!",,MISC,109864, se souvenir qu’on a un sexe e
"ndre ré-
volutionnaire ! |

— ",109977,Calmez,,PER,109983,"-vous, mon oncle. D'abord, ces"
"occupe, dans les ambassades ?
",110287,Figaro,,ORG,110293, prétendait qu’on s’y enfermai
"
eux-mêmes... |

— Est-ce que ",110474,"M""° Montareuil",,LOC,110488," est au courant des
choses ?

"
"e qui la mandait, seule, à la
",110651,Sûreté,,ORG,110657," ; elle est, depuis une demi-h"
"t les bons bourgeois. |

— Et ",111269,Charlotte,,PER,111278,"? | |

— Je ne crois pas que j"
"t’apprendre.

— Mais que pense",111383,-t-ellé,,PER,111390," ?

Mon oncle me regarde avec "
"ien à penser. Je

2 een dre
"" ",111497,Han,,MISC,111500," :

ann ce = + cp ri :
_ COTE "
" Tes CET
PÉNAENET ANT i : 6%: ",111569,LU Ar,,LOC,111574," PCR TE , ,

PATES

:
Æ ou
ra"
": LU Ar PCR TE , ,

PATES

:
",111597,Æ,,LOC,111598," ou
ra FANET €

Le ‘ .
LÉ R HN"
"ES

:
Æ ou
ra FANET €

Le ‘ .
",111621,"LÉ R HN
FRE",,MISC,111632," à

: TR
2, a

Re
<

GTA ue LE"
"ET €

Le ‘ .
LÉ R HN
FRE à

: ",111638,TR,,ORG,111640,"
2, a

Re
<

GTA ue LE An et n"
" R HN
FRE à

: TR
2, a

Re
<

",111653,GTA ue LE An,,MISC,111665," et ne A ee TT
ce RS RRER ASNE"
", a

Re
<

GTA ue LE An et ne ",111672,A ee TT,,MISC,111679,"
ce RS RRER ASNE pE PETER FR e"
"GTA ue LE An et ne A ee TT
ce ",111683,RS RRER,,ORG,111690," ASNE pE PETER FR en

À.""

 

"
"E An et ne A ee TT
ce RS RRER ",111691,ASNE,,MISC,111695," pE PETER FR en

À.""

 

 

LE"
"ne A ee TT
ce RS RRER ASNE pE ",111699,PETER,,ORG,111704," FR en

À.""

 

 

LE VOLEUR |"
"te. Si tu veux savoir
à quoi, ",111856,vale,,PER,111860," lui demander. |

Fout de suit"
"ir
à quoi, vale lui demander. ",111875,"|

Fout",,PER,111882," de suite.

Charlotte ne m'a p"
"rs livres,

que le spectre de ",112917,la Vie,,MISC,112923,", qui les emplit de terreur, e"
"ien ne trouve d’écho, perd sa
",113594,Spontanéité ;,,MISC,113607, le cœur sait rester muet et n
"t rester muet et ne veut plus
",113649,Partager ses peines,,MISC,113668, ; l'enthousiasme et la confia
" face du monde et à le juger, ",114595,"Et le ju-
gement",,MISC,114611," qu’elle a porté, nerveux et p"
 qu’on obligeait à entendre ? ,115278,Flle,,PER,115282," a souffert au-
tant que moi; "
"e son père; je le crois,

PRE ",115751,"Re Li

rue D PNTETT A0",,PER,115773,"
TR EEE Te Li

. rt sr
Re PT N"
",

PRE Re Li

rue D PNTETT A0
",115774,TR EEE,,ORG,115780," Te Li

. rt sr
Re PT NT ASTRA"
"Re Li

rue D PNTETT A0
TR EEE ",115781,Te Li,,PER,115786,"

. rt sr
Re PT NT ASTRA AO,
"
"e D PNTETT A0
TR EEE Te Li

. ",115790,"rt sr
",,PER,115796,"Re PT NT ASTRA AO,

LE VOLEUR"
"rt sr
Re PT NT ASTRA AO,

LE ",115820,VOLEUR,,LOC,115826," . 53

bien que je ne l’aie po"
"on, parfois, produit aussi la
",117053,ferté taciturne,,PER,117068,", la compréhension large et mu"
omme le feu sous la neige des ,117313,"volcans po-
laires",,LOC,117331," ; et, de la compression de se"
"ession de ses élans, les âmes
",117379,Tortes,,LOC,117385, peuvent faire jaillir des idé
"rer dans Charlotte; je la lis
",117711,Sur Son visage,,MISC,117725,", son beau visage d’un ovale p"
" comme

a x # 522 5 . u 2e
Te ",117787,REV,,MISC,117790," gars CASE A T2 Fe
LEUR RUE PA"
" x # 522 5 . u 2e
Te REV gars ",117796,CASE A T2,,MISC,117805," Fe
LEUR RUE PAGES

 

ceux qu"
"x noirs qui ne parlent pas ;

",118000,"Yi

eee

  
 

",,PER,118016,"—_.

SA LE VOLEUR

dans sa voi"
"t pas ;

Yi

eee

  
 

—_.

",118021,SA LE VOLEUR,,MISC,118033,"

dans sa voix, d'un timbre au"
" mois que nous nous
aimons... ",118349,Ah !,,MISC,118353," je ne Le sais pas, si nous no"
"sur son cœur en me disant :
« ",119080,Tais-toi,,MISC,119088,", tais-toi! » Oh! cela qui fut"
"ant :
« Tais-toi, tais-toi! » ",119102,Oh!,,MISC,119105," cela qui fut si doux —
cette "
"i, je ne peux
pas l'aimer ? — ",119434,Oh!,,MISC,119437," c’est torturant, et je ne pui"
ours un fantôme entre nous... ,119603,Ah!,,MISC,119606," les mystérieuses
et confuses "
"aye quand la chair lance son

",120003,TNVauu,,MISC,120009,",

Ne REP TE

ae A raie.

PR T"
" chair lance son

TNVauu,

Ne ",120015,"REP TE

ae A raie",,LOC,120032,".

PR TS

""= _ z = on pe
ce. T"
"Vauu,

Ne REP TE

ae A raie.

",120035,PR TS,,MISC,120040,"

""= _ z = on pe
ce. TRE TPS, "
"e.

PR TS

""= _ z = on pe
ce. ",120061,TRE TPS,,ORG,120068,", TRE UN PERTE RE gi

 

ATH
"
"

""= _ z = on pe
ce. TRE TPS, ",120070,TRE,,ORG,120073," UN PERTE RE gi

 

ATH

 

 "
"TE RE gi

 

ATH

 

   

F

",120110,OAI MAT,,MISC,120117," RES dt
DRE REC SE

L'Ér
4 se "
" 

   

F

OAI MAT RES dt
DRE ",120129,"REC SE

",,MISC,120137,"L'Ér
4 se a
ORLY

nt,

LE VOLE"
"ES dt
DRE REC SE

L'Ér
4 se a
",120149,ORLY,,LOC,120153,"

nt,

LE VOLEUR SS.

cri; la "
"r
4 se a
ORLY

nt,

LE VOLEUR ",120170,SS,,ORG,120172,".

cri; la défiance et la révo"
ne l’aime pas ; et il y a des ,120606,mo-,,ORG,120609,"
ments où je l'adore, des mome"
"visible
qu'elle a deviné dans ",122898,lPombre,,MISC,122905,", sans doute, et que je
ne veu"
"ssé pour lutter avec son fan-
",122982,tôme,,LOC,122986,". Qu'elle parle, si elle a que"
", car Charlotte est enceinte. ",123369,Avant-,,ORG,123375,"
hier, elle m'a décidé à aller"
"uer ; je dois lui faire part, ",123483,au-,,LOC,123486," :

jourd'hui, du résultat de "
"on. Il est convenu

 

 

LE ",124134,VOLEUR,,MISC,124140," | $7
u’un père de famille doi"
"s matrimoniales à son égard.

",124573,Edouard,,PER,124580, est censé avoir le cœur brisé
"pposée
reeretter profondément ",124708,Edouard,,PER,124715,"; et on m'imagine
généralement"
binet. C’est une situation. — ,124836,Si-,,MISC,124839,"
tuation conciliable avec vos "
"ncle s’est mis à ri-
caner. « ",125294,Oh!,,MISC,125297, qu’elle le veuille ou non!...
"s premiers cheveux blancs, en ",125519,France,,LOC,125525,", avant d’avoir

üne volonté. "
" d'elle-même, en

tous cas. — ",125605,Illégalement,,MISC,125617,". — Soit. C'est ce qu'a fait
C"
neure. La loi m'autorise... —:,126273,Ouil,,PER,126277," À tout ! A voler
: la dot de "
engeance ? Ou un chantage ? — ,126495,Nil',,PER,126499,"an
ni l’autre! Quelque chose q"
"en-
ceinte et qu'il nous faut ",126685,votré,,PER,126690," consentement à notre
mariage "
"ndez-vous, que j'en ai envie? ",127238,Hein,,PER,127242," ? (et
je sentais ses os, que "
"rasée contre
vos tables de la ",127584,Loi !,,MISC,127589," Je peux vous la faire, à prés"
"ulé comme une
ordure molle. « ",127799,Ecoutez,,MISC,127806,", ai-je repris, près de la por"
"sa cravate. Ecoutez-moi
bien. ",127957,Accordez-moi la main,,MISC,127977," de Charlotte; je ne vous
dema"
"je ne vous en ai point deman-
",128054,dée,,MISC,128057,. Je ne veux pas que vous me d
"lez-vous ?

DRAP SL EPS des à ",128332,"RE

LA",,MISC,128339," .
PAM as me

Er
hi
T4
Ÿ.
de
4"
"

DRAP SL EPS des à RE

LA .
",128342,PAM,,ORG,128345," as me

Er
hi
T4
Ÿ.
de
4%
EL
+"
" à RE

LA .
PAM as me

Er
hi
",128359,T4,,LOC,128361,"
Ÿ.
de
4%
EL
+,
;
>

7

 

LE "
"
EL
+,
;
>

7

 

LE VOLEUR | ",128400,"S9

",,MISC,128404,"Si vous ne voulez pas, je ne s"
"arrêté, la voix coupée par la ",128604,co-,,ORG,128607,"
lère. « Je n’ai qu’un mot à t"
"
dant une fortune en rapport. ",129099,T'el,,MISC,129103," n’est point ton cas,
malheure"
"ser ;
elles sont la base de l'",129258,Ordre universel,,ORG,129273,", quoi que tu en
puisses dire."
"sque Charlotte est entrée.

— ",129989,Eh!,,MISC,129992," bien, que t’a dit mon père ? "
"demanda-
t-elle, anxieuse.

— ",130055,Îla,,LOC,130058," dû te l’apprendre lui-même, j"
"e lui-même, je pense.

— Non, ",130105,Voilà trois jours que je ne l'ai,,MISC,130137," vu; il sort
de bonne heure et"
"n'est-ce pas ? | |

pr qe me ",130324,"mmrme qe

60 LE VOLEUR",,MISC,130346,"

‘Cliarlotte secoue la tête t"
"e me mmrme qe

60 LE VOLEUR

‘",130349,Cliarlotte,,LOC,130359, secoue la tête tristement. El
"

— Dis-moi ce que tu penses, ",130774,Georges !,,MISC,130783," Je t'en
prie, dis-le moi, si "
", toi? Je ne
l’ai jamais su ! ",130940,Dis-le moi,,MISC,130950,", si tu veux que je te ré-
ond"
"rlotte,

_— Je t'aime, oui... ",131085,Oh!,,MISC,131088," Je ne sais pas. Je ne
peux pa"
". Tu sais, le
vol commis chez ",131695,Me Montareuil,,PER,131708,", ces quatre cent mille
francs"
t de valeurs enlevés la nuit. ,131780,"Eh!
bien",,MISC,131788,".

Charlotte s’élance vers moi"
" parle
pas; je ne veux pas... ",131926,Viens,,MISC,131931,".

Elle m’entraîne, me fait as"
"avais ? que j'avais

EH UE PE ",132080,PE M ET ET ER DL A EE,,MISC,132101," ET TR PT PP POP Pr mm

LE VO"
E PE PE M ET ET ER DL A EE ET ,132105,TR PT PP POP,,ORG,132117," Pr mm

LE VOLEUR oo 6I

comp"
ET ER DL A EE ET TR PT PP POP ,132118,"Pr mm

LE VOLEUR",,MISC,132135," oo 6I

compris toute ta haine"
 rappelles-tu? en revenant de ,132335,Bruxelles,,LOC,132344,"... Non,
. non,ne t'en va pas."
"thie que je te demandais !

— ",132882,Enfant!,,MISC,132889, dit-elle en me reprenant dans
" osé... J’avais peur. |
. . — ",133655,Tuavais,,LOC,133662, peur! dis-je en me levant et 
"it bien inutile, va, tes airs
",133913,Mystérieux et tes facons d'enterrement,,MISC,133951,".… Tu m'as
demandé ce que je v"
"s

42

1

27
En
s .

…
“+

<

",134172,F,,LOC,134173,"
Lite
SE
#4,
af

. +
Re
De
À
B"
"
42

1

27
En
s .

…
“+

<

F
",134174,Lite,,MISC,134178,"
SE
#4,
af

. +
Re
De
À
BE +
S"
"

<

F
Lite
SE
#4,
af

. +
Re
",134197,"De
À
BE +
SE
ie",,PER,134212,"
NEACH
EX

ÿ
FES

   

SE

RTE"
"4,
af

. +
Re
De
À
BE +
SE
ie
",134213,NEACH,,MISC,134218,"
EX

ÿ
FES

   

SE

RTE
FAR?
"
"
. +
Re
De
À
BE +
SE
ie
NEACH
",134219,EX,,MISC,134221,"

ÿ
FES

   

SE

RTE
FAR?
LEE"
"e
De
À
BE +
SE
ie
NEACH
EX

ÿ
",134225,"FES

   

SE",,LOC,134237,"

RTE
FAR?
LEE
At

Es
HSE
173
"
"
ie
NEACH
EX

ÿ
FES

   

SE

",134239,RTE,,ORG,134242,"
FAR?
LEE
At

Es
HSE
173

Fi

"
"NEACH
EX

ÿ
FES

   

SE

RTE
",134243,FAR,,ORG,134246,"?
LEE
At

Es
HSE
173

Fi

17,
"
"
EX

ÿ
FES

   

SE

RTE
FAR?
",134248,"LEE
",,MISC,134252,"At

Es
HSE
173

Fi

17,
Ca

b
"
"
   

SE

RTE
FAR?
LEE
At

Es
",134259,HSE,,MISC,134262,"
173

Fi

17,
Ca

b

ÿ Lo 5 ro"
"?
LEE
At

Es
HSE
173

Fi

17,
",134276,"Ca

b

ÿ",,LOC,134284," Lo 5 ro, At

£ 2 EE ce ir
ere"
"
Es
HSE
173

Fi

17,
Ca

b

ÿ ",134285,Lo 5 ro,,LOC,134292,", At

£ 2 EE ce ir
ere 202

Fr"
"73

Fi

17,
Ca

b

ÿ Lo 5 ro, ",134294,At,,LOC,134296,"

£ 2 EE ce ir
ere 202

Fr FU "
"17,
Ca

b

ÿ Lo 5 ro, At

£ 2 ",134302,EE,,LOC,134304," ce ir
ere 202

Fr FU RE TETE
"
"Fr FU RE TETE

prive à

 

 

",134350,FN,,ORG,134352," *
ar

| £
CEE

ER
Lo

DAS RAT"
"

prive à

 

 

FN *
ar

| £
",134363,CEE,,ORG,134366,"

ER
Lo

DAS RATE LE PE
ru RER"
"E LE PE
ru RER RÉRRE RES
ï at ",134412,US,,LOC,134414," os Fos

ou mA ps

4

62. LE "
"E
ru RER RÉRRE RES
ï at US os ",134418,Fos,,LOC,134421,"

ou mA ps

4

62. LE VOLEUR
"
"RRE RES
ï at US os Fos

ou mA ",134429,ps,,ORG,134431,"

4

62. LE VOLEUR

moins, et"
" os Fos

ou mA ps

4

62. LE ",134444,VOLEUR,,LOC,134450,"

moins, et le tonnerre de Die"
 et les manieurs de capitaux. ,135575,Com-,,MISC,135579,"

ment ! j'aurai été dévalisé "
"ce ce qu’elle m'a ar-
raché ? ",135757,Comment !,,MISC,135766, toi qui es une femme et qui s
"vingt-et-un ans comme une cri
",135949,minelle,,LOC,135956,", avec l’interdiction, après, "
 pieds toutes les infamies du ,136109,"Code ?

—",,MISC,136118," Non, dit Charlotte, je n’hési"
"à te suivre. Mais... Non,

je ",136224,ten,,MISC,136227," prie, ne fais pas cela. Je t’"
nfant... et surtout pour toi. ,136317,Oh!,,MISC,136320," j'aurais

tant donné pour que"
"est-ce pas, 1u voudras
jen ?

",136450,Pme TT,,MISC,136456,"

PS Te

ue 7

Rens ire à

TIR"
" TT

PS Te

ue 7

Rens ire à

",136483,TIRER,,LOC,136488," en us Je

 

ME
F4

ok

cp I"
"ire à

TIRER en us Je

 

ME
",136506,"F4

ok

cp",,MISC,136516," ITTES u
np in El
re “il .

Ps"
"ITTES u
np in El
re “il .

Ps
",136547,"Tite

Ft",,PER,136555,"
-
+
 .
+
Er.
TT
} °
es
4
‘
Ù
"
"e “il .

Ps
Tite

Ft
-
+
 .
+
",136565,Er,,LOC,136567,".
TT
} °
es
4
‘
Ù
è

Ton
1

 
"
"l .

Ps
Tite

Ft
-
+
 .
+
Er.
",136569,TT,,ORG,136571,"
} °
es
4
‘
Ù
è

Ton
1

 

 

"
"Ft
-
+
 .
+
Er.
TT
} °
es
4
‘
",136583,"Ù
è

",,MISC,136588,"Ton
1

 

 

LE VOLEUR 63

Ell"
"ux qui volent avec un décret,
",137356,Îls,,PER,137359, comprendront que ces deux esp
" ? ce que

Je veux faire !

— ",137691,Oh!,,MISC,137694," c’est affreux, dit Charlotte "
"t je
n'aurais pas la force... ",138028,Oh!,,MISC,138031," si tu savais ce que je
souffr"
"oh! je ne peux pas dire
comme ",138161,Je j'aimerai,,MISC,138173,". oo

Je la prends dans mes br"
"la prends dans mes bras. :

— ",138212,Eh!,,MISC,138215," bien, si tu m’aimes, Charlott"
"oses impossibles. Il faut que
",138306,Jagisse,,MISC,138313," comme je te l’ai dit, je suis"
 et je ne veux pas que toi... ,138715,Oh!,,MISC,138718," mon ami,
mon ami! ne me repou"
"e me repousse pas ainsi. |

— ",138768,Si!,,MISC,138771," dis-je, je te repousserai — e"
"t sur -ses
lèvres blêmes.

_— ",139472,Eh!,,MISC,139475," bien, va-t-en, alors ! crié-j"
" pas comme ça. Il faut
vivre. ",140019,Eh !,,MISC,140023," bien, en avant.

Le lendemain"
"nt.

Le lendemain matin, à la ",140066,gare du Nord,,LOC,140078,", au mo
ment où je vais prendr"
je vais prendre le train pour ,140124,Bruxelles,,LOC,140133,", quel-
qu'un me frappe sur l’"
" Re PET ee Dre

à art
reel, +
",140329,APS,,LOC,140332,",

*3
gt une
acte
mes 5

#.

e"
"e Dre

à art
reel, +
APS,

*3
",140338,gt,,ORG,140340," une
acte
mes 5

#.

enr

RE H"
"mes 5

#.

enr

RE HAXT
+. /

",140380,Dur,,LOC,140383,")

E Lake
Un Et

Pont AE

2 tm"
"
#.

enr

RE HAXT
+. /

Dur)

",140386,E Lake,,LOC,140392,"
Un Et

Pont AE

2 tm re

LE V"
"RE HAXT
+. /

Dur)

E Lake
Un ",140396,"Et

Pont AE",,MISC,140407,"

2 tm re

LE VOLEUR 6$

— Oui"
"oncle est un
homme aimable et ",140566,Mi,,MISC,140568,": Charlotte est absolument
cha"
uelles elle vous a habitué... ,140837,Ah!,,MISC,140840," c’a été bien déplo-
rable, ce"
"ovidence sont insondables.
M. ",141073,Edouard Montareuil,,PER,141091," est bien affecte.

— J'espère"
"
l'autre jour sur la route de ",141297,PInstitut Pasteur,,PER,141314,". La
science est une grande co"
"vous préférez les voyages.

— ",141400,Oh!,,MISC,141403," voyages d’affaires …

._ — Ou"
nt ses regerds dans les yeux. ,141747,"Allons !
je crains de manquer mon train",,MISC,141786,". Au revoir, cher
monsieur. No"
isparaît au coin d’une porte. ,142122,Etait-,,MISC,142128,"
il venu pour prendre un train"
"ourquoi ?

4°

66 LE VOLEUR

",142220,Ah !,,MISC,142224, pas de suppositions ! Ça ne s
"R

Ah ! pas de suppositions ! ",142247,Ça,,MISC,142249," ne sert à rien —sur-
tout qua"
"s plus
mauvais soutiens de la ",142401,Société,,ORG,142408,", bien que la bour-
geoisie dé"
"la Société, bien que la bour-
",142428,geoisie,,LOC,142435," déclare, en clignant de l'œil"
"inquante mille indi-
vidus en ",142938,France,,LOC,142944, et quelques malheureux millio
"ques malheureux millions en
. ",142982,Europe,,LOC,142988, ; on est bien forcé d'admettr
"rime, c’est encore la peur du ",143193,"dia-

ble",,PER,143202,". | | #

‘ # à
Cost éust

À
e"
" encore la peur du dia-

ble. ",143204,"| | #

‘ #",,MISC,143215," à
Cost éust

À
et

Aus

ue de"
"r du dia-

ble. | | #

‘ # à
",143218,Cost éust,,PER,143227,"

À
et

Aus

ue deg et

1.
Mèr"
" | #

‘ # à
Cost éust

À
et

",143235,"Aus

ue deg",,MISC,143246," et

1.
Mère » ur

Pac x

ET T"
"ust

À
et

Aus

ue deg et

1.
",143254,Mère,,PER,143258," » ur

Pac x

ET T AE

OU COUR"
"g et

1.
Mère » ur

Pac x

ET ",143275,"T AE

OU COURT-IL",,LOC,143292,"

— Naturellement, si vous ess"
"s
vrai que le voleur, c’est l'",143478,Atlas,,LOC,143483," qui porte le monde
moderne su"
"er d'industrie, accapa-
reur, ",143616,concussionnaire,,PER,143631,", cambrioleur, faussaire ou es"
"re, cambrioleur, faussaire ou ",143659,"es-
croc",,PER,143667,", c’est lui qui maintient le g"
"ème, cer-

 tainement, répond ",144147,Issaçar,,PER,144154," en allumant une cigarette.

M"
"as assez d’audace

68 . : LE ",144358,VOLEUR,,LOC,144364,"

pour agir en pirates, avec l"
"de marque oc-
_troyées par le ",144435,Code,,MISC,144439,", rêvent de se conduire en for"
"ode, rêvent de se conduire en ",144466,forbans,,LOC,144473,".
Le genre humain est admirabl"
"ix-huit siècles, au sommet du ",144617,Golgotha,,MISC,144625," : le
_ Jarron légal à droite,"
"uvoirs constitués, au milieu. ",144785,Seule-,,MISC,144791,"
. ment, quand on a dit cela, "
"Ce sont là des mensonges con-
",145413,ventionnels,,PER,145424,", fort commodes sans doute, ma"
"oint de doutes à ce
sujet. M. ",145959,Alphonse Bertillon,,PER,145977," assure même qu’on pour-
rait "
"me qu’on pour-
rait trouver à ",146017,Paris,,LOC,146022,", parmi les êtres placés dès l"
"l suffit qu’ils existent,

ns
",146356,Mr LT 2e Œ,,PER,146366,"
ARE Et as
Lg Ne PE Cm
HN ETS
"
"’ils existent,

ns
Mr LT 2e Œ
",146367,ARE,,MISC,146370," Et as
Lg Ne PE Cm
HN ETS

HE
"
"LT 2e Œ
ARE Et as
Lg Ne PE Cm
",146389,"HN ETS

HE",,ORG,146399,"

ge

   

LE VOLEUR 69

— C’"
", on est
obligé de prendre le ",146871,"Code pénal pour base d’apprécia-
tion",,MISC,146908,".

— Bien entendu ; le Code, c"
"a-
tion.

— Bien entendu ; le ",146931,Code,,MISC,146935,", c’est la conscience mo-

der"
" le Code, c’est la conscience ",146957,"mo-

derne",,PER,146967,". |

— Oui. Anonyme et à risqu"
"es sont plutôt des in-
quivog ",147390,P,,LOC,147391,"

cidents isolés qu’une règle "
recte d’un des articles de ce ,147760,Code,,MISC,147764,".

qu'ils pertectionnent sans "
"ieux, de loin en loin ët dans
",147872,l1,,ORG,147874, mesure de leurs faibles facul
"e et qualifiés de par la loi.
",148135,Classes dirigeantes et masses,,ORG,148164," dirigées. De par la loi,
Mons"
"e morale et physique en bas;

",148348,FA,,LOC,148350,",

70 LE VOLEUR

partout, la "
"et physique en bas;

FA,

70 ",148357,LE VOLEUR,,LOC,148366,"

partout, la servitude, lapla"
"OLEUR

partout, la servitude, ",148391,laplatissement,,PER,148405," désespéré de-
vant les Tables"
"sement désespéré de-
vant les ",148429,Tables de la Loi,,MISC,148445," qui servent de socle au Veau
"
a Loi qui servent de socle au ,148470,"Veau
d'Or",,MISC,148479,".

— Certes, l'esclavage est g"
"à accaparer toute la terre, à ",148708,mo-,,ORG,148711,"
nopoliser toutes les valeurs,"
"emblable,
et les utopistes du ",149101,Socialisme,,ORG,149111," la parachèvent. Mais la
tenta"
"oi, et même étymologiquement.
",149563,Vola,,MISC,149567,", ça ne veut pas dire : une sé"
"ins des législateurs, dans un ",149657,Parlement,,ORG,149666,"
quelconque, lorsqu'on vote à "
"s
conviendrez que le titre de ",149746,voleürs,,LOC,149753," ne saurait s’ap-
pliquer aux "
"ités ordinaires, une sorte de ",150183,"Bachi-Bouzouk
du capitalisme",,PER,150211,". C’est un être à part, complè"
" base la liberté ab-
solue de ",150610,l’Individu,,MISC,150620, ; de la bloquer dans sa Cité 
ividu ; de la bloquer dans sa ,150645,"Cité du

_ Lucre",,LOC,150661,", jusqu’à ce qu’elle se rende "
" se détruise elle-même, comme ",150749,Numance,,MISC,150756,". Ce
rôle, il ne le remplit pa"
oit la victime révoltée de la ,150906,Société,,ORG,150913,", un
paria qui cherche à se ve"
"uelle. .

— Certainement, dit ",152470,Issacar,,MISC,152477,". Mais ce n’est pas

72 | | L"
"rent que leur principale mis-
",153044,sion,,LOC,153048," est de maintenir l’ordre, c’e"
" loups sont des loups, répond ",153698,Issacar,,MISC,153705," ; et
les hommes... Il y a ann"
"le
suicides en Europe; et, en ",153788,France,,LOC,153794," seulement, quatre-
vingt-dix "
" appartient aux violents

nu ",154492,Lo,,PER,154494," .
stat Let,

nt ""

STE

LE VO"
"t aux violents

nu Lo .
stat ",154502,Let,,MISC,154505,",

nt ""

STE

LE VOLEUR : 73

"
"ts

nu Lo .
stat Let,

nt ""

",154514,"STE

LE VOLEUR",,MISC,154528," : 73

qui le ravissent. Wiole"
"OLEUR : 73

qui le ravissent. ",154553,Wiolenti rapiunt,,PER,154569," 1llud. Que pensez-
vous de ce"
 qu'après dix-huit siècles de ,155697,"ci-
vilisation",,PER,155711, chrétienne les pauvres sont c
"|
_— Que voulez-vous ? ricane ",156149,Issacar,,MISC,156156,". Ils ont contre
Eux l'opinion"
"icane Issacar. Ils ont contre
",156173,Eux l'opinion publique,,ORG,156195," — la même qui fera semblant

"
", voyez-vous : c'est celle de ",156662,"Îa
Bourse",,ORG,156671, ; elle donne sa cote tous les
"me si elle vous avait
dit: Tu ",157112,risqueras,,ORG,157121, cette somme dans une entrepri
"bien doué, il est vrai,
et si ",157848,javais,,PER,157854, eu de l'ambition... Mais je n
mbition... Mais je n'ai pas d’,157894,"am-
bition",,PER,157904,. Arriver ! À quoi ? Chagrin s
"ais je n'ai pas d’am-
bition. ",157906,Arriver !,,MISC,157915, À quoi ? Chagrin solitaire ou
"ne question de principes, dit ",158194,Issacar,,MISC,158201,". Rien de
mauvais comme les pr"
"e voleur
est un prédestiné.

",158493,DS oo,,MISC,158498," emmntt ne at ae TR

RO à

Len"
" oo emmntt ne at ae TR

RO à

",158525,Len PE Are 2,,PER,158537,"
4 © « 7 ‘

Fra. ste

LE VOLEU"
"RO à

Len PE Are 2
4 © « 7 ‘

",158549,Fra,,PER,158552,". ste

LE VOLEUR =

— C'est po"
"
Len PE Are 2
4 © « 7 ‘

Fra. ",158554,"ste

LE VOLEUR",,PER,158568," =

— C'est possible. Moi, je "
"in-
fluences passagères. |

— ",158884,Ça,,MISC,158886," m'est égal. Et puis, j’aime v"
"du. La
lanterne avec laquelle ",159930,Diogène,,PER,159937," cherchait un homme,
et qu'ava"
" qu'avait déjà tenue Jérémie, ",159990,"l’Individu la porte sur
",,MISC,160014,"R poitrine, aujourd’hui — afin"
"émie, l’Individu la porte sur
",160014,R poitrine,,LOC,160024,", aujourd’hui — afin qu’on pui"
"on veut, mais pas la butte.

",162340,ANUS,,MISC,162344,", ef EL

LE VOLEUR 97

— C'est"
"t, mais pas la butte.

ANUS, ",162346,"ef EL

LE",,MISC,162355," VOLEUR 97

— C'est mon avis. "
"e vous révoltez pas trop, dit ",163110,Issacar,,MISC,163117," ; ça n'a
jamais rien valu. Co"
"
gnait la bienveillance de la ",163364,Société,,ORG,163371,", ne vous refusez
pas cette sa"
"mes, je parie?

— Tout juste! ",163536,Ah !,,MISC,163540, les bourgeois sont bien vils 
nt que les honnêtes filles du ,163779,Tiers-,,MISC,163785,"
Etat ont la prétention ridicu"
"rs? Votre brusque ar-
rivée à ",164003,Bruxelles,,LOC,164012,", quand j’y réfléchis, me lais"
 ni comédie; quelque chose de ,164109,"pi-
toyable",,PER,164120, et qui n’a pas même de nom. N
"s sens sous leurs scrupules.

",164341,Ah !,,MISC,164345, des femmes qui n'aient pas d'
ose par le temps qui court... ,165333,Ah! sapristi,,MISC,165345,", quelle
heure est-il donc ?

"
ets ces dix minutes à profit. ,165547,Vou-,,ORG,165551,"
lez-vous me prêter vingt mill"
"nter quelque
chose du côté du ",165680,Congo,,LOC,165685,". J'ai une idée... |

— Vous n"
 question n’est pas mûre; les ,165797,Belges,,LOC,165803,"
y viendront, n’en doutez pas,"
" Suisse, pour créer un port
à ",165968,La-Chaux-de-Fonds,,LOC,165985,"; seulement, il faut attendre."
" seulement, il faut attendre.
",166016,Ah !,,MISC,166020, si vous vouliez marcher avec 
"rions
des précurseurs...

nm ",166092,ACTE ES,,MISC,166099," SORT - FRET tk,
mr à ne y 2 7"
"

nm ACTE ES SORT - FRET tk,
",166116,mr,,PER,166118," à ne y 2 7 :
EE e Verre FE HÉ"
"RT - FRET tk,
mr à ne y 2 7 :
",166132,EE e,,MISC,166136," Verre FE HÉRET Dé ven ms cz

"
"E HÉRET Dé ven ms cz

mass

_
",166174,LS,,ORG,166176,"
""

TE PATES CPE ETES. .
TS se"
"T Dé ven ms cz

mass

_
LS
""

",166180,TE,,LOC,166182," PATES CPE ETES. .
TS se RARE,"
"
_
LS
""

TE PATES CPE ETES. .
",166201,TS,,ORG,166203," se RARE, 2 sat em

5
2; ut %
"
"""

TE PATES CPE ETES. .
TS se ",166207,RARE,,ORG,166211,", 2 sat em

5
2; ut %

“ pes

"
" RARE, 2 sat em

5
2; ut %

“ ",166236,"pes

L'",,MISC,166243,", atr aa

LE VOLEUR . 79

+

—"
"sat em

5
2; ut %

“ pes

L', ",166245,atr,,PER,166248," aa

LE VOLEUR . 79

+

— Je r"
"; ut %

“ pes

L', atr aa

LE ",166256,VOLEUR,,LOC,166262," . 79

+

— Je regrette de ne "
"èque ce soir ?

— Non, répond ",166810,Îssacar,,MISC,166817," ; vous m'enverrez ces

vingt "
"ez ces

vingt mille francs de ",166863,Londres,,LOC,166870,", après-demain matin,

en bank"
n matin! Mais je ne serai pas ,166962,"À
Londres",,MISC,166971,". |

— Si. Vous y serez demain"
" présent, en route, chantonne
",167079,Issacar,,MISC,167086, en prenant son-chapeau. Le ca
"côté, en effet; en face de la ",167211,Bourse,,LOC,167217,". C’est
l'heure de lapéritif e"
"e la Bourse. C’est
l'heure de ",167236,lapéritif,,LOC,167245, et l'établissement regorge de
poste sur son flanc gauche et ,167967,Issacar,,MISC,167974," lui fait face avec
intrépidit"
"ui reste libre ? Pour qui ?

",168060,DS,,MISC,168062," tous, À, re CR SE

80.  … .. "
"libre ? Pour qui ?

DS tous, ",168069,"À, re CR SE",,MISC,168080,"

80.  … .. LE VOLEUR

dis-je "
"apports avec des gens... —

— ",168474,Chut!,,MISC,168479," Chut! |

Issacar se retourne "
"mbres trop courts, une tête d’",168747,Espagnol,,MISC,168755,"
de contrebande avec des moust"
ande avec des moustaches à la ,168796,Velasquez,,PER,168805,",
le front déprimé, ridé comme"
’égouttement de l’eau bénite. ,168947,Issacar,,MISC,168954," fait les
présentations comme "
. C’est aussi l’avis de notre ,169424,ho-,,MISC,169427,"
norable ami M. Issacar, et je"
t j’écoute le moins possible. ,169834,"Mon Dieu !
Mon Dieu !",,MISC,169855, pourvu que ça ne dure pas tro
"ller, s’il n'est pas
content. ",170184,Ah!,,MISC,170187, que je voudrais pouvoir en fa
rrompre l’honnête industriel. ,170312,"| |

— Monsieur",,MISC,170327,", lui dis-je, le tableau que v"
"s.

— Quoi qu’il en soit, dit ",171135,Issacar,,MISC,171142," qui s'aperçoit sans
doute que"
"cs, mais trois
cent mille.

— ",171716,Oh!,,MISC,171719," oh! dis-je, un peu au hasard "
"ication des coups de

pied qu’",171822,Issacar,,MISC,171829, me lance sous la table — oh !
" c’est
aller bien vite.

5*

",171893,S2 LE VOLEUR,,MISC,171905,"

— Mon Dieu ! dit l'industrie"
"n... Il ne s’agit pas
ici des ",172020,Bitumes du Maroc,,PER,172036," ou du percement du Caucase,
s"
s du Maroc ou du percement du ,172056,Caucase,,LOC,172063,",
savez-vous. C’est une affair"
". |

— Certainement. Mais.

— ",172172,Auriez,,PER,172178,-vous quelques objections à pr
"is ?

Moi ? Pas du tout. Mais ",172258,Issacar,,MISC,172265," en a pour moi.

— Oui, dit-il"
"d même
ils les obtiendraient, ",172755,croyez,,MISC,172761,"-vous qu’ils en seraient plus
"
"nous l'ap-
prend. La science, ",173022,Monsieur!,,MISC,173031," La main-d'œuvre est
pour rien"
"-vous pourquoi ? Parce que la
",173102,Belgique,,LOC,173110," est un pays riche, pour une f"
"fois. Plus un
pays est riche, ",173169,plusle,,LOC,173175, travailleur est pauvre. La Fr
lusle travailleur est pauvre. ,173200,La France,,LOC,173209,",
au xv* siècle, était bien lo"
"e aujourd’hui, n'est-ce pas ? ",173305,Eh !,,MISC,173309," bien, à cette
époque, l’ouvri"
 qu'ils ne gagnent à présent. ,173419,Loi,,MISC,173422," économi-
que, Monsieur, loi é"
" est une admirable chose, dit ",173507,Issacar,,MISC,173514,".
Mais M. Randal, qui a pour e"
"striel sourit.

ns
DE ee.
,

",173803,Mu pe us ta,,MISC,173814," ne une ne

LE VOLEUR 83

— De"
"riels,
qui les faisons vivre. ",174467,Ah !,,MISC,174471," oui, cela fait une belle ré-
"
"à l’unis-

son aux accents du ",174686,De profundis!,,MISC,174699," Tu sais, les bâti-

ments son"
"t une grande consolation, dit ",174778,Issacar,,MISC,174785,". Mal-
heureusement, cette uni"
"nde consolation, dit Issacar. ",174787,Mal-,,PER,174791,"
heureusement, cette union que"
"sant à une pression du pied
d'",175024,Issacar,,MISC,175031,", je crains énormément les grè"
"apita-
listes ; au contraire, ",175194,Voulez,,MISC,175200,"-vous que je vous dise le

fin"
"

nous qui les provoquons. En ",175309,Angleterre,,LOC,175319,", en France, en
Amérique, part"
"provoquons. En Angleterre, en ",175324,France,,LOC,175330,", en
Amérique, partout. Le cap"
" En Angleterre, en France, en
",175335,Amérique,,LOC,175343,", partout. Le capitaliste, le "
"mpensation, en effet, accorde ",175927,"Issa-

cat",,MISC,175937, ; mais elle est peut-être un 
"our une révolution sociale.
_ ",176042,Coup de pied d’,,MISC,176057,Issacar. Silence. Second coup 
"ion sociale.
_ Coup de pied d’",176057,Issacar,,MISC,176064,". Silence. Second coup de
pied"
"ilence. Second coup de
pied d’",176097,Issacar,,MISC,176104,". Je parle.

— Certainement, u"
"on qui prendrait
d'assaut les ",176280,Banques,,LOC,176287, et dilapiderait les épargnes 
" Cela n’est guère probable
en ",176430,Belgique,,LOC,176438, ; nous avons la garde civique
" avons la garde civique, ici, ",176475,Mon-,,ORG,176479,"
sieur, pour une fois. Mais en"
". Mais enfin, c’est possible. ",176530,"Eh !
bien",,MISC,176539,", il n’y a qu’une chose à fair"
"ne pas
confier son argent aux ",176612,Banques,,LOC,176619," et de le garder chez

soi. C’"
" peut-être pru-
dent, suggère ",177550,lssacar,,LOC,177557,".

— Je ne dis pas. Mais je pu"
".

— Excellente habitude, dit ",177694,Issacar,,MISC,177701," ; nous n’aurons
pas de mal à "
"our
vous demander à déjeuner, ",177796,M,,PER,177797,", Randal et moi.

_ Le

+ ,
O"
"M, Randal et moi.

_ Le

+ ,
",177826,"OA ue one

FRS
NA",,ORG,177843," ?r SUR, AE es #
RASE RER TE r"
"_ Le

+ ,
OA ue one

FRS
NA ?",177845,r SUR,,PER,177850,", AE es #
RASE RER TE r Ze

Te"
"+ ,
OA ue one

FRS
NA ?r SUR, ",177852,"AE es #
RASE RER TE r",,ORG,177873," Ze

Te, F on tr

= Te

LE VOL"
"AE es #
RASE RER TE r Ze

Te, ",177882,F,,LOC,177883," on tr

= Te

LE VOLEUR 8s

— "
"E RER TE r Ze

Te, F on tr

= ",177893,"Te

LE",,MISC,177899," VOLEUR 8s

— Le plus tôt poss"
"aisir, afñrme l’in-
dustriel ;",177974,.on,,MISC,177977, ne traite bien les affaires q
" nous donne son adresse : 67, ",178246,rue de Darbroëk,,LOC,178261," ;
et se retire après force co"
"ille corvée ?

 demandai-je à ",178400,Issacar,,MISC,178407,".

— Vous le verrez bientôt, m"
" d’eflorts et de souffrance ;
",179084,Prudhomme,,PER,179093, seul ne l’ignore pas. Ah ! qu
udhomme seul ne l’ignore pas. ,179116,Ah !,,MISC,179120," quelle lame de

Sabre ne vaud"
"ore pas. Ah ! quelle lame de

",179137,Sabre,,ORG,179142, ne vaudrait mille fois son pa
"hera leurs :
façons brutales. ",179673,Ah !,,MISC,179677, l'ironie anglaise : « Le chie
"agement,

Me ue ae ART . TOI ",179848,AT TE,,ORG,179853," +
AM EE ts = À: v Dors où Len"
"

Me ue ae ART . TOI AT TE +
",179856,AM EE,,ORG,179861," ts = À: v Dors où Lens
‘ e : "
" ART . TOI AT TE +
AM EE ts = ",179867,À: v Dors,,MISC,179876," où Lens
‘ e : « - ne —. LS
1 "
" TE +
AM EE ts = À: v Dors où ",179880,Lens,,LOC,179884,"
‘ e : « - ne —. LS
1 Fr : 4

"
" Dors où Lens
‘ e : « - ne —. ",179901,LS,,ORG,179903,"
1 Fr : 4

86 | LE VOLEUR

qua"
" où Lens
‘ e : « - ne —. LS
1 ",179906,Fr,,LOC,179908," : 4

86 | LE VOLEUR

quand on"
blond. De quoi se mêle-t-il ? ,180206,II,,PER,180208,"
commence à m’agacer. Et je me"
"e
pour murmurer à [ssacar:

— ",180287,ÂAllons,,ORG,180294,-nous en d'ici; et conduisez-m
"e faire connaître ce soir.

— ",180436,Volontiers,,MISC,180446,", répond Issacar; mais il est "
"e soir.

— Volontiers, répond ",180455,Issacar,,MISC,180462,"; mais il est inutile
de sorti"
"il, de vous présenter mon
ami ",180616,Roger Voisin,,PER,180628,", dont vous désirez si vivemen"
"raiment enchanté, Monsieur... ",180806,Permet-,,LOC,180813,"
tez-moi seulement une petite "
"tification ; mon nom
est bien ",180876,Roger Voisin,,PER,180888," mais, d’ordinaire, on m’ap-
p"
", d’ordinaire, on m’ap-
pelle ",180923,Roger-la-Honte,,LOC,180937,".

y 8.

VI

PLEIN CIEL

Minu"
"pelle Roger-la-Honte.

y 8.

",180947,"VI

PLEIN",,MISC,180956," CIEL

Minuit sonne au beffroi"
"r-la-Honte.

y 8.

VI

PLEIN ",180957,"CIEL

",,MISC,180963,Minuit sonne au beffroi de la 
"édrale comme

nous pénétrons, ",181027,Roger-la-Honte,,LOC,181041," et moi, dans la rue

de Darbr"
"oger-la-Honte et moi, dans la ",181058,"rue

de Darbroëk",,LOC,181074,; nous venons de faire nos adi
" venons de faire nos adieux à
",181110,Issacar,,MISC,181117, avec lequel nous avons diné à
 nous avons diné à l'hôtel du ,181159,"Roi

Salomon",,LOC,181171,", où il habite. On‘est très bi"
"u Roi

Salomon, où il habite. ",181187,On‘est,,LOC,181193," très bien, à cet hôtel-

là. "
"cet hôtel-

là. |

— Oui, dit ",181237,Roger-la-Honte,,PER,181251," ; aucun voleur chic
ne descen"
"r chic
ne descend ailleurs, à ",181295,Bruxelles,,LOC,181304,"; excepté quand les
affaires l"
"u. Tu vas voir mon logement.

",181471,Roger-la-Honte,,LOC,181485," me tutoie, et je le lui rends"
"us donner du
Monsieur ? Donc, ",181699,Roger-la-Honte,,PER,181713," me tutoie et je
l'appelle : R"
"e me tutoie et je
l'appelle : ",181742,Roger-la-Honte,,LOC,181756,", tout court, comme on dit:
Mo"
"te, tout court, comme on dit:
",181784,Monsieur Thiers,,PER,181799,".

— Nous voici arrivés, dit-i"
"a clef dans sa poche.

ur ue
",181912,PR,,ORG,181914," en

88 LE VOLEUR

— Il ne fau"
"ndant
qu'il ouvre la porte.
— ",182009,Fais tout le bruit,,MISC,182027," que tu pourras, au contraire "
"elles d’éléphants en couches.
",182277,Nous montons l'escalier,,MISC,182300," à la lueur d’allumettes
nombr"
"te au quatrième étage, sert à ",182412,cnflammer,,PER,182421," une
bougie placée sur un guér"
"i laissé échapper
l’occasion. ",183054,Ah!,,MISC,183057, le dégoûtant personnage que c
"honnête industriel, comme dit ",183121,Issacar,,MISC,183128,"… Nous a-t-il

assez assommés "
"er
une carafe à la tête. |

— ",183259,Bah!,,MISC,183263, À quoi bon? Ils sont trop. En
 sera certainement plus long. ,183819,Ah !,,MISC,183823," quelle

LE VOLEUR | 89

douc"
he! Laisse-moi rire un peu... ,183883,As-tu,,MISC,183888," vu avec
quelle naïveté vanite"
"— Vous en auriez été quittes, ",184071,Issacar,,MISC,184078," et toi, pour
aller déjeuner c"
" trouvait au second étage, et
",184299,Issacar,,MISC,184306, soutenait qu’il était au troi
"un
quart, tous les soirs.

Et ",184697,Roger-la-Honte,,LOC,184711," dessine, sur une feuille de p"
"une caricature très drôle du

",184802,pon Pelche,,PER,184812,", en chemise de nuit et bonnet"
 chemise de nuit et bonnet de ,184846,co-,,ORG,184849,"
ton.

— Tu vois, dit-il, voil"
"

fleurs, c'était bon pour la ",184986,Grèce,,LOC,184991,", mais c’est trop beau

pour l"
"mais c’est trop beau

pour la ",185023,Belgique,,LOC,185031,", savez-vous, pour une fois. Ç"
"pour ça, et rien que pour ça.
",185250,"Mes parents ont dépensé pas mal d’argent pour me
faire instruire",,MISC,185314,", mais ç’a été de. l'argent pe"
" chez un

grand architecte, à ",185483,Paris,,LOC,185488,"; un emploi de confiance, :

p"
", :

pénible et mal rétribué. ",185542,Ma mère,,PER,185549," était la meilleure
des mères "
"pas envie de mou-
rit. | |

— ",185858,Ah!,,MISC,185861," c’est que, en parlant d’eux, "
"les équipages
de la flotte. |
",186218,Et quand tu es revenu,,MISC,186239,", tu t’es trouvé dans la
même "
"emple de mes sœurs ; l’aînée, ",186507,Eulalie,,PER,186514,",
avait étudié la déclamation,"
"étrange, là-dedans ? Pourquoi ",187606,"Roger-la-
Honte",,PER,187621, n’aurait-il point des pensées
"i tu t'en es aperçu, continue
",187908,Roger,,PER,187913, ; mais les toiles des grands 
"une protestation véhémente et
",188740,Superbe de la Liberté et de la Beauté contre la Laideur,,MISC,188795,"
et la Servitude; et l’homme, "
"a Beauté contre la Laideur
et ",188799,la Servitude,,MISC,188811,"; et l’homme, quelles que soie"
"’homme, quelles que soient la ",188847,hi-,,ORG,188850,"
deur qui le défigure et la se"
oix qui chante la grandeur de ,189005,l’Individu,,MISC,189015,"
et la haute majesté de la Nat"
"idu
et la haute majesté de la ",189042,Nature,,MISC,189048," ; cette voix fière qui
étouff"
"e te dis ce que j'ai éprouvé;
",189428,Mails je n’ai pas été seul à le ressentir,,MISC,189469,". Je le sais. J'ai
vu les figu"
réalités pour les chimères... ,190430,"Ah!
la tristesse de leurs figures",,MISC,190463,", au bas de lescalier du
Louvr"
"e de leurs figures, au bas de ",190475,"lescalier du
Louvre",,LOC,190494,"! | |

— Un philosophe alleman"
"ées à bord des na-
vires de l'",190828,Etat,,LOC,190832," ne m’avaient pas donné, comme"
"s. J’ai décroché une toile de
",191479,Lorenzo di Credi,,PER,191495,", une Vierge qui me plaisait b"
"oile de
Lorenzo di Credi, une ",191501,Vierge,,PER,191507," qui me plaisait beau-
coup; j"
"

ct

a”

l

LE VOLEUR 93

— ",191701,Maïs,,MISC,191705, non ; je sais avec quelle rap
"ant peu 1l ne restera
plus au ",191870,Louvre,,LOC,191876, que les faux Rubens qui le dé
"a
plus au Louvre que les faux ",191890,Rubens,,PER,191896," qui le désho-
norent et les G"
"s qui le désho-
norent et les ",191925,Guido Reni,,PER,191935," qui l’encombrent; et que
l'ad"
"; et que
l'administration des ",191982,Beaux-Arts,,LOC,191992," prendra alors le parti
raison"
onnable de placer la Source d’,192050,Ingres,,PER,192056," où elle de-
vrait être, au mi"
" continue ; qu'as-
tu fait de ",192136,ta Vierge,,PER,192145," ?

— Je l’ai emportée à Londr"
"ierge ?

— Je l’ai emportée à ",192170,Londres,,LOC,192177," et je l’y ai vendue.
Je l’ai "
"e restaient, je suis revenu à ",192453,Paris,,LOC,192458,". Je n'ai rien
caché de la vér"
", et
je leur ai dit pourquoi. ",192710,Îls,,PER,192713," m'ont écouté, absolument
atte"
", en effet, dès mon
arrivée à ",193023,Londres,,LOC,193030,". Huit jours après, je reçus u"
 te douter de la douleuret de ,193379,Îa,,LOC,193381," tris-
tesse qui enténèbrent l"
"tu l’as deviné, mais tu ne le
",193546,Sais pas,,MISC,193554,. Si je te disais quels sont l
rocurer l’ombre d’une joie... ,194146,Ah !,,MISC,194150," oui, je
suis obligé de le pen"
"en eût donné avis.

— Et tu n’",194528,asplus,,MISC,194534," eu de ses nouvelles ?

— Si, "
"t de même à
quelque chose.

— ",195314,Âlors,,LOC,195319,", il n’était pas coupable ?

—"
"ès heu-
reux ; ils ont quitté ",195579,Paris,,LOC,195584," ; ils tiennent à Vichy un
hôt"
quitté Paris ; ils tiennent à ,195602,Vichy,,LOC,195607," un
hôtel qu’ils ont acheté et"
"ui leur rapporte pas
mal.

f
",195669,LE VOLEUR,,PER,195678," _. 95

— Et cette brusque pro"
"? | |

— Pas du tout. Ma sœur ",195775,Eulalie,,PER,195782,", l’actrice, venait
de quitter"
é de soixante-douze ans quand ,196058,Eulalie,,LOC,196065," en
avait dix à peine. Il lui "
ie de vieillard sans famille. ,196214,Eulalie,,PER,196221," avait donc
renoncé à la scène"
"st aussi
avare que dévote.

— ",196475,Dévote,,MISC,196481," ? |

— Dans la dévotion jusqu"
" religieuse. Elle
demeure aux ",196606,Batignolles,,LOC,196617,", à côté de l’église. La der-
"
"elle m'a dit
qu'elle prierait ",196870,le Bon Dieu,,MISC,196881," pour moi deux fois par
jour. "
" fois mes parents
installés à ",197044,Vichy,,LOC,197049,". Mais, un beau jour, Broussai"
exemple. Elle est partie pour ,197505,Londres,,LOC,197512,", et elle y est
restée depuis."
" elle y est
restée depuis.

— ",197546,Ah !,,MISC,197550, bah !'Broussaille est à Londr
 Ah ! bah !'Broussaille est à ,197575,Londres,,LOC,197582,". Et qu’est-
ce qu’elle fait, "
"Et qu’est-
ce qu’elle fait, à ",197614,Londres,,LOC,197621," ?

Roger-la-Honte tire sa mon"
"ce qu’elle fait, à Londres ?

",197625,Roger-la-Honte,,LOC,197639," tire sa montre.

— Qu'est-ce "
" elle
doit faire quelqu'un... ",197736,Ah !,,MISC,197740," il va être une heure du
matin"
"e moment de nous y mettre...

",197809,Roger-la-Honte,,LOC,197823," va prendre une valise, à la t"
"
— Où est ma lanterne sourde? ",198052,Ah !,,MISC,198056," la voici ; elle
est toute prê"
"us allons
faire ; si l’on est ",198194,toutseul,,PER,198202,", on court trop de risques;
on"
" de chaussons de lisières.

— ",198419,Retirons,,LOC,198427, vite nos bottines et mettons 
"ça. C’est
des bons. C’est des ",198487,Poissy,,LOC,198493,".

— Comme cela, dis-je en gli"
"uit pour des-
cendre. | |
= — ",198613,Descendre,,LOC,198622,! dit Roger-la-Honte. Est-ce q
"endre. | |
= — Descendre! dit ",198628,Roger-la-Honte,,LOC,198642,". Est-ce que tu
rèves ? Nous n"
"; la fenêtre est éclairée.

— ",199031,Halte !,,ORG,199038, murmure Roger. ‘1 faut attend
" éclairée.

— Halte ! murmure ",199047,Roger,,PER,199052,". ‘1 faut attendre; nous
nous "
ont pas longues à s'endormir. ,199224,Asseyons,,PER,199232,"-nous un
peu. |

LE VOLEUR 97"
"
— Quelle nuit ! dit tout bas ",199359,Roger-la-Honte,,LOC,199373,". Re-
garde donc là-haut. Croi"
"sement. Je voudrais
tant voir ",199833,Venise,,LOC,199839,! Il paraît que c’est merveill
les tableaux qui la peignent. ,199979,Ah !,,MISC,199983," voir
Venise! Et après, qu’il "
"ux qui la peignent. Ah ! voir
",199989,Venise,,LOC,199995,"! Et après, qu’il arrive n'imp"
" lumière vient de s'éteindre.
",200091,Attendons,,LOC,200100," encore dix minutes.

— Mais, "
"s-je, si tu désires tant voir ",200162,Venise,,LOC,200168,",
pourquoi n'as-tu pas fait le"
 ! Mais il faut que j'aille à ,200798,Venise,,LOC,200804,"
d'abord ; c’est là seulement "
trompe pas sur ma vocation... ,200890,Ah !,,MISC,200894," ces éroiles !

— Oui, c’est b"
"les cordes d’une lyre, depuis ",201060,"Sa-
turne",,PER,201069, jusqu’à Mercure ; -de-Fanalog
"yre, depuis Sa-
turne jusqu’à ",201078,Mercure,,LOC,201085, ; -de-Fanalogie entre les dis
"-
turne jusqu’à Mercure ; -de-",201092,Fanalogie,,LOC,201101," entre les dis-

Rs NN G 6
NS "
"-de-Fanalogie entre les dis-

",201118,Rs NN G 6,,MISC,201127,"
NS os )

N ee
‘ NN Te

  

9"
"gie entre les dis-

Rs NN G 6
",201128,NS os,,MISC,201133," )

N ee
‘ NN Te

  

98 | LE"
"OLEUR

tances des planètes au ",201195,soleil,,LOC,201201," et les divisions de la
gamme "
"e l'harmonie des mondes...

— ",201323,Ah!,,MISC,201326," certes, dit Roger-la-Honte, l"
" mondes...

— Ah! certes, dit ",201339,Roger-la-Honte,,PER,201353,", les yeux fixés
au ciel; c’es"
" à vous dégoûter de tout !.….
",201641,Ah!,,MISC,201644," Allons, il est temps. En rout"
s en bas et suis-moi; mais ne ,201782,mme,,PER,201785," pousse
pas. Il faut atteindre"
erveusement la barre d’appui. ,202248,"Roger-la-
Honte",,PER,202263,", qui a sorti de sa poche une "
"e de malles, de caisses et de ",202614,cärtons,,LOC,202621,".

— Une chambre de débarras, "
"n, la clef est à
l’intérieur. ",202797,Ça,,MISC,202799, va bien; nous n’aurons pas à 
"me fait signe de l’imiter.

— ",202908,Ecoute-moi bien,,MISC,202923,", me murmure-t-il à l'oreille."
"ous allons descendre; moi, je ",202985,m'’arrêterai,,MISC,202997," au troi-
sième étage; toi, tu"
"ge; toi, tu continueras jusqu’",203046,au rez-de-,,LOC,203056,"
chaussée avec la lanterne ; t"
 que l'industriel pousse tous ,203163,"les

- LE VOLEUR",,LOC,203180," 99

soirs avant de se coucher"
"riger vers ton hôtel,
rue des ",203413,Augustins,,LOC,203422,. Quand tu auras fait ce que j
ince qu'il a introduite entre ,203858,Îles,,LOC,203862,"
vantaux, il cherche l’endroit"
"aire
trembler la maison. |

— ",204052,Ca,,LOC,204054," y est, murmure Roger, qui pos"
"aison. |

— Ca y est, murmure ",204070,Roger,,PER,204075,", qui pose un doigt
sur ses lè"
"rien ne
bouge-dans la maison. ",204236,Roger,,PER,204241," pousse la porte dont la
serru"
"us entrons dans le ca-
binet, ",204325,"| |

— Quel fracas tu as",,PER,204349, fait! dis-je à Roger-la-Honte
l fracas tu as fait! dis-je à ,204365,Roger-la-Honte,,LOC,204379,",
Qui sourit,

— Mais non; ça "
"terne sourde
sut le bureau de ",204799,lindustriel,,LOC,204810," et je me suis assis dans
son "
" Delpich, banquier, 84, rue d'",205087,Arlon,,LOC,205092,".

« Mon cher ami,

« Ne vous "
e. C’est un jeune serin nommé ,205249,Georges Randal,,PER,205263,",
ingénieur de son état, qui e"
"
roulettes. Je montrerai à ce ",205883,Parisien,,LOC,205891,", qui vient fure
ici le malin,"
"l bois nous
nous chauffons en ",206036,Belgique,,LOC,206044,"... » |

La lettre ne va pas p"
"

— ÂApporte la lanterne, dit ",206338,Roger-la-Hoñte,,LOC,206352," qui aus-
culte le coffre-fort"
"un diagnostic fatal à porter.
",206473,Voyons,,LOC,206479,... à gauche... à droite... Un
quand on a travaillé dans les ,206677,Fichet,,LOC,206683,"... Enfin, on
a moins de mal. "
"r par le côté ; j'appelle

a ",206758,ER,,LOC,206760," eue,

LE VOLEUR .JOI

ça l'op"
"é ; j'appelle

a ER eue,

LE ",206770,"VOLEUR .JOI

ça",,MISC,206785, l'opération césarienne... Je 
" il ronfle comme une
toupie d'",207249,Allemagne,,LOC,207258,. Ah ! le gredin ! Je me le fi
"comme une
toupie d'Allemagne. ",207260,Ah !,,MISC,207264," le gredin ! Je me le figure,
"
"mais incessant, de la scie de ",207492,Roger,,PER,207497," ; il a déjà pu percer
le coff"
pêcher les autres d'entendre. ,207826,Ah !,,MISC,207830," il peut se van-
ter d’avoir l"
"ntendre. Ah ! il peut se van-
",207847,ter,,ORG,207850, d’avoir l'oreille fine ec de 
e parti de remonter auprès de ,207945,Roger,,PER,207950,".

— Te voilà ? demande-t-1l, "
"a peine d’entrer. Veux-tu ac-
",208055,cepter,,PER,208061, la moindre des choses? Je n'a
" Non, j'aime mieux t'aider.
— ",208152,Si tu veux,,MISC,208162, ; il y a encore un côté à cou
"ris qu'avaient pour les tran-
",208415,Sactions,,MISC,208423, commerciales les philosophes 
"bligations, dont nous faisons
",208525,Un gros paquet,,MISC,208539, ; une jolie pile de billets d
"nque et

quelques rouleaux de ",208603,louis,,PER,208608,", que nous mettons dans
nos po"
"e, à présent ?

— Non, répond ",208726,Roger,,PER,208731," ; il faut partir par où nous
"
"fermé la porte
derrière nous. ",209688,Roger,,PER,209693, fait le tour des malles et: d
"e point
quelques fourrures de ",209895,Madame,,PER,209901," ? Voyons ça, ajoute-
t-il en "
"ussaille ; et quant à toi,
si ",210088,tute,,PER,210092, fais une connaissance... Main
"est unie comme un lac, me dit ",210819,"Roger-la-
Honte",,PER,210834, dans le salon du bateau que n
" bateau que nous avons pris à
",210881,Ostende,,LOC,210888,", car nous avons quitté Bruxel"
"stende, car nous avons quitté ",210912,Bruxelles,,LOC,210921," par le pre-
mier train du mat"
"
superbe et nous arriverons à ",211017,Cannon Street,,LOC,211030," à cinq
heures. Nous pourrons "
" coquin qu'on devrait
pendre. ",211468,oo,,MISC,211470,"

— Bah! dit Roger, à quoi bon"
"n qu'on devrait
pendre. oo

— ",211474,Bah!,,MISC,211478," dit Roger, à quoi bon déshono"
"e et j'aime la ri-
solade ; à ",211581,Prudhomme,,PER,211590, décapité je préfère Prudhomme
Prudhomme décapité je préfère ,211611,Prudhomme,,PER,211620,"
dévalisé. C’est égal, je voud"
 belge et s’allonge déjà vers ,211765,Venise,,LOC,211771,".

— Ah! Venise, Venise! soupi"
"’allonge déjà vers Venise.

— ",211776,Ah!,,MISC,211779," Venise, Venise! soupire Roger"
"onge déjà vers Venise.

— Ah! ",211780,Venise,,LOC,211786,", Venise! soupire Roger-la-Hon"
"à vers Venise.

— Ah! Venise, ",211788,Venise!,,MISC,211795," soupire Roger-la-Honte
en s'é"
"— Ah! Venise, Venise! soupire ",211804,Roger-la-Honte,,PER,211818,"
en s'étendant sur une couchet"
ommeil du juste; et ses rêves ,211899,"vo-
guent",,PER,211908, en gondole sur les flots du C
t en gondole sur les flots du ,211937,Canalazzo,,LOC,211946,".

7 + en

VIT

DANS LEQUEL O"
"analazzo.

7 + en

VIT

DANS ",211968,LEQUEL,,ORG,211974," ON APPREND, ENTRE AUTRES CHOS"
"
7 + en

VIT

DANS LEQUEL ON ",211978,APPREND,,ORG,211985,", ENTRE AUTRES CHOSES,
CE QUE "
"
VIT

DANS LEQUEL ON APPREND, ",211987,ENTRE AUTRES,,ORG,211999," CHOSES,
CE QUE DEVIENNENT LES"
"APPREND, ENTRE AUTRES CHOSES,
",212008,CE,,ORG,212010, QUE DEVIENNENT LES ANCIENS NO
", ENTRE AUTRES CHOSES,
CE QUE ",212015,DEVIENNENT,,ORG,212025," LES ANCIENS NOTAIRES

— Mon a"
" NOTAIRES

— Mon avis, me dit ",212067,Roger-la-Honte,,LOC,212081," dans le cab
que nous venons d"
me dit Roger-la-Honte dans le ,212090,cab,,ORG,212093,"
que nous venons de prendre à "
"
que nous venons de prendre à ",212123,Cannon Street,,LOC,212136,", c’est
que si Paternoster nou"
"Paternoster ? Qui est-ce ?

— ",212275,Ah !,,MISC,212279," oui, tu ne sais pas. C’est l’"
 sais pas. C’est l’homme chez ,212320,le-,,PER,212323,"
quel nous allons laver nos pa"
"i, mais celui quile porte est ",212434,Français,,LOC,212442,". C'est
vrai, Gà; tu nes au co"
"rte est Français. C'est
vrai, ",212456,Gà,,LOC,212458,; tu nes au courant de rien ; 
"mais dans quel-
ques jours... ",212518,Eh!,,MISC,212521," bien, Paternoster, c’est un a"
"quel-
ques jours... Eh! bien, ",212528,Paternoster,,MISC,212539,", c’est un ancien
officier min"
" les
choses se sont passées : ",212913,Paternoster,,PER,212924," était marié avec

— tm cmt
…."
"ternoster était marié avec

— ",212945,tm cmt,,PER,212951,"
…. dune nes mme 7 sr
ee a

 
"
"était marié avec

— tm cmt
…. ",212955,"dune nes mme 7 sr
ee",,MISC,212975," a

 

+ 1 $

;

LE VOLEUR. :"
"e 7 sr
ee a

 

+ 1 $

;

LE ",212996,VOLEUR,,LOC,213002,". : oi JO

une femme très joli"
"ublié le nom qu'il portait
en ",213291,France,,LOC,213297," — le savait, mais fermait les"
"re raison, sur ce chapitre, à
",213554,Paternoster,,LOC,213565,? C’est assez facile à expliqu
n divorce fut prononcé contre ,213756,Paternos-,,MISC,213765,"
ter ; le soir même, cet excel"
apidés dans des opérations de ,214130,Bourse,,LOC,214136,", et qu’on n’en
retrouva pas u"
"int,
jusqu'ici, quel bénéfice ",214255,Paternoster,,PER,214266," avait retiré de sa
complaisan"
"ours après sa condam-
nation, ",214356,1l,,PER,214358," fut relâché clandestinement.
"
ment les choses se passent en ,214548,France,,LOC,214554,"... Pater-
noster vint donc re"
hoses se passent en France... ,214558,"Pater-
noster",,PER,214571, vint donc retrouver à Londres
"
noster vint donc retrouver à ",214594,Londres,,LOC,214601," les écus dont il
avait dépoui"
"qui, au lieu de cascader
à la ",214681,Bourse,,LOC,214687,", étaient empilés soigneusemen"
rriver 1ci. J'étais un soir à ,214815,Victoria Station,,PER,214831,", par
hasard, et j'ai vu desce"
"bien reconnu, depuis, dans le ",214990,Pa-,,LOC,214993,"

106 LE VOLEUR

ternoster qu"
"UR

ternoster qui s’est mis à ",215037,trafñiquer,,PER,215047," avec nous; ce soir-
là, il'ét"
e la petite était la fille de ,215291,Pater-,,PER,215297,"
noster, une fille qu’il a eue"
l a eue d’un premier mariage. ,215350,"Ah!
nous voici arrivés...

Le",,MISC,215379," cab s'arrête, en effet, dans "
"Ah!
nous voici arrivés...

Le ",215380,cab,,ORG,215383," s'arrête, en effet, dans une "
"es
étroites qui sillonnent la ",215452,Cité de Londres,,LOC,215467,", devant une
haute maison noir"
"dont, bientôt, nous montons l’",215529,es-,,LOC,215532,"
calier. Au deuxième étage, Ro"
"s-
calier. Au deuxième étage, ",215560,Roger-la-Honte,,LOC,215574," tourne le
bouton d'une porte "
"
notre entrée, tend la main à ",216092,Roger-la-Honte,,LOC,216106," et m'ac-
cueille d’un profond"
"st de vos amis, je présume ?

",216283,Roger-la-Honte,,LOC,216297, me présente ; Paternoster se 
"
Roger-la-Honte me présente ; ",216312,Paternoster,,MISC,216323," se déclare
enchanté et contin"
"uleur, un grand nez, des yeux ",216629,verditres,,PER,216638," de chat
malfaisant diminués, "
"e
bouche qui paraît avoir été ",216787,feridue,,ORG,216794," d’un coup de caniï,
des cheve"
voir été feridue d’un coup de ,216808,caniï,,LOC,216813,",
des cheveux gris, légèrement"
" quelque chose, en effet, dit ",217517,Ro-,,PER,217520,"
cer-la-Honte en ouvrant son s"
" titres que nous
apportons de ",217634,Bruxelles,,LOC,217643,; vous allez nous donner votre
" ne vous croirait pas, ricane ",217852,Paternoster,,MISC,217863,". :

Donnez-vous donc la peine"
c la peine de vous asseoir... ,217913,"Oh!

Oh!",,MISC,217921, mais vous n'exagérez pas trop
"e francs. Malheureusement.

— ",218074,Ah ! dit Roger-la-Honte,,MISC,218097," avec un geste déses-
péré, vo"
"voilà que ça commence !.….

— ",218155,Attendez,,MISC,218163, donc que ce soit fini pour vo
"ce soit fini pour vous plain-
",218203,dre,,PER,218206,", interrompt Paternoster qui c"
"r vous plain-
dre, interrompt ",218219,Paternoster,,PER,218230," qui continue à feuilleter
les"
" avez été
faire ce coup-là en ",218379,Belgique,,LOC,218387,".

— Qui vous l’a dit ? demand"
"
— Qui vous l’a dit ? demande ",218419,Roger-la-Honte,,PER,218433,".

— Césont ces papiers eux-mê"
" ? demande Roger-la-Honte.

— ",218438,Césont,,LOC,218444, ces papiers eux-mêmes qui me 
"lacements de Belge. Jamais un
",218536,Français,,LOC,218544,", à l’heure actuelle, ne garni"
"moi. Il leur faut
des fonds d'",218872,Etats,,LOC,218877,", ou des valeurs garanties par"
"leurs garanties par les

f<

",218918,IUS8 LE VOLEUR,,PER,218932,"

Etats ; le reste ne représen"
"nt que possible,
vos coups en ",219170,France,,LOC,219176,". Voilà un bon pays! Vous n’y
"
t guère que dela Rente ou des ,219410,Chemins de fer,,ORG,219424,".
Excellent pays pour les vole"
"é
les capitaux. |

— Oui, dit ",219511,Roger-la-Honte,,PER,219525,". Mais quand on vous
apporte d"
"Mais quand on vous
apporte du ",219557,Crédit foncier,,ORG,219571," ou des emprunts de Villes,
vo"
it foncier ou des emprunts de ,219591,Villes,,MISC,219597,",
vous n'en voulez pas. -

— N"
"aussi
lopinion du ministre de ",219864,Perse,,LOC,219869,", et le premier secré-
taire d"
"r secré-
taire de l’ambassade ",219913,Ottomane,,LOC,219921," en tombait d’accord
avec moi,"
"e vous placez votre papier en
",220034,Orient,,MISC,220040,". | |

— Pour la plus grande p"
"la plus grande partie, répond ",220084,Paternoster,,PER,220095,",
et même en Extrême-Orient ; "
",
et même en Extrême-Orient ; ",220125,le Japon,,LOC,220133," y a pris goût
depuis quelques"
"oût
depuis quelques années et ",220174,la Chine,,LOC,220182," donne de belles
espérances, V"
"e donne de belles
espérances, ",220211,Voyez,,PER,220216,", Monsieur, comme le Progrès
c"
"es, Voyez, Monsieur, comme le ",220237,"Progrès
choisit, pour sa marche",,ORG,220268," en avant, les voies les plus
"
rtent à peine 3 pour cent à l’,220404,Eu-,,PER,220407,"
ropéen, touche, lui, ro ou 12"
"identale et les

rappoïts des ",220585,Blancs,,ORG,220591, et des Jaunes deviennent tous
"s

rappoïts des Blancs et des ",220599,Jaunes,,ORG,220605," deviennent tous les
jours plu"
ternels. Ce n’est pas tout. L',220670,Asiatique,,LOC,220679,",

enrichi grâce à vous, compr"
à nous faire courir ce fameux ,220841,"Péril
jaune",,MISC,220852, si joliment portraicturé par 
 si joliment portraicturé par ,220882,"l'Empereur d’Alle-

LE VOLEUR",,PER,220912," 109

magne, il nous souhaite,"
 les prospérités imaginables. ,221006,Ah !,,MISC,221010," vous faites le
bonheur de bie"
"’harmonie
universelle, répond ",221502,Paternoster,,MISC,221513," avec un sourire pa-
triarcal."
"ivraison, un petit travail de ",221693,"la-
vage",,PER,221701," ou de grattage, quelque peu s"
"comme c’est probable, il sera ",222055,Pair d'Angleterre,,MISC,222072," avant
peu. Ah! oui, continue "
" Pair d'Angleterre avant
peu. ",222084,Ah!,,MISC,222087," oui, continue Paternoster en "
" avant
peu. Ah! oui, continue ",222102,Paternoster,,MISC,222113," en poursuivant
son examen des"
"gneur japonais, un kaïmakan d'",222381,Asie Mineure,,LOC,222393,"
où un mandarin à bouton de cr"
"iez pour ça ?
* Nous faisons, ",222541,Roger-la-Honte,,MISC,222555," et moi, un signe
affirmatif. "
"'est une grosse somme, assure ",222623,Paternoster,,PER,222634," en
hochant la tête. Quand on "
"uand on pense, ajoute-t-il en ",222686,po-,,PER,222689,"
sant la main sur la pile de v"
" 7 _
#7 : . PORTA Se Me ns te ",222968,US,,LOC,222970, mn da at A tue Mars ue 2 . - 
"_
#7 : . PORTA Se Me ns te US ",222971,mn da at A,,PER,222981," tue Mars ue 2 . - those - ‘, "
Se Me ns te US mn da at A tue ,222986,Mars ue 2,,LOC,222995," . - those - ‘, Lrts
ri ° s © "
" tue Mars ue 2 . - those - ‘, ",223011,"Lrts
ri °",,MISC,223020," s © 4 TT s 7 4 “ - # . è 7 , "
" 4 TT s 7 4 “ - # . è 7 , “ « ",223054,Be,,LOC,223056," ,
. - + . 4 . “
Lu - s ‘ ss ."
"Lu - s ‘ ss . "" 4
s "" , ‘ , . ",223103,“Ars,,PER,223107,"
- 4 . 3 -, : - . # a AA
: 1 ."
", ‘ , . “Ars
- 4 . 3 -, : - . ",223125,# a AA,,MISC,223131,"
: 1 . . ‘ ‘ . ru ..
, : : ‘ +"
"-, : - . # a AA
: 1 . . ‘ ‘ . ",223146,ru,,LOC,223148," ..
, : : ‘ + : , +
. « # “1 :"
"..
, : : ‘ + : , +
. « # “1 : ",223179,"AE
os

IIO",,ORG,223189," . LE VOLEUR

le monde, et all"
" +
. « # “1 : AE
os

IIO . LE ",223195,VOLEUR,,LOC,223201,"

le monde, et allez donc ! au"
"UR

le monde, et allez donc ! ",223229,auhasard,,PER,223237," de la fourchette. Il
doit y'a"
"en répugnant,
même à voler... ",223326,Eh!,,MISC,223329," bien, mes amis, ces papiers t"
"u pe-
tit au grand, c’est une ",223495,Société anonyme,,ORG,223510,". Des action-
naires ignorants"
"enues par des
mains occultes. ",223762,oo,,MISC,223764,"

— Voilà un beau discours, di"
"— Voilà un beau discours, dit ",223796,Roger-la-Honte,,PER,223810,".
Monsieur Paternoster, il fau"
"discours, dit Roger-la-Honte.
",223812,Monsieur Paternoster,,PER,223832,", il faut poser votre candidat"
"sec, ricane Paternoster.
Mais ",223988,vousavez,,PER,223996, sans doute le droit de parler
"olle de ke
sottise humaine... ",224382,Eh !,,MISC,224386," bien, Messieurs, voici ce.que"
je vous propose : je garde la ,224447,Rente,,MISC,224452,", les Chemins de
fer et le Sue"
"pose : je garde la Rente, les ",224458,"Chemins de
fer et le Suez",,ORG,224483,", je vous rends toutes les val"
"ancs.

— Vous plaisantez, dit ",224600,Roger-la-Honte,,PER,224614," ; cinquante
mille francs, c’e"
"s à leur propriétaire, répond ",224778,"Pater-
noster",,PER,224791,. Figurez-vous que vous êtes d
nements. Il y aurait beaucoup ,225050,"À
dire là-dessus",,MISC,225066,". En tous cas, de tous les imp"
"payent le plus douloureust-

",225166,"Be D
EU

es tr",,MISC,225180," et vs, ra 1 Fe |

. fe
_ LE V"
"eust-

Be D
EU

es tr et vs, ",225188,"ra 1 Fe |

",,LOC,225199,". fe
_ LE VOLEUR | III

ment, "
"s tr et vs, ra 1 Fe |

. fe
_ ",225206,LE VOLEUR,,PER,225215," | III

ment, mais le plus con"
"ête homme est son bi-
tard. : ",225671,"| |

— Avez",,MISC,225682,-vous réfléchi en parlant ? de
"tiers-marrons
s'appellent les ",225891,Napoléon,,PER,225899," de la finance; et un coulis-
"
"s mieux.

— Nous allons voir. ",226164,Eh !,,MISC,226168," bien, je consens à gar-
der l"
"voir. Eh ! bien, je consens à ",226188,"gar-
der les valeurs industrielles",,PER,226222,", quoiqu’elles ne puissent
pas"
"ous me connaissez, mon-
sieur ",226417,Roger-la-Honte,,PER,226431,", bien que j'aie le plaisir de"
"tu voudras.

— C'est bon, dit ",226731,Roger,,PER,226736," ; nous acceptons. Mais
nous n"
".

— La voilà, ma caisse, dit ",226838,Paternoster,,PER,226849," en nous
montrant un sac noir,"
s acquiesçons d’un sourire et ,227496,Paternoster,,MISC,227507,", après
nous avoir compté les "
usqu’à la porte et se déclare ,227962,"pé-
nétré",,PER,227971, de l’espoir qu'il nous reverr
"il nous reverra avant peu.

= ",228017,Ah !,,MISC,228021," sapristi, j'oubliais ! s’écri"
"ères, un notaire du
centre de ",228130,la France,,LOC,228139,", m'a signalé l’autre jour un "
"t je veux vous la ré-
server. ",228333,fe,,LOC,228335, ne vous demanderai que dix po
"ns cinq
au confrère, ainsi... ",228448,"Gentil, hein",,MISC,228460," ?... Au revoir.

Nous descend"
 l'escalier en silence. Notre ,228523,cab,,ORG,228526,"
nous attend devant la maison "
end devant la maison ; nous y ,228565,montonset,,LOC,228574," Ko-
ger donne ‘au caby l’adre"
"maison ; nous y montonset Ko-
",228579,ger,,LOC,228582, donne ‘au caby l’adresse d’un
 caby l’adresse d’un hôtel du ,228622,West-End,,LOC,228630,".

— Malgré tout, dis-je quand"
mieux que ce que nous a donné ,228774,Paternoster,,MISC,228785,".

— Non, dit Roger; il ne man"
"it Roger; il ne manque pas, à ",228826,Londres,,LOC,228833,",
de gens exerçant le même mét"
"c'est
- crapule et compagnie. ",228912,Paternoster,,PER,228923," est encore le plus
honnête..."
"ous allons faire
une visite à ",229008,Broussaille,,LOC,229019,". |

— C’est une excellente id"
" excellente idée.

RENTE pet ",229065,Moines AL,,ORG,229074,"
ec ss
et :

LE VOLEUR 113

No"
" pet Moines AL
ec ss
et :

LE ",229090,VOLEUR,,LOC,229096," 113

Nous voilà partis. Le ca"
"UR 113

Nous voilà partis. Le ",229124,cab,,ORG,229127," file tout le long de Picca-
d"
. Le cab file tout le long de ,229149,"Picca-
dilly",,MISC,229161,", descend Brompton Roadets’arr"
"long de Picca-
dilly, descend ",229171,Brompton,,LOC,229179," Roadets’arrête,à Kensington,
"
"end Brompton Roadets’arrête,à ",229197,Kensington,,LOC,229207,",
devant une des petites maiso"
angulaire. Nous descendons et ,229297,Roger,,PER,229302," fait, à
plusieurs reprises, r"
; la maison semble inhabitée. ,229457,Lesstores,,MISC,229466," sont ti-
rés à toutes les fen"
" n’étlaire aucune lumière.

— ",229536,Bizarre !,,MISC,229545, dit Roger. Broussaille a dû s
"ière.

— Bizarre ! dit Roger. ",229557,Broussaille,,PER,229568," a dû sortir et la
bonne a pro"
là une maison bien tenue ! Je ,229691,"pa-
rie",,PER,229698, que Broussaille est à | « Emp
rie que Broussaille est à | « ,229725,Empire,,LOC,229731,". » Allons-y.

Nous y allons. "
"courons le promenoir sans que
",229846,Roger-la-Honte,,LOC,229860," ait pu apercevoir sa sœur. |
"
"sœur. |

— Vous n’avez pas vu ",229912,Broussaille,,PER,229923," ? demande-t-il à
toutes les f"
"ut à l’heure avec une
dame de ",230288,Paris,,LOC,230293,".

— Comment est-elle, cette d"
" que moi, mais assez forte.
— ",230446,Bon!,,MISC,230450," Je sais qui c’est. Merci.
— É"
"! Je sais qui c’est. Merci.
— ",230479,Écoute,,MISC,230485," un peu, dit la grande rousse "
"!
— Quel nouveau ? Quoi ?
. — ",230623,Âh !,,MISC,230627, je ne veux rien te raconter ;
", murmure la grande rousse
en ",230737,Séloignant,,PER,230747,".

114 _ LE VOLEUR

— Je me d"
"ce qu’elle veut dire, s’écrie ",230814,Ro-,,PER,230817,"
ger en descendant l'escalier."
"lle est à deux pas d'ici, à l’",230916,"hôtel
Pathis",,LOC,230928, ; j'en suis certain ; Ida ne 
"
Pathis ; j'en suis certain ; ",230951,Ida,,PER,230954," ne descend jamais
autre part."
"descend jamais
autre part.

— ",230988,Jda,,PER,230991,", c’est la dame de Paris ?

— "
"art.

— Jda, c’est la dame de ",231010,Paris,,LOC,231015," ?

— Oui ; une sage-femme trè"
"comprends, c’est ici comme en ",231155,France,,LOC,231161,".

— Oui, on ne parvient pas t"
vient pas toujours à interner ,231210,"Cu-
pidon",,PER,231219," dans un cul-de-sac, et alors."
"rs, on envoie un télégramme à ",231286,Ida,,MISC,231289," qui a tou-
jours son aiguille"
"ui a tou-
jours son aiguille, ",231321,landerirette,,LOC,231333,", au bout du doigt,
comme Mimi"
"ette, au bout du doigt,
comme ",231359,Mimi Pinson,,PER,231370,". Du reste, elle peut rester f"
" rester fille,
toujours comme ",231421,Mimi Pinson,,PER,231432,", car c’est une bonne
fille. |"
ous chercher en courant. Nous ,231599,montons,,LOC,231606," au. second
étage et nous somm"
ouverte encore des reliefs du ,231722,"di-
ner",,ORG,231729,", deux femmes sont assises qui"
La plus jeune saute au cou de ,231818,Roger-li-,,PER,231827,"
Honte qui l’embrasse avec eff"
"pour de-
mander du champagne. ",232064,"| |

",,MISC,232069,— Quelle mauvaise idée vous av
"r vous faire inviter à diner, ",232150,dit-ellè,,PER,232158,"; nous
nous sommes ennuyées à "
"s à mourir, toutes seulés.

— ",232214,Îl,,LOC,232216, aurait fallu deviner ta prése
t fallu deviner ta présence à ,232252,Londres,,LOC,232259,",
répond Roger ; et d’ailleurs"
"ta présence à Londres,
répond ",232268,Roger,,PER,232273," ; et d’ailleurs, mon ami Rand"
"ndal n'aurait
pas osé. | |

— ",232331,Vraiment!,,MISC,232340, s’écrie Ida; êtes-vous timide
"osé. | |

— Vraiment! s’écrie ",232349,Ida,,PER,232352,"; êtes-vous timide à ce
point-"
"s êtes chaï- :

mante.

nm Te ",232518,PTE Pet DE D,,LOC,232530,"

. PRTÉSRREXS,

LE VOLEUR . "
"ante.

nm Te PTE Pet DE D

. ",232535,PRTÉSRREXS,,ORG,232545,",

LE VOLEUR . 115

— À la bon"
" Pet DE D

. PRTÉSRREXS,

LE ",232551,VOLEUR,,LOC,232557," . 115

— À la bonne heure, di"
" prudence à
ton âge ? demande ",232748,Ida,,PER,232751," en rougissant un peu.

Le fai"
n’est pas mal du tout; pas de ,232825,Îa,,LOC,232827,"
première jeunesse, bien enten"
"les
pommettes un peu rouges ; ",233283,"La peau d’un éclat très vif
avec comme un léger nuage cendré",,MISC,233343,", par dessous;
beaucoup du ton"
"double, si fréquente chez les ",233619,Pari-,,LOC,233624,"
siennes, qui leur donne l'att"
up ; une mignonne fossette au ,233833,menton,,LOC,233839,".

— Je vous préviens que Brou"
" vous ne regardez que moi.

— ",233938,"Âh l'dis-je, je me livrais à l’éternelle",,MISC,233978," comparai-
son entre la grâce "
"t la majesté des
brunes. Mais ",234051,mademoiselle Broussaille,,PER,234075," n’y perdra
rien pour avoir at"
"le est restée au couvent, dit ",234155,Brous-,,LOC,234161,"
Saille, et il faut l’y laisse"
"restée au couvent, dit Brous-
",234162,Saille,,LOC,234168,", et il faut l’y laisser ; app"
faire pardonner; je l'appelle ,234355,Brous-,,MISC,234361,"
saille et je la tutoierai mêm"
"tite cocotte ; elle a tout le
",234479,Charme d’un jeune faon,,MISC,234501,", d’un gracieux petit ani-

1"
"gracieux petit ani-

116 | _ ",234538,LE VOLEUR,,PER,234547,"

mal, la souplesse et la rond"
e peau fraîche et satinée sur ,234812,la-,,LOC,234815,"
quelle glissent les ombres ; "
"nité. C’est une simple
et une ",235515,Jolie,,LOC,235520,". | |

C’est une petite bête, "
"sième bouteille de
champagne, ",235644,Roger-la-Honte,,LOC,235658," à voulu savoir quelle était
l"
"faite par la grande rousse, à ",235777,l'Empire,,LOC,235785," ; et il a de-
mandé aussi des"
"son de Kensington. Là-dessus, ",235895,Brous-,,MISC,235901,"
saille s’est troublée visible"
ouragement dans les regards d’,235991,Ida,,PER,235994,", et a fini par
raconter une p"
"stoire. Il y a trois mois en-
",236065,viron,,PER,236070,", elle a acheté à un Ju'f pour"
"en-
viron, elle a acheté à un ",236091,Ju'f,,LOC,236095," pour trois cents livres
de bi"
"êt ; de plus, elle a donné
au ",236233,Juif,,MISC,236237,", qui avait promis de renouvel"
" mois tombait
avant-hier ; le ",236397,Juif,,MISC,236401, a refusé de renouveler les ef
"-
levé le mobilier. |

1 Des
",236572,UT,,ORG,236574,"
Us

PA

LE VOLEUR . | 117

— "
"evé le mobilier. |

1 Des
UT
",236575,"Us

PA

LE VOLEUR",,MISC,236592," . | 117

— Tu vois si j’ai du"
"plus une

_chaise.chez moi... ",236722,Ah!,,MISC,236725," c’est horrible.

— Ne la gron"
"la gronde pas, Roger, implore ",236778,Ida,,PER,236781,". Elle est
un peu étourdie, tu"
"s pareilles.

— Non, sanglote ",236918,Broussaille,,PER,236929," ; non, je ne le ferai
plus ja"
" rit à

.… gorge déployée.

— ",237056,Ah!,,MISC,237059, ah! C’est vraiment drôle! Je 
"e commander un mobilier...

— ",237465,Ah!,,MISC,237468, dit Broussaille dont les larm
"der un mobilier...

— Ah! dit ",237473,Broussaille,,PER,237484," dont les larmes se sèchent
co"
" je t'en coûte, de l’argent !
",237565,Et tu as,,MISC,237573, tant de mal à le gagner ! Ça 
 as tant de mal à le gagner ! ,237600,Ça,,MISC,237602," ne fait rien, va;
je te rendr"
" jours, et tu
pourras aller à ",237687,Venise,,LOC,237693,... ‘Quand je pense qu'avec ce
" suis furieuse contre moi.

— ",237826,Ést,,PER,237829,-elle gentille ! murmure Ida. 
"Roger. Ne parlons plus de ça.
",237929,Irai,,LOC,237933, à Venise une autre fois... Pa
"Ne parlons plus de ça.
Irai à ",237936,Venise,,LOC,237942, une autre fois... Passe-moi c
ai à Venise une autre fois... ,237961,Passe-moi,,LOC,237970," cette bou-
teille, là-bas. Ma"
" fois... Passe-moi cette bou-
",237982,teille,,LOC,237988,", là-bas. Mais quant à ton Jui"
"lle, là-bas. Mais quant à ton ",238015,Juif,,MISC,238019,", continue-t-il
en faisant sau"
"raccourcirai le nez
et je lui ",238102,allongerai,,PER,238112," les oreilles, pas plus tard q"
"sûr queses bijoux ne valaient
",238202,PaS troïs,,LOC,238211, mille francs. C’est le père B
"père Binocar, au
Moins ? Oui. ",238265,Eh !,,MISC,238269," bien, il payera la différence"
"ura du
toupet.…

Ah l's'écrie ",238385,Ida,,PER,238388,", fais attention. Ne va pas tr"
"ttention. Ne va pas trop
On ; ",238426,Un mauvais coup,,MISC,238441,. est si vite donné ! Et ça co
"nce !

— Tu as raison, répond ",238601,Roger,,PER,238606," ; mais si tu mettais
tes préc"
"ez n’est pas sans dangers.

— ",238862,Oh !,,MISC,238866," vous savez, quand on est adro"
"! Chaque fois qu'ils
peuvent, ",239069,Nous leur faisons concurrence,,MISC,239098,", tu com-
prends; ils voudraie"
"u'ils font ! C'est du propre.
",239215,En voilà,,MISC,239223,", des charcutiers sans conscie"
"tropient les femmes.

— Et la ",239326,Justice,,MISC,239333,", dis-je, ne tient guère la ba"
"
ces soi-disant savants de la ",240076,Faculté,,ORG,240083,". C’est le prestige
abrutissan"
"é de leur science impl-

APE ",240327,"f Dot
Boer",,LOC,240337,"
st '

LE VOLEUR | 119

toyabl"
"qui est
en train de dépeupler ",240552,la France,,LOC,240561,". — On cherche des
remèdes, di"
"— On cherche des
remèdes, dit ",240593,Roger,,PER,240598,"; on parle d’un impôt sur les
"
" Ce serait
moins ridicule.

— ",240765,Ah!,,MISC,240768," oui, dit Ida, quel troupeau d"
"ins ridicule.

— Ah! oui, dit ",240778,Ida,,PER,240781,", quel troupeau d'ânes, ces lé"
orsque la femme sera libre en ,241181,France,,LOC,241187,", dit

Roger, la France cesser"
"me sera libre en France, dit

",241194,Roger,,PER,241199,", la France cessera d’être la "
" libre en France, dit

Roger, ",241201,la France,,LOC,241210, cessera d’être la France — la
"ger, la France cessera d’être ",241226,la France,,LOC,241235," — la France
qu'elle est. — Le"
ce cessera d’être la France — ,241238,la France,,LOC,241247,"
qu'elle est. — Les législateu"
"tent
point, sois-en certaine. ",241375,Conclusion,,MISC,241385,".
.— Conclusion : il faut cont"
"s-en certaine. Conclusion.
.— ",241390,Conclusion,,MISC,241400," : il faut continuer. Eh bien,"
ue sur les navires qui vont à ,241743,Terre-Neuve,,LOC,241754,",
à condition qu'ils aideront "
"Saint, depuis que j'ai appris ",241962,ça,,MISC,241964,".

— Rien que ça de luxe ! dit"
"n que les affaires

marchent. ",242081,Eh!,,MISC,242084," bien, moi, je pense que les r"
"iteraient qu’on leur coupât

",242176,f20 LE,,LOC,242182," VOLEUR

le cou ; et quant aux"
" ou amateurs qui pullulent
en ",242799,France,,LOC,242805, et qui veillent à ce qu’elles
"la bourgeoisie avorteuse.

_— ",243258,Bravo!,,MISC,243264, crie Roger-la-Honte. Vilipend
"ie avorteuse.

_— Bravo! crie ",243270,Roger-la-Honte,,PER,243284,". Vilipendons la
bourgeoisie !"
"sommes obligés d’en vivre.

— ",243393,Ah!,,MISC,243396," dit Ida, on n’en dira jamais "
" ce qu'il en
faudrait dire... ",243455,Oh!,,MISC,243458," à propos, Roger, j'ai revu ma"
"audrait dire... Oh! à propos, ",243469,Roger,,PER,243474,", j'ai revu ma
cliente. Tu sai"
j'avais mise en rapports avec ,243571,Canonmer,,PER,243579," et qui lui 2
donné de si bons"
_ jour où je suis partie pour ,243674,Londres,,LOC,243681,", et m'a dit de faire
mon poss"
" |
- — Attends un peu, répond ",243834,Roger,,PER,243839,"; il faut que Je
réfléchisse.…"
"eu, répond Roger; il faut que ",243853,"Je
réfléchisse",,MISC,243867,.… Et toujours pas de nouvelle
 toujours pas de nouvelles de ,243902,Canon-,,LOC,243908,"
nier ? |

— Non; depuis plus "
'est qu'il s'était échappé de ,244002,Cayenne,,LOC,244009,", il y 2
six mois... On dit qu"
x mois... On dit qu’il est en ,244050,Amérique,,LOC,244058,"... C'est 51

DR ré enr Da fe"
"est en Amérique... C'est 51

",244073,DR,,ORG,244075, ré enr Da fe Joue te merite n
 fe Joue te merite nas tra ne ,244115,ue Fm Lo ent ms,,ORG,244130," ses mr
ME 7 ai \: É ‘ es “7 s"
as tra ne ue Fm Lo ent ms ses ,244135,"mr
ME",,PER,244140," 7 ai \: É ‘ es “7 s 4
ns: , ."
"+ ‘ - - s
» - .
Ni . ""

—
2 -
",244210,AT,,ORG,244212,"
tes
Lt

4:

LE VOLEUR ji

fil"
de magistrats. Je l'ai vue au ,244324,Bois,,LOC,244328," et au théâtre, plu-

sieurs f"
" -

— C’est tout naturel, dit ",244457,Roger,,PER,244462,"; son père est le
roi des vole"
" voleurs... Ma foi, ma petite ",244517,Ida,,MISC,244520,", j’en suis dé-
solée, mais je"
" ma petite Ida, j’en suis dé-
",244536,solée,,LOC,244541,", mais je ne peux pas aller à "
", mais je ne peux pas aller à ",244571,Paris,,LOC,244576,". J'ai promus à
un camarade de"
"en Suisse, et ça va venir ces ",244682,Jours-ci,,MISC,244690,".
Tout à fait désolé... Mais, "
". |

— Oui, pourquoi? demande ",244799,Ida,,PER,244802," en se tournant
vers moi. |

J"
rai. Je manque d'expérience ? ,244918,Ça,,MISC,244920," ne fait rien. C'est’
en forge"
"orgeron. Je viendrai
chercher ",244999,Ida demain soir,,MISC,245014," et nous prendrons le train
en"
"ndrons le train
ensemble pour ",245056,la Ville-Lumière,,LOC,245072,". Nous nous levons,
Roger et m"
"s levons,
Roger et moi. |

_— ",245112,Comment !,,MISC,245121, s'écrie Idä ; vous partez déj
" moi. |

_— Comment ! s'écrie ",245130,Idä,,PER,245133," ; vous partez déjà ? Et il
ne"
" qui va-t-on
nous prendre? |

",245226,Maïs,,MISC,245230, ses objurgations n’ont aucun 
" . » 9 ° . f
par l'inexorable ",245418,Juif,,MISC,245422, et à qui elle a offert l'hosp
"spitalité.

S'il avait pensé, ",245480,cet Hébreu,,MISC,245490," malfaisant, qu'il met-
tait d"
ment sur la paille la sœur de ,245559,"Roger-la-
Honte",,PER,245574,", il pourra bientôt s’apercevo"
"de son erreur.
Broussaille et ",245637,Ida,,PER,245640, sont venues nous voir aujourd
"s quoi, nous avons couru les

",245833,Magasins,,LOC,245841,", pendant toute l'après-midi, "
" employé la matinée, Roger et
",246045,Mol,,PER,246048,", à déposer la plus grande par"
" lui
servent, à cet excellent ",246301,Issacar,,MISC,246308," ! Je lui souhaite
bonne chanc"
"ans le train qui m’éloigne de
",246601,Londres,,LOC,246608,. Ida est assise en face de mo
sise en face de moi; mais son ,246650,"ba-
bil",,PER,246657, ne parvient guère à me distra
"vous déjà gagné le spleen, en
",246896,Angleterre,,LOC,246906," ? |

—. J'espère que non ; ma"
"|

—. J'espère que non ; mais ",246939,je'ine,,PER,246945," laissais aller à des
méditati"
" je me demandais com-
ment la ",247025,Société,,ORG,247032, actuelle ferait pour se maint
"voleurs et sans putains. |

— ",247103,Oh ! dit Ida,,MISC,247115,", voilà une grande question! V"
"a, voilà une grande question! ",247144,Vou-,,ORG,247148,"
lez-vous que je vous donne mo"
versée est belle et courte. À ,247277,Calais,,LOC,247283,", nous nous
trouvons seuls dan"
"s dans notre compartiment.

— ",247338,Âvez,,LOC,247342,-vous un domicile à Paris ? me
"t.

— Âvez-vous un domicile à ",247362,Paris,,LOC,247367," ? me demande Ida.

— Non, je "
domicile à Paris ? me demande ,247381,Ida,,PER,247384,".

— Non, je n'en ai plus; mai"
" Laissez-vous donc faire, dit ",247677,Ida,,PER,247680," ; vous ne serez
pas dérangé ;"
"ricain. Si saint Vin-
cent de ",247865,Paule,,PER,247870," vivait encore, je suis sûre q"
être plus difficile que saint ,248001,"Vincent
de Paul",,PER,248016,", et je promets de me laisser "
finiriez par entendre raison. ,248139,Ah !,,MISC,248143," que je serais
contente d’être"
"ourtant mon
grand manteau.

— ",248283,Ah!,,MISC,248286, moi qui oubliais... J'ai just
l est beau. Maïs comment ?... ,248423,Oh!,,MISC,248426,"
que je suis sotte!... Vous m'"
"IRE CINQUANTE MILLE FRANCS DE
",248882,RENTE SANS,,ORG,248892," ÉLEVER DE LAPINS

Souvent, la"
ofonde vérité que me rappelle ,248995,Ida,,MISC,248998,", quelques
instants avant l’ar"
"Est-ce que tu crois vraiment, ",249729,Ida,,PER,249732,", qu’elles s’en-
flament aussi"
"riminels ?

— Si je le crois! ",249814,Ah!,,MISC,249817," Seigneur ! Mais j'en suis

E"
"nels ?

— Si je le crois! Ah! ",249818,Seigneur !,,MISC,249828," Mais j'en suis

Es ne
3

= e"
"LE VOLEUR 125

sûre, mon ami; ",249897,J'ai,,MISC,249901," vu tant de choses, à ce sujet"
ai reçu tant de confessions | ,249971,Ecoute,,MISC,249977,": si tu pouvais
écrire sur ton"
lais ensuite faire un tour au ,250137,Bois,,LOC,250141," et sur le boule-
vard, les fa"
"tour au Bois et sur le boule-
",250159,vard,,LOC,250163,", les facteurs gémiraient le l"
"nt bien démodés. Plus latmos-
",250365,phère,,PER,250370, qu'on respire est artificiell
"l ; aujourd’hui, on a soif de ",250520,Cartouche,,PER,250529,".
Un voleur, Madame! Un vrai v"
"soif de Cartouche.
Un voleur, ",250542,Madame!,,MISC,250549," Un vrai voleur ! Un criminel
"
st-ce que le cœur vient faire ,250826,"Là ?

—",,MISC,250833, Ce qu'il fait partout ailleur
"i je te parle ainsi, continue ",250927,Ida,,MISC,250930,",
crois bien que ce n’est poin"
" et, s’il nous arrive de nous
",251032,SSuvenir,,MISC,251040, que nous sommes de sexes diff
 restons pas moins camarades. ,251117,f’,,PER,251119,"aime ma liberté
plus que tout "
"rouver exposé. Ne reste
pas à ",251353,Paris,,LOC,251358, ; viens-y lorsqu'il te plaira
"n-
sure, mais c’est la bonne. ",251701,oo,,MISC,251703,".

— Je n’en doute pas. Mais, "
"cher la femme.

— Hélas ! dit ",251820,fda,,ORG,251823,", elle ne sera peut-être pas d"
"être pas difficile

126 . LE ",251873,VOLEUR,,LOC,251879,"

à trouver. J'ai connu des ho"
"raconterais l’his-
_ toire de ",252054,Canonnier,,MISC,252063, ; ce sera pour une autre fois
" est sa position sociale ?

— ",252666,Ah !,,MISC,252670,"ça, mon petit, permets-moi de "
"te entre, dit quelques mots à ",252951,Ida,,MISC,252954," et se
retire. |

— Elle. est "
"re. |

— Elle. est là, me dit ",252995,Ida,,PER,252998,". Viens avec moi ; je vais
te "
"ûre que
vous m'avez comprise. ",253362,Ah !,,MISC,253366," l’on à bien raison, Mon-
sieu"
"ise. Ah ! l’on à bien raison, ",253387,"Mon-
sieur | | LL
Je hoche la tête d’un air",,PER,253430," attristé, mais convaincu.
— P"
"E VOLEUR 12%

— Certainement, ",253753,Madame,,PER,253759,", dis-je d’un ton pé-
remptoir"
"t beaucoup moins prompt !
._— ",253830,Ah!,,MISC,253833," Monsieur, si vous saviez quel"
e seule. Mais le monde est si ,254077,"mé-
chañt",,PER,254086,", aujourd'hui... Vous savez, M"
" sur
le bord, me direz-vous ? ",254423,Ah!,,MISC,254426," Monsieur, que je vou-
drais n"
"Il vint me voir et me dit :
« ",254772,Renée,,PER,254777," »... — je m'appelle Renée, Mo"
":
« Renée »... — je m'appelle ",254798,Renée,,PER,254803,", Monsieur ; dési-
gnez-moi pa"
"pelle Renée, Monsieur ; dési-
",254822,gnez,,LOC,254826,-moi par ce nom quand vous aur
"he pas. Mais la
famille, pour ",255247,moï,,PER,255250,", c’est sacré. J’ai toujours a"
"ait son vieux père aveugle...
",255342,Voyons,,PER,255348,", il y avait un si beau tablea"
"si beau tableau là-dessus, au
",255394,Salon,,LOC,255399, ! Cette jeune fille... Ah! c’
"
Salon ! Cette jeune fille... ",255423,Ah!,,MISC,255426," c’est une Grecque ;
VOus voye"
 jeune fille... Ah! c’est une ,255437,Grecque,,MISC,255444," ;
VOus voyez que je commence "
"le... Ah! c’est une Grecque ;
",255447,VOus,,LOC,255451, voyez que je commence à me so
" tout. Non, je ne peux
pas... ",255551,Ça,,MISC,255553, ne fait rien... Ah! c'était s
"eux
pas... Ça ne fait rien... ",255570,Ah!,,MISC,255573," c'était si joli, ce ta-
bleau"
"nt pendant une demi-heure. On
",255650,Voyait,,LOC,255656," l’Acropole, dans le fond. C’e"
"t une demi-heure. On
Voyait l’",255659,Acropole,,LOC,255667,", dans le fond. C’est admirabl"
"ble,

..
1

128 LE VOLEUR

l’",255725,Acropole,,LOC,255733, ; tout le monde le dit. C’est
"le dit. C’est dommage que
les ",255780,Anglais,,LOC,255787, aient tout abimé. Quels sauva
"ut abimé. Quels sauvages, ces
",255826,Anglais,,LOC,255833,"! Jen ai connu un, l’année der"
"ue vous aimez.
la peinture de ",255950,Bouguereau,,PER,255960," ? |

— Madame, dis-je en répr"
"peinture de Bouguereau ? |

— ",255968,Madame,,PER,255974,", dis-je en réprimant une grim"
"ous conso-
‘ler de la mort de ",256155,Cabanel,,PER,256162,". Je suis bien contente que
no"
"l faut me tirer de là 5, je n’",256396,"hé-
sitai",,PER,256405, point à lui déclarer que j'al
"e. Je crois devoir vous dire, ",256668,Mon-,,ORG,256672,"
sieur, quelles idées me vinre"
"t insinuante, impa-
tiente et ",256893,cajoleuse,,MISC,256902,", où l’émotion sursaute tandis"
"et qui s’est fait coiffer par
",257905,Virot,,PER,257910," d’une capote minuscule, naïve"
"ler
voler dans les magasins ! ",258061,Croiriez,,PER,258069,"-vous des choses pa-
reilles ?"
"t à la mode.
Vous auriez été, ",258172,Madame,,PER,258178,", en fort bonne compagnie
à cô"
" vous
aviez besoin pour...

— ",258436,Ah!,,MISC,258439," dit-elle en faisant la moue, "
" |

— Je vous demande pardon, ",258726,Madame,,PER,258732,". J’admets
très bien qu’une fe"
"ns des passes.

— À en faire? ",258830,Oh!,,MISC,258833," certainement. Mais, voyez-
vo"
lus compter ; les hommes sont ,259056,deverius,,PER,259064," telle-
ment inconstants! Autr"
" donner au monde ? Son
mari ? ",259730,Ça,,MISC,259732, ne compte plus... Ah ! si l’o
"n
mari ? Ça ne compte plus... ",259751,Ah !,,MISC,259755," si l’on avait des en-
fants, "
" avait des en-
fants, encore! ",259793,Maïs,,MISC,259797," on n’en a plus. Que voulez-
v"
a famille comme elle l’est en ,259918,France,,LOC,259924,",
veut avoir à juste titre, lo"
"en avoir, il est trop tard... ",260120,Ah!,,MISC,260123," vous pou-
vez le demander à I"
"st trop tard... Ah! vous pou-
",260134,vez,,ORG,260137, le demander à Ida : elle m'a 
"! vous pou-
vez le demander à ",260152,Ida,,PER,260155, : elle m'a vue pleurer bien d
Vous savez sans doute comment ,260383,Ida,,PER,260386," m'a mise en
rapports avec M. "
"ais à quel saint me vouer. Un
",260971,Russe,,LOC,260976,", qui m'avait promis monts et "
"t manqué de parole. Un Russe, ",261054,Monsieur !,,MISC,261064,".…
Après ça, il fallait tirer "
il fallait tirer l'échelle... ,261107,Ida,,LOC,261110,", à qui j'avais
fait part de m"
"des fortunes chez eux,
soit à ",261291,Paris,,LOC,261296,", soit à la campagne, et des m"
"suis toujours instruite. Oui,
",261387,Ida,,PER,261390," m'avait presque décidée, et M"
"çon si originale de voir

LE ",261597,VOLEUR,,LOC,261603," . SI

les choses... et ce pou"
"ose me dit que vous sortez de
",262261,Polytechnique,,ORG,262274, ; il me semble vous voir avec
"sque ! Comme elle me plurait,
",262517,Si J'étais homme!,,MISC,262534," Vous devez avoir eu des tas
d"
"re ça. |

— J'en suis désolé, ",262648,Madame,,PER,262654,", mais je ne saurais
trouver d"
"ote de vos intentions, répond ",263037,Re-,,ORG,263040,"
née en souriant. Mais vous ne"
"e même. M. Canonnier était

À
",263150,LL,,LOC,263152,"

Comme vous ; il n’a jamais r"
"x sont toujours

-Excellents. ",263378,II,,PER,263380, me donnait so pour cent sur l
"aît que c’est le prix.
— Non, ",263510,Madame,,PER,263516,", dis-je froidement, car je me"
avertissements que m'a donnés ,263613,Ida,,PER,263616,". Non,
Madame, ce n'est pas le"
"ents que m'a donnés Ida. Non,
",263623,Madame,,PER,263629,", ce n'est pas le prix. Le pri"
vantage. Je m'étonne même que ,263752,Canonnier,,MISC,263761," ait pu
vous offrir ce que vou"
"st
si peu! Moi, je disais $o. ",264142,Eh!,,MISC,264145," bien, coupons la
poire en deu"
"imenttde ne pouvoir le faire,
",264268,Madame,,PER,264274,. Mais je ne puis vous donner 
"enir ici, Monsieur ; un cos-
 ",264852,tume de trottin,,PER,264867,", qui ne vaut pas vingt-cinq l"
"n, qui ne vaut pas vingt-cinq ",264896,louis,,PER,264901,";

mais les dessous, c'est obl"
"éferler sur ses
jambes fines. ",265120,Ah !,,MISC,265124," la délicieuse poupée !.…

Att"
"h ! la délicieuse poupée !.…

",265151,Attention !,,MISC,265162, Pas de bêtises — ou ‘les 33 p
"ment dans les miens.

*

- ia
",265450,pt,,ORG,265452,"
: , .""
Lame e

. . 4 + ‘
BAF"
"les miens.

*

- ia
pt
: , .""
",265460,"Lame e

",,MISC,265469,". . 4 + ‘
BAFA mnt Mia eus ps "
"
pt
: , .""
Lame e

. . 4 + ‘
",265479,BAFA mnt,,MISC,265487," Mia eus ps Maude RE PE LS '
s"
". . 4 + ‘
BAFA mnt Mia eus ps ",265499,Maude RE PE LS,,PER,265513," '
ss” n a . . ï
és : . ,
. 4
"
"t Mia eus ps Maude RE PE LS '
",265516,ss”,,MISC,265519," n a . . ï
és : . ,
. 4

LE VO"
"LS '
ss” n a . . ï
és : . ,
. ",265541,"4

LE",,MISC,265546," VOLEUR 133

— Alors, toujours"
toutes nos communications par ,265813,Ida,,PER,265816,",
n'est-ce pas ? J'ai toute co"
"romettrez jamais.
D'ailleurs, ",265933,Ida,,PER,265936, m’en a assurée. C’est telleme
a... Il y a un coup à faire à ,266071,Paris,,LOC,266076,", ac-
tuellement, et deux vill"
"
vous donner les indications. ",266218,Ah !,,MISC,266222," l’argent, l’argent!
Il me fau"
"roque ; et croyez-bien, chère ",266663,Madame,,PER,266669,", que si
je pouvais vous offri"
"ardies, les fières voleuses !
",266969,Voleuses,,MISC,266977," de tout ce qu’on veut, et de "
"eurs passions sont en jeu.

— ",267237,Éh!,,MISC,267240," bien, me demande Ida qui est "
" jeu.

— Éh! bien, me demande ",267258,Ida,,PER,267261," qui est venue me
rejoindre, q"
Mais quelle inconscience !... ,267377,Ah!,,MISC,267380," mon

_ Cher, elle n’est pas l"
"e la tête, la tourne aussi à

",267501,"S

34 LE VOLEUR",,MISC,267517,"

bien d’autres. Il n'y a plus"
" que nous méritons,
nous, les ",267878,Barbares de la Décadence,,MISC,267902,". |

— C'était l’avis de Canon"
"dence. |

— C'était l’avis de ",267927,Canonnier,,MISC,267936,"; il disait aussi que
la coutu"
" nous voir après-demain. |

— ",268335,Elle !,,MISC,268341," dit Ida en riant, elle viendr"
"après-demain. |

— Elle ! dit ",268346,Ida,,PER,268349," en riant, elle viendrait plut"
"e ses amis et connaissances ?
",268812,Sois,,LOC,268816," tranquille, les indications q"
", en effet. Le coup à faire à ",268933,Paris,,LOC,268938,"
était d’une simplicité enfant"
our moi; le métier commence à ,269024,m'’entrer,,PER,269033," dans les
doigts, comme on dit"
"n dit. Quant aux deux villas, ",269088,Koget-,,LOC,269094,"
la-Honte ayant amené à mon ai"
es que je rends à mes amis ne ,269782,m'’auraient,,MISC,269793," rap-
porté que trente deniers"
"es, tendent vers leur
niveau. ",270020,Îl,,LOC,270022, est très fort en économie pol
" fort en économie politique.

",270061,Ah !,,MISC,270065, la petite poupée... Je donner
"t-être,
ou de ses victimes.

_",270388,Souhaits,,PER,270396," ridicules, désirs dangereux. "
"ridicules, désirs dangereux. {",270427,ls,,PER,270429," passent ra-
pidement, par bon"
désirs dangereux. {ls passent ,270438,"ra-
pidement",,ORG,270450,", par bonheur, car des idées s"
" que le disait très
justement ",270556,Ida,,PER,270559, ; ce n’est pas la peine de co
" j'ai

€ bons renseignements, ",270778,Roger-la-Honte,,PER,270792," en a aussi
de son côté ; et l"
"in-
clinerais à croire que la ",270885,Providence,,LOC,270895," néglige souvent
les ivrognes "
"à des résultats. Aide-toi, le
",271075,Ciel,,PER,271079, t'aidera. Il faut s’aider en 
"asser de Belgique en Suisse,

",271188,Allemagne,,LOC,271197, en Hollande et d'Angleterre e
"ique en Suisse,

Allemagne en ",271201,Hollande,,LOC,271209," et d'Angleterre en France.

L"
",

Allemagne en Hollande et d'",271215,Angleterre,,LOC,271225," en France.

Le vol doit être "
n Hollande et d'Angleterre en ,271229,France,,LOC,271235,".

Le vol doit être internatio"
"nternational, ou ne pas être. ",271286,Ily,,PER,271289," a

Ongtemps que Henri Heïine "
"ional, ou ne pas être. Ily a

",271293,Ongtemps,,LOC,271301, que Henri Heïine l’a dit : Il
"pas être. Ily a

Ongtemps que ",271306,Henri Heïine,,PER,271318," l’a dit : Il n’y a plus en
ur"
 efforts pour donner raison à ,271460,"Henri
Heine",,PER,271471, ; et nous avons pris le parti
"ant
un peu, une expression de ",271593,T'alleyrand,,LOC,271604," — je suis un
déloyal Européen"
"t à la lamentable
histoire de ",272333,Claude Gueux,,MISC,272345,". Je n'ai jamais volé mon
pain"
"m'inspirait un certain ennui, ",272824,paï,,MISC,272827,"
les temps de chômage. Je suis"
"sser là sa nuit.

Sr ts
MASSE ",273402,"AU

LE VOLEUR",,MISC,273416," | 137

Le spectacle n’est pas"
"é obligée de

se placer comme ",274521,housekeeper,,LOC,274532,", et même comme ser-
vante, af"
"’adoucir le sort de sa
mère ; ",274823,1l,,PER,274825, avait commis un faux et avait
mis un faux et avait quitté l’,274865,An-,,ORG,274868,"
gleterre avec le produit de s"
"un faux et avait quitté l’An-
",274869,gleterre,,LOC,274877, avec le produit de son escroq
e produit de son escroquerie. ,274914,Annie,,PER,274919," —
c'est le nom de la pauvress"
"yman réputé pour son ardeur

‘",275028,Philanthropique,,MISC,275043,". Ce vénérable ecclésiastique,"
"aux ce qui s'était passé, mit
",275133,Annie,,PER,275138, à la porte de chez lui. Il fi
"it pu — misérablement, à tous ",275788,Îes,,PER,275791,"
points de vue. |

— Et votre "
"continué à se mal conduire en
",275975,France,,LOC,275981,", où il était parti. Il a été "
à plusieurs années de prison. ,276073,"Ab!
Monsieur",,MISC,276085,", je suis si malheureuse de ne"
"ettre à son aise.

C’est donc ",276591,Annie,,PER,276596, qui a la charge de la maison 
it de la pâtisserie comme une ,276765,Allemande,,LOC,276774," ; elle est
économe comme une "
" ; elle est
économe comme une ",276804,Française,,LOC,276813," ; et dévouée comme
un terre-n"
"bien dur, car je suis souvent
",277301,absént,,PER,277307, et je vis en garçon — pas en 
"rçon — pas en vieux garçon. —
",277353,Annie,,PER,277358, a donc du temps de reste. Ell
"pour lui, quand il sortira de ",277566,Centrale,,LOC,277574,",
le plus d'argent possible. E"
de adroitement à des corps de ,277775,Lédas,,MISC,277780," s’aban-
donnant au cygne, de "
" s’aban-
donnant au cygne, de ",277810,Dianes,,PER,277816," au bain, de Danaés
sous la pl"
"ndés par certaines maisons
de ",277947,Saint-John’s Wood,,MISC,277964,. Elle m'a montré l’autre jour
" très
excitante, vraiment, en ",278073,Vénus Callipyge,,LOC,278088,".

Si Annie a des loisirs, je "
"ment, en Vénus Callipyge.

Si ",278094,Annie,,PER,278099," a des loisirs, je n’en manque"
"ujours la vieille histoire.
« ",278304,Îl,,ORG,278306," faut que je vous dise, écrit "
" faut que je vous dise, écrit ",278336,Bussy-Rabutin,,PER,278349," à sa
cousine, ce que M. de Tu"
"-Rabutin à sa
cousine, ce que ",278371,M. de Turenne,,PER,278384," m'a conté avoir oui
dire au f"
"a conté avoir oui
dire au feu ",278417,prince d',,PER,278426,Orange : que les jeunes filles
"rmée, l’épée à la main. » —
€ ",278612,Le conte du prince d'Orange,,MISC,278639," m'a réjouie, répond la
marqui"
"tendues. Moi, par exemple, je
",279148,Minstruis,,LOC,279157,". Je m'instruis, de la même fa"
"u, en oubliaït des choses que
",279249,JE Suis,,ORG,279256, et en apprenant des choses qu
" ? Ailleurs, je ne sais

l
=
",279461,Sf,,LOC,279463,"

140 | LE VOLEUR

pas ; mais "
"elle est heureuse... Et puis,
",279635,Issacar,,MISC,279642, avait raison : on n'a pas à s
"nt appeler leur avenir, quand ",279991,Annie,,PER,279996," vient
m'apporter un télégramm"
"de l'étranger ; elle vient de
",280144,France,,LOC,280150,"... Et je me rappelle, tout d’"
d’être en train de sécher. Je ,280519,Ii,,PER,280521,"
sais un roman, l’un de ces bo"
". Un instant après, la voix d’",280784,Annie,,PER,280789,"
protestant contre l'invasion "
"? Quelle était cette tête ?

",281154,"IX

DE QUELQUES QUADRUPÈDES ET DE CERTAINS",,MISC,281196," BIPÉDES

Cette tête et cette "
ES QUADRUPÈDES ET DE CERTAINS ,281197,BIPÉDES,,MISC,281204,"

Cette tête et cette main éta"
"
d'ébène. Oui, c'était bien l'",281664,abbé Lamargelle,,PER,281679,".

— Hé! bonjour, : cher Monsi"
"it bien l'abbé Lamargelle.

— ",281684,Hé!,,MISC,281687," bonjour, : cher Monsieur, me "
"te des protestations de votre
",282165,SélVante,,MISC,282173, qui s'obstinait à vouloir m’a
"m’annoncer à vous,

142 | LE ",282230,VOLEUR,,LOC,282236,"

et je suis monté directement"
"us voulez bien me porter ?

— ",283331,Îl,,LOC,283333, est des plus vastes. Rien ne 
"z-vous ?

— Quelquefois. J'ai ",283654,Ià,,MISC,283656," d’excellents cigares.
Permett"
"J'ai Ià d’excellents cigares.
",283679,Permettez,,MISC,283688,"…

— Merci, dit l’abbé en allu"
’abbé en allumant un londrès. ,283735,Îls,,PER,283738,"
sont excellents, en effet. Et"
" sur moi ses yeux perçants.

",284018,sg MN Ut,,MISC,284026,"
3 , _:

LE VOLEUR 143.

— Ah!"
"rçants.

sg MN Ut
3 , _:

LE ",284038,VOLEUR,,LOC,284044," 143.

— Ah! ah! s'écria-t-il "
" Ut
3 , _:

LE VOLEUR 143.

— ",284053,Ah!,,MISC,284056, ah! s'écria-t-il en anglais —
 rappeler notre entrevue à la ,284280,gare du Nord,,LOC,284292,", à
Paris, le jour où vous ête"
"entrevue à la gare du Nord, à
",284296,Paris,,LOC,284301,", le jour où vous êtes parti p"
ur où vous êtes parti pour la ,284338,Belgi-,,ORG,284344,"
que ? |

— Ce n’est pas le te"
" de
cette malheureuse famille ",284674,Montareuil,,PER,284684,".… |

Je ne répondis pas; sa v"
"eur,
l'importance du vol dont ",285118,Mr° Montareuil,,PER,285132," a été la
victime ? Et dire qu"
"sur la trace
du coupable... A ",285213,Paris,,LOC,285218,", à l’heure qu'il est, on n’a
"
"ple amour de l’art ; et j’ose
",285593,Croire,,MISC,285599, que votre visite a un motif. 
"aites allusion a empêché, une
",285802,Commission,,ORG,285812," que vous n'avez pas touchée, "
"conduit à échafauder des his-
",285905,Toires,,LOC,285911," à dormir debout, que vous ave"
"gard est enfan-

LE VOLEUR | ",287917,T4,,LOC,287919,".

tine, et je veux l’ignorer."
"dont vous êtes revêtu. | |

— ",288282,Oh!,,MISC,288285," répondit l'abbé en riant, ma "
"s croirais pas, après tout. L'",288701,Eglise,,ORG,288707," n’a jamais
beaucoup pratiqué "
"aller trop loin, n'est-ce pas ",288878,Bourdaloue,,PER,288888,"
qui a dit qu'en remontant aux"
"aire trembler ?
Relativement, ",289008,Bourdaloue,,PER,289018," est bien près de nous ;
mais "
"e descente dans l’infamie, du ",289137,Roiïi-Soleil,,LOC,289149,"
au Roi Prudhomme ! Je vais vo"
"l’infamie, du Roiïi-Soleil
au ",289153,Roi,,PER,289156, Prudhomme ! Je vais vous cite
" pas :
l maison dans laquelle ",289278,Fénelon,,PER,289285," écrivit Télémaque, sur
la Pet"
dans laquelle Fénelon écrivit ,289294,Télémaque,,PER,289303,", sur
la Petite Place, à Versa"
"lon écrivit Télémaque, sur
la ",289312,Petite Place,,LOC,289324,", à Versailles, est aujourd’hu"
"maque, sur
la Petite Place, à ",289328,Versailles,,LOC,289338,", est aujourd’hui un lu-
panar"
"se au-dessous
du gros numéro, ",289572,Nous somimes,,MISC,289584," à l’époque des chif-
fres, qu"
"nt leur éloquence, paraît-il. ",289647,Etje,,MISC,289651," crois qu'ils
l’ont, en effet."
" |

—- Îls ont l’éloquence de ",289711,Guizot,,PER,289717,": Enrichissez-vous!

9

146 L"
ls ont l’éloquence de Guizot: ,289719,"Enrichissez-vous!

9

146 LE VOLEUR

Ce qui m'étonne",,MISC,289772,", moi, c'est qu'avec un pareil"
" besoins modernes.
Je ne vous ",290485,tracerai,,LOC,290493," point, n’est-ce pas ? un para"
"ntir chrétien et l’effroyable
",290583,Remords,,PER,290590, de l'antiquité. Ce serait dés
uité. Ce serait déshonorer le ,290631,Ke-,,ORG,290634,"
mords... Quant à la morale, i"
"as celle qui dit à l’homme:
« ",290732,Sois bon,,PER,290740," », ou «sois pur», ou « sois c"
lle qui lui dit simplement: « ,290825,Sois!,,MISC,290830,"»
Voilà la morale. Elle n’a ri"
" publique,
quoi qu'en dise le ",290953,Code...,,MISC,290960," Vous voulez peut-être
parler "
"vent à étayer le piédestal
du ",291408,Veau d’or,,MISC,291417,". Certainement, il eut été plu"
e chaire d’éloquence sacrée à ,292054,Mazas,,LOC,292059,"…

— Un voleur! murmura l’abbé"
"’éloquence sacrée à Mazas…

— ",292064,Un voleur!,,MISC,292074," murmura l’abbé, les yeux perd"
"puissants,
mais incomplets... ",292340,Disproportion,,MISC,292353," de l’homme avec
lui-même beau"
"st une fenêtre ouverte
sur la ",292679,Société ?,,ORG,292688," Que connaîtrait-on du monde,
"
on excédant la consommation ! ,293537,Surproduc-,,MISC,293547,"
ton ! Mais le voleur ne se co"
" pierre! Quelle
inconséquence ",293669,"| |

148 LE VOLEUR",,MISC,293688,"

— Et quant aux billets de ba"
"eux pas. Si c'était possible, ",294330,croyez,,MISC,294336," bien.
Mais il faut opérer dan"
"e,
certain et lucratif.

— En ",294633,France,,LOC,294639," ? oo |

— Oui. La France a dé"
".

— En France ? oo |

— Oui. ",294655,La France,,LOC,294664, a déjà trente milliards à l’é
"à trente milliards à l’étran-
",294700,ger,,LOC,294703,; quelques centaines de mille 
"z
donc pas mieux votre pays ? ",294916,La France,,LOC,294925," n’est ni reli-
gieuse, ni ath"
"évolutionnaire, ni militaire, ",294993,nl,,LOC,294995,"
même bourgeoise. Elle est en "
"ions.

— Et pour quand ? |

— ",295058,Ah!,,MISC,295061," ça, je ne sais pas encore. Il"
"s donne mi
parole d'honneur ? ",295500,"TS

LE VOLEUR",,ORG,295514," | 149

.— Non. Je préfère que"
"s fournissént des tuyaux ?

— ",295649,Trente-trois,,LOC,295661, pour cent; jamais un sou de p
"is aucun mauvais coup
ici, en ",296075,Angleterre,,LOC,296085," ?

— Jamais. D'abord, parce q"
"aiteurs. |

— C'est probable; ",296571,Îles septembriseurs,,LOC,296590," n'étaient
qu'une poignée ; et"
nitentiaire anglais avait été ,296815,"ap-
pliqué",,PER,296825," sur le Continent, la révoluti"
"s avait été ap-
pliqué sur le ",296833,Continent,,LOC,296842,", la révolution sociale y aura"
"it
éclaté depuis vingt ans... ",296902,T'enez,,PER,296908,", il y a à Londres un
musée qu"
"vingt ans... T'enez, il y a à ",296919,Londres,,LOC,296926," un
musée que je n’ai pas visi"
"tise partout. Quel monde,
mon ",297444,Dieu !,,MISC,297450,"

1°0 LE VOLEUR

Au moment où"
" envie
de faire à d’autres, à ",297594,Paris,,LOC,297599,", depuis de longs mois,
mais q"
"ine,
ajoutai-je... ma cousine ",298441,Charlotte,,PER,298450," ?...

L’embarras de abbé paru"
"ui, en relisant la dépêche
qu'",298809,Annie,,PER,298814," m'a apportée. Certes, il vaut"
"es
relations avec ma cousine. ",299073,Charlotte,,PER,299082," est mariée. Elle
est mariée, "
"jours des songes et tou-

LE ",299325,VOLEUR IS,,MISC,299334,"

jours les mêmes songes. Il m"
e tend l’abbé en m'appelant à ,299698,Paris,,LOC,299703," ?
Qui me dit qu'il ne va pas "
u'il ne va pas me trahir ?... ,299748,Héf,,MISC,299751," qu'il
me vende, si ça lui pla"
vais passer mon après-midi au ,300071,Jardin Zoolo-,,LOC,300084,"
gique, pour tuer le temps. Ce"
"tes
fauves qui m'intéressent. ",300164,Ah!,,MISC,300167," les belles et malheu-
reuses "
" est interdit de dépenser.

- ",300827,Douloureux,,LOC,300837, spectacle que celui de ces êt
"ns, dédaigneux et couleur des
",301041,Sables,,LOC,301047,", projetant des lueurs oblique"
"ueurs obliques entre les pau-
",301094,Pières,,MISC,301100, mi-closes ; Les yeux d’ambre 
"e les pau-
Pières mi-closes ; ",301113,Les yeux d’ambre pâle des tigres,,MISC,301145,", qui
savent regarder intérieu"
", d’une intensité poignante ; ",301372,Îles,,LOC,301376," yeux
imprécis des panthères, "
" aux
prunelles religieuses... ",301568,Ah !,,MISC,301572," quelle terrible angoisse,
et "
"-
traire. Ils lui font honte. ",302603,Îls,,PER,302606," sont une injure vivante à
son"
. Et sa férocité contre eux s’,302727,accroiît,,MISC,302735,", férocité vile
qu’il couvre d"
"é scientifique. |
__ Jetrouve,",302849,enrentrantchez,,LOC,302863," moi, la dépêche que j'atten-
"
"res, sur le
terre-plein de la ",302968,Bourse,,LOC,302974,", à droite. C’est bien ; j'y s"
s cinq minutes? À comparer la ,303155,"Banque
d'Angleterre",,ORG,303174,", gardée par un polichinelle à"
"rouge, à chapeau pointu, à la ",303243,Banque de France,,ORG,303259," dé-
fendue par des sentinelle"
aussi à placer mentalement la ,303363,Bourse de Paris,,ORG,303378,", bas-
tionnée de cafés et fla"
"nquée de lupanars, en face du
",303438,Royal Exchange,,ORG,303452, avec la statue de la reine à 
"nt et, derrière, l'effigie de ",303524,Peabody,,PER,303531," assise, les
jambes en l'air, "
itent sous le péristyle de la ,303815,Bourse,,LOC,303821," et sur les
matches ; et les r"
la tyrannie des carnassiers ? ,304132,Ma-toi,,MISC,304138,", si l’on
cherchait à découvri"
cinq. L'abbé est en retard... ,304736,Atten-,,PER,304742,"
dons encore. |

Le fait est, "
"uvrir, sur leurs figures, des
",305086,Caractères,,MISC,305096, spéciaux qu'un crimininaliste
distinguerait à première vue. ,305171,Ah!,,MISC,305174," je voudrais bien
Connaître un"
"onnaître un criminaliste.…

— ",305223,Ça,,MISC,305225," viendra! dit la Voix.

LES V"
"inaliste.…

— Ça viendra! dit ",305239,la Voix,,MISC,305246,".

LES VOYAGES FORMENT LA JEU"
"— Je vous y prends, dit-il en ",305415,m'’abordant,,PER,305426," avec
un solennel salut ecclés"
"i le fréquen-
tent. |

. — La ",305962,Bourse,,LOC,305968," est une institution, comme l'"
" est une institution, comme l'",305998,Eglise,,ORG,306004,",
comme la Caserne ; on ne sau"
"ion, comme l'Eglise,
comme la ",306015,Caserne,,MISC,306022, ; on ne saurait donc la décri
", tellement leurs dupes les

",306215,PS,,ORG,306217,"
re
Mn. 4

LE VOLEUR | 155

dé"
"ement leurs dupes les

PS
re
",306221,Mn,,LOC,306223,". 4

LE VOLEUR | 155

dépassen"
"s dupes les

PS
re
Mn. 4

LE ",306231,VOLEUR,,LOC,306237," | 155

dépassent en infamie. "
"de leur action com-
binée. Le ",306737,Code,,MISC,306741, a l’audace de fournir la solu
"ommence à comprendre celle de
",307651,Sénèque,,PER,307658,", par exemple, ou celle de l’E"
"e, par exemple, ou celle de l’",307687,Ecclésiaste,,MISC,307698,"…
Voyons, il fait beau, allons"
"beau, allons faire un tour au ",307746,Bois,,LOC,307750,"; je
Vous expliquerai la petit"
"gare, deux trains sont sur
la ",308039,Voie,,LOC,308043,", attelés à des locomotives so"
"ne bâche noire  étiquetée :
€ ",308206,Panorama,,MISC,308214," », me fait craindre de m'être"
" de m'asseoir que le train
se ",308662,meten,,LOC,308667, mouvement. j'aurais préféré ê
n fleuri d'une belle chaîne à ,308965,breloques,,LOC,308974," ; un
de ces bons bourgeoïs, o"
" main gauche, plongée dans
le ",309617,gousset,,PER,309624,", fait tinter les pièces de mo"
"s titulaires sont qualifiés

",310093,"LS

LE",,MISC,310099," VOLEUR 157

par les puissance"
"ssances, dans les discours du ",310153,Jour de l’An,,MISC,310165,",
de « modestes et utiles serv"
la consolation d’un héritage. ,310427,Affligeante,,PER,310438," pers-
pective ! En tout cas, "
"x du crêpe qu'ils lui ven-

. ",310619,dront,,PER,310624," pour éviter la faillite, ils "
"vec
moi.

_- Vaine espérance! ",310898,Le Monsieur jovial m',,PER,310919,"en con-

vainc très rapidement"
"si.

— Monsieur est étranger? ",311309,Ah!,,MISC,311312," ah! vraiment.
Anglais, sans d"
"t étranger? Ah! ah! vraiment.
",311327,Anglais,,LOC,311334,", sans doute? J'ai vu beaucoup"
ans doute? J'ai vu beaucoup d’,311367,Anglais,,LOC,311374,",

ans ma vie. J'ai été à Boul"
"lais,

ans ma vie. J'ai été à ",311400,Boulogne,,LOC,311408,", une fois, pendant
un mois ; "
"ndant
un mois ; il y a tant d’",311452,Anglais,,LOC,311459,", à Boulogne!

— Je suis pas d"
"is ; il y a tant d’Anglais, à ",311463,Boulogne,,LOC,311471,"!

— Je suis pas du tout un An"
"ne!

— Je suis pas du tout un ",311499,Anglais,,LOC,311506,", dis-je, car je vois
poindre "
t des nombreuses aventures du ,311573,"Mon-
Sieur jovial",,ORG,311590, avec les fils de la perfide A
l avec les fils de la perfide ,311619,Albion,,LOC,311625," ; je aime

_ pas les Anglais "
"e Albion ; je aime

_ pas les ",311647,Anglais,,LOC,311654," ; je suis un Américain.

— Âh"
 pas les Anglais ; je suis un ,311668,Américain,,LOC,311677,".

— Âh! diable! j’aurais dû m"
"is ; je suis un Américain.

— ",311682,Âh! diable!,,MISC,311693, j’aurais dû m'en douter ; vou
"s lui ressemblez
étonnamment. ",311848,La France,,LOC,311857," aime beaucoup les Etats-
Unis"
. La France aime beaucoup les ,311876,"Etats-
Unis",,LOC,311887,". Du reste, sans Lafayette. Et"
"s Etats-
Unis. Du reste, sans ",311904,Lafayette,,PER,311913,". Et vous détestez les
Anglais"
"fayette. Et vous détestez les
",311936,Anglais,,LOC,311943,? Comme je vous comprends! Ah!
ais? Comme je vous comprends! ,311970,Ah!,,MISC,311973," si nous
avions encore le Cana"
" Ah! si nous
avions encore le ",311999,Canada,,LOC,312005," !

158 LE VOLEUR

— Oui, dis"
"158 LE VOLEUR

— Oui, dis-je, ",312040,Canada,,LOC,312046,"... Quebec, Toronto, Mon-
trea"
"EUR

— Oui, dis-je, Canada... ",312050,Quebec,,LOC,312056,", Toronto, Mon-
treal.…. |

— "
"ui, dis-je, Canada... Quebec, ",312058,Toronto,,LOC,312065,", Mon-
treal.…. |

— Parfaitem"
"e, Canada... Quebec, Toronto, ",312067,Mon-,,ORG,312071,"
treal.…. |

— Parfaitement, a"
"e-t-il en
se tournant vers le ",312324,Monsieur triste,,MISC,312339,", qu'il ÿ a quelque
chose de t"
"
ment des étrangers à visiter ",312440,la France,,LOC,312449," ?

— Si, certainement, répond"
"— Si, certainement, répond le ",312483,"Monsieur triste d’une
voix lugubre",,MISC,312517,". |

— C'est que, voyez-vous, "
" à
l'avant-garde du progrès ; ",312600,la France,,LOC,312609," est la reine de la
civilisati"
"ine, et cette reine, c’est la
",312746,France,,LOC,312752,. N’êtes-vous pas de mon avis 
"— Si, certainement, répond le ",312817,"Monsieur triste d’une
voix lugubre",,MISC,312851,". | |
.— Le monde, Monsieur, e"
"annales, que l’histoire de
la ",313016,troisième République !,,MISC,313038," Et qui sait ce que l’avenir
n"
"e l’avenir
nous réserve ! Ah! ",313086,M. Thiers,,PER,313095," avait bien raison
de dire que"
"— Si, certainement, répond le ",313224,"Monsieur triste
d’une voix lugubre",,MISC,313258,".

— Vous me direz peut-être q"
"— Si, certainement, répond le ",313533,"Monsieur triste
d’une voix lugubre",,MISC,313567,".

— Je suis fort heureux que "
"socialiste-conserva-
teur.

— ",313967,Oh!,,MISC,313970, oh ! fait le Monsieur triste.
"serva-
teur.

— Oh! oh ! fait ",313981,le Monsieur triste,,MISC,313999,".

— Ni plus ni moins, continu"
"Ni plus ni moins, continue le ",314034,Monsieur jovial,,MISC,314049,".
Je suis socialiste en ce sen"
" |

— Pas très bien, avoue le ",314319,Monsieur triste,,MISC,314334,".

_— C'est que je n’ai point "
", continue-t-il plus bas, cet ",314840,Américain,,LOC,314849," dont le
pays fait preuve d’un"
"envers
nous ; car enfin, sans ",314932,Lafayette,,PER,314941,"... Eh ! bien, vous me
croirez"
" car enfin, sans Lafayette... ",314945,Eh !,,MISC,314949," bien, vous me
croirez si vous"
"-vous pas
cela merveilleux ?

",315040,TT Si,,ORG,315045,", certainement, répond le Mons"
"T Si, certainement, répond le ",315071,"Monsieur triste
d'une voix lugubre",,MISC,315105,", tandis que je songe à cette "
"leur faveur. |

— Oui, dit le ",315940,Monsieur triste,,MISC,315955,"; on devrait bien
faire quelqu"
" beaucoup, répond le Monsieur ",316061,"jo-
vial",,PER,316069,. La plus grande partie des pa
"le.
Mais ils veulent vivre en ",316402,richards,,LOC,316410,", manger de la
viande, boire d"
r le peuple. Ce qui manque au ,316827,Parlement français,,ORG,316845,",
Monsieur, ce n’est pas la bo"
"vez-vous qu’il n’y a pas à la
",316950,Chambre,,ORG,316957," un seul philanthrope, un seul"
"— Si, certainement, répond le ",317068,"Monsieur triste
d’une voix lugubre",,MISC,317102,". |

— Ce qui fait défaut à la"
" |

— Ce qui fait défaut à la ",317133,Chambre,,ORG,317140,", Monsieur, c'est
un philanthr"
"un. |

— Du pain ? demande le ",317245,Monsieur triste,,MISC,317260,". Ah! ce
serait si veau! . |

"
? demande le Monsieur triste. ,317262,Ah!,,MISC,317265," ce
serait si veau! . |

— Non"
"l’autre de l'échelle sociale, ",317537,Pharmonie,,LOC,317546," la plus
fraternelle. Il faudr"
"diviser les ci-

D
S
ù 2

LE ",317624,VOLEUR,,LOC,317630," 161
toyens français en deux c"
suspects et sujets à caution. ,318017,Ceux-,,PER,318022,"
là, il faudrait les soumettre"
"le bon fonction-
nement de la ",318567,Société,,ORG,318574,", seraient retirés une fois po"
"es enfermerait dans de
grands ",318667,Ateliers de Bienfaisance,,ORG,318691," établis, soit en France,
soit"
"Bienfaisance établis, soit en ",318709,France,,LOC,318715,",
soit aux colonies; la questi"
"un travail des plus

sérieux, ",319159,Rien d'analogue,,MISC,319174,", bien entendu, à ce labeur

d"
"s gaillards-là ne font rien,

",319314,Onsieur,,LOC,319321,", ou presque rien. Ils se tour"
"u-
trefois l’entreprise d’une ",319449,Maison centrale,,LOC,319464,"; mon argent
ne ME rapportait "
"aison centrale; mon argent
ne ",319480,ME,,LOC,319482, rapportait pas 20 pour cent. 
 rapportait pas 20 pour cent. ,319512,Ah!,,MISC,319515," s’il avait été
permis de gard"
vouables. Mais c’est défendu. ,319690,Sen-,,PER,319694,"
mentalité bête qui déshonore "
"— Si, certainement, répond le ",320112,"Monsieur triste d’une
voix lugubre",,MISC,320146,".

— Îl'est bien clair qu’il s"
"triste d’une
voix lugubre.

— ",320151,Îl',,MISC,320154,est bien clair qu’il se trouve
"t la peine de mort. Un
chef d'",320636,Etat,,LOC,320640, conscient de ses devoirs ne d
ieur ! Il y va du salut de la ,320731,Société,,ORG,320738,".
Ne pensez-vous point qu’on n"
"on ne guillotine pas assez ?

",320794,Le Monsieur triste,,MISC,320812," ne répond pas.

— Autant l'on"
"er l’accès à la propriété.

— ",321250,Âh !'oui,,MISC,321258,", dit le Monsieur triste. Just"
"us parlez; ils y
vivent bien, ",322255,nese,,PER,322259, refusent pas grand’chose. Mon
"r la paille, un de ces jours, ",322519,"Les
capitalistes qui les emploient",,MISC,322553,". Les mineurs des dépar-
temen"
en-être de leurs confrères du ,323039,Centre,,LOC,323045,", et ils de-
viendront aussi i"
"eur à leur gré. Et puis, nous
",323486,Sommes,,LOC,323492, à l’époque du papier. On fait
"triste en hochant la tête.

— ",323644,Îl,,LOC,323646, n’y a point de mauvais livres
ents aux classes inférieures. ,323850,Eh !,,MISC,323854," bien, il n’y a qu’un
délassem"
"
mettre. C’est la lecture. La ",323956,République,,MISC,323966," a créé l’ins-
truction obliga"
tience d’ange aux déshérités. ,324417,Croyez-,,LOC,324424,"
vous que si les Français d’au"
"ités. Croyez-
vous que si les ",324441,Français,,LOC,324449, d’aujourd’hui ne savaient pas
"’importe quoil Pendant
qu'ils ",324703,Liront,,LOC,324709,", ils ne songeront point à agi"
"encore mieux que les courses, ",324801,Mon-,,ORG,324805,"
sieur, pour tenir en bride le"
"pier, Monsieur, du papier !.… ",325281,"|

Le Monsieur triste",,PER,325302, ferme les yeux et semble vou-
e aux dernières phrases de ce ,325427,"Mauvais
Samaritain",,ORG,325445,". Au fond, il n’a pas tort, ce"
"oire leur
énergie. |

—.

on
",325714,SE ps,,ORG,325719,"
' VA

LE VOLEUR . | 16$

Le t"
"r
énergie. |

—.

on
SE ps
' ",325722,"VA

LE VOLEUR",,MISC,325735," . | 16$

Le train file rapide"
"nsieur jovial me réveille.

— ",326035,Ah! sacredié !,,MISC,326049," s’écrie-t-il, ma montre s’est"
e tire majestueusement de mon ,326256,gousset,,PER,326263," un chro-
nomètre superbe que "
e heures dix... Nous serons à ,326461,N.,,LOC,326463," dans un quart
d'heure... Vous"
"tions que
m'a données l’abbé, ",327300,Voyons,,PER,327306," un peu.
Vous suivrez, en sort"
plantée d’arbres ; je suis la ,327401,grande avenue,,LOC,327414,".

plantée d’arbres. Vous pren"
"grands bâtiments contigus, le ",327777,Palais de Justice,,LOC,327794," et la
Prison. My voici, tout "
"s, le Palais de Justice et la
",327801,Prison,,MISC,327807,". My voici, tout justement. Vo"
"lais de Justice et la
Prison. ",327809,My voici,,MISC,327817,", tout justement. Vous travers"
"ez
cette place en laissant le ",327879,Palais de Justice,,LOC,327896," derrière
vous, et vous vous e"
 une lumière aux fenêtres. Le ,328211,"nu-
méro 7",,ORG,328221, ? Le voici. Je monte les marc
"67

indices, imperceptibles à ",329568,la Vertu,,MISC,329576," planant sur les plus
haut som"
"er bestialement dans la pous-
",329700,sière,,PER,329705," d’ici-bas, Le vice a ses peti"
"ans la pous-
sière d’ici-bas, ",329717,Le vice,,MISC,329724," a ses petites compensations.
"
 énorme et superbe secrétaire ,331061,Louis XVI,,PER,331070,", fleuri
d'une garniture merve"
"c’est probable,
les bijoux de ",331242,Madame,,PER,331248," et de Mademoiselle, il sera
i"
"eut perdre son temps, on peut ",331525,veni,,LOC,331529,":.
glaner derrière moi. Le bea"
"es et de certaines actions du
",331911,canal de Suez,,LOC,331924,", qui iront dire bonjour à cel"
"ront dire bonjour à celles du
",331961,Khédive,,PER,331968,", bientôt, dans le pays de Bea"
"ont le chiffre ferait
loucher ",332132,Paternoster,,PER,332143, ; en face d’un lot assez con-
assez disposé à me traiter de ,332573,Vandale,,MISC,332580,". Allons, un
peu de philosophi"
sortir d'ici que pour prendre ,332746,Île premier,,LOC,332757," train
pour Paris, qui part à "
"rendre Île premier train
pour ",332769,Paris,,LOC,332774,", qui part à six heures cinq. "
"nq. Que faire, en
attendant ? ",332830,Rester,,PER,332836, dans cette pièce est impruden
. Il est allé en pèlerinage à ,332967,"Notre-
Dame",,PER,332978," de je ne sais quoi, avec sa f"
" beaucoup, mais à

tes n

LE ",333494,VOLEUR,,LOC,333500," _. 169

la guerre comme à la "
"dans une affliction profonde.
",334155,Ah !,,MISC,334159, j'ai déjà fait pleurer bien d
"i, je m’arrache au sommeil et
",335219,Jé,,PER,335221," me mets sur mes pieds. |
_ Es"
"ore ? On dirait que c’est mon
",335301,révE,,LOC,335305, qui continue. J'entends des c
"le lointain ; je les entends;
",335409,JE,,LOC,335411," ne me trompe pas, je pense ; "
is regarder par la fenêtre... ,335794,Ah !,,MISC,335798," que
je suis sot! C’est jour d"
"el bête de
""rêve j'ai fait... ",335925,Cinq heures et demie,,MISC,335945,". Il me faut à
peine vingt min"
"t vers la porte de la prison, ",336723,là-bas,,LOC,336729,",
qui vient de s'ouvrir à deux"
rir à deux battants. Un homme ,336779,"pa-
raît",,PER,336787," sur le seuil, les mains liées"
"r la planche qui

OR Le. D)

",337395,PER PTe,,MISC,337402,"  n
nus

as

re

LE VOLEUR J7I"
"PTe  n
nus

as

re

LE VOLEUR ",337429,"J7I

bascule",,MISC,337441, ; le bourreau presse un bouto
"eau
tombe ; un jet de sang... ",337511,Ha !,,MISC,337515," l’horrible et dégoûtante
abom"
"s tard, je suis
en route pour ",337951,Paris,,LOC,337956,".

Un journal que j'ai acheté "
"t avait demandé, au nom de la ",338856,"Société
outragée",,ORG,338872,", un châtiment exemplaire. Dou"
" un verdict implacable, et la ",338968,"Cour

",,LOC,338974,avait prononcé la sentence de 
"entence qu'on avait
envoyé de ",339070,Paris,,LOC,339075,", hier soir, les bois de justi"
",
si l’on permettait à chaque ",340030,meurt-de-faim,,LOC,340043," de s’appro-
prier une pièce d"
" quarante sous, où irait-on ? ",340104,Cal-,,ORG,340108,"
culez un peu et vous serez ef"
est encore de s’en tenir à la ,340321,Loi,,MISC,340324,", qui
ne dit pas du tout que l"
"es pièces de qua-
rante sous. ",340446,Etcette,,MISC,340453," loi, il faut l’appliquer avec"
"e foi. Il y va du salut
de la ",340552,Société,,ORG,340559,".

Oui, plus j'y réfléchis, pl"
"s assez les gens comme lui.

",340718,TN OH,,LOC,340723,", . Te

XI

CHEVEUX, BARBES ET"
".

TN OH, . Te

XI

CHEVEUX, ",340744,"BARBES ET POSTICHES

Je",,MISC,340767, trouve l’abbé Lamargelle chez
"e l’abbé Lamargelle chez lui, ",340803,rue du Bac,,LOC,340813," ,au
deuxième. étage d’une gra"
" l’abbé a fait son apparition
",341031,Un 1nstant,,MISC,341041," après. | |

— Alors, tout s'e"
"t que ça? Des couverts ? |
-— ",341462,Ah oui,,MISC,341468,; un petit cadeau que j'ai à f
"eau que j'ai à faire, dis-je,
",341512,Car Je pense subitement,,MISC,341535," à présenter à Ida ces dé-
pou"
ense subitement à présenter à ,341550,Ida,,PER,341553," ces dé-
pouilles opimes de la"
"iennent l'amitié. Maintenant, ",341680,faisonsnotre,,LOC,341692," compte
approximativement.

--"
"’abbé se frotte les
mains.

— ",341803,Bonne opération,,PER,341818,", hein ? Ah! rendez-moi la
cle"
"s.

— Bonne opération, hein ? ",341827,Ah!,,MISC,341830," rendez-moi la
clef de la mais"
"'œuf

bien des actions que la ",343238,Société redoute,,ORG,343253,".

— Votre fiçon d'envisager l"
"°
tr ” ‘ ""

,
ve mu Te
Fr

LE ",343646,VOLEUR,,LOC,343652," 17S

_ —— Oui, dis-je en term"
"it du bon sens, on y restait. ",344265,Aujour-,,MISC,344272,"
d'hui, quand on est las et dé"
"toutes les idées
préconçues ; ",344827,javais,,PER,344833, écarté tous les préjugés qui 
"cientifique — et j’ai contem-
",345149,plé,,MISC,345152, ses prophètes. J'ai vu ceux d
"ceux de 48 avec leurs barbes,
",345206,Ceux de 71,,MISC,345216," avec leurs cheveux, et tous l"
"émontré au
bon. peuple que la ",345347,Société ‘collectiviste,,ORG,345369," existe en

_8érme au sein de "
"iste en

_8érme au sein de la ",345402,Société capitaliste,,ORG,345421,"; qu'il suffit

donc de conqué"
 sur des roulettes ; et quele ,345532,"Quatrième

176 LE VOLEUR",,MISC,345557,"

Etat, représenté par eux, pr"
"femme... Et j'ai pensé que le
",345943,Code bourgeois,,MISC,345957,", au moins, avait la pudeur d'"
it une idée réactioñnaire. Et ,346305,"Le bon peu-
ple",,MISC,346320," a applaudi encore plus fort.
"
r qui a quitté la chaire pour ,346496,latribune,,LOC,346505,", au grand
bénéfice de la chai"
", grand-prètre
de l’église de ",346699,Karl Marx,,PER,346708,", orateur nasillard et publi-
"
" qui ne sont pas de son avis,
",346946,Un autre...,,MISC,346957, et combien d’autres? Tous les
"ous les autres.

J'ai lu leur ",347010,Zifférature,,LOC,347021," — art d’accommoder les
restes"
"rt d’accommoder les
restes du ",347055,Capital,,LOC,347062,". — On y tranche, règle, décid"
"venu, pour bourrer un fusil.

",347447,Ah!,,MISC,347450, c'est à se demander comment l
"es, qu’elle est souvent vide. ",348315,Raté fielleux,,PER,348328," qui
laisse apercevoir, entre "
"es dents jaunes, une âme à
la ",348389,Fouquier-Tinville,,PER,348406,", et qui bat sa femme pour se
"
A travail égal... Mais l'être ,348533,blatard,,PER,348540," s’aper-
çoit de mon inattenti"
asinée dans la nourriture que ,349185,"con-
Somme",,PER,349195, cet homme et qui est équivale
" et qui est équivalente, vous ",349235,ve-,,PER,349238,"
nez de le voir, à un demi-kil"
"e ; elle a
empiré, plutôt.

— ",350354,Eh !,,MISC,350358," bien, pour prendre un instant"
" un instant et m'a répondu.
— ",350889,Âu mouchard,,PER,350900,".

TS A ET

—_ SPP IEOE, POTT"
"m'a répondu.
— Âu mouchard.

",350904,TS A ET,,LOC,350911,"

—_ SPP IEOE, POTTER I A PI

"
"
— Âu mouchard.

TS A ET

—_ ",350916,SPP IEOE,,MISC,350924,", POTTER I A PI

XII

L'IDÉE M"
"hard.

TS A ET

—_ SPP IEOE, ",350926,POTTER I,,MISC,350934," A PI

XII

L'IDÉE MARCHE

Une"
"
L'IDÉE MARCHE

Une lettre de ",350975,Roger-la-Honte,,PER,350989," m’a appelé à Rouen ;
il s'agi"
e Roger-la-Honte m’a appelé à ,351003,Rouen,,LOC,351008," ;
il s'agissait d’une taxe ex"
sommes partis ensemble pour l',351200,Angleterre,,LOC,351210,". Je
suis très content d’être "
 très content d’être revenu à ,351249,Londres,,LOC,351256,". L’Anarchie

est un peu persé"
nt d’être revenu à Londres. L’,351260,"Anarchie

",,MISC,351270,est un peu persécutée en ce mo
" ils connaissent
le secret du ",351599,Futur,,MISC,351604,", et peut-être. |

Maïs pourqu"
"et du Futur, et peut-être. |

",351623,Maïs,,MISC,351627, pourquoi pas ? Pourquoi me re
"chologue anar-
chiste, que sa ",352050,Cérébralité,,LOC,352061, soldatesque a rendu si célèbr
"tesque a rendu si célèbre:
et ",352097,Talmasco,,PER,352105,", dont le dernier livre a fait"
"
Chez Balon, pour commencer.

",352180,I,,LOC,352181, me reçoit fort aimablement. S
"nce-maille agité, d’un fesse-
",352330,mathieu perplexe,,PER,352346,", d’un de ces parents pauvres "
" me déclarer un peu

‘confus. ",352643,BL,,MISC,352645,"

— La confusion! dit Balon en"
"nfus. BL

— La confusion! dit ",352667,Balon,,PER,352672," en souriant. Je ne
connais qu"
"end une chose
pour une autre. ",352755,Ça,,MISC,352757," arrive tous les jours. Ainsi,"
"i, Balon le psychologue, avec ",352883,M. Talon,,PER,352891," le
sociologue. Qu’y voulez-vo"
"le cervelle il doit avoir, ce ",353344,Balon,,PER,353349,"! EtJje
ne crois pas trouver u"
"elle il doit avoir, ce Balon! ",353351,EtJje,,PER,353356,"
ne crois pas trouver une meil"
 félicitations au sujet de sa ,353451,Cérébralié,,MISC,353461,"
soldatesque. | |

— Ne m'étou"
"fez pas sous les compliments, ",353522,Té-,,MISC,353525,"
pond-il. Contentez-vous de di"
"voulez; et n’en parlons
plus. ",353634,Ah !,,MISC,353638, messieurs les militaires ont 
"!.. Il faut l’entendre pro-

",353879,SA,,ORG,353881,"] 6 ur More
Dom os ‘ 4
: Act

"
" faut l’entendre pro-

SA] 6 ",353885,"ur More
Dom",,MISC,353896," os ‘ 4
: Act

. LE. VOLEUR IO"
"om os ‘ 4
: Act

. LE. VOLEUR ",353924,IOI,,MISC,353927,"

noncer ce mot-là. Comme on v"
"s ; le lait est sa bois-
son. ",354242,Bénédictin de la Cause,,PER,354264,", anachorète de a Sociale,
moi"
" de la Cause, anachorète de a ",354282,Sociale,,ORG,354289,",
moine du Progrès, confesseur"
"horète de a Sociale,
moine du ",354300,Progrès,,MISC,354307,", confesseur de la Foi vivifia"
" du Progrès, confesseur de la ",354326,Foi vivifiante,,MISC,354340,", il
n’a nul besoin de fouette"
pour lui l’état présent de la ,354660,Société,,ORG,354667,", dé-
aigneuse de l'harmonie n"
" sa soif de progrès et de li-
",355094,berté,,PER,355099,". |
Vie frugale, méthode de tr"
"de progrès et de li-
berté. |
",355103,Vie frugale,,MISC,355114,", méthode de travail simplifié"
"e, voilà ie
système de Balon. ",355174,Simplifiée !,,MISC,355186," Que dis-je ? Réduite à
sa plu"
"qui lui fournit à forfait les
",355373,Vieux,,LOC,355378," journaux quil découpe, et l'é"
"e ne vous en diraient pas da-
",355474,Vantage,,MISC,355481,". :
. Aussi, ça tient, ce que "
"
Cest presque l’histoire de l'",355679,œuf - de Colomb,,LOC,355694,". Omne
tx ovo. Quel œuf!
Balon"
"olomb. Omne
tx ovo. Quel œuf!
",355719,Balon,,PER,355724, est un pondeur. Il a déjà fai
"déjà fait, des parasites
€ la ",355776,Société,,ORG,355783,", plusieurs vigoureuses peintu"
"ment, une fois de plus, que l’",356009,Idée,,PER,356013,"
marche. Certains écumeurs ne "
"qui cane
devant un bifteck !

",356407,Balon,,PER,356412, est convaincu de l’excellence
"re
les hommes de demain. Ah ! ",356903,Balon,,PER,356908,", biberon de
vérité, homme de "
"ugri, d'un
porte-manteau pour ",357438,culs-de-jatte,,LOC,357451,". |

Comme j'ai eu raison de m"
"tuelles, basée sur la compa-

",357819,PHRAC TE,,LOC,357827,"
ER |
tt,

LE VOLEUR 183

rai"
"basée sur la compa-

PHRAC TE
",357828,ER,,LOC,357830," |
tt,

LE VOLEUR 183

raison"
"ompa-

PHRAC TE
ER |
tt,

LE ",357842,VOLEUR,,LOC,357848," 183

raison raisonnée des mod"
" la fatalité du triomphe de
l’",357961,Idée,,PER,357965,. Quant à prévoir certaines év
"alités, dans
un délai plus ou ",358029,inoins bref,,PER,358040,", ce m'est impossible; il
faud"
"e que
m'a dit Balon. Et puis, ",358457,1l,,PER,358459," parle si bien! Presque
aussi "
" causalité, la
céré...cér1... ",358552,Oh !,,MISC,358556," c’est très beau.

Je ne serai"
"rais pas fâché, cependant, si ",358613,Talmasco,,PER,358621," se
montrait plus explicite. I"
"roduit. Et, une
minute après, ",358815,T'almasco,,MISC,358824," apparaît en personne. Je lui
"
ne dois pas vous cacher que l’,358973,Anarchie,,MISC,358981," traverse

. Une crise en ce m"
"ne sera que passagère... | |

",359080,Talmasco,,PER,359088,", qui pourtant est un libertai"
"ultés d’organe par la main de
",359500,Praticiens,,LOC,359510," spéciaux.
. — L’Anarchie a eu"
"rité pour base, voyez-vous,
l'",359675,Idée,,PER,359679, eût été invincible et nous n’
" nous n’aurions point as-

. ",359731,184 LE VOLEUR,,MISC,359744,"

sisté, ainsi que cela est ar"
os théories ont déjà séduits. ,360006,Ah !,,MISC,360010," si nous
avions pu nous entend"
"ermettez-moi d'aller ouvrir.

",360229,Talmasco,,PER,360237," descend. Tout à coup, j'enten"
" le corridor. Qu'y 2-
t-il... ",360340,Mme Talmasco,,PER,360352, et moi nous nous précipitons…
"i nous nous précipitons…
Mais ",360388,Talmasco,,PER,360396," remonte déjà l’escalier, le c"
" trop pourquoi, sont venus le ",360590,de-,,LOC,360593,"
mander sous un prétexte et, b"
"es, lui ont sauté à la gorge. ",360696,Ila,,PER,360699,"
pu s’en débarrasser et les me"
"ne rai-

sonnent pas, déclare ",360837,T'almasco,,MISC,360846," en épongeant son nez
meurtri."
"n épongeant son nez
meurtri. [",360878,ls,,ORG,360880," ont tort, mais que voulez-vou"
"nne encore. Cette fois, c’est ",361476,Mm° Talmasco,,PER,361488,"
qui va ouvrir. |

— Peut-être"
"

— Peut-être aussi, continue ",361535,Talmasco,,PER,361543,", n'avons-
nous point mis, nou"
"pagnons qui
viennent insulter ",361820,M®° Talmasco,,MISC,361832,", lui reprocher ceci,
cela, et"
ent à hurler dans la rue. Mr° ,362014,Tai-,,LOC,362018,"
masco remonte, tout en larmes"
"remonte, tout en larmes. |

— ",362055,Bah!,,MISC,362059," ce n’est rien, dit Talmasco; "
" |

— Bah! ce n’est rien, dit ",362079,Talmasco,,PER,362087,"; un simple
malentendu. Les co"
"on est
éminemment nécessaire. ",362526,Ah!,,MISC,362529," la fraternité ! c’est si
beau"
ement sublime! Ce doit être l’,362602,"au-
réole des temps nouveaux",,LOC,362630,". |

La voix monotone, féminin"
", scandée par les sanglots et ",362733,"Les
soupirs de M"" Talmasco",,MISC,362759,", qui persiste à pleurer dans
"
 assez pénible. Je me lève et ,362833,Talmasco,,PER,362841,"
me dit, au moment où je le qu"
dre de l’Anarchie doit être : ,362923,"Bonne
volonté",,PER,362936," et Fraternité.

Oui, oui... c"
" doit être : Bonne
volonté et ",362940,Fraternité,,ORG,362950,".

Oui, oui... certainement..."
"ée; elle a
empiré, plutôt.

— ",363866,Eh!,,MISC,363869," bien, pour prendre un instant"
"répondu:

— Au mouchard.

eg
",364457,"Hé IAE

IPS ere

su",,ORG,364476,",

PTIT PMP TT

Te

XIIT

RENC"
"PS ere

su,

PTIT PMP TT

Te

",364496,XIIT,,LOC,364500,"

RENCONTRES HEUREUSES ET MALH"
" PMP TT

Te

XIIT

RENCONTRES ",364513,HEUREUSES,,MISC,364522," ET MALHEUREUSES

. Alors c’es"
"XIIT

RENCONTRES HEUREUSES ET ",364526,MALHEUREUSES,,MISC,364538,"

. Alors c’est cela, le spect"
"e
monstre qui doit dévorer la ",364622,Société capitaliste !,,ORG,364643,"

Ce socialisme, qui change le"
"e des splendeurs fu-
tures du ",364923,Quart-Etat,,LOC,364933,", existant par lui-même et tra"
"écessaire à l’acte — comme si
",365267,Hercule,,PER,365274,", qui combattit Cacus dans les"
"mme si
Hercule, qui combattit ",365290,Cacus,,PER,365295," dans les ténèbres, avait
eu b"
ns d’accessoires de la maison ,365459,Vidocq,,PER,365465,".…

Des gouvernements aussi, e"
"ussi, entreprises anonymes de
",365518,Captation,,MISC,365527,", comme l’autre, despotismes t"
mais sa propre misère morale. ,365736,"La Révolu-
‘tion",,MISC,365752, prend l'aspect d’une Némésis 
"papes, trônant devant le fan-
",366018,tôme,,LOC,366022, de Karl Marx ou le spectre de
"rônant devant le fan-
tôme de ",366026,Karl Marx,,PER,366035," ou le spectre de Bakounine, q"
", éternellement vertueuses !

",366708,Ah!,,MISC,366711, comme on comprend le beau rir
armée bureaucratique devant l’,366796,Individualité,,MISC,366809,",
comme on comprend la victoir"
"nistrative, et le triomphe du ",366902,rond-de-cuir,,LOC,366914,"!
Et l’on songe, aussi, aux en"
"gnements des philo-
sophes du ",366977,xvur,,LOC,366981," siècle, à ce respect de la Lo"
"ur siècle, à ce respect de la ",367009,Loi,,MISC,367012," qu'ils
préchèrent, à leur cul"
"souverai-
neté illimitée de l'",367198,Etat,,LOC,367202," peut passer des mains de la
r"
 socialisme ; elle continuera ,367337,"À
exister.",,MISC,367347," Elle deviendra plus atroce, m"
"ant cessé avec l’existence de
",367723,l'Individu,,MISC,367733,", tous les progrès accomplis p"
"ns, à toutes les
corruptions. ",368118,Etilarrive,,MISC,368128, que la machine administrative
"ine administrative,
qui a tué ",368170,l’Individu,,MISC,368180,", devient plus intelligente, m"
injustice à s’en prendre à la ,368447,Société,,ORG,368454,",
chose vague, intangible, inv"
si à faire de la haine virile ,368617,"La
haine déclamatoire",,MISC,368638,.. Ah! siles détroussés des en
"irile La
haine déclamatoire.. ",368641,Ah!,,MISC,368644," siles détroussés des entre-
p"
"times de l'arbitraire gouver-
",368730,nemental,,PER,368738, avaient pris le parti d'agir 
i en politique ni ailleurs... ,369353,Ah!,,MISC,369356," elle est ten-
tante, certes, "
 dans le purin bourgeois. Que ,369570,Prudhomme,,PER,369579,"
montre les dents, et ces sans"
"nocence; ces sans-

11.

190 ",369755,LE VOLEUR,,MISC,369764,"

Dieu décrocheront et raccroc"
"s jésus-christs de Bon-
nat.

",369878,Allons,,LOC,369884,", la Bourgeoisie peut dormir t"
"ists de Bon-
nat.

Allons, la ",369889,Bourgeoisie,,LOC,369900," peut dormir tranquille; elle
"
" les futurs
rénovateurs de la ",370196,Société ?,,ORG,370205," « Toutes les affaires qui ne
"
"s affaires de
l'Etat. » C’est ",370307,Royer-Collard,,PER,370320," qui a dit ça ; et il avait
bi"
"t
bien raison.

Mais j'irai à ",370376,Paris,,LOC,370381," tout de même, pour me distrai"
"iment le cerveau, et l’air de ",370500,Londres,,LOC,370507," est malsain
pour ces maladies"
"he », disent les anarchistes.
",370628,Moi aussi,,MISC,370637,".

— Comment ! c’est toi! s’éc"
"es anarchistes.
Moi aussi.

— ",370642,Comment !,,MISC,370651, c’est toi! s’écrie Ida que j'
 Comment ! c’est toi! s’écrie ,370671,Ida,,PER,370674," que j'ai été
voir, presque en"
"brasse-moi.

Je m’exécute, et ",370992,Ida,,PER,370995," continue :

— La vérité, c'es"
est que j’avais quelque chose ,371053,àte,,PER,371056," dire,
quelque chose de très i"
"e chose de très important.

— ",371099,Ah!,,MISC,371102, je devine :tu as revu la peti
"a petite femme du
monde. .

— ",371156,Renée,,PER,371161, ? Non. Je l’ai bien vue deux 
je voulais te parler. J'avais ,371471,Pinten-,,PER,371478,"
tention de te demander un con"
"der un conseil. |

LE VOLEUR ",371528,I91,,MISC,371531,"

— Ida, ne fais pas cela; tu "
tinuer. Es-tu sérieux ? Oui ? ,371660,Eh !,,MISC,371664," bien, écoute.
J'ai reçu hier "
"n, écoute.
J'ai reçu hier une ",371698,lettre de Canonnier,,MISC,371717,". Il est aux Etats-
Unis. | |
"
ttre de Canonnier. Il est aux ,371730,"Etats-
Unis",,LOC,371741,". | |

— Après s'être échappé "
" |

— Après s'être échappé de ",371774,Cayenne,,LOC,371781," ; je sais ça.
Mais en dehors "
" ce détail, j’ignore tout sur ",371843,Canon-,,LOC,371849,"
nier. Pourquoi a-il été conda"
"vaux forcés,
d’abord ? | |

— ",371920,Condamné !,,MISC,371930, s’écrie Ida ; il n'a jamais é
"d ? | |

— Condamné ! s’écrie ",371939,Ida,,PER,371942," ; il n'a jamais été con-
damn"
st un des chefs-d’œuvre de la ,372171,Répu-,,LOC,372176,"
blique; si elle n’avait pas c"
; si elle n’avait pas créé le ,372213,Pari Mutuel,,ORG,372224,", ce serait
le seul.

— Âlors,"
"Mutuel, ce serait
le seul.

— ",372248,Âlors,,LOC,372253,", tu sais que, lorsqu'un homme"
"e
l'envoyer finir ses jours à ",372429,Cayenne,,LOC,372436," ou à la Nouvelle-
Calédonie.
"
r ses jours à Cayenne ou à la ,372445,"Nouvelle-
Calédonie",,LOC,372464,".

— Certainement. La chose es"
"mante. Une pa-
reille mesure, ",372530,ensi,,PER,372534, partait désaccord avec les rè
"out soupçon. Vois-
tu Ida, la ",372744,Société bourgeoise,,ORG,372762, me fait l'effet de traiter Le
se me fait l'effet de traiter ,372790,"Le
Voleur",,MISC,372799,", clair de lune de l’honnête h"
"d l’autre n’est pas sage. |
— ",372996,Îl,,PER,372998, ny a rien de tel que l'exempl
"Je ne cherche pas à disculper
",373097,anOnnier,,MISC,373105, ; c’est un voleur de premier 
 subi qu’une condamnation pas ,373250,"sé-
neuse",,PER,373259, et il y avait déjà fort longt
oir commis un vol perpétré au ,373353,Hâvre,,LOC,373358,",

192 | LE VOLEUR

dans une "
"à un des gros seigneurs dè
la ",373436,République,,MISC,373446,. Ce n’était pas de l’argent q
" haute importance, paraît-il. ",373581,Canonnier,,MISC,373590," était
bien l’auteur du vol; i"
"aitexpédiés à un de ses amis, ",373688,attorney,,PER,373696," à New-
York. Mais on n’avait "
" à un de ses amis, attorney à ",373699,New-,,LOC,373703,"
York. Mais on n’avait aucune "
"t.

— ]l n'avait qu’à quitter ",373856,la France,,LOC,373865,".

— C'est cequ’il voulut fair"
 voulut faire. Il partit pour ,373913,Bordeaux,,LOC,373921,"
et s’y logea dans un hôtel qu"
"les menaces
furent exécutées. ",374548,T1,,MISC,374550," fut condamné, pour le vol, à "
i; il m’apprend qu’il sera en ,374778,France,,LOC,374784," d'ici
deux mois environ, et m"
"l'ai entendu dire, à toi ou à ",374939,Roger-la-Honte,,LOC,374953,".

— Elle à dix-neuf ans, à pe"
"s, à peu près; elle s'appelle
",375006,Hélène,,MISC,375012,". .

— N'a-t-elle pas été adop"
"l y 2 une
vingtaine d'années, ",375149,Canonnier,,MISC,375158,", qui n’en avait guéfé
que vin"
"r hasard, dans un jardin

LE ",375239,VOLEUR,,LOC,375245," | 193

public, une jeune fill"
"me
gouvernante, au service de ",375331,M. de Bois-Créauit,,PER,375349,", le fa-
meux procureur-généra"
général du commencement de la ,375403,Ré-,,LOC,375406,"
publique. C'était une petite "
"iale, bébête mais
très jolie. ",375473,Canonnier,,MISC,375482," s’amusa à lui faire la cour, "
t sourde à toute autre chose. ,375722,Canonnier,,MISC,375731,", qui
faisait alors ses premiè"
l se fût qualifié voyageur de ,375833,"com-
merce",,ORG,375843,", trouvait sans doute dans cet"
"au monde
une petite fille.

— ",376325,Et Canonnier,,MISC,376337,", que faisait-il pendant ce te"
" faisait-il pendant ce temps-
",376372,Rà,,LOC,376374," ? |

— Ï était censé voyager "
"l pendant ce temps-
Rà ? |

— ",376382,Ï,,LOC,376383," était censé voyager beaucoup,"
" la rupture d’un ané-
vrisme. ",376803,Hélène,,MISC,376809,", que M"" de Bois-Créault avait"
"d’un ané-
vrisme. Hélène, que ",376815,M,,PER,376816,""" de Bois-Créault avait invi-
"
"né-
vrisme. Hélène, que M"" de ",376821,Bois-Créault,,PER,376833," avait invi-
tée à passer ses "
""" de Bois-Créault avait invi-
",376846,tée,,ORG,376849, à passer ses vacances chez el
" Mr° de Bois-Créault, émue de
",377007,Compassion,,MISC,377017,", se résolut à garder la jeune"
"la jeune fille auprès
d'elle. ",377069,Ah!,,MISC,377072," l’on dira ce qu'on voudra, co"
"ira ce qu'on voudra, continue ",377109,Ida,,MISC,377112,"
Avec un grand geste, mais il "
"fique, ce qu’ils ont fait-là, ",377228,Les Bois-,,LOC,377237,"
Créault. Grâce à leur interve"
"qu’ils ont fait-là, Les Bois-
",377238,Créault,,LOC,377245,". Grâce à leur intervention, a"
"ne publicité
ne fut donnée au ",377308,procès de Canonnier,,MISC,377327," ; il fut jugé,
condamné et re"
"à huis clos, pour ainsi dire.
",377393,Hélène,,PER,377399, ignore donc le sort de son pè
loin en loin. L’aime-t-elle ? ,377535,Canonnier,,MISC,377544," l’affirme et
prétend, de son "
"s...

— J'ai entendu dire que ",377704,Canonnier,,MISC,377713," était riche.

— ‘Très riche. "
Très riche. Sa fortune est en ,377761,Amérique,,LOC,377769,". Mais
il ne possède pas que d"
"re de ceux qu'il a
dérobés au ",377896,Hâvre,,LOC,377901, ; il n’a pas volé autre chose
"ents
vaudraient avant peu, en ",378013,France,,LOC,378019,", beaucoup plus que
leur pesan"
"sant de billets de banque.

— ",378076,Ï,,LOC,378077,] n'avait pas tort; et il voya
"ait loin... Mais tu
disais qu'",378136,Hélène,,MISC,378142, vit avec la famille de Boiïs-
Hélène vit avec la famille de ,378166,Boiïs-Créault,,LOC,378179,".…

— Certainement. M"": de Boi"
"ult.…

— Certainement. M"": de ",378206,Boiïs-Créault,,LOC,378219," la traite
comme sa propre fil"
" fois ensemble, à la messe de
",378384,Saint-Philippe du Roule,,LOC,378407," où aux premières. Mon
cher, m"
"armes m’en venaient aux
yeux. ",378542,Hélène,,MISC,378548," est si jolie, et M""° de Bois-"
"yeux. Hélène est si jolie, et ",378566,"M""° de Bois-Créault",,LOC,378585," a l'air
d’une femme si supéri"
"hise, la dignité et la bonté. ",378683,Ah!,,MISC,378686," oui, c’est une
vraie femme ! "
is sûre qu’elle aurait adopté ,378751,Hélène,,MISC,378757,"
51 la chose était possible, s"
"1 la chose était possible, si ",378789,Canonnier,,MISC,378798," était mort.

— Elle n’a pas d"
"probablement?

— Si. Un fils, ",378868,M. Armand de Bois-Créault,,PER,378893,". Un
jeune homme de vingt-cinq"
"s journaux mondains.

RO

LE ",379099,VOLEUR,,LOC,379105," | 195$

— Ils sont riches, ce"
" 195$

— Ils sont riches, ces ",379137,Bois-Créault,,LOC,379149," ?

— Oh ! oui; surtout depuis"
"riches, ces Bois-Créault ?

— ",379155,Oh !,,MISC,379159, oui; surtout depuis trois ans
"
qu'un ancien magistrat. |

— ",379365,Tune,,MISC,379369," connais pas ces gens-là, répo"
"nnais pas ces gens-là, répond ",379402,Ida,,PER,379405," en
souriant. M. de Boiïs-Créa"
"s-là, répond Ida en
souriant. ",379419,M. de Boiïs-Créault,,PER,379438," est un homme d’étude
qui pass"
"lait que dans son cabinet.

— ",379809,Cherche,,PER,379816,-t-il la pierre philosophale ?
" la commission
dont te charge ",380273,Canonnier,,MISC,380282," ?

— Tune l’imaginerais jamai"
"dont te charge Canonnier ?

— ",380288,Tune,,MISC,380292, l’imaginerais jamais. Il me d
"mment faire tenir la lettre
à ",380584,Hélène,,PER,380590," ? | |

— Âh! ma foi, si; ce n"
"r la lettre
à Hélène ? | |

— ",380600,Âh! ma foi,,MISC,380610,", si; ce n’est pas là ce qui m"
"d’abominable dans ce que fait
",380858,Canonnier,,MISC,380867, ? Engager sa fille à payer de
 faite de tous les hasards... ,381343,Ah !,,MISC,381347," c’est indigne !...
Je sais bi"
"e !...
Je sais bien que, pour ",381390,Canonnier,,MISC,381399,", tous les sentiments
ordinair"
"re, dis-je, ce que te demande ",381656,Canonnier,,MISC,381665,".

— Mais.

— Il faut le faire"
sans hésitation. J’ignore les ,381726,mo-,,ORG,381729,"
tifs qui le font agir ; mais "
"uses,
sois-en sûre. Du reste, ",381811,Hélène,,PER,381817," prendra le parti qui.
lui con"
"à son père.

— C’est bon, dit ",381912,Ida,,PER,381915,. Elle aura la lettre avant de
llons déjeuner ; je t'en veux ,382045,"À
mort",,MISC,382051,", car tu n'as pas de cœur, et "
"faire à présent? me de-
mande ",382235,Ida,,PER,382238," après déjeuner. |

— Un petit"
"t
couper plusieurs fois. |

— ",382540,Eh!,,MISC,382543," bien, non, mon petit, tu ne t"
"ure. |

LE VOLEUR . | 197

— ",382782,Ah!,,MISC,382785, les misérables! Ne m'en dis p
ccompagné de l’homme de robe. ,383125,Philosophe,,PER,383135,", juge

“Ou professeur, je ne "
"oire, en redingote à la papa. ",383282,Ah!,,MISC,383285," homme de robe,
tu as une bien"
"figure, mon ami, avec ton nez
",383354,camus,,MISC,383359,", tes yeux couleur d’eau de Se"
"us, tes yeux couleur d’eau de ",383387,Seine,,LOC,383392," et ta grande
barbe noire |
_ "
"’y a pas à s’y
tromper, c'est ",383485,Edouard Montareuil,,PER,383503," en personne. Il
vient à moi l"
"les profondeurs d’un
café. |

",383900,Ët,,PER,383902," comment se porte M""° Montareu"
"
café. |

Ët comment se porte ",383920,"M""° Montareuil",,LOC,383934," ? Pas trop
mal, bien qu’elle "
"es le tribut de son activité, ",384493,Edouard Montareuil,,PER,384511,"
s'est décidé à agir vigoureus"
"ises modernes. Il
a fondé une ",384651,Revue,,MISC,384656,".

— La « Revue Pénitentiaire."
"ent intellectuel français.

— ",384927,Ah!,,MISC,384930," Monsieur, déclare Île crimina"
"ais.

— Ah! Monsieur, déclare ",384949,Île criminaliste,,LOC,384965,", vous
avez beaucoup perdu. L'"
p perdu. L'apparition de la « ,385014,"Revue
Pénitentiaire",,MISC,385033, » a été l’événement du mois. 
"nement du mois. C’est un
gTOS ",385077,SUCCÈS,,MISC,385083,". |

_ J'en doute un peu, car "
"ute un peu, car enfin... Mais ",385127,Montareuil,,PER,385137,"
me démontre que j'ai le plus "
"u
point de vue pécuniaire, sa ",385215,Revue,,MISC,385220," est un succès;
grâce à certai"
loyés et gardiens des prisons ,385333,de France,,LOC,385342,"
et de Navarre ont été obligés"
"s des prisons de France
et de ",385349,Navarre,,LOC,385356, ont été obligés de s’y abonne
"ces dévoués servi-
teurs de l'",385559,Etat,,LOC,385563, le passe-temps intellectuel q
s vous condamnerons à lire la ,385912,Revue,,MISC,385917," que
lisent vos gardiens. » Ah"
"ue que
lisent vos gardiens. » ",385945,Ah !,,MISC,385949," les malheureux ! Leur sort
n'"
"nt annuel à la Revue.

‘

LE ",386390,VOLEUR,,LOC,386396," . 199

— C'est presque une af"
"resque une affaire faite, dit ",386443,Montareuil,,LOC,386453," ;
de hauts fonctionnaires du "
", dit le criminaliste,
que la ",386659,Revue,,MISC,386664, n’est point lue à l'air libre
é de la civilisation moderne. ,387072,II,,PER,387074," fait partie,

pour ainsi dire"
"e et tout à fait in-
érieure. ",387154,Fh!,,ORG,387157," bien, je suis certain qu’à l’"
"'examen. Car enfin, Monsieur,
",388075,Où,,LOC,388077," sont, dans l’admirable sociét"
" société actuelle, les causes
",388130,QU,,PER,388132, pourraient provoquer des agis
"e
suis sûr de ce que j’avance ",389441,Pas de criminel,,MISC,389456," sans pie
préhensile. Et si vo"
", aujourd’hui, c’est celle du ",389814,Voleur,,MISC,389820,"; il est
vrai qu’elle les cont"
" Nous vous parlons là, me dit ",389910,Montareuil,,LOC,389920,", de
choses qui ne doivent pas"
"ères. Et, d’ailleurs, puisque ",390260,M.,,PER,390262," le professeur
Machin parlait "
"urs, puisque M. le professeur
",390277,Machin,,PER,390283, parlait tout à l’heure de la 
t à l’heure de la grandeur de ,390325,"ht
science",,ORG,390335,", ne pensez-vous pas que toute"
"as que toutes ses branches,

",390383,TA A,,ORG,390387,"
a"" «

.
# .— un

LE VOLEUR: 2"
"s,

TA A
a"" «

.
# .— un

LE ",390408,VOLEUR,,LOC,390414,": 201

si différentes que para"
"gé aux rapports étroits. |

— ",390981,Vraiment!,,MISC,390990, s'écrie le criminaliste. Ah! 
ent! s'écrie le criminaliste. ,391016,Ah!,,MISC,391019," c’est
merveilleux ! La façon "
lements de l'esprit humain... ,391220,Ah!,,MISC,391223," c’est
superbe... Permettez-mo"
"umain... Ah! c’est
superbe... ",391241,Permettez-moi Monsieur,,PER,391263,", de vous félici-
ter. Mais, j"
"moi Monsieur, de vous félici-
",391281,ter,,ORG,391284,". Mais, j'y pense, continue-t-"
"inue-t-il en se tournant
vers ",391337,Montareuil,,LOC,391347,", ne pourriez-vous pas engager"
"ptivant ?

— En effet, répond ",391614,Montareuil,,LOC,391624,". Pourquoi, mon

cher Randal, "
"— Moi, rédacteur à la « Revue ",391873,"Péniten-
taire",,PER,391887," »! Non, c’est trop drôle! Il "
"le! Il ne manquerait
plus que ",391940,Roger-la-Honte,,LOC,391954," pour faire le Courrier de
Lon"
 Roger-la-Honte pour faire le ,391969,"Courrier de
Londres et",,MISC,391991, Canonnier pour envoyer des Co
"ire le Courrier de
Londres et ",391992,Canonnier,,MISC,392001," pour envoyer des Correspon-
d"
et Canonnier pour envoyer des ,392019,Correspon-,,ORG,392029,"
dances d'Amérique... Mais le "
"voyer des Correspon-
dances d'",392039,Amérique,,LOC,392047,... Mais le criminaliste et Mo
ue... Mais le criminaliste et ,392075,"Monta-
euil",,PER,392086, ont les yeux fixés sur moi; i
"ur moi; ils attendent ma dé-

",392137,OSion,,MISC,392142, avec anxiété. Si jacceptais? 
ra dans ma collaboration à la ,392233,"Revue
une belle dose d’ironie",,ORG,392262,", qui ne me déplait pas du
tou"
"ce qu’on
rigolera !

202 *LE ",392366,VOLEUR,,LOC,392372," :

— Eh! bien, dis-je, puisqu"
"olera !

202 *LE VOLEUR :

— ",392378,Eh!,,MISC,392381," bien, dis-je, puisque vous se"
"e vous semblez Je
désirer.

— ",392432,Ah!,,MISC,392435, mercil merci! s’écrient en ch
"us semblez Je
désirer.

— Ah! ",392436,mercil merci!,,PER,392449," s’écrient en chœur Mon-
tareu"
"
tareuil et le criminaliste.

",392503,Îls,,PER,392506," me serrent chacun une main, a"
"es d’inattendu ! Je suis sûr, ",393175,Mon-,,ORG,393179,"
sieur, que vous ferez un chef"
"vre. Le prochain
numéro de la ",393244,Revue,,MISC,393249, sera d’un intérêt supérieur. 
"attirera
l'attention; c’est l’",393352,Esquisse,,MISC,393360," d’un Code rationnel et
obliga"
ention; c’est l’Esquisse d’un ,393366,"Code rationnel et
obligatoire de Moralité",,MISC,393407, pour développer l'Idéal publi
de Moralité pour développer l',393426,Idéal public,,MISC,393438,".
Je n'ai plus qu'à en tracer "
andes protestations d'amitié. ,393642,Montareuil,,PER,393652,"
m'apprend qu’il voudrait avoi"
"ès, il me
quitte. Il sait que ",393831,Paris,,LOC,393836," est menacé d’un2 épidémie
de "
l sait que Paris est menacé d’,393850,un2,,ORG,393853," épidémie
de coqueluche, et il"
l’action heureuse exercée sur ,394149,Pesprit,,PER,394156," de l’homme par

T4 2%

LE VO"
" sur Pesprit de l’homme par

",394174,T4,,MISC,394176," 2%

LE VOLEUR 203

le passage"
"it de l’homme par

T4 2%

LE ",394184,VOLEUR,,LOC,394190," 203

le passage soudain de la"
"ir au bien en passant sous
le ",394627,tunnel du Père-Lachaise,,LOC,394650,". Je sautais sans embarras
du "
" relati-
vement restreinte de ",394973,Londres,,LOC,394980," à l’usage constant fait
par l"
"l’usage constant fait
par les ",395013,Anglais,,MISC,395020, du Métropolitan Railway. Je d
"stant fait
par les Anglais du ",395024,Métropolitan Railway,,ORG,395044,". Je démon-
trais que le manqu"
"ouvent, hélas ! reprocher aux ",395135,Belges,,LOC,395141,", ne saurait être
imputé qu’à "
position plate du pays qu’ils ,395207,ha-,,PER,395210,"
bitent et qui ne permet guère"
"es à la base des majestueuses
",395529,Montagnes,,LOC,395538,. J’exposais ainsi un des mill
"un
métropolitain souterrain à ",395761,Paris,,LOC,395766,". Je disais beaucoup.
de mal d"
"à niveau, qui n'inspirent aux
",395838,VOYageurs,,MISC,395847," que des pensées frivoles. Et,"
ar un éloge pompeux du maître ,395990,Lom-,,ORG,395994,"
10S0, où je mettais en pleine"
" éloge pompeux du maître Lom-
",395995,10S0,,MISC,395999,", où je mettais en pleine lumi"
"pleine lumière son plus grand
",396048,Utre,,LOC,396052, de gloire : sa tranquille aud
"uoi qu'en puissent dire des

",396263,Fi Moss,,PER,396270, ns æ vero mr . CCR ar a . a a
"ssent dire des

Fi Moss ns æ ",396276,vero mr,,PER,396283," . CCR ar a . a as .
: TE . : "
" des

Fi Moss ns æ vero mr . ",396286,CCR,,ORG,396289," ar a . a as .
: TE . : . : Fe"
"vero mr . CCR ar a . a as .
: ",396306,TE,,LOC,396308," . : . : Fes ren
F7 î « ., PA "
"CR ar a . a as .
: TE . : . : ",396317,Fes ren,,LOC,396324,"
F7 î « ., PA SEE

204 | LE VO"
". a as .
: TE . : . : Fes ren
",396325,F7,,ORG,396327," î « ., PA SEE

204 | LE VOLEU"
" TE . : . : Fes ren
F7 î « ., ",396335,"PA SEE

204 | LE VOLEUR",,ORG,396358,"

sophistes peut-être intéress"
" Lombroso,
il faut en laisser ",396432,Id,,LOC,396434, définition à la mûre expérien
"aisir d'une
visite ; celle de ",397031,Jules Mouratet,,PER,397045,", un de mes camarades
de collè"
 et que je croyais employé au ,397156,"ministère des
Finances",,ORG,397178,". Mais il a fait du chemin, de"
naire — haut fonctionnaire. — ,397308,Îl,,LOC,397310," est à la tête de
la Direction"
"ire. — Îl est à la tête de
la ",397331,Direction,,ORG,397340," des Douzièmes Provisoires, un"
"à la tête de
la Direction des ",397345,Douzièmes Provisoires,,MISC,397366,", une nouvelle
Direction que l"
"mes Provisoires, une nouvelle
",397381,Direction,,ORG,397390, que le gouvernement s’est réc
"vernement s’est récemment dé-
",397431,cidé,,PER,397435, à créer au ministère des Fina
"récemment dé-
cidé à créer au ",397447,ministère des Finances,,ORG,397469,", en raison de
l'habitude pris"
"n de
l'habitude prise par les ",397509,Chambres,,ORG,397517," de ne voter les
budgets annue"
"etard de quatre ou cinq
mois. ",397592,Ah !,,MISC,397596," il a de la chance, Mouratet! "
"mois. Ah ! il a de la chance, ",397616,Mouratet,,PER,397624,"! Le voilà, à
son âge, Directe"
"ouratet! Le voilà, à
son âge, ",397647,Directeur,,PER,397656, des Douzièmes Provisoires; et
"ilà, à
son âge, Directeur des ",397661,Douzièmes Provisoires,,MISC,397682,"; et,
même, il sera bientôt dé"
"a présence indispen-
sable au ",397908,Parlement,,ORG,397917,", lors de la discussion du bud"
 d’en reculer le vote jusqu'à ,398046,la Trinité,,LOC,398056,",
ou simplement jusqu’à Pâques"
"rinité,
ou simplement jusqu’à ",398080,Pâques,,MISC,398086,". Heureux gaillard !

Nous din"
femmes les mieux habillées de ,398606,Paris,,LOC,398611,". » C’est.
vrai, mais je ne sa"
"vantage, un des piliers de la ",399236,Ré-,,LOC,399239,"
publique. |

— Ah! dirt Moura"
"iers de la Ré-
publique. |

— ",399255,Ah!,,MISC,399258," dirt Mouratet, on lui reproch"
"en des
choses, à cette pauvre ",399322,République!,,MISC,399333," Mais n'est-ce pas
encore le m"
"usqu’à
l’accuser d’austérité. ",399476,Calomnie,,MISC,399484," pure! Il n’y a pas
d'homme oc"
 intellectuelle de la nation. ,399651,La Ré-,,LOC,399657,"
publique française est la Rép"
"Ré-
publique française est la ",399684,République athénienne,,LOC,399705,"…

ais, à propos, ne m'a-t-on "
"uxquels je m'intéresse. Je ne
",399881,Viens,,MISC,399886, en France que de loin en loin
"e m'intéresse. Je ne
Viens en ",399890,France,,LOC,399896," que de loin en loin.

— C'est"
"n article dans cette

évue de ",399978,Montareuil,,LOC,399988,", je n’aurais pas su où aller "
"’aurais pas su où aller te

, ",400024,Chercher,,MISC,400032,". C'est très beau, ton idée d’"
"ement dans ton
étude qu’il n° ",400147,E,,LOC,400148," ibilité
JE quil ny a pas d'in"
" ton
étude qu’il n° E ibilité
",400157,JE,,LOC,400159, quil ny a pas d'incompatibili
"s les grands ar-
tistes de la ",400344,Renaissance,,LOC,400355,". Léonard de Vinci, par
exempl"
"ar-
tistes de la Renaissance. ",400357,Léonard de Vinci,,PER,400373,", par
exemple... Ah ! la peint"
"nard de Vinci, par
exemple... ",400390,Ah !,,MISC,400394, la peinture ! Ma femme en est
"ières dans les galeries,
chez ",400491,Durand-Ruel,,PER,400502, et aïiileurs. Quand elle revi
"s. Les nerfs, tu
comprends... ",400654,Ah !,,MISC,400658," ces natures sensitives…

— La"
"nes que tu
consens à passer à ",400967,Paris,,LOC,400972,". Ma femme reçoit quelques
ami"
"er d’une somptueuse maison
du ",401454,boulevard Malesherbes,,LOC,401475,". |

Je ne suis pas plutôt ann"
"onsieur, que votre étude dans ",401779,Ra,,PER,401781,"
« Revue Pénitentiaire » m’a d"
"sieur, et mon mari ne pouvait ",401989,mé,,PER,401991,"
faire un plus grand plaisir q"
"e pouvoir discuter

CIE

= nr
",402151,Seg,,LOC,402154," mue 2 à4

SN ER En RER

ET 2"
"
= nr
Seg mue 2 à4

SN ER En ",402175,"RER

ET 2",,LOC,402184," © Lu

TT LE PMP EN A ma F

PM"
"
ET 2 © Lu

TT LE PMP EN A ma ",402209,"F

PMP",,LOC,402215," FTETRART
au
3

LE VOLEUR _ 20"
"i vient de faire
son entrée.

",402618,Eh !,,MISC,402622," bien, elle peut se vanter d’a"
lle peut se vanter d’avoir de ,402660,laplomb,,PER,402667,",
la petite poupée ! Ce n’est "
"ntendrez facilement. C'est un
",403292,Vrai pinson,,PER,403303,. Parfois légèrement capricieu
"le cœur sur la main...

Et la ",403399,ain,,LOC,403402, dans la poche de tout le mond
ns la poche de tout le monde. ,403435,"Ah!
mon pauvre",,MISC,403449," Mouratet, je comprends que to"
laire avec le couteau du père ,403796,Coupe-,,PER,403802,"
toujours ? Tu ne mérites même"
"eté d’une écuyère lancée au

",404172,208 LE VOLEUR,,MISC,404185,"

galop, quittant la selle d’u"
r crevé le cerceau de papier. ,404327,"|

Est",,MISC,404333,"-ce amusant, une soirée chez M"
"t-ce amusant, une soirée chez ",404362,Mouratet,,ORG,404370," ? Comme
ci, comme ça. C’est a"
a moitié d’un couple titré en ,404737,Portugal,,LOC,404745," et
une princesse russe tout e"
" tout entière, un journaliste ",404798,"mé-
ridional",,PER,404810," et un poète belge, des député"
"rcé de fréquenter, le jour de ",405095,Jugement dernier,,MISC,405111,",
dans la vallée de Josaphat.."
" de Jugement dernier,
dans la ",405121,vallée de Josaphat,,LOC,405139,"... Elle n’est pas mal, dé-
ci"
"on; elle est
fort grecque, la ",405240,République athénienne,,LOC,405261,".

Ah ! cette République, qui "
"e, la République athénienne.

",405264,Ah !,,MISC,405268," cette République, qui n'est m"
"lique athénienne.

Ah ! cette ",405275,République,,MISC,405285,", qui n'est même pas une
monar"
"'est même pas une
monarchie ! ",405322,Ah!,,MISC,405325," cette Athènes, qui n'est même"
"pas une
monarchie ! Ah! cette ",405332,Athènes,,LOC,405339,", qui n'est même pas
une Corin"
"hènes, qui n'est même pas
une ",405364,Corinthe,,LOC,405372," !.. Quelle dèche, mon Empereu"
"st bien, ma pose d’extase ?.… ",405880,Oh!,,MISC,405883," je me demande
comment je ne s"
"orte de rire, tout à l'heure.
",405952,Si j'avais connu votre nom,,MISC,405978,", au moins! Mais,
prise à l’im"
" jours
une surprise pareille; ",406117,ca,,MISC,406119," vous remue de fond en

F

#28"
"le; ca vous remue de fond en

",406143,F,,LOC,406144,"

#28 0er,

LE VOLEUR 209

co"
"! Non, l'on ne voit pas ça au
",406435,Palais-Royal,,LOC,406447,".… |

— Moi non plus, dis-je, "
s retrouver ce soir en madame ,406550,"Mou-
ratet",,PER,406560,. Je m’y attendais si peu que 
"on habit. |

— Vrai ? demande ",406719,Renée,,PER,406724," en éclatant de rire. On
n'ima"
" fier, je
vous le demande ?.. ",406823,Ah!,,MISC,406826," le pianiste croate a fini;
at"
ander un autre morceau ; la « ,406955,"Marche
des Monts Carpathes",,MISC,406981,". » oo
. Elle revient une minu"
"qui fait valoir son charme
de ",407101,Parisienne,,LOC,407111,". _ | |
_— Ça y est. Je lui ai"
"harme
de Parisienne. _ | |
_— ",407122,Ça,,MISC,407124, y est. Je lui ai dit qu’il ét
"uss de
demain. Pourquoi pas l'",407195,Offenbach,,PER,407204," d’hier ?.. Ecoutez,
jai beauc"
oi pas l'Offenbach d’hier ?.. ,407216,Ecoutez,,MISC,407223,",
jai beaucoup de choses à vou"
pourrons causer à notre aise. ,407425,T'enez,,PER,407431,",
venez après-demain, et arriv"
" et je n’en ai jamais vue. Je
",407692,Voudrais,,MISC,407700, tant en voir une !... Pour la
"terai les trois personnes que
",407802,Vous avez dévalisées,,MISC,407822," sur mes indications, et je vo"
"mbêter une minute, à présent. ",407986,Ah!,,MISC,407989," si: voici le
poëte beige qui "
ui se prépare à déclamer l’ « ,408046,"Ode au
Béguinage",,MISC,408062,". » Regardez-le là-bas, devant"
"inée.

12.

210 _ LE VOLEUR

",408130,Ah!,,MISC,408133, ces poëtes pare-étincelles !.
e lettres qui veut me parler. ,408341,Aban-,,PER,408346,"
donnez-moi au bourreau... Età"
"an-
donnez-moi au bourreau... ",408373,Età,,PER,408376," après-demain ; surtout,
n'oub"
"out prendre, que le cachet du ",408513,Directeur,,MISC,408522," des Dou-
zièmes Provisoires? "
ue le cachet du Directeur des ,408527,Dou-,,MISC,408531,"
zièmes Provisoires? C’est peu"
" du Directeur des Dou-
zièmes ",408539,Provisoires,,MISC,408550,? C’est peu probable. Mais les
nent des mains souveraines du ,408684,Peuple,,ORG,408690,".
Le Peuple, citoyens ! Et nou"
" mains souveraines du Peuple.
",408692,Le Peuple,,ORG,408701,", citoyens ! Et nous oserions,"
"! Et nous oserions, nous, les ",408742,vo-,,MISC,408745,"
leurs à fausses clefs, sans i"
"emme, avec de l'argent auquel ",409149,Vespasien,,PER,409158," aurait
trouvé une odeur. Mais"
"aurait
trouvé une odeur. Mais ",409189,Mouratet,,PER,409197," ignore tout! Ce
n'est pas une"
"ux qui font les af-
faires de ",409502,la France,,LOC,409511,". Le bénéfice qu'il aretiré, j"
"e, je le
veux bien. Mais l'en ",409626,blimerai,,LOC,409634,"-je? Dieu m'en garde.

+

Il n"
" |

J'ai apporté la pince; et ",409858,Renée,,PER,409863," m'a présenté aux
trois person"
"entants

# L uf

1 chi

 

| ",410066,LE VOLEUR,,PER,410075," : ‘ 2II
: +
_du peuple et de "
"f

1 chi

 

| LE VOLEUR : ‘ ",410080,2II,,MISC,410083,"
: +
_du peuple et de fonction"
l n’est pas fort difficile de ,410292,léur,,PER,410296," passer a
main sous le menton."
"ir raison, me dit Renée
à qui ",411595,jexpose,,PER,411602, un jour mes idées à ce sujet.
f de ses défaillances. … Mais ,411829,croyez,,MISC,411835,"-vous que ce soit
charitable, "
"uels je suis liée. -
Haite- ! ",412052,Renée,,PER,412057, est charmante; c’est une bonn
"me le
dit l’axiome si vrai de ",412347,Bussy-Rabutin,,PER,412360,", volé par Na-
poléon. Il ne f"
"ai de Bussy-Rabutin, volé par ",412371,"Na-
poléon",,PER,412381,. Il ne faut pas oublier trop 
"s endormi
dans les délices de ",412523,Capoue,,LOC,412529," — délices peu enviables,
au f"
"si laid et si noir, à côté de ",413034,Paris,,LOC,413039,"!
On pourrait le chercher à Hy"
"is!
On pourrait le chercher à ",413067,Hyde Park,,LOC,413076,", l’équivalent de
cette allée "
cacias où je me promëne en ce ,413142,mo-,,ORG,413145,"
ment, l’idée m’étant venue, a"
"ns bien. La voiture s'arrête, ",413883,"G
femme",,MISC,413890," saute lestement à terre ; et,"
"nt à terre ; et, tout à coup, ",413934,"JE la
reconnais",,MISC,413949,". C’est Margot, Marguerite, l’"
"ie-t-elle en se précipitant

",414081,He,,MISC,414083," [7
17

EI AGEN SE > CA EAU Ta"
"en se précipitant

He [7
17

",414091,EI AGEN SE,,ORG,414101," > CA EAU Tan PEL #
+ /

HT pe"
"tant

He [7
17

EI AGEN SE > ",414104,CA EAU Tan PEL #,,LOC,414120,"
+ /

HT pe
7

Patl

LE VOLEUR"
"t beaucoup à l'étranger. |

— ",414419,Âh !,,MISC,414423," oui, tu es ingénieur. C’est u"
s côte à côte dans l’allée et ,414810,Margue-,,LOC,414817,"
rite me fait le récit de ses "
 renvoyée sans certificat par ,414908,M®° Montareuil,,MISC,414922,",
à la suite de ce vol dont on"
"eu beaucoup de mal, la pauvre ",415079,"Mar-
got",,PER,415087,. Elle à été obligée de poser 
itrines de femmes du monde. » ,415176,Ea,,PER,415178," fin de
compte, un artiste en "
"nse ? Il ne se passe point de
",415499,Jour que tu ne puisses voir dans leurs Echos,,MISC,415543," le nom

e Marguerite de Vauco"
"ir dans leurs Echos le nom

e ",415554,Marguerite de Vaucouleurs,,PER,415579,". Eh! bien, mon cher,
Margueri"
"couleurs. Eh! bien, mon cher,
",415601,Marguerite de Vaucouleurs,,PER,415626,", c’est moi.

C'est elle !.. E"
"t elle !.. Er nunc erudimini, ",415674,puelle,,PER,415680,". .…

— Pour le moment, contin"
"tre-
ténue principalement par ",415761,Courbassol,,LOC,415771,", le député de

alenvers. Tu c"
un cette paire de solitaires. ,415869,Jolis,,MISC,415874,", hein ? Tu
Sais, Courbassol s"
" solitaires. Jolis, hein ? Tu
",415886,Sais,,PER,415890,", Courbassol sera ministre lun"
"aires. Jolis, hein ? Tu
Sais, ",415892,Courbassol,,PER,415902, sera ministre lundi ou mardi.
 longtemps qu’il nous rase... ,416024,"De-

Main",,MISC,416033,", Courbassol va à Malenvers, a"
"qu’il nous rase... De-

Main, ",416035,Courbassol,,LOC,416045," va à Malenvers, avec sa bande"
".. De-

Main, Courbassol va à ",416051,Malenvers,,MISC,416060,", avec sa bande, pour

214 ‘L"
e son portefeuille. Je vais à ,416244,Malenvers,,MISC,416253," avec
lui, naturellement... Tu"
" atroce qui me forcera à res-
",416474,ter à Malenvers,,PER,416489,", et tu y demeureras, toi auss"
" J'irai
envahir ta chambre... ",416551,Ahl,,ORG,416554," au fait, c’est à l’hôtel du
S"
"l au fait, c’est à l’hôtel du
",416583,Sabot d'Or,,PER,416593, que nous allons tous; c’est l
" qui
est l'agent électoral de ",416661,Courbassol,,LOC,416671,". Alors, c'est con-
venu? Tu p"
"es qui
descendent l’allée des ",416976,Acacias,,LOC,416983,"; et elle se retourne
pour m'e"
"ait
scintiller ses brillants. ",417086,"|

Ah !",,MISC,417093, Marguerite de Vaucouleurs !..
"tiller ses brillants. |

Ah ! ",417094,Marguerite de Vaucouleurs,,PER,417119," !.. Tu prends ta
revanche ; e"
".. Tu prends ta
revanche ; et ",417151,M®° Montareuil,,MISC,417165," aurait sans doute mieux
fait,"
", à force de . démoraliser la ",417394,Société,,ORG,417401,", par
l’amener au bord de l’ab"
 d'hommes lors des travaux du ,417592,Saint-Gothard,,LOC,417605,",
mais grâce auxquelles on par"
"s on parvint à percer la mon-
",417657,"tagne !

NL",,ORG,417669," — il

ee PE ne
<

XIV

AVENTU"
"V

AVENTURES DE DEUX VOLEURS, ",417720,"D'UN CADAVRE ET
D'UNE JOLIE FEMME

Si j'étais bavard",,MISC,417772,", je sais bien ce que je dirai"
 depuis quatre heures dans un ,417843,Wagon,,MISC,417848," occupé
par des journalistes, "
"age plus ou moins politiques, ",418146,"ap-
partenant",,PER,418159, aux assemblées parlantes ou a
"antes ou aspirant à y
entrer. ",418209,Courbassol,,LOC,418219," est ‘dans le train, et son co"
"ans le train, et son collègue
",418256,Un Tel,,MISC,418262,", et son ami Chose, et son con"
"n collègue
Un Tel, et son ami ",418275,Chose,,PER,418280,", et son confrère Machi-
nard "
argot. Une partie de l’âme de ,418450,la France,,LOC,418459,",
quoi ! | |

— Malenvers! Mal"
"e de la France,
quoi ! | |

— ",418475,Malenvers!,,MISC,418485," Malenvers |.

On descend. La "
"ile qui peuvent
s'appliquer à ",418760,Malenvers,,MISC,418769,". Moi, je ne fais pas de des-
"
" fais pas de des-
criptions ; ",418811,Je ne sais pas,,MISC,418825,. Si j'avais su faire les desc
" devant la
gare. Îl y a aussi ",419121,M.,,PER,419123, le maire flanqué de ses adjoi
gens qui n’ignorent point que ,419562,Courbassol,,PER,419572," au
pouvoir, cela signifie: ép"
"or et très médaillée, exécute ",419721,la Marseillaise,,MISC,419736," ; et
au dernier soupir du tro"
", rouge
jusqu'aux oreilles et ",419814,fort gèné,,LOC,419823," par son faux-col, pro-
nonce "
"l, pro-
nonce un discours que ",419869,Courbassol,,PER,419879," écoute le sourire
sur les lèv"
"mmage aux grandes
qualités de ",419963,Courbassol,,LOC,419973,", à ses talents supérieurs qui"
"si bien comprendre que la li-
",420166,berté,,PER,420171, ne saurait exister sans l’ord
"our n’est peut-être pas loin, ",420310,Messieurs!,,MISC,420320," — à
la tête du gouvernement.
"
"— à
la tête du gouvernement.

",420351,Courbassol,,LOC,420361," déclare, en réponse, qu'il es"
"berté, ainsi que la famille !
",420864,Lài-dessus,,MISC,420874,", une petite fille vêtue de bl"
"n un gentil com-
pliment, « à ",421039,M,,LOC,421040,""" Courbassol, la vertueuse et "
"n gentil com-
pliment, « à M"" ",421042,Courbassol,,LOC,421052,", la vertueuse et dévouée

com"
"ciller, remercie au nom de la ",421176,Ré-,,LOC,421179,"

publique, embrasse la petite"
"ite fille, et se dirige avec

",421236,Courbassol,,LOC,421246, vers un landau centenaire. La
"tenaire. La fanfare re-
prend ",421295,la Marseillaise,,MISC,421310," et la foule hurle :

— Vive l"
"ottoir. Mais l’omni-
bus de l'",421596,hôtel du Sabot d’Or,,LOC,421615," fait son entrée dans la
cour "
"vi lui-même de l’omnibus de
l'",421690,hôtel des Deux-Mondes,,LOC,421711,", d’un char-à-bancs, d’une
tap"
"s de salle et leurs femmes de
",422279,Caricatures,,MISC,422290,", les gens de la presse font l"
"us, char-à-bancs, tapissière,
",422503,Second.omnibus,,MISC,422517,", panier à salade, tape-cul et"
" calèche
antediluvienne.

? .
",422577,ést,,LOC,422580, dans cette calèche que j'ai p
" pris place, ainsi

43

- sa ",422638,om,,ORG,422640," de me D LL .
1 "" ! où ” "" . ‘"
"ce, ainsi

43

- sa om de me ",422647,D LL,,ORG,422651," .
1 "" ! où ” "" . ‘7 n ! UN nn"
" comme nous passons devant la
",423186,Halle aux Plumes,,PER,423202, — un vieux bâtiment rectangu-
"s occasions de
dire du mal de ",423513,la France,,LOC,423522," et d'empêcher qu'on lui
rende"
" d'empêcher qu'on lui
rende l'",423555,Egypte,,LOC,423561,".

Ça m'est égal. Moi, je pens"
"s publiques, je
représente le ",423679,Vol sans Phrases,,MISC,423695,".

Il est une heure, ou peu s’"
"he
antique s'arrête devant le ",423778,Sabot d'Or,,LOC,423788,", tendu de trico-
lore d’un bo"
". Le
propriétaire, qui a reçu ",423885,Courbassol,,PER,423895," et ses amis, à titre
d'agent "
"er une
chambre.

eo t

—

LE ",424565,VOLEUR,,LOC,424571," | 219

— Non, Monsieur, pas u"
tudier le langage des fleurs. ,425709,Courbassol,,PER,425719,"
est fort empressé auprès d'el"
"e ? Non ; eh! bien,alors ?.….
",425888,SuuM cuique,,MISC,425899,".

Plusieurs personnes sont dé"
"e en trois parties et qui

2

",426438,Senferme,,LOC,426446, dans un étui pas plus gros qu
"ui pas plus gros qu’un porte-
",426487,Cartes,,MISC,426493,. Je déjeune rapidement.Le bru
"e bruit qu’on fait dans

= + ",426548,Nr,,LOC,426550," lus "" , 1,
+ . , ST «. sus CE"
"ans

= + Nr lus "" , 1,
+ . , ",426568,ST,,MISC,426570," «. sus CET Es Ven = DE ,

? °"
"Es Ven = DE ,

? ° ‘ 1 '. 4 : ",426612,Fo,,LOC,426614," ."" PT * vtt - . FA AGE
, 1 ti"
" = DE ,

? ° ‘ 1 '. 4 : Fo ."" ",426618,PT,,ORG,426620," * vtt - . FA AGE
, 1 tire

i "
"‘ 1 '. 4 : Fo ."" PT * vtt - . ",426631,FA AGE,,ORG,426637,"
, 1 tire

i ' , 4 AA
. : . - "
" - . FA AGE
, 1 tire

i ' , 4 ",426656,AA,,LOC,426658,"
. : . - ‘ Da.

» ""7 -

r , .
"
" 1 tire

i ' , 4 AA
. : . - ‘ ",426669,Da,,MISC,426671,".

» ""7 -

r , .

220 _. LE VO"
"Da.

» ""7 -

r , .

220 _. LE ",426699,VOLEUR,,LOC,426705,"

la grande salle commence à m"
"s dans
les champs, à présent. ",427303,Ah !,,MISC,427307," que c’est beau ! que ça sent
"
" voir, de l’homme qui se mar-
",427876,Lyrise,,LOC,427882," et se tue à ramasser, dans la"
"asser, dans la fange, des ri-
",427928,chesses,,LOC,427935, plus fugitves et plus illusoi
"travers le rideau des saules, ",428084,jà-bas,,LOC,428090,",
on aperçoit de belles prairi"
". Si l'on pou
vait y vider le ",428577,Palais-Bourbon,,LOC,428591,", tout de mème, ie
fois pour t"
"UR | 221

_ Jai été diner à l’",428667,hôtel des Deux-Mondes,,LOC,428688,". C’est le
Sabot d'Or, je le s"
"tel des Deux-Mondes. C’est le
",428699,Sabot d'Or,,PER,428709,", je le sais, qui fournit les "
"ir,
à sept heures et demie, à ",428836,la Halle,,LOC,428844," aux Plumes, et ses
affaires, "
"m'adresser, quand
j'arrive au ",429172,Sabot d'Or,,LOC,429182,. Tous les employés et les do-
"les do-
mestiques sont déjà à ",429235,la Halle,,LOC,429243," aux Plumes, sans.
doute, avec"
"et la vaisselle de la maison.
",429317,Si je sonnais ?,,MISC,429332,"... Maïs une idée me vient.

P"
"la maison.
Si je sonnais ?... ",429336,Maïs,,MISC,429340," une idée me vient.

Puisqu’il"
" ? Car il y a encore des gens
",430106,R-haut,,LOC,430112,.… Le mieux est de me cacher q
"que part.
Où ? Sous le lit... ",430175,Ah!,,MISC,430178," non, derrière le rideau. Je
m"
"e n’ai qu’à passer mon habit.
",431192,Allons,,LOC,431198,", ne pleure pas. Ce serait jol"
"rerons
que demain matin. | -

",431434,Ah!,,MISC,431437," bien, vrail... Ce paquet blan"
"et blanc, c’est un ca-
davre… ",431490,"| |

— Ma pauvre maman!",,PER,431513," gémit l’hôtelière en s'a-
van"
"-chaussée,
autrefois... Vous, ",431759,Jérôme,,PER,431765,", vous allez rester ‘ici à
vei"
"sera pour cette
nuit... Vous, ",432018,Annette,,MISC,432025,", continue-t-1l en s’adressant"
"le-là.

etage ne mas a n

LE ",432301,VOLEUR,,LOC,432307," | 223

+ — La chambre de mama"
"an ! sanglote l’hôtelière.

— ",432366,Ah !,,MISC,432370," je t'en prie, as-tu fini ? de"
"ez la fenêtre grande ouverte.
",432625,Sile,,LOC,432629, voyageur se plaint de l'odeur
"enant,mon
habit, et partons.

",432952,Îl,,LOC,432954," sort, suivi par sa femme et l"
 sa femme et la servante ; et ,433000,Jérôme,,PER,433006,"
S’assied sur une chaise dépai"
"n difficile, de sortir d’ici. ",433321,Jérôme,,PER,433327," est assis
juste devant moi ; "
pu revenir de son épouvante.. ,433595,Attendons,,MISC,433604,"
encore un peu. |

J'entends u"
"femme dans le corridor. La

_ ",433673,Porte,,LOC,433678," s'ouvre ; c’est Annette.

— E"
". La

_ Porte s'ouvre ; c’est ",433695,Annette,,MISC,433702,".

— Eh l'bien, dit-elle à Jér"
"te-à-tête
avec un mort ? |

— ",433833,Âh!,,MISC,433836," non, pour sûr, répond le garç"
"ts. Pour sûr! Tu devrais bien
",433926,VEnIT,,MISC,433931," me tenir compagnie... |

— Pl"
" nes pas gêné, vraiment!

01, ",434005,Je vais monter tout en haut de la maison,,MISC,434045,", au
Quatrième, pour regarder "
"tout en haut de la maison, au
",434050,Quatrième,,ORG,434059,", pour regarder le feu d’artif"
garder le feu d’artifice ; de ,434098,Ià,,LOC,434100,", on
Peut voir ce qui se passe"
"nde place comme si

224 | LE ",434171,VOLEUR,,LOC,434177,":

l’on y était, et je ne perd"
"perdrai pas une chandelle ro-
",434233,maine,,LOC,434238,".

— J'ai bien envie d’aller a"
"es fusées à l’envers… |

Mais ",434477,Jérôme,,PER,434483, se lève et va la prendre par 
"nt un
mort! sic'est permis... ",434595,Allons,,MISC,434601,", viens tout de même,
continue"
"es escaliers quatre à quatre.
",434876,Allons !,,MISC,434884, les choses tournent mieux que
"ans deux ou trois minutes.

— ",434973,Eh !,,MISC,434977," bien, comment la trouves-tu, "
"tes.

— Eh ! bien, comment la ",434995,trouves-tu,,LOC,435005,", celle-là ?

Horreur ! C’est "
" a parlé !.. J'en suis
sûr... ",435079,Oh !,,MISC,435083, j'en suis sûr! La voix part d
car je me demande si je rêve. ,435375,"..

Ha!",,MISC,435382, je ne rève qu'à moitié... La 
"action, une tête d'homme
sous ",435688,lelit,,LOC,435693,. — Une tête que je reconnais 
"ustaches cirées.….
la tête du ",435800,moachard,,ORG,435808,".…

Le mouchard ! Je vois ses "
"e il
. * 1°

LE VOLEUR 225

— ",436001,Bonsoir,,MISC,436008,", cher Monsieur. Comment vous "
" ma force, car il faut que je ",436286,Îui,,PER,436289," passe sur
le ventre, coûte qu"
"e, coûte que coûte, afin de m’",436338,échapoer,,PER,436346," d'ici.

Mais il a vu mon mouv"
tu n'as rien à craindre. Je m',436612,"ap-
pelle",,PER,436621," Canonnier.

—, Canonnier! C’e"
"en à craindre. Je m'ap-
pelle ",436622,Canonnier,,MISC,436631,".

—, Canonnier! C’est vous, C"
"Je m'ap-
pelle Canonnier.

—, ",436637,Canonnier!,,MISC,436647," C’est vous, Canonnier?... Ces"
"r.

—, Canonnier! C’est vous, ",436660,Canonnier,,MISC,436669,"?... Cest
Vous ?.. ""

— Oui, m"
"nt entendu parler de vous.

— ",436785,Ah !...,,MISC,436792," Comment t’appelles-tu ?

— Ra"
"i j'ai entendu parler de toi.
",436876,Javiis,,LOC,436882, même l'intention de te voir e
"e hasard est un grand
maitre. ",437038,Ah !,,MISC,437042," j’ai bien ri, en moi-même, qu"
"rimace quand on m'a ap-
porté ",437255,cé,,ORG,437257, paquet-là sur le dos. On a be
"dos. On a beau être obligé

€ ",437305,Sattendre,,LOC,437314," à tout, dans notre métier.

—"
", dis-je, puisque nous de-

_ ",437393,Vons,,LOC,437397," faire le coup à nous deux, ma"
"e temps.

— Au contraire, dit ",437492,Canonnier,,MISC,437501,". Ne nous pressons
Pas. Attend"
tre. C’est plus prudent. Nous ,437614,"serons
Sûrs",,ORG,437625, de n’être pas dérangés. C’est
"quillement, sur la chaise que
",437757,Rt,,PER,437759," de quitter Jérôme, et se met "
"uer de sentimenta-
lisme !... ",438479,Ah !,,MISC,438483, assez d’oraison funèbre. Dis 
" d’oraison funèbre. Dis donc, ",438519,jene,,PER,438523,"
pense pas que ce soit spécial"
" cette boîte que tu es venu à
",438631,Malenvers,,PER,438640," ? |
. — Non, c’est une idée q"
e de commerce qui m'a amené à ,439052,saint-,,LOC,439058,"
Nazaire. De à, je me suis ren"
"ire. De à, je me suis rendu à ",439093,KR,,LOC,439095,"., une petite
ville à dix lieu"
"on au-dessus de Malenvers, et
",439163,jy,,LOC,439165,. attendais depuis deux jours 
"urs une occasien de rentrer
à ",439221,Paris,,LOC,439226,". | |

— Comment, une occasion"
— Naturellement. Mon départ d',439292,Amérique,,LOC,439300," à été
signalé à la police, qu"
"des raisons
qui m'appellent à ",439433,Paris,,LOC,439438,". Tu sais comme les gares de
l"
omme qui veut aller de Lyon à ,439616,Bordeaux,,LOC,439624,", où de
Nancy à Cette, à passe"
"ler de Lyon à Bordeaux, où de
",439632,Nancy,,LOC,439637," à Cette, à passer par Paris, "
"yon à Bordeaux, où de
Nancy à ",439640,Cette,,LOC,439645,", à passer par Paris, n’a poin"
"e
Nancy à Cette, à passer par ",439660,Paris,,LOC,439665,", n’a point d'autre
raison d’ê"
"
+

Da Pr RE me

‘sn,

1

LE ",439823,VOLEUR,,LOC,439829," 227

dernier loustic de la po"
’ai donc envoyé mes bagages à ,439998,Paris,,LOC,440003,"
chez quelqu'un que je connais"
j'ai attendu tranquillement à ,440095,R.,,PER,440097," l’occasion de
les suivre. Cet"
" Cette occasion, le voyage de ",440153,Courbassol,,LOC,440163,"
me l’a fournie. J’ai pris à K"
"l
me l’a fournie. J’ai pris à ",440192,KR,,ORG,440194,"., ce matin, le train qui
vous"
"quent, pour un collègue de la
",440542,Sûreté Générale,,ORG,440557," ; mais, en temps ordinaire, j"
"coups des pyrotechniciens.

— ",441228,Allons,,LOC,441234,", dit Canonnier en se levant; "
"rotechniciens.

— Allons, dit ",441240,Canonnier,,MISC,441249," en se levant; c'est le
Moment"
"ous voici devant le bureau
de ",441561,Phôtel,,LOC,441567,. La porte n’en est pas fermée
"ns.

, — Le bureau; bon, fait ",441663,Canonier,,PER,441671,". Et qu'est-ce que
test Que ce"
"nonier. Et qu'est-ce que
test ",441695,Que cette seconde pièce,,MISC,441718," ? La chambre à coucher

€ Mon"
"e à coucher

€ Monsieur et de ",441760,Madame,,PER,441766,", sans doute. T'out juste.

f"
" en vous éclairant, pour per-
",442199,cer,,ORG,442202, et scier les paroïs des coffr
"le auquel je me suis attaqué,
",442635,Canonnier,,MISC,442644, entre dans la chambre avec de
"le;
ne les change ni ici ni à ",442908,Paris,,LOC,442913,", à cause des numéros.
Quant à"
".

Il vide son chapeau sur le ",443016,litet,,ORG,443021," fait deux tas de
louis, à peu"
"sur le litet fait deux tas de
",443039,louis,,PER,443044,", à peu près égaux.

— Prends "
lenvers. Elles partiront pour ,443339,Londres,,LOC,443346," demain ma
tin à l’adresse de "
esse de Paternoster. Ce brave ,443398,Paternoster,,PER,443409,"!
Il m'a écrit plusieurs fois "
"à ton sujet... Je t’explique-
",443469,rai,,ORG,443472," pourquoi. Pour le moment, je "
"rflus pour la dé-

mn ns
Ses ",443738,"L
bed sn

 

LE VOLEUR",,MISC,443760," 229

cotation de l'hôtel, son"
"hôtel, sont appuyés contre le ",443810,mur,,MISC,443813,".
Canonnier en prend un, arrac"
" papiers.

— À merveille, dit ",444031,Canonnier,,MISC,444040," en boutonnant son
gilet. Je f"
"sens l’argent... Tiens, là.

_",444420,Ilse,,PER,444424," dirige vers la cheminée, pass"
"ire un vieux
portefeuille.

— ",444540,Ahlah,,LOC,444545,! dit-il en s’approchant de la
"e ; mazette!…
Quatre, cinq.., ",444660,Neuf,,MISC,444664,", dix. Dix mille francs, mon b"
"ix mille francs, mon bon
ami, ",444702,Voilà,,MISC,444707, ce que c’est que d’avoir du n
"oute la monnaie blanche, fait
",444953,Canonnier,,MISC,444962, en passant devant la caisse f
" avons la joie d’assiter aux

",445388,Transports de la foule devant les soleils tournants,,ORG,445439,", les
 <handelles romaines, et"
", et surtout les pluies d’or. ",445495,"Di-

Vértissements innocents",,MISC,445523,", plaisirs purs... .
Un temps "
piétinant une devise latine : ,446027,"Pax ei
Labor",,MISC,446039,".

— À quoi pensais-tu pendant"
"u d'artifice ? de-
mandé-je à ",446105,Canonnier,,MISC,446114, comme nous quittons la grande
u’il est fort heureux pour la ,446199,Société,,ORG,446206,"
que les malfaiteurs soient de"
"au-
ront bientôt. Le maire de ",446559,Chicago,,LOC,446566,", pendant laterrible
conflagra"
"n vienne
dire, à présent, que ",446770,Chicago,,LOC,446777," n’est pas la première
ville d"
" the fun of the
thing °

— En ",447203,Europe,,LOC,447209,", on n'en est pas [à.

— Pas e"
e sa morale etses besoins. La ,447472,Société !,,ORG,447481," C’est la
coalition des impuis"
"vait été cons-
tituée par des ",447630,Forts pour l’oppression des,,ORG,447657," Faibles ?
Elle a été établie "
s Forts pour l’oppression des ,447658,Faibles,,ORG,447665," ?
Elle a été établie par des "
" ?
Elle a été établie par des ",447695,Faibles,,ORG,447702,", et par la ruse, pour
Passerv"
"Faibles, et par la ruse, pour
",447725,Passervissement des Forts,,ORG,447750,". C’est le Faible qui règne,
p"
"e… L

Nous arrivons devant la ",447926,Haile aux Plumes,,LOC,447942,".

— Quel tas de lugubres bava"
"res bavards, là-dedans ! mur-
",447994,mure Canonnier,,MISC,448008,", ils. vont être gavés, bientô"
" qui n’ait, comme l’enfant de
",448308,Sparte,,LOC,448314,", un renard qui lui ronge le v"
" t'ai déjà dit, n'est-ce pas? ",448648,quej',,MISC,448653,"avais l’in-
tention de te voir"
tion de te voir. Tu reviens à ,448698,Paris,,LOC,448703," demain. ma-
tin ?

— Oui.

— "
r. Tu reviens à Paris demain. ,448712,"ma-
tin",,PER,448719," ?

— Oui.

— Eh! bien, tu me "
" demain. ma-
tin ?

— Oui.

— ",448733,Eh!,,MISC,448736," bien, tu me trouveras demain "
"à dix
heures, sur la place du ",448801,Carrousel,,LOC,448810,", devant lé monu-
ment de Gamb"
"u moins, je me promène par la
",449092,Ville,,LOC,449097,", songeant à ce que m’a dit Ca"
"le, songeant à ce que m’a dit ",449125,Canonnier,,MISC,449134,", à ce qu’il
Ma laissé entendr"
"m’a dit Canonnier, à ce qu’il
",449147,Ma,,PER,449149, laissé entendre. C’est extrao
"honnêtes
gens ? Si c’avaitété ",449446,Barabbas,,PER,449454," qui avait chassé les ven-
deu"
"vait chassé les ven-
deurs du ",449490,Temple,,MISC,449496, —- peut-être qu’ils n’y serai
e sans but m’a ramené près de ,449584,la Halle,,LOC,449592,"
aux Plumes. J'y entre; car on"
"a ramené près de la Halle
aux ",449597,Plumes,,MISC,449603,. J'y entre; car on en a ouver
"oquence de leur cher député.

",449805,La Halle,,LOC,449813,", éclairée par de grands lustr"
"e buste d’une
bacchante de la ",450501,Courtille,,PER,450510," étiquetée R. F., un buste
cou"
"n très lourd; les
citoyens de ",450710,Malenvers,,MISC,450719, tendent leurs oreilles en feu
"irs détachés (mais elles
sont ",450922,émues,,PER,450927," tout de même, les gaillardes "
"s; la foule, vulgum pecus qui ",451126,S€,,MISC,451128,"
presse le long des murs, bave"
"es de cali-
cot qui mesure du ",451257,madapolam,,MISC,451266,", Courbassol parle,
parle, par"
"
cot qui mesure du madapolam, ",451268,Courbassol,,PER,451278," parle,
parle, parle.

hs 2""
"
"""

LE VOLEUR 233

Sa figure ? ",451349,Ah!,,MISC,451352, je ne sais pas! Je n’en vois 
"eulement. Oui, on
ne voit que ",451566,ca,,MISC,451568,", dans la face de Courbassol. "
" voit que ca, dans la face de ",451586,Courbassol,,LOC,451596,". On ne
peut pas y voir autre "
"ré soi, à un débris sexuel de
",451973,Hottentote,,PER,451983,". Cette lèvre-là, c'est un gar"
"-là, c'est un gargouille : la ",452026,"gar-
gouille",,PER,452038, parlementaire... Et des menso
"en tombent
sans trêve, et des ",452103,Âneries,,LOC,452110,", et des turpitudes..…

Le sal"
banque attaque sa péroraison. ,452173,Illa,,LOC,452177," déclame,

non pas en Robert-M"
"on. Illa déclame,

non pas en ",452199,Robert-Macaire,,PER,452213,", ni même en Bertrand,

mais e"
"en Robert-Macaire, ni même en ",452226,Bertrand,,PER,452234,",

mais en Courbassol. La voix"
"ni même en Bertrand,

mais en ",452245,Courbassol,,LOC,452255,". La voix est lourde, monotone"
t voguer deses propres ailes. ,452536,La France,,LOC,452545," est lasse de
se voir gouverné"
"ai la conviction profonde, la ",453142,Chambre,,ORG,453149," va montrer
Par Son vote qu'el"
"u’elle
se refuse à être dupe. ",453242,La France,,LOC,453251," veut être libre, ci-
toyens |"
"s sur sa base.
On veut porter ",453597,Courbassol,,PER,453607," en triomphe. Et c'est en-
tou"
"e lui et ses amis arrivent
au ",453694,Sabot d'Or,,LOC,453704,"; où les propriétaires, par un"
"récédés d’une demi-minute.

— ",453790,Vive la République,,PER,453808," ! Vive Courbassol! hurle la
f"
"cris désespérés s’élèvent:

— ",454026,Âu voleur!,,MISC,454036," Au voleur !... À moi! Au se-
"
-1l ? Qu'y a-t-il ? demandent ,454120,Courbassol,,PER,454130,",
Machinard et plusieurs autre"
"-t-il ? demandent Courbassol,
",454132,Machinard,,LOC,454141, et plusieurs autres en se pré
"font un affreux
vacarme. |

— ",454251,Tenez,,PER,454256,", Messieurs, tenez! Regardez l"
"Ils nous
ont tout pris, tout! ",454374,Ah!,,MISC,454377," les coquins... Mon Dieu!
quel"
". Mon Dieu!
quel malheur !.…

",454421,Courbassol,,LOC,454431,", Machinard et plusieurs autre"
"quel malheur !.…

Courbassol, ",454433,Machinard,,LOC,454442," et plusieurs autres font
pleu"
" parapluies, et leurs cannes. ",454789,"Mar-

got",,MISC,454798, ne les suit pas; elle vient d
pas; elle vient de déclarer à ,454841,Courbassol,,LOC,454851,"

que l'émotion lui a brisé le"
nétat de supporter le voyage. ,454945,Courbassol,,LOC,454955," a af
firmé qu'il comprenait ç"
"er le voyage. Courbassol a af
",454961,firmé,,PER,454966, qu'il comprenait ça; les nerf
"...
Margot passera la nuit au ",455038,Sabot d'Or,,LOC,455048," et prendra Îe
train demain ma"
nuit au Sabot d'Or et prendra ,455060,Îe,,PER,455062,"
train demain matin.

Les voya"
" la perversité Lu-

Free
“à

",455246,NA,,ORG,455248," a agree CORRE LE CE CR
‘ Là, "
"ité Lu-

Free
“à

NA a agree ",455257,CORRE LE CE CR,,MISC,455271,"
‘ Là, , _ . [NI 1 ""
ŒTRELES 2"
" LE CE CR
‘ Là, , _ . [NI 1 ""
",455292,ŒTRELES 2,,LOC,455301,", 4 :,, .
4 . -

+ su a,
qu -
"
"u -
se
#3

LE
FRS

en eee des ",455357,rs MA time us torts,,ORG,455376,",
- . ue

+ ‘ :
v # &

LE VOLE"
" des rs MA time us torts,
- . ",455382,ue,,ORG,455384,"

+ ‘ :
v # &

LE VOLEUR 235

"
"d'heure, ils roule-
ront vers ",455578,Paris,,LOC,455583,", en compagnie d’un homme qui "
" ce que
je pourrai pour vous. ",456018,Courbassol,,PER,456028," m'accordera ce que
je lui dem"
"ent le vieux
portefeuille que ",456390,Canonnier,,MISC,456399, adécouvert derrière la glace.
"couvert derrière la glace.

— ",456433,Ah!,,MISC,456436," Monsieur, que nous avons du m"
"toute la soirée à la porte
de ",456631,la Halle,,LOC,456639, aux Plumes au lieu de patroui
"ouvelles par M. Courbassol.…

",457037,Annette,,MISC,457044,", tout en larmes, me conduit à"
dont la -porte fait face à la ,457264,mienne,,LOC,457270,", se balancer aux
doigts de Ma"
"as que c'est curieux ? me de-
",457370,mande Margot,,PER,457382, dans le train qui nous ramène
"ns le train qui nous ramène à
",457415,Paris,,LOC,457420,. Nous n'avons passé que deux 
"dences bizarres.

— Pour sûr. ",457584,Ah!,,MISC,457587," maintenant, nous pouvons
caus"
"u'est-ce que tu
fais, toi ?.. ",457728,Ah!,,MISC,457731," oui, tu esingénieur. Tu es to"
"p ?

— Il en faut partout.

— ",457857,Ça,,MISC,457859, doit bien gêner les poissons.
tu penses si l’on doit rire à ,458479,"Ma-
lenvers",,PER,458490,". Le coup était mal monté, à m"
"tr
avec des gens pareils!

Et ",458803,Margot,,PER,458809," pousse un gros soupir.

4

u"
"7 J , = +4
.
t + os

XV

DANS ",458957,LEQUEL LE VICE EST BIEN,,MISC,458980," PRÈS D'ÊTRE
| RÉCOMPENSE

Je "
"
DANS LEQUEL LE VICE EST BIEN ",458981,PRÈS D'ÊTRE,,MISC,458992,"
| RÉCOMPENSE

Je viens d’alle"
"E VICE EST BIEN PRÈS D'ÊTRE
| ",458995,"RÉCOMPENSE

Je viens d’aller regarder l’heure",,MISC,459040,", à la lueur d’un des
becs de "
"ur d’un des
becs de gaz de la ",459080,place du,,LOC,459088," Carrousel. Dix beures un
quar"
"es
becs de gaz de la place du ",459089,Carrousel,,LOC,459098,". Dix beures un
quart. J'atten"
"ix beures un
quart. J'attends ",459131,Canonnier,,MISC,459140," depuis vingt minutes, et
je n"
" m'amuse à dévisager les pas-
",459270,Sants,,LOC,459275,", pour tuer le temps ; ils son"
à laquelle la disparition des ,459415,Tuileries,,LOC,459424," a donné l’aspect
d'un désert."
"a donné l’aspect
d'un désert. ",459455,"|

Dix heures et demie",,MISC,459477,". Ah ! ça, Canonnier aurait-il"
"sert. |

Dix heures et demie. ",459479,Ah !,,MISC,459483," ça, Canonnier aurait-il
oubli"
"Dix heures et demie. Ah ! ça, ",459488,Canonnier,,MISC,459497," aurait-il
oublié le rendez-vo"
" cette colonne Ven-
0me de la ",459831,Déroute !,,ORG,459840, Cette pierre à aiguiser les s
"ns, vomie par les carrières d'",459903,Amérique,,LOC,459911,", ce pilori de
a-qu'un-Œil sur"
"ne, coiffée d’un bas

238 LE ",459985,VOLEUR,,LOC,459991," :

de laine, enfourche à cru "
" chauve-souris déclouée
de la ",460054,porte du Grenier d’Abondance,,LOC,460082," — qui n’a plus
besoin de port"
"ze heures, et toujours pas de ",460175,Canon-,,LOC,460181,"
nier. C’est embêtant ; j'aura"
ndant un mois sur la place du ,460333,Carrousel,,LOC,460342,". J'ai
reçu, en rentrant chez "
"trant chez moi, une lettre de ",460391,"Roger-la-
Honte",,PER,460406, qui me demande de me trouver 
ui me demande de me trouver à ,460438,Bruxelles,,LOC,460447,"
dans trois ou quatre jours..."
"quai et du
côté de ceux de la ",460572,rue de Rivoli,,LOC,460585,", je n’aperçois pas
mon homme."
"e la garde, là-bas, devant le ",460685,"ministère des Fi-
nances",,ORG,460709,", et la statue de pierre du Gr"
"s Fi-
nances, et la statue de ",460727,pierre du Grand Tribun,,PER,460749," dont
le bras vengeur désigne "
"nt
le bras vengeur désigne la ",460782,trouée des Vosges,,LOC,460799," — à
Pouest. |

Allons-nous-en"
"igne la trouée des Vosges — à
",460804,Pouest,,LOC,460810,". |

Allons-nous-en. Demain, j"
"-en. Demain, j'irai voir chez ",460856,Ida,,MISC,460859," si :
elle a des nouvelles, sa"
"arlons jamais.

J'arrive chez ",461091,Ida,,PER,461094,", rue Saint-Honoré, vers une
h"
"s jamais.

J'arrive chez Ida, ",461096,rue Saint-Honoré,,LOC,461112,", vers une
heure de l’après-mi"
"e
heure de l’après-midi. -

— ",461151,Ab,,LOC,461153,! s’écrie-t-elle dès qu’elle p
"tends, il y en a, du nouveau! ",461244,Canon-,,LOC,461250,"
nier est ici, et sa fille aus"
"st ici, et sa fille aussi.

— ",461287,Vraiment ! sa fille !,,MISC,461308," Et depuis quand ?

— Depuis h"
"?

— Depuis hier soir, répond ",461355,Canonnier,,MISC,461364," qui a re-
connu ma voix et qu"
"ui fait son entrée. Dis donc, ",461423,"Je
t'ai",,MISC,461430," laissé poser, hier soir ; exc"
" Il est entré sans
encombre à ",461566,Paris,,LOC,461571,", l’avant-dernière nuit. Hier "
"nuit. Hier matin,
il a chargé ",461620,Ida,,PER,461623, de faire remettre une lettre 
"se. Mais cette réponse, c'est ",461751,Hélène,,MISC,461757," elle-mème
qui l’a apportée, v"
"ers sept heures du soir.

TR ",461817,PMPALUT,,MISC,461824," HAUT HD EG np

4 8

LE VOLEUR"
"es du soir.

TR PMPALUT HAUT ",461830,HD EG,,ORG,461835," np

4 8

LE VOLEUR 239.

— Et"
"MPALUT HAUT HD EG np

4 8

LE ",461848,VOLEUR,,LOC,461854," 239.

— Et elle déclare qu’el"
"ère au bout
du monde, s’écrie ",461931,Ida,,PER,461934,", et que son devoir est de tou"
"ir est de tout
lui sacrifier. ",461981,Ah !,,MISC,461985, quelle est charmante ! Aussi 
enfant qui vient de naître... ,462063,ÆElle,,MISC,462068," est
restée ici depuis hier so"
"hagrin, par son départ, à ces ",462163,Bois-Créault,,PER,462175," qui
ont toujours été si parfa"
" le croit menacé.

— Oui, dit ",462304,Canonnier,,MISC,462313,". Je lui avais appris dans
ma "
" te re-
trouver hier soir.

— ",462573,Ah!,,MISC,462576, bah! dis-je ; et comment cela
"la ? |

— On savait, continue ",462634,Canonnier,,MISC,462643,", que c'était pour
venir cherc"
"ur
venir chercher ma fille en ",462689,France,,LOC,462695," que j'avais quitté
l’'Amériqu"
"s passé depuis mon départ des
",462873,Etats-Unis,,LOC,462883,", on faisait surveiller l’hôte"
"de
Bois-Créault, où demeurait ",462951,Hélène,,PER,462957,". Ma fille, hier, en
quittant "
"lle ?

.T Je te crois, répond ",463365,Canonnier,,MISC,463374,". Si tu veux voir
l'individu, "
"t me désigne, dans la rue, un ",463508,Mon-,,ORG,463512,"
sieur qui porte un lorgnon.

"
"-là n’est

pas un mouchard.
— ",463664,Comment !,,MISC,463673, s’écrie Canonnier ; ce n’est 
"mouchard.
— Comment ! s’écrie ",463682,Canonnier,,MISC,463691," ; ce n’est pas.

240 LE VOLE"
"itter Le plus vite pos-
sible ",463948,Paris,,LOC,463953," et la France avec ta fille, j"
" je présume ? Oui.
Et aller à ",464011,Londres,,LOC,464018,", car il est bien improbable q"
" il est bien improbable que
l'",464053,Angleterre,,LOC,464063," accorde ton éxtradition, si l"
"égué.

: — J'irai peut-être à ",464206,Londres,,LOC,464213," ; mais ça dépend. Où

va-tu, "
"a-tu, toi ?

— Moi, je vais à ",464267,Bruxelles,,LOC,464276,".

— Eh! bien, moi aussi j'ira"
" Moi, je vais à Bruxelles.

— ",464281,Eh!,,MISC,464284," bien, moi aussi j'irai à Brux"
" Eh! bien, moi aussi j'irai à ",464310,Bruxelles,,LOC,464319,".

— C'est de la folie ! La Be"
"es.

— C'est de la folie ! La ",464347,Belgique,,LOC,464355," t’arrêtera et t'ex-
tradera s"
"e, si l’on sait que je suis à ",464453,Bruxelles,,LOC,464462,";
mais si on l’ignore ? Car, s"
"nts.

— Bon. Je prendrai avec ",464860,Hélène,,MISC,464866," le train de Bel-
gique cette "
ndrai avec Hélène le train de ,464879,Bel-,,LOC,464883,"
gique cette après-midi même. "
"s-midi même. Quand seras-tu à
",464930,Bruxelles,,LOC,464939,", toi ? |

— Je partirai demai"
n de l'escalier; je guette le ,465138,mo-,,ORG,465141,"
ment où l’homme que Canonnier"
"te le mo-
ment où l’homme que ",465162,Canonnier,,MISC,465171," prend pour un
mouchard aura l"
"qui vient de
se retourner.

— ",465362,Eh!,,MISC,465365," bien, lui dis-je en lui donna"
"le, comment vous portez-vous, ",465452,Issacar,,MISC,465459," ?

— Comment! c'est vous! s’é"
"ous portez-vous, Issacar ?

— ",465465,Comment!,,MISC,465473, c'est vous! s’écrie Issacar a
 Comment! c'est vous! s’écrie ,465494,Issacar,,MISC,465501," absolu-

er

EST 3

AT AA IS"
" Issacar absolu-

er

EST 3

",465523,AT AA IS TT,,ORG,465534," PE Er .

LE VOLEUR 241.

ment"
"ST 3

AT AA IS TT PE Er .

LE ",465547,VOLEUR,,LOC,465553," 241.

ment abasourdi ; ah ! v"
"user
votre invitation, répond ",465906,Issacar,,MISC,465913," ; maïs en ce moment
je suis f"
"oment
je suis fort occupé.

— ",465958,Occupé !,,MISC,465966," dis-je très haut, car je comm"
 du louche dans la conduite d’,466048,Issacar,,MISC,466055,".

Occupé ! Vous osez me racon"
"à
moi qui vous trouve dans la ",466138,rue Saint-Honoré,,LOC,466154,", le
nez en l'air, rimant un s"
"prises avec les cannibales du
",466263,Congo,,LOC,466268,". | :
_ Je fais signe à un coc"
"nt

s'arrêter devant nous.

— ",466351,Allons,,LOC,466357,", Issacar, dis-je en le prenan"
"rêter devant nous.

— Allons, ",466359,Issacar,,MISC,466366,", dis-je en le prenant par le "
" les usages européens dans
ce ",466507,Congo,,LOC,466512, où vous avez sans doute fait 
adresse d’un restaurant de la ,466640,rue Lafayette,,LOC,466653,".

— Non, me dit Issacar au de"
"rue Lafayette.

— Non, me dit ",466670,Issacar,,MISC,466677," au dessert, non, je n'ai

poi"
"e n'ai

point fait fortune au ",466726,Congo,,LOC,466731,"; tant s’en faut. J’y ai

perd"
"'ai été obligé

de revenir en ",466827,France,,LOC,466833," il ya un mois.

. — Je croyai"
"ous aviez une belle
idée.

.— ",466909,Oh! superbe !,,MISC,466922," Seulement, je n’ai pas pu la
"
connaître le moment propice à ,467218,leurexécution,,LOC,467231,".

4%

242 LE VOLEUR

Je m'y "
es incomplets. C’est chez les ,467878,Juifs-,,LOC,467884,"
surtout qu'ils se rencontrent"
" abjecte, quoi
qu'on en dise. ",468119,Les Juifs,,MISC,468128," — cela peut vous paraître
étr"
"re
étrange, mais c'est vrai — ",468182,les Juifs,,MISC,468191," sont absolument
dépaysés dans"
"nombre met en pleine lumière, ",468544,pär,,PER,468547," ses actes,
l’absurdité et l’i"
uel les circonstances — ou la ,468861,"vo-
lonté",,MISC,468870," bien arrêtée des chrétiens, c"
"’utilisation de l'argent,

» ",469185,"DE
Lu
La

LE",,PER,469197," VOLEUR 243

* mais qui ne se "
"es de ces
gens-là et celles d’",469392,Tsraélites,,MISC,469402," qui ont la notion du ca-
ract"
"nce de la finance et
celle de ",469545,Spinoza,,PER,469552," vivant à La Haye, sur le Spui"
" et
celle de Spinoza vivant à ",469562,La Haye,,LOC,469569,", sur le Spui, dans
lhumble ma"
"nt, d’après vous, lanotion
du ",469731,caractèré,,LOC,469740, et des tendances de leur race
"leurs
tangs des hommes. comme ",470104,Lassalle,,PER,470112,", il s’y trouve
Encore plus so"
"urd’hui coupeur de
_ bourses, ",470390,demain gendarme,,PER,470405,". Notre logique est dans
nos i"
"sition constante avec nos as-
",470632,Pirations,,PER,470641," et nos rêves, paralyse à tel "
"serions bien sots de nous em-
",470731,arrasser,,PER,470739,", encore, du poids écrasant de"
"oids écrasant des scrupules.

",470783,U,,MISC,470784,", nous sommes des incomplets ;"
"udriez-vous, s'il vous plait,
",471047,AN,,ORG,471049,". nous -Prissions parti, consc"
"ons des convictions ? Nous :

",471199,TN,,LOC,471201,",
MT

HT ms hs

244, LE VOLEU"
"des convictions ? Nous :

TN,
",471203,"MT

HT ms",,ORG,471212," hs

244, LE VOLEUR

sommes i"
"us :

TN,
MT

HT ms hs

244, ",471223,LE VOLEUR,,LOC,471232,"

sommes indifférents à vos co"
"la tête couronnée
d’épines..… ",471408,Æcce homo !,,MISC,471419,... Hé! qu'il reste à son gibe
"ée
d’épines..… Æcce homo !... ",471423,Hé!,,MISC,471426," qu'il reste à son gibet,
si c"
aisir ! Comme au supplicié du ,471501,Gol-,,MISC,471505,"
gotha, nous lui disons : « Sa"
"l-
gotha, nous lui disons : « ",471533,Sauvé-toi,,PER,471542," toi-même, » Et
nous lui appor"
"soif, au bout du glaive de la ",471653,Loi!,,MISC,471657,"

— Et, dites-moi, Issacar, n’"
" de la Loi!

— Et, dites-moi, ",471676,Issacar,,MISC,471683,", n’avez-vous pas les doigts,
"
"là ?

— Toute la main, répond ",471785,Issacar,,MISC,471792,". Je ne veux pas
vous le cache"
"en souffrent encore.

— C’est ",471980,Courbassol,,LOC,471990, qui va être nommé président d
"ui va être nommé président du
",472022,Conseil,,ORG,472029,", demain ou après-demain au pl"
après-demain au plus tard ; l’,472071,Ely-,,ORG,472075,"
sée essaye aujourd'hui une ou"
"-demain au plus tard ; l’Ely-
",472076,sée,,LOC,472079, essaye aujourd'hui une ou deu
 sérieux... Vous me direz que ,472172,"Cour-
bassol",,PER,472184, ne l’est guère non plus ; mai
"t de la poigne, comme on dit, ",472571,la France,,LOC,472580," est satis-
faite; en fait de "
"té, elle n’a jamais connu que ",472645,"À
liberté des mœurs",,MISC,472664,", et elle demande à continuer."
"ntinuer.
Que vous disais-je ? ",472716,Ah!,,MISC,472719," oui. Dès que Courbassol
sera "
 disais-je ? Ah! oui. Dès que ,472733,Courbassol,,PER,472743,"
sera installé, on procède à l"
idé. On nettoie les écuries d',472846,Au-,,LOC,472849,"
gias.… |

— Ah ! et vous aura"
" On nettoie les écuries d'Au-
",472850,gias,,LOC,472854,".… |

— Ah ! et vous aurait-on"
"les écuries d'Au-
gias.… |

— ",472862,Ah !,,MISC,472866, et vous aurait-on' laissé ent
"romis de me nommer préfet.

— ",472996,Vraiment!,,MISC,473005, Mes compliments. Mais qu'avez
" J'ai rendu des services, dit ",473115,Issacar,,MISC,473122,".… des ser”

#

#%

_ Le dé e"
"s services, dit Issacar.… des ",473129,"ser”

#

#",,MISC,473140,"%

_ Le dé ee à dou Sie Dee RL"
"es ser”

#

#%

_ Le dé ee à ",473156,dou Sie Dee RL RES,,PER,473174," -_,

LE VOLEUR ° 245 -

vices"
" à dou Sie Dee RL RES -_,

LE ",473183,VOLEUR,,LOC,473189," ° 245 -

vices. depuis que je"
is d’une troisième affaire... ,473450,Ah !,,MISC,473454," si je
la réussissais, celle-l"
"ste d’in-
dignation. Comment! ",473796,Issacar,,MISC,473803,", vous en êtes là!
Vous faites"
".… |

— Pourquoi pas ? répond ",473868,Issacar,,MISC,473875,". Vous êtes admi-
rable, vraim"
"
traires aux prescriptions du ",473977,Code,,MISC,473981,", je serais condamné
à n'en ja"
i autrefois battue en brèche? ,474143,Ah!,,MISC,474146," non; je n’en-
gage ma liberté"
"rise

assez les lois pour les ",474239,narguerle matin,,MISC,474254," et pour leur’
prêter le soir "
"oncours de mon expérience, si ",474318,"jy

touve mon intérêt",,MISC,474339,". Voyez-vous, ajoute-t-il, il "
s deux autres. Il y a aussi l’,474525,Artiste,,MISC,474532," ;
mais, dans la Société actue"
"ssi l’Artiste ;
mais, dans la ",474549,Société,,ORG,474556," actuelle, c’est un monstre.

"
"stre.

Peut-être, après tout. ",474609,Ah!,,MISC,474612," Et puis. |

— Vous le savez, "
" |

— Vous le savez, continue ",474651,Issacar,,MISC,474658,", je suis Juif; et
Par conséqu"
"ez, continue Issacar, je suis ",474668,Juif,,MISC,474672,"; et
Par conséquent, tout à fa"
"onnent. Ce détachement absolu
",474779,R,,LOC,474780, est pas une manière d’être : 
": c’est une raison d’être.
Le ",474838,Juif,,MISC,474842,... Figurez-vous une caravane 
"une caravane qui passe à tra-
",474889,ETS,,ORG,474892," Un univers malade, apportant "
"s poisons qu’on lui demande.

",474990,Juif,,MISC,474994,", à mon avis, n’a pas encore j"
"ainement pas moyen de retenir
",475347,Issacar,,MISC,475354, davantage. N'importe ; Canonn
ssacar davantage. N'importe ; ,475378,Canonnier,,MISC,475387," et sa fille
ont pu mettre le "
" et sa fille
ont pu mettre le ",475417,ternps,,ORG,475423," à profit et sont déjà, sans
d"
"t sont déjà, sans
doute, à la ",475464,gare du Nord,,LOC,475476,". Il faudra que je prenne le
t"
"dra que je prenne le
train de ",475514,Bruxelles,,LOC,475523," ce soir, et que je les décide"
"s décide à partir
demain pour ",475575,Londres,,LOC,475582, ; je n’ai pas confiance en l'
"
compte de ce qui se passe... ",475985,Dieu de Dieu,,MISC,475997,"! Cest
Canonnier!.. Pourvu qu'"
qui se passe... Dieu de Dieu! ,475999,"Cest
Canonnier!",,MISC,476014,".. Pourvu qu'Issacar…

Mais Is"
"! Cest
Canonnier!.. Pourvu qu'",476027,Issacar,,MISC,476034,"…

Mais Issacar n’est plus là."
"r!.. Pourvu qu'Issacar…

Mais ",476042,Issacar,,MISC,476049, n’est plus là. Il a sauté dan
"user la tête, je ne vois rien ",476547,"À
tenter.",,MISC,476556, Ah ! pourquoi n’ai-je pas exp
"te, je ne vois rien À
tenter. ",476557,Ah !,,MISC,476561, pourquoi n’ai-je pas expliqué
"-je pas expliqué les choses
à ",476605,Issacar,,MISC,476612,", tout à l'heure ?.. Îl n’a pa"
"à Issacar, tout à l'heure ?.. ",476633,Îl,,MISC,476635," n’a pas oublié qu'il
me doit "
"s convaincu qu il
aurait aidé ",476723,Canonnier,,MISC,476732," à échapper, si je lui avais d"
"ons
et tous les stratagènes.… ",476951,Ah!,,MISC,476954," il est bien inutile que
je pr"
"ouit,
avec celui qui ramènera ",477058,Canñonnier,,LOC,477068,"…

LE VOLEUR 247

Je suis nav"
"vardage me distraira...

Mais ",477358,Marcot,,PER,477364," refuse ma proposition, telle "
"fuse ma proposition, telle ce ",477397,Grec,,MISC,477401,"
incorruptible qui repoussa le"
e qui repoussa les présents d’,477444,Artaxercès,,PER,477454,".
C'est elle qui tient à m’off"
"onde ren-
versé... |

À moi ? ",477568,Oh !,,MISC,477572, pas du tout. Je ne demande qu
"s du tout. Je ne demande qu'à
",477605,mé,,PER,477607," laisser faire. | ee

Je dine "
"aire. | ee

Je dine donc chez ",477647,Margot,,PER,477653,"; et même, j'aurai large-
ment"
"got est
veuve jusqu'à demain. ",477753,Courbassol,,PER,477763," a fait annoncer
qu'il ne vien"
 à ma porte quand je voudrai. ,478058,Ah !,,MISC,478062," ce que Liane

va rager |.

Ma"
quand je voudrai. Ah ! ce que ,478070,Liane,,PER,478075,"

va rager |.

Mais si, par ha"
"e ce qui
devrait arriver — si ",478162,Courbassol,,PER,478172," n’était pas nommé
Ministre ?
"
"

— C'est impossible! s’écrie ",478231,Margot,,PER,478237,". Le président :
est forcé de "
" Ils.ne sont pas
nombreux, en ",478370,France,,LOC,478376,", les gens à qui l’on peut con"
"onnais rien à ces.

choses-à, ",478474,Quand je t’entends parler politique,,MISC,478509,", jai

Envie de t'envoyer couc"
"e t’entends parler politique, ",478511,"jai

Envie de t'",,MISC,478527,"envoyer coucher.

— Ne te gène"
 de ne pas me réveiller avant ,478640,"de-
Main",,PER,478648,",

; . Ps, R
C'est, ma foi, ce"
"ller avant de-
Main,

; . Ps, ",478659,"R
C'est",,MISC,478666,", ma foi, ce que jai fait. Nou"
". Ps, R
C'est, ma foi, ce que ",478683,jai,,MISC,478686," fait. Nous dormons encore

fo"
"stant après, le bruit d’une

_",478817,Btande,,PER,478823, discussion parvient jusqu’à n
"
voix de la femme de chambre. ",479211,Madame,,PER,479217," est toute
seule.

— Voyons, v"
"ne seconde après, on frappe à ",479404,ia,,LOC,479406," porte de la
chambre.

— Mon c"
"n cher ami, vous êtes là ?... ",479463,Répondez,,MISC,479471,"-moi,
sacredié ! C’est moi, Ma"
"ez-moi,
sacredié ! C’est moi, ",479499,Machinard,,LOC,479508,".

— Réponds, murmure Margot; "
"achinard.

— Réponds, murmure ",479530,Margot,,PER,479536,"; sans ça, ils ne
s'en iront p"
"e pousse un rugisse-
ment.

— ",479665,Humrrr,,LOC,479671," |...

— Bien, bien, répond Ma"
"rr |...

— Bien, bien, répond ",479699,Machinard,,ORG,479708,". C'est tout ce
que je voulais"
"out ce
que je voulais savoir, ",479747,Ne vous dérangez pas,,MISC,479767,". Il faut
vous rendre à l’Elys"
" pas. Il faut
vous rendre à l’",479793,Elysée,,LOC,479799," pour midi. Le président vous
"
 vous offrir la présidence du ,479876,Conseil,,ORG,479883,"
et le portefeuille de la Just"
"seil
et le portefeuille de la ",479909,Justice,,MISC,479916,". Je compte sur votre
exactitu"
"exactitude, n’est-ce pas ?

— ",479968,Humrrr,,LOC,479974,"!...

— Et mes félicitations. "
ns. Rappelez-vous que c’est l’,480030,"În-
térieur",,MISC,480041," qu'il me faut.

— Humrir!..

"
"În-
térieur qu'il me faut.

— ",480060,Humrir,,PER,480066,"!..

— Et mes compliments, vie"
"t mes compliments, vient dire ",480104,Chose,,PER,480109," à tta-
vers la porte. Souvene"
"e Chose à tta-
vers la porte. ",480132,Souvenez,,PER,480140,"-vous bien de me réserver
la M"
"z-vous bien de me réserver
la ",480169,Marine,,ORG,480175,". |

— Humrrr !...

— Et mes c"
"e me réserver
la Marine. |

— ",480182,Humrrr,,LOC,480188," !...

— Et mes congratulation"
" mes congratulations, reprend ",480229,"Un Tel par le
trou de la serrure",,MISC,480261,. N'oubliez pas de me désigner
"iez pas de me désigner pour
l'",480299,Agriculture,,LOC,480310,". |

— Humrrr!…..

LE VOLEUR "
"gner pour
l'Agriculture. |

— ",480317,Humrrr,,LOC,480323,"!…..

LE VOLEUR | 249

Puis, "
"vite, il faut partir, quitter ",480480,Paris,,LOC,480485,".

— Qu'est-ce que tu fais? de"
"aire de
moi un ministre de la ",480627,Justice !,,MISC,480636,"

— Etpuis, après ? dit Margot"
 ? dit Margot qui rit encore. ,480683,Pour-,,LOC,480688,"
quoi pas toi aussi bien qu'un"
"toi aussi bien qu'un autre ?

",480728,Ah!la,,MISC,480733," malheureuse ! C’est vrai, ell"
"’est vrai, elle ne sait rien.
",480779,Laissons-la,,MISC,480790," dans son ignorance.

Quand je"
"elle me demande mon adresse
à ",480862,Londres,,LOC,480869, ; elle viendra peut-être me f
lui ordonner d’aller porter à ,481051,Courbassol,,LOC,481061,", chez
l'indigne rivale, la no"
"lle du bonheur qui l’attend.

",481124,Ah!,,MISC,481127," oui, il va être heureux, Cour"
"
Ah! oui, il va être heureux, ",481153,Courbassol,,PER,481163,". Ministre
de la Justice ! Que"
"x, Courbassol. Ministre
de la ",481180,Justice !,,ORG,481189," Quel honneur! — Quel honneur
"
"! — Quel honneur
même pour la ",481232,Justice,,MISC,481239,", car enfin Courbassol n’est
p"
"me pour la Justice, car enfin ",481251,Courbassol,,LOC,481261," n’est
peut-être encore que l’"
ncore que l’avant-dernier des ,481309,Courbassols,,LOC,481320,"…

Je me hâte de rentrer chez "
arer à partir. Je veux être à ,481410,Bruxelles,,LOC,481419," ce soir
car une pensée, tout "
"ut d’un coup, m'a traversé le ",481476,"cer-
Veau",,LOC,481485,". Canonnier a été arrêté, c’es"
"p, m'a traversé le cer-
Veau. ",481487,Canonnier,,MISC,481496," a été arrêté, c’est certain ;"
"evenue sa fille ?

gp ""mé
+
°",481572,"”

XVI",,MISC,481578,"

ORPHELINE DE PAR LA LOI

Nou"
"a fille ?

gp ""mé
+
°”

XVI

",481580,ORPHELINE DE,,PER,481592," PAR LA LOI

Nous ne sommes pl"
"s plus qu'à une demi-heure de
",481648,Bruxelles,,LOC,481657, et le voyageur qui me fait fa
" homme de soixante ans, envi-
",481801,ron,,PER,481804,", au front haut, aux traits im"
"e soixante ans, envi-
ron, au ",481809,front haut,,ORG,481819,", aux traits impérieux, aux ch"
"n manteau sombre, son chapeau ",482333,"Ge
feutre",,PER,482342,", ne me livrent aucun renseign"
vrent aucun renseignement sut ,482382,s4 pO-,,MISC,482388,"
sition sociale; et une jolie "
"moirs
d'argent, aux initiales ",482467,J.-J. B.,,PER,482475,", qu'il a déposée dans
le file"
" non pas qué

L?

the oo 47, ",482657,K,,MISC,482658," nu NES

ssl cr ie
: :

#1

LE"
"pas qué

L?

the oo 47, K nu ",482662,NES,,MISC,482665,"

ssl cr ie
: :

#1

LE VOLEUR"
"me, toujouts utile en voyage.
",482967,Ët,,LOC,482969,", maintenant que le mouchoir e"
"es narines du vieux monsieur, ",483107,"La tête du vieux
monsieur",,MISC,483132," se rejette en arrière, la bou"
"es après l’arrivée du train à
",483338,Bruxelles,,LOC,483347,. J’aï une grande expérience d
"ientôt mettre en usage sur la
",483655,ligne du Nord,,LOC,483668,". Allons, il ne sera pas trop "
"mon appari-
tion à l'hôtel du ",484267,Roi Salomon,,LOC,484278,".

— Ah ! monsieur Randal! s’é"
" à l'hôtel du Roi Salomon.

— ",484283,Ah !,,MISC,484287, monsieur Randal! s’écrie l'hô
"une charmante jeune fille.

— ",484447,Êt,,LOC,484449," puis,et puis! M. Canonnier.l’"
"ne fille.

— Êt puis,et puis! ",484464,M. Canonnier.l’,,PER,484479,"avez-vous vu ?
— M. Canonnier "
"en, que .je l’ai vu ! Il

est ",484552,R-haut,,LOC,484558,", au premier étage ; il vous a"
"impe l'escalier au plus vite.
",484725,Canonnier,,MISC,484734," est ici !... Alors, qu'est-ce"
"
cette comédie jouée hier par ",484810,Îssacar,,PER,484817," ? Avait-il deviné

. le but d"
"a porte qu'on ma
indiquée.

— ",485066,Enfin!,,MISC,485072," c’est toi, dit Canonnier qui "
"uée.

— Enfin! c’est toi, dit ",485088,Canonnier,,MISC,485097," qui vient m’ou-
vrir. Je comm"
"er. Qu'est-ce qui ta
retenu à ",485174,Paris,,LOC,485179," ?

Autantne point le lui avou"
"t-ce qui ta
retenu à Paris ?

",485183,Autantne,,LOC,485191, point le lui avouer. À présen
 le lui avouer. À présent que ,485227,Îe,,PER,485229,"
danger est passé, il vaut mie"
"rd. Et ïlne faudra pas m'imi-
",485392,ter demain,,PER,485402,", car il est nécessaire de par"
"est nécessaire de partir pour
",485441,Londres,,LOC,485448, à la première heure. J'ai à f
imable ; je pense aussi que l’,485666,Angle-,,MISC,485672,"
terre vaut mieux pour moi que"
re vaut mieux pour moi que la ,485706,Belgique,,LOC,485714,", et j'étais
décidé à ne pas r"
s bagages à la consigne de la ,485824,"gare du
Nord",,LOC,485836, et j'ai télégraphié à Paterno
"du
Nord et j'ai télégraphié à ",485859,Paternoster,,PER,485870," de garder la vi-
leur des tit"
onne ? Mille livres sterling. ,486030,Iln’,,MISC,486034,"y a pas à se plaindre;

je n’e"
"is pas davantage. D'ailleurs, ",486099,"Paternoster

3",,MISC,486113," , + r *
 n’auraitaucun intérê"
"rs, Paternoster

3 , + r *
 n’",486125,auraitaucun,,PER,486136," intérêt à me rouler.

On frap"
"désirons diner.
— Ici, répond ",486246,Canonnier,,MISC,486255," ; dans ce salon. Nous st

ron"
x à notre aise pour causer... ,486321,Hélène,,MISC,486327," est là,

continue-t-il en ind"
" depuis très peu de temps.

— ",486716,Âh !,,MISC,486720, tu l’as fabriquée dans le tra
ur s'amuser ; car autrement...,486816,Géné-,,MISC,486821,"
ralement,on y trouve un rasoi"
".
:_ — Je vais te présenter à ",487182,Hélène,,MISC,487188," dès que cette fille
Sera part"
"prends,
élevée comme elle l’a ",487340,été1,,MISC,487344," Elle me semble un peuré-
serv"
" dispositions envers toi ?

— ",487535,Oh !,,MISC,487539, elle m'est toute dévouée; ell
"ez étouflé de scrupules pour
_",488034,Oser,,PER,488038, se permettre d’agir en honnêt
" à ton endroit, quelques opi-
",488191,Mons,,LOC,488195," qui, je pense, ne sont pas fa"
"us avons exécuté en-
semble à ",488354,Malenvers,,MISC,488363, aura été le dernier auquel tu
aura été le dernier auquel tu ,488394,"au-
las",,ORG,488401, participé. Il ne s'agira plus
"ase.

— D'autre part, reprend ",488594,Canonnier,,MISC,488603,", il faut une
femme jeune, jol"
"adroite. Cette femme,
ce sera ",488681,Hélène,,MISC,488687,. J'ignore quels sont ses sent
eu m'importe; c'est ma fille; ,488940,"ellea
du sang",,PER,488953, d’instinctif et d’indépendant
"ui aurai dessillé les yeux...
",489115,Ah!,,MISC,489118," je vais Pamener, continue-t-i"
"sillé les yeux...
Ah! je vais ",489127,Pamener,,PER,489134,", continue-t-il comme la ser-
"
"errain; k
désagrégation de la ",490052,Société sous le vent du scandak,,ORG,490083,",
sous la tempête des colères "
"
Je songe au sort d’un ami de ",490454,Roger-la-Honte,,PER,490468,", qui

LE VOLEUR | 255

s'éta"
"i de Roger-la-Honte, qui

LE ",490479,VOLEUR,,LOC,490485," | 255

s'était introduit, il "
"ls chez eux, les pauvres ?..

",490753,Hélène,,MISC,490759," est devant moi.

Une grande j"
rythmique. Chose rare chez la ,491015,Française,,LOC,491024,", l'expres-
sion de la tête ne"
" son nom, à ce quelque chose; ",491984,maisil,,PER,491990,"
est là, si loin que ce soit, "
"ands beaux yeuxtaciturnes.
.… ",492096,Hélène,,MISC,492102, m'a adressé quelques phrases 
"mables que
je lui ai rendues, ",492164,Canonnier,,MISC,492173," a déclaré qu'il était très
hé"
"ble.

— Non, Monsieur, répond ",492283,Hélène,,MISC,492289," à une question
de ie lui pose"
"yagé. J'ai été

+

eux fois à ",492374,Dieppe,,LOC,492380,", trois fois à Dinard, une foi"
"x fois à Dieppe, trois fois à ",492395,Dinard,,LOC,492401,", une fois à

256 LE VOLEUR

"
" à

256 LE VOLEUR

Nice etau ",492441,Mont-Dore,,LOC,492450,". Voilà tout. Mais, maintenant"
"u as raison de l'espérer, dit ",492554,Canonnier,,MISC,492563,"; nous
pattirons demain matin "
pattirons demain matin pour l',492600,Angleterre,,LOC,492610,"; c'est un
commencement.

— Vr"
ment ? Que je suis contente ! ,492672,La Belsique,,MISC,492683,"
n'est pas bien intéressante, "
"ntéressante, n'est-ce pas?

— ",492730,Onne,,LOC,492734, sait pas; on n'a pas le temps
"re avis, monsieur Randal ?

— ",492846,Oh !,,MISC,492850, si tu demandes à Randal... I!
— Et ces utopistes politiques ,493016,Î,,LOC,493017," dis-je ; ils ne rêvent
que de"
"ue de chimères. Figurez-vous, ",493072,Mademoiselle,,MISC,493084,", que
votre père avait trouvé "
" la solution de la
question d’",493153,Alsace-Lorraine,,LOC,493168,". Il proposait qu’on y re-
con"
"ait qu’on y re-
constituit le ",493209,royaume de Pologne,,LOC,493227,", Les Alsaciens se-
raient ren"
"tituit le royaume de Pologne, ",493229,"Les Alsaciens se-
raient rentrés en",,MISC,493264, France et les Prussiens en Al
"saciens se-
raient rentrés en ",493265,France,,LOC,493271, et les Prussiens en Allemagne
ient rentrés en France et les ,493279,Prussiens,,LOC,493288," en Allemagne.
Le tout, bien. "
en France et les Prussiens en ,493292,Allemagne,,LOC,493301,".
Le tout, bien. entendu, soum"
"ai lu dernièrement, dans la « ",493542,"Revue

Pénitentiaire",,MISC,493562," », un article de vous intitul"
es peuvent paraître telles en ,493740,France,,LOC,493746,", Made-
moiselle, dis-je effro"
"nt paraître telles en France, ",493748,Made-,,LOC,493753,"
moiselle, dis-je effrontément"
dis-je effrontément ; mais en ,493794,Angleterre,,LOC,493804,", je
VOUS assure...

— Soit; j"
"je verrai, puisque je serai à ",493863,Londres,,LOC,493870," de-
main.

— Tu sais donc l’a"
sais donc l’anglais ? demande ,493917,Canonnier,,MISC,493926,".

— Âssez bien, père. Je lis "
"glais ? demande Canonnier.

— ",493931,Âssez,,PER,493936," bien, père. Je lis couramment"
".

1. En
à

LE VOLEUR 257

— ",494238,Oh !,,MISC,494242, j'ai appris toute seule. Au c
née à peu près sur le même ton,494483,".

",,MISC,494486,"Canonnier fait la grimace.

— "
"chose, dit-il.

— Oui, répond ",494574,Hélène,,MISC,494580,". L’instruction qu’on donne
au"
"lement de sens moral, parait-
",495028,ill,,ORG,495031,"... Et, même dans la nature, o"
 C’est un bien vilain oïseau. ,495170,Maisila,,PER,495177," l'air de
se vanter si ioyeuse"
"— Le loup n’y est jamais, dit ",495337,Canonnier,,MISC,495346," ; il est
dans la bergerie, en"
"u que de beaux caractères.

— ",495567,Oh !,,MISC,495571," il n’en manque pas, assure au"
"ue pas, assure audacieusement
",495614,Canonnier,,MISC,495623,. Dieu merci ! il y a encore d
noyé qui revient sur l'eau... ,495724,Hé-,,PER,495727,"
lène continue, de sa voix ric"
" qui revient sur l'eau... Hé-
",495728,lène,,PER,495732," continue, de sa voix riche, c"
" beaucoup de malheureux, mais
",496163,oïi,,ORG,496166, exagère peut-être... [l doit 
"is
déshonoré leur victoire... ",496402,Père,,PER,496406,", est-ce que tu n'as
pas aussi"
" avec les déshérités, s’écrie ",496537,Canonnier,,MISC,496546,"
qui oublie son rôle, ce ne se"
éclair brille dans les yeux d',496829,Hélène,,MISC,496835,".

— Père, demande-t-elle en s"
"le dans les yeux d'Hélène.

— ",496840,Père,,PER,496844,", demande-t-elle en se penchan"
" Mon Dieu! mon enfant, répond ",496957,Canonnier,,MISC,496966,",
je... je. |

— C'est le droi"
"ant l’expression du droit.

— ",497132,Ah!,,MISC,497135," s’écrie Hélène en riant, il m"
"sion du droit.

— Ah! s’écrie ",497144,Hélène,,PER,497150," en riant, il me semble être
e"
" être
encore dans le salon de ",497203,Me,,PER,497205," de Boïs-Créault; on
y parlait"
encore dans le salon de Me de ,497209,Boïs-Créault,,LOC,497221,"; on
y parlait comme vous le f"
"it tellement délicieuse, chez ",497432,"M de
Bois-Créault",,PER,497449, ! Je me manquais pas une prem
tions du souvenir vont gagner ,497645,Hélène,,MISC,497651,", at
déplaisir certain de son "
"in de son père. :

— Je vois, ",497701,Mademoiselle,,MISC,497713,", que vous étiez fort 0
cupée "
"iselle, que vous étiez fort 0
",497737,cupée,,LOC,497742, ; il vous restait sans doute 
"pour lire, par exemple ?

_ — ",497823,Oh!,,MISC,497826," si, Monsieur, je lisais beauc"
" romans convenables, surtout; ",497911,Maf,,PER,497914,"

4
_ . , +
à de 3m

x
EI

LE"
"t; Maf

4
_ . , +
à de 3m

x
",497938,"EI

LE",,MISC,497944," VOLEUR 259.

aussi quelquefoi"
" sont des hommes d’ordre, dit ",498259,Canonnier,,MISC,498268," ;
ils veulent mettre les pauv"
"s lu d’autres romans, reprend
",498383,Hélène,,MISC,498389, en souriant. On dit qu’il y a
 qui broie les hommes et leur ,498691,"vo-
lonté",,PER,498700, ; et ceux qui chantent la com
"de ceux qui en
possèdent, dit ",498914,Canonnier,,MISC,498923,". | :

— Et qu'est-ce que c’es"
"— Demande à Randal. |

— Non, ",499006,Mademoiselle,,MISC,499018,", ne me le demandez pas.
Je ne"
"tent le dessert, entrent
dans ",499220,Le salon,,MISC,499228,". | |
.— Eh! bien, dit Canonni"
"entrent
dans Le salon. | |
.— ",499237,Eh!,,MISC,499240," bien, dit Canonnier dès qu’el"
"e salon. | |
.— Eh! bien, dit ",499251,Canonnier,,MISC,499260," dès qu’elles sont sor-
tes, p"
" tous deux, et surtout à toi, ",499479,Hélène,,MISC,499485,", mes
idées sur la civilisatio"
"s
ce que j'ai l'intention...

",499681,Troiscoups,,MISC,499691, secs frappés la porte lui cou
"
— Entrez, dit-il. |

# :
net
",499767,ARE,,MISC,499770," ns ee

260 - LE VOLEUR

Et q"
" d’un pistolet, s'approche de ",500054,Canonnier,,MISC,500063,".

— Vousèêtesle nommé Canonni"
", s'approche de Canonnier.

— ",500068,Vousèêtesle,,ORG,500079," nommé Canonnier, Jean-Françoi"
"nonnier.

— Vousèêtesle nommé ",500086,Canonnier,,MISC,500095,", Jean-François ?.…
J'ai un ma"
" Vousèêtesle nommé Canonnier, ",500097,Jean-François,,MISC,500110," ?.…
J'ai un mandat d'arrêt dé"
 d'arrêt décerné contre vous. ,500159,"Empoi-
gnez",,PER,500170, cet homme! dit-il à deux de s
 chacun un des bras du père d',500256,Hélène,,PER,500262,".

Et Canonnier sort d'un pas "
"n des bras du père d'Hélène.

",500265,Et Canonnier,,MISC,500277," sort d'un pas ferme, entre le"
"sans un regard, sans un mot.

",500352,AB !,,ORG,500356," oui, il doit croire à la forc"
"
jamais dans les marécages de ",500721,Cayenne,,LOC,500728,". Mais il sait qu'il
est inuti"
"aussi.

On frappe à la porte. ",501161,Hélène,,MISC,501167," se lève de la chaise sur
laqu"
"rd, celui qui vient d’arrèter ",501317,"Cr
nonnier",,LOC,501327,". Cette fois-ci, il salue obsé"
" mandat contre moi? der
mande ",501550,Hélène,,PER,501556, dont la voix tremble de colèr
"colère.

— Non, certainement, ",501611,Mademoiselle,,MISC,501623,", mais.

— Eh! bien, je vous p"
"ement, Mademoiselle, mais.

— ",501634,Eh!,,MISC,501637," bien, je vous prie de ne m'ad"
"rsque vous aurez ce mandat.

",501720,"Ar OS ES

XVII

ENFIN",,MISC,501741," SEULS !.….

Après le départ d"
"
Après le départ du policier, ",501783,Hélène,,PER,501789," a regagné sa
chaise ; et elle"
"ura préparé, malgré lui c’est
",502064,Vrai,,MISC,502068,", mais inévitablement, l’aveni"
"s inévitablement, l’avenir qu’",502103,Ida,,PER,502106," avait pro-
phétisé : une vie "
"lle, même, retourner chez les ",502421,Bois-Créault,,LOC,502433," ?
Non, sans doute ; autrement"
"dis-je pendant qu’elle semble
",502695,TéVenr,,PER,502701," à elle, sortir d’un rêve, per"
"troubler votre chagrin.

15.

",502775,Er,,LOC,502777,": .
HF «
Fr à Ris à

‘262 LE "
"tre chagrin.

15.

Er: .
HF «
",502786,Fr,,LOC,502788," à Ris à

‘262 LE VOLEUR

Ell"
"hagrin.

15.

Er: .
HF «
Fr à ",502791,Ris,,LOC,502794," à

‘262 LE VOLEUR

Elle m'in"
"ue la faire
souffrir.

— Non, ",503178,Mademoiselle,,MISC,503190,", il n’y a rien à tenter en
fa"
"u présent?
.  — Certainement, ",503542,Mademoiselle,,MISC,503554," ; je n’ai point
l'honneur d’ê"
"appréhendez
de retourner chez ",504098,M,,PER,504099,""" de Bois-Créault ; vous pense"
"endez
de retourner chez M"" de ",504104,Bois-Créault,,PER,504116," ; vous pensez
sans doute qu’e"
" difficilement
votre départ.

",504197,Hélène,,MISC,504203," sourit.

— Monsieur, me deman"
"connaissez-vous
la famille de ",504274,Bois-Créault,,PER,504286," ?

— Pas personnellement. Mai"
"ult ?

— Pas personnellement. ",504313,Mai j',,MISC,504319,"en ai entendu sou-
vent parler"
"ès honorables et trés
riches. ",504400,M. de Bois-Créault,,PER,504418," est un ancien magistrat,
un e"
"ns le monde. Il travaille à

",504554,Tn,,LOC,504556," un

=

2 ARRATUPMER RE
-"" 4 """
" Il travaille à

Tn un

=

2 ",504566,ARRATUPMER RE,,MISC,504579,"
-"" 4 ""

%

LE VOLEUR 263

un "
"2 ARRATUPMER RE
-"" 4 ""

%

LE ",504594,VOLEUR,,LOC,504600," 263

un grand ouvrage qui par"
"uis bien renseigné. Son fils, ",504740,M. Armand de Bois-,,PER,504758,"
Créault, n’a point d'occupati"
" Son fils, M. Armand de Bois-
",504759,Créault,,LOC,504766,", n’a point d'occupation défin"
" à grandes guides. Quant à

. ",504869,Mn,,LOC,504871,": de Bois-Créault, c’est une f"
"des guides. Quant à

. Mn: de ",504876,Bois-Créault,,LOC,504888,", c’est une femme dont le cara"
" Je me la figure un peu
comme ",504980,l’Egérie,,LOC,504988, vieillie de Numas en simarres
le apercevoir des spectres de ,505063,Rhadamantes,,PER,505074,"
modernes autour de sa table à"
— Je ne sais pas si c’est une ,505141,Egérie,,LOC,505147,", dit froidement
Hélène. Je sa"
"st une Egérie, dit froidement
",505164,Hélène,,PER,505170,. Je sais que c’est une maquer
" passée. | |

Je m'incline et ",505903,Hélène,,MISC,505909," poursuit : |

— Mon père vous"
i qu'elle était au service de ,506060,Mr° de Bois-Créault,,MISC,506079,"
et que je me trouvais chez ce"
"moment où
ce malheur survint. ",506151,Mme de Bois-Créault,,PER,506170," résolut de
ne plus me renvoye"
"ans quand je vins habiter

mn
",506495,Rte,,LOC,506498," cum de
0 à pomme
= - mime

t"
" pomme
= - mime

t

264 | LE ",506539,VOLEUR,,LOC,506545,"

chez M de Bois-Créault; j'ét"
"me

t

264 | LE VOLEUR

chez ",506552,M de Bois-Créault,,PER,506569,"; j'étais jolie, amusante;
ell"
". Vous avez entendu parler de
",506807,Barzot,,PER,506813," ?

— Le premier président à l"
emier président à la Cour des ,506854,Complica-,,LOC,506863,"
tions ?

— Lui-même. Depuis t"
" trois ans, il est mon amant.
",506921,Mr de Bois-Créault,,PER,506939,", cette femme si honorable, m'"
"écuté la première
fois, je ne ",507087,Île,,LOC,507090, sais pas davantage. J'ai ente
"nt res-
pirer du chloroforme. ",507268,Mme de Bois-Créault,,PER,507287," connais-
sait apparemment les"
t les procédés des voleurs... ,507342,De-,,MISC,507345,"
puis. Depuis, j'ai tout subi "
"nce... Que pouvais-je faire ?
",507663,Ah!,,MISC,507666," j'ai songé à m’enfuir, à m’éc"
ndre pitié de moi; mon père — ,507857,"jé
le croyais",,PER,507870, alors — m'avait abandonnée ; 
"ntre le déshon-
neur fangeux. ",507982,Ah !,,MISC,507986," j'ai pensé à dire la vérité, "
" fait mourir sous
la douche!

",508306,Hélène,,MISC,508312," s’arrête, la gorge serrée par"
"re, continue-t-elle au

D .

",508426,RL LSLIE,,LOC,508434,". ni
HT 7 Ar

de OT
-

LE VOLE"
"t-elle au

D .

RL LSLIE. ni
",508439,HT 7 Ar,,LOC,508446,"

de OT
-

LE VOLEUR - 265

bo"
"D .

RL LSLIE. ni
HT 7 Ar

de ",508451,OT,,ORG,508453,"
-

LE VOLEUR - 265

bout d’un"
" je ne savais quoi. Le
moment ",508531,Où je pourrais me venger,,MISC,508555,", oui! J'ai espéré.
que je le "
que de la haïne et du dégoût; ,508769,Mr° de Bois-Créault,,MISC,508788,"
aussi, à la longue, s'était p"
"itudes ? Ils sont riches, ces ",509185,Bois-Créault,,LOC,509197,".

— Oui, répond Hélène; mais "
" Bois-Créault.

— Oui, répond ",509214,Hélène,,MISC,509220,"; mais pas assez. Ils ne le

S"
"l mettrait à sec les
caves de ",509371,Ja Banque,,ORG,509380,. Et sa mère en est folle; ell
"prices. Elle
assassinerait... ",509542,Ah !,,MISC,509546, j’ai dû coûter cher à Barzot.
"r à Barzot.

,— Mais, dis-je, ",509595,M. de Bois-Créault,,PER,509613,", le père, ne
S est jamais ape"
" de Bois-Créault, le père, ne
",509627,S,,MISC,509628, est jamais aperçu de rien ? C
"rien ? C’est inconcevable…

— ",509680,Luil,,PER,509684, s’écrie Hélène en se levant e
"inconcevable…

— Luil s’écrie ",509693,Hélène,,PER,509699," en se levant et en mar-
chant"
"en se levant et en mar-
chant ",509730,nerveusemenr,,PER,509742, à travers la pièce. Lui! Mais
"’est une ombre, c’est un fan-
",509884,tôme,,LOC,509888, — c’est moins que ça. — C’est
ansarde où sa femme vient lui ,510033,"ap-
Porter",,PER,510043, à manger quand elle y pense e
"atin au soir, pour les bonnes
",510306,Œuvres de sa femme,,MISC,510324,". Quand elle donne une soirée,"
"tour des salons ; il est très
",510466,Sutveillé,,LOC,510475," pendant ce temps-là, car une "
"car une fois il a volé

# “ ""
",510527,Won,,PER,510530,"
salle

sl « =,
eee
. a

266 "
it. Il y avait un portrait de ,510839,Tro-,,ORG,510843,"
plong en face du lit.

C'est "
pas croire! dis-je pendant qu',510908,Hélène,,MISC,510914,"
s'arrête pour jeter un coup d"
"illetons pâlissent à
côté des ",511137,vôtres,,MISC,511143, ; et quelle âme de traître de
r qui s'efforce de ramener au ,511529,bercail,,LOC,511536," la brebis

égarée..…

— Elle "
" n’attendra pas à demain, dit ",511595,Hélène,,PER,511601,". Barzot
est déjà à Bruxelles."
"dit Hélène. Barzot
est déjà à ",511621,Bruxelles,,LOC,511630,".

— Ilest ici ? Vous le savez"
"rzot
est déjà à Bruxelles.

— ",511635,Ilest,,LOC,511640," ici ? Vous le savez ?

— Oui,"
"lise que vous lui avez
volée. ",511941,"|

Ah!",,MISC,511947, bah! Ah! bah! Mais elle est p
"s lui avez
volée. |

Ah! bah! ",511953,Ah!,,MISC,511956," bah! Mais elle est pleine
d'e"
’est un premier président que ,512087,JA!,,ORG,512090,"
volé ?... Comme cest flatteur"
"atteur pour mon amour-
propre ",512144,"| | |

—",,MISC,512152, Vous ne m’en voulez pas d'avo
" les polis
sur les i? demande ",512218,Hélène,,MISC,512224,". Il vaut mieux park

franchem"
"s ? Et il est inutile de vous
",512300,B,,LOC,512301,";

 

.

laisser m’apprendre c"
e ce que je n’ignore point... ,512358,"No
mon père",,MISC,512369, ne m'a rien dit à votre sujet
"rien dit à votre sujet, ni au ",512407,Slély,,LOC,512412,"

mt
ee

-1T7,

ATEN ET
,

AP"
", ni au Slély

mt
ee

-1T7,

",512429,ATEN ET,,MISC,512436,"
,

AP OT EP EPA EE A -, . va
"
"ly

mt
ee

-1T7,

ATEN ET
,

",512440,AP OT EP EPA EE A -,,ORG,512459,", . va

ET 4e
se

LE VOLEUR | "
"PA EE A -, . va

ET 4e
se

LE ",512480,VOLEUR,,LOC,512486," | 267

et je n’ai pas eu l’oc"
"it
un voleur. Pensez-vous que ",512846,M,,PER,512847,""" de Bois-Créault me
l'avait l"
"voleur. Pensez-vous que M"" de ",512852,Bois-Créault,,PER,512864," me
l'avait laissé ignorer ? «"
"y regarde pas à deux
fois, en ",513519,France,,LOC,513525,; vous le savez ; j'ai soin de
"e fille qu'aurait déflorée le
",513725,Spéculum,,MISC,513733," des médecins, si c'était enco"
"s de votre père, qui sont les ",513874,vôtres,,MISC,513880,", et le té-
MOignage que porte"
"ui sont les vôtres, et le té-
",513892,MOignage,,MISC,513900, que porterait de vos mœurs l’
" de vos mœurs l’état de votre
",513944,Vigunuté,,LOC,513952,". Avant huit jours, vous serie"
"e chose appartenant à l’admi-
",514051,BiStration,,ORG,514061, qui la fourre à Saint-Lazare 
"i-
BiStration qui la fourre à ",514078,Saint-Lazare,,LOC,514090," à son gré —
etje vous y ferai"
"
etje vous y ferais crever, à ",514132,Saint-Lazare,,LOC,514144,"! » |
.— Quelle honte! Ah! tou"
"-Lazare! » |
.— Quelle honte! ",514167,Ah!,,MISC,514170," toutes ces atrocités n’au-
fo"
"ment vous faire voir, reprend
",514278,Hélène,,MISC,514284," d'une voix plus calme, que je"
"s calme, que je savais à quoi
",514329,Men,,MISC,514332, tenir sur mon père. De là à s
"e. Je suis un voleur. M""®* de ",514763,Bois-Créault,,PER,514775,"
avait oublié les voleurs quan"
"aucunesorte, d'homme à femme.
",514996,Voyons,,PER,515002,", répondez-moi. Vous n’avez pa"
" Pas un sou, pas une robe. Je ",515077,r'’avais,,LOC,515085," rien em-
porté en quittant l’"
" rien em-
porté en quittant l’",515115,hôtel de Bois-Créault,,LOC,515136,". Mr° Ida
m'a donné un peu de "
tant l’hôtel de Bois-Créault. ,515138,Mr° Ida,,PER,515145,"
m'a donné un peu de linge lor"
"ureusement, sa fortune est en ",515329,Amérique,,LOC,515337,"
et vous ne pouvez, au moins q"
"sterling, qui sont déposées à ",515535,Londres,,LOC,515542," à ma
disposition, et dont la "
"le qui sont dans la valise
de ",516148,Barzot,,PER,516154,", cela fera un million. Pourqu"
"
PCA ER TT ne -
> ‘ ” . .

LE ",516445,VOLEUR,,LOC,516451," . 269

— Non, dis-je en faisa"
e soir... Voilà qui est fait. ,516613,Videz,,PER,516618,"
le sac vous-même, pour être s"
"es.

— Si vous voulez, répond ",516725,Hélène,,MISC,516731," en riant; ce
sera plus pruden"
"naux, un numéro de la « Revue ",516912,"Péniten-
taire",,PER,516926," », et un grand portefeuille q"
", et un grand portefeuille qu'",516958,Hélène,,MISC,516964," se hâte
d'ouvrir.

— C'est ic"
" lettres, des tas de lettres. ",517142,Maïs,,MISC,517146," elles paraissent in-
téresser"
" in-
téresser prodigieusement ",517193,Hélène,,PER,517199,", ces épîtres ; elle a
tressai"
"Ces lettres ont été
écrites à ",517721,Barzot,,PER,517727," par Mr* de Bois-Créault, depu"
" ont été
écrites à Barzot par ",517732,Mr* de Bois-Créault,,PER,517751,", depuis trois
ans. [| n’y a p"
"y a eu un marché
chaque fois. ",517887,Ah !,,MISC,517891," oui, je lui ai coûté cher, à "
"j'avais de l’af-
fection pour ",518154,Mme de Bois-Créault,,PER,518173,", je vous dis. Et
PUIS, est-ce"
enant. Il était fou de moi... ,518291,Croyez-,,LOC,518298,"

Vous qu’on pourrait tirer pa"
"Alors, que faut-il faire ?

— ",518417,Îl,,PER,518419, faut commencer par quitter ce
"tres. |

— Je suis prête, dit ",518503,Hélène,,MISC,518509," en-se levant; je n’ai
qu'à me"
"i
qu'à mettre mon chapeau.

— ",518560,Attendez!,,MISC,518569, Il est nécessaire de savoir o
" partions
demain matin pour l’",518838,Angleterre,,LOC,518848,", au nez des policiers
qui n’a"
"oit de nous empêcher de pren-
",518923,dre,,PER,518926, le train pour Ostende et le b
"er de pren-
dre le train pour ",518941,Ostende,,LOC,518948," et le bateau pour Douvres:
j'"
our Ostende et le bateau pour ,518967,Douvres,,LOC,518974,":
j'aurais prié l’hôtelier de "
" trouve en

notre possession. ",519274,Ah!,,MISC,519277," bon, je sais où vous irez. Je"
" irez. Je
connais une dame, à ",519328,Ixelles,,LOC,519335,", qui tient un pensionnat
de j"
"t
de jeunes filles. C’est une ",519389,Anglaise,,LOC,519397," dont le mari, es-
tampeur de "
"st une Anglaise dont le mari, ",519412,"es-
tampeur",,PER,519423," de premier ordre, s’est fait "
"irait monter un pensionnat

à ",519723,Bruxelles,,LOC,519732, pour les jeunes misses anglai
"ité la chose et l’un de nous, ",519818,"faussatre
émérite",,PER,519835,", lui a confectionné des docum"
 en veuve d’un colonel tué au ,519919,Tonkin,,LOC,519925,"

, . \ . >
et tous les papier"
ôtelier ; je vais l'envoyer à ,520305,Ixelles,,LOC,520312," ; on n€ le

LE VOLEUR | 27I
"
"ivra sans doute pas... Tenez, ",520375,Hélène,,MISC,520381,", entrez dans
votre chambre, s"
" à partir.
Je sonne tandis qu’",520499,Hélène,,MISC,520505,", après avoir ramassé les
papi"
"disparait dans sa chambre. |
—",520570,Prévenez,,PER,520578, le patron que jai besoin de l
"ête basse, l’air déconfit.

— ",520712,Ah!,,MISC,520715," monsieur Randal, dit-il, quel"
"malheur!
Une arrestation chez ",520776,moi!l,,MISC,520781,"... Qu'est-ce que ces
Messieur"
" faites pas de bile, dis-je. [",521175,I,,LOC,521176," n'y a pas
de votre faute, nou"
"lire une course pour moi... |
",521269,.‘— Bien,,ORG,521277,", monsieur Randal; tout de sui"
nsieur Randal; tout de suite. ,521311,Ab !,,MISC,521315,"
j'oubliais : M. Roger vient d"
" M. Roger vient d’arriver…

— ",521358,Roger-Ja-Honte,,PER,521372," ? |

— Oui, monsieur Randal.
"
"st lui
qui fera ma course.

— ",521475,Ab!,,MISC,521478," gémit l’hôtelier, la larme à "
"'est-ce que tu
faisais donc à ",522126,Paris,,LOC,522131,? Broussaille disait qu'on t’a
"est arrivé,
des histoires !.. ",522236,Canonnier arrêté,,MISC,522252,"... Ah! vrail... Sa.
fille est"
oires !.. Canonnier arrêté... ,522256,Ah!,,MISC,522259," vrail... Sa.
fille est ici? J"
e je t’avais écrit de venir à ,522425,Bruxelles,,LOC,522434,"...

— Roger, dis-je, il faut "
"ant l'hôtel ?

— Deux, répond ",522650,Roger-la-Honte,,LOC,522664,"; je les ai vus;
ils montent l"
"rte. :

— Bon. Tu vas aller à ",522757,Ixelles,,LOC,522764,", rue Clémentine;
tu sais ?

—"
" Bon. Tu vas aller à Ixelles, ",522766,rue Clémentine,,LOC,522780,";
tu sais ?

— Parbleu ! |

— "
"

— Bien sûr.

— Tu diras à l’",522935,Anglaise,,LOC,522943," de faire atteler son petit
pa"
-il ? Neuf heures. Préviens l’,523129,Anglaise,,LOC,523137,"
que je serai. chez elle vers "
"aits
d'heure au plus tard.

— ",523267,Sois,,LOC,523271," tranquille, dit Roger; tu me "
"tard.

— Sois tranquille, dit ",523288,Roger,,PER,523293,"; tu me coupes mon
diner en de"
"end l’escalier en courant.

— ",523389,Eh !,,MISC,523393," bien, dis-je à Hélène qui vie"
"urant.

— Eh ! bien, dis-je à ",523409,Hélène,,MISC,523415," qui vient de sortir de
sa cha"
"i mon plan: je vais exiger de
",523617,Mre de Bois-Créault,,PER,523636,", sous la menace d’un seandale"
"marier avec son fils ?..

Le
",523771,"CORRE

LE",,MISC,523780," VOLEUR 273

— Oui, dit Hélène"
"RE

LE VOLEUR 273

— Oui, dit ",523804,Hélène,,PER,523810, dont toute la physionomie ex-
omme la lame fine d’une épée. ,523936,Ecoutez-,,LOC,523944,"
moi bien et vous me comprendr"
"n nom, d’un vrai
nom. Je suis ",524331,M' Canonnier,,MISC,524343,". Il faut que je sois M de
Boi"
"ue ces gens-là re-
fuseront. [",524433,ls,,MISC,524435, n’oseront pas refuser. Un ref
" on est avide de
scandale, en ",524541,France,,LOC,524547,", et combien les journaux sera"
" noblesse de robe, et surtout ",524678,Bar-,,ORG,524682,"
zot!... Barzot! Il faut qu'il"
lle porter mes conditions aux ,524826,Bois-Créault,,PER,524838,".. Le
mariage et le silence, o"
"let, le plus irrémédiable..…. ",524931,Oh!,,MISC,524934," soyez tranquille,
continue Hé"
"h! soyez tranquille,
continue ",524962,Hélène,,MISC,524968,", ce n’est que le mariage cons"
’état-civil qu’il me faut. M. ,525046,"Armand de
Bois-Créault",,PER,525068," ne sera mon mari que de nom, "
"ste étrangère et auxquels son
",525407,COrps,,MISC,525412,", mème, ne participe que par p"
plus simplement du monde. Les ,525612,Bois-,,LOC,525617,"
Créault, qui ont l'espoir de "
"implement du monde. Les Bois-
",525618,Créault,,LOC,525625,", qui ont l'espoir de me voir "
 trompent plus maintenant — n’,525708,ontguère,,PER,525716," ébruité
mon départ. Si l’on s"
"sera certain, après
cela, que ",526130,M,,PER,526131,""" de Bois-Créault ne le fera p"
"ertain, après
cela, que M"" de ",526136,Bois-Créault,,PER,526148," ne le fera plus chanter.

— E"
"chanter.

— En effet, murmure ",526195,Hélène,,PER,526201," ; dorénavant, c’est
moi qui m"
"i me chargerai de ce soin.

— ",526258,Ah !...,,MISC,526265," Ah!

— Naturellement, puisque"
"rgerai de ce soin.

— Ah !... ",526266,"Ah!

",,MISC,526271,"— Naturellement, puisque j'ai "
t le mois que je passerai à l’,526409,hôtel de Bois-Créault,,LOC,526430,".

— Vous n’y resterez qu’un m"
me l’interdisent. Je resterai ,526868,Mr° de Bois-,,MISC,526880,"
Créault, honnête et malheureu"
"ent. Je resterai Mr° de Bois-
",526881,Créault,,LOC,526888,", honnête et malheureuse femme"
" Barzot
demain matin.

— Non, ",526997,Hélène,,MISC,527003,", il ne faut pas lui écrire. I"
 Mais qui peut aller parler à ,527482,Barzot,,PER,527488," ?

— Moi, si vous voulez. | |"
"

— C'est impossible! s'écrie ",527548,Hélène,,MISC,527554,". Vous qui l'avez

ou ‘ .

La"
" + . : °° ®
s è » - #r- “

5, ",527627,En D,,MISC,527631," à $ ‘
an | "" ‘ ”

3

LE VOLEU"
"#r- “

5, En D à $ ‘
an | "" ‘ ",527647,"”

3

LE",,MISC,527655," VOLEUR 275

volé dans le trai"
"nts. Vous êtes très forte.

— ",527927,Non!,,MISC,527931, s'écrie-t-elle en me jetant s
"mi... Maintenant, descendons,
",528461,Hélène,,MISC,528467, ; il est neuf heures et demie
"e dire l’hôtelier. |

— Bien. ",528774,Allons,,LOC,528780,".

Hélène prend le petit sac q"
"hôtelier. |

— Bien. Allons.

",528783,Hélène,,PER,528789, prend le petit sac qui contie
"tons de la maison juste comme
",528889,Roger-la-Honte,,LOC,528903," descend du panier. |

— Je n’"
. Je saute dans la voiture où ,529021,Hélène,,MISC,529027," a déjà pris place,
Je touche "
"route, la possibilité de nous
",529211,fScorter,,MISC,529219,. Ixelles est à gauche. Je pre
"possibilité de nous
fScorter. ",529221,Ixelles,,LOC,529228, est à gauche. Je prends à dro
" Nous sommes suivis, dis-je à ",529295,Hélène,,MISC,529301,", mais pas
pour longtemps. Qua"
"uand nous arriverons aux der-
",529359,Meres maisons de la ville,,MISC,529384,", je couperai le fil.

l

276"
" des lumières, là-bas ; c’est
",530010,Ixelles,,LOC,530017,". |

— Dans un quart d'heure, "
"ns un quart d'heure, dis-je à ",530056,Hélène,,MISC,530062," qui:
gardé le silence depuis "
"sera
malin.

— Vous irez voir ",530254,Barzot,,PER,530260," demain matin ? me de-
mande-t"
"du résultat de l’entrevue.

— ",530380,Ecoutez,,MISC,530387,", dit-elle en se serrant contr"
"; écou-
tez et répondez-moi : ",530453,Croyez,,MISC,530459,"-vous que je fasse bien
d'agir"
"cée se pose sur la mienne.

— ",531106,Oh!,,MISC,531109, si vous saviez comme je voudr
vous saviez comme je voudrais ,531143,"Être
aimée !",,MISC,531155,‘ Je le voudrais... (C’est à e
"! Voulez-vous m’aimer, vous ? ",531293,"Vou-

CE EE",,ORG,531305," …
ere rte met + + T., ;
1. « "
" rte met + + T., ;
1. « :

LE ",531341,VOLEUR,,LOC,531347," 277

lez-vous me prendre ? Di"
"tes, voulez-vous me prendre ?
",531407,Me,,PER,531409," garder avec vous, toute à vou"
Je suis intelligenteet belle. ,531767,Embras-,,MISC,531774,"
sez-moi fort. encore plus for"
" se dresser devant moi,
comme ",532279,ellé,,PER,532283, parle. Sa voix... elle va éve
"Je ferai ce que vous voudrez, ",532482,Hélène,,MISC,532488," ; mais
Calmez-vous. Nous parl"
"e vous voudrez, Hélène ; mais
",532496,Calmez,,PER,532502,-vous. Nous parlerons de tout 
"cheval, car nous entrons
dans ",532620,Îxelles,,LOC,532627,", et je désire qu’on nous rema"
oir souhaité une bonné nuit à ,532969,Hélène,,MISC,532975," et,
aprés avoir, aussi, mis l"
"al à l'écurie — car il
valait ",533041,"Mieux ne point réveiller le cocher-jardinier de
l'établissement",,MISC,533104,"  — n'ayez pas d'inquiétude, c"
" Me voici de retour, dis-je à ",533584,Roger-la-Honte,,PER,533598,"
qui m'attend en accumulant de"
"mulant des croquis sur un al-
",533649,bum,,PER,533652," qu’il a acheté, en passant, d"
" acheté, en passant, dans les ",533690,"Galeries
Saint-Hubert",,ORG,533711,". Tout a été pour le mieux.

—"
"e coup est à faire, non pas à ",533877,Bruxelles,,LOC,533886,", mais
à Louvain. C'est Stépha"
"xelles, mais
à Louvain. C'est ",533910,Stéphanus,,PER,533919," qui me l’a indiqué.
Tu sais b"
"l’a indiqué.
Tu sais bien, ce ",533957,Stéphanus,,ORG,533966," dont je t'ai parlé sou-
vent,"
", un
homme d’affaires. | |

— ",534065,Ah!,,MISC,534068, oui; je me souviens. Dis donc
"— Certainement. Huit, dix, si ",534199,lon,,PER,534202," veut. Tu es
occupé ? Pour la "
ous restons ici une semaine à ,534524,NOUS,,ORG,534528,"
tourner les pouces. Mais la f"
"d’un camarade, c'est
sacré... ",534593,Bonsoir,,MISC,534600,". |

C’est surtout pour réfléc"
biller pour courir surprendre ,534827,Bat-,,MISC,534831,"

. 1 x N- 7 +2 ES + RE
nr me"
"rprendre Bat-

. 1 x N- 7 +2 ",534848,"ES + RE
nr me mt moutie do",,MISC,534874," et etmes de : L
A x + = CE
Do"
" mt moutie do et etmes de : L
",534891,A,,LOC,534892," x + = CE
Dont a 3 ‘
A

LE VOL"
"ie do et etmes de : L
A x + = ",534899,"CE
Dont",,MISC,534906," a 3 ‘
A

LE VOLEUR 279

zot a"
" de : L
A x + = CE
Dont a 3 ‘
",534913,"A

LE",,MISC,534918," VOLEUR 279

zot au saut du li"
"pos... Mais où per-
che-t-il, ",534993,Barzot,,PER,534999, ?... Diable ! il va falloir f
"cer par l’hôtel Men-
celle. |
",535100,J'ai la main heureuse,,MISC,535121,". C’est justement à l'hôtel
Me"
"se. C’est justement à l'hôtel
",535149,Mengelle,,LOC,535157, qu’est descendu le premier pr
"e lui fais passer ma carte

| ",535234,Georges Randal,,PER,535248,"

INGÉNIEUR

Collaborateur à l"
"EUR

Collaborateur à la Revue ",535286,"Pénitentiaire

 

XVIII",,ORG,535310,"

COMBINAISONS MACHIAVÉLIQUES "
"r, dis-je sans m’émouvoir car ",535602,J€,,MISC,535604,"
savais bien qu’il me reconnaî"
"beaucoup un M. Randal.…

— M. ",535863,Urbain Randal,,PER,535876, ? C’est mon oncle. Je sais en
" l'honneur d’être de vos ami.
",535961,Si j'avais eu plus de goût pour la campagne,,MISC,536004,", j'aurais
profité plus souven"
"il m'ofirait
dans sa villa de ",536086,Maisons-Lafitte,,LOC,536101," et j’aurais eu certal-
nement"
"re connaissance plus
tôt. |
— ",536186,Veuillez,,PER,536194," m’excuser, dit Barzot en m’en"
 le train qui vous amenait de ,536446,Paris,,LOC,536451," ? C’est en-
core moi. Vous ne"
" Je suis envoyé vers vous par
",536824,M'e Hélène Canonnier,,PER,536844,".

Barzot ne répond point. Son"
"continue, très lentement :

— ",536949,Mie Canonnier,,MISC,536962, se trouvait à Bruxelles depui
— Mie Canonnier se trouvait à ,536977,Bruxelles,,LOC,536986," depuis
avant-hier avec son pè"
"e coquins au
monde |... | |
— ",537375,Htez,,PER,537379,"-vous, dit Barzot dont l’attit"
"crispent. Comme c’est
amusant ",537839,"| |

—",,MISC,537845," Du moins, dis-je avec un gest"
"uation que vous

16,

282 LE ",538008,VOLEUR,,LOC,538014,".

occupez, Monsieur, et qui v"
ations exécutées au nom de la ,538110,Justice,,MISC,538117,",
vous a certainement permis d"
"oin de cet évènement pénible.
",538269,Me Hélène Canonnier,,PER,538288,",restée seule, avec moi, m’avo"
m'avez volées ! hurle Barzot. ,538627,"Ah!
misérable !

",,MISC,538644,"Je hausse les épaules.

— Réel"
" son front dans ses mains.

— ",539004,Combien,,LOC,539011, exigez-vous de ces lettres ? 
"e présentais à vous au nom
de ",539137,Mi: Canonnier,,MISC,539150,", et pas au mien. Ce n’est pas"
"vendre pout
de l’argent. |

— ",539403,Ah!,,MISC,539406," dit-il. Ah! |

Et il attend, "
ille bien lui apprendre ce qu’,539565,Hélène,,PER,539571," r€-
clame de lui. .

.— Me Ca"
"élène r€-
clame de lui. .

.— ",539596,Me Canonnier,,MISC,539608,", dis-je, n’a point de positio"
"emande: Barzot dont les

TTL ",539755,PT,,ORG,539757,"

pe HER te
tent

LE VOLEUR | "
"ent. Elle
veut se marier ?... ",539868,Eh!,,MISC,539871," bien... Tenez, Monsieur,
cont"
ut se marier ?... Eh! bien... ,539880,Tenez,,PER,539885,", Monsieur,
continue-t-il éten"
" le moment où j'ai
appris que ",540395,Mie Canonnier,,MISC,540408," avait quitté Paris. Les
pensé"
ue Mie Canonnier avait quitté ,540422,Paris,,LOC,540427,". Les
pensées que j'ai agitées"
"ongtemps, très longtemps, que ",540532,"Je sais
à quoi",,MISC,540546, men tenir sur la significatio
"longtemps, que Je sais
à quoi ",540547,men,,MISC,540550, tenir sur la signification et
llusion sociale. Cependant... ,540951,Ah!,,MISC,540954," j'ai com-
pris combien 1l fau"
"m-
pris combien 1l faut avoir ",540992,Fhonnêteté,,PER,541002," modeste !.…
Jai vu défiler bi"
" avoir Fhonnêteté modeste !.…
",541015,Jai,,PER,541018, vu défiler bien des scélérats
"se faire
entendre. Hélas ! la ",541360,Justice,,MISC,541367," est ouverte à tous. Le res-

"
"e à tous. Le res-

,

laurant ",541408,Paillard,,PER,541416," aussi... E1 puis, la Justice,"
"
,

laurant Paillard aussi... ",541426,E1,,MISC,541428," puis, la Justice, les lois.

"
"Paillard aussi... E1 puis, la ",541438,Justice,,MISC,541445,", les lois.

Des mots, des mot"
"ui,
Comment il ose exister, l'",541535,Homme qui Juge!,,MISC,541550," Il fau-
drait que ce fût un s"
"ût pas se plier aux

284 LE ‘",541776,VOLEUR,,LOC,541782,"

bassesses et son âme aux hyp"
"motion. Des blagues, tout
ça! ",541993,Verbiage,,PER,542001, pitoyable de vieux renard pri
"ôt pos-
sible ; et à offrir à ",542521,Ml Canonnier,,MISC,542533," telle somme qu'elle
aurait pu"
"aire.. Vous venez de me dire, ",542697,Mon-,,ORG,542701,"
sieur, que M'ie Canonier dési"
"z de me dire, Mon-
sieur, que ",542713,M'ie Canonier,,MISC,542726," désire se créer une position
"
"e, et qu’elle veut se marier. ",542792,Eh!,,MISC,542795," bien, moi aussi
javais pensé "
ait river sa jeunesse à votre ,543221,"sé-
nilité",,PER,543231,", et enterrer sa beauté, dont "
"e soir même du mariage!

— Si ",543563,jele,,PER,543567," pouvais, dit Barzot, très pâl"
"parer l’avenir.…

— Et vous n’",543724,hésiteriez,,PER,543734," pas, m’écrié-je, à donner à
"
"e de pitié, vous demeurez des ",544339,im-,,LOC,544342,"
placables, Et vous espérez tr"
"s demeurez des im-
placables, ",544354,"Et vous espérez trouver chez les autres ce
qu’ils ne peuvent trouver chez vous",,MISC,544432,". L’expiation!...
Vous êtes-vo"
"ous avez achetée, a souffert? ",544544,Savez-,,LOC,544550,"
vous ce qu’elle a éprouvé, hi"
"nne jamais. Voyons,
Monsieur. ",545450,Mie Canonnier,,MISC,545463," désire se marier et elle
Vous"
"viter un scandale, C’est avec ",545734,M. Armand de Bois-,,PER,545752,"
Créault que mad.

286 LE VOL"
"C’est avec M. Armand de Bois-
",545753,Créault,,LOC,545760," que mad.

286 LE VOLEUR

— J"
"t que mad.

286 LE VOLEUR

— ",545789,Jamais !,,MISC,545797, s’écrie Barzot qui se lève en
"lessée. — Comme vous voudrez,
",546156,M: Canonnier,,MISC,546168, fera son chemin tout de même.
"tc., etc., sont prévus
par le ",546478,Code,,MISC,546482,", je crois ? Quelle figure ter"
"cer-
tain que réclame de vous ",546945,Ml: Canonnier,,MISC,546958," ?

— Je l’aime! crie Barzot, "
"anonnier ?

— Je l’aime! crie ",546980,Barzot,,PER,546986,", Je l’aime ! Je l'aime de
tou"
" ?

— Je l’aime! crie Barzot, ",546988,Je l’aime !,,MISC,546999," Je l'aime de
tout mon cœur, d"
"a force, comprenez-
vous #... ",547068,Ah!,,MISC,547071, c’est de la folie et c’est in
"andes, les fortes passions... ",547810,"Ah!
tout cela n’était pas mort!",,MISC,547841," Mon cœur desséché, ra-
corni,"
" pas mort! Mon cœur desséché, ",547861,"ra-
corni",,PER,547870,", s'était remis à battre ; il "
"
l'aime, et je ne peux pas... ",548514,Oh!,,MISC,548517," c’est terrible! Et
je l'aime "
"ont frissonner
ses épaules... ",548756,Ah!,,MISC,548759," c’est lamentable, certes ; ma"
" douter qu’il
était un homme. ",549281,"|

Brusquement",,MISC,549295,", il relève la tête.

— Monsie"
" tremble, vous pourrez dire à
",549414,M Canonnier,,MISC,549425, que je ferai selon son désir 
"que
j'irai voir, dès ce soir, ",549488,Mr° de Bois-Créault,,MISC,549507,". Vous ne
Voulez pas, sans dou"
"doute, me donner l'adresse de
",549564,M'e Canonnier,,PER,549577, ? Non. Bien. C’est donc sous 
" Bien. C’est donc sous votre

",549614,Couvert,,PER,549621, que je lui ferai part du résu
ous entendrez à ce sujet avec ,549871,Mi:,,MISC,549874," Canonnier quand
elle sera Mn°"
"Mi: Canonnier quand
elle sera ",549901,Mn°,,LOC,549904, de Boïs-Créault. Vous ne manq
"mettrait
pas ces lettres — au ",550066,moïns,,LOC,550071," une par une.

— La vie est un"
"dernière cul-

ute.

Et c’est ",550416,Hélène,,MISC,550422," qui va paraître sur la scène,"
"uand j'ai eu fini mon
récit ? ",550830,Hier soir,,MISC,550839,", dans la voiture qui m'a amen"
" qu'il serait trop
tard. |

— ",550992,Eh!,,MISC,550995," bien, s’il est trop tard, Hél"
"Eh! bien, s’il est trop tard, ",551022,Hélène,,MISC,551028,", n'en par-
lons pas.

— Non.."
"vous avez résolu d’adop-

LE ",551419,VOLEUR,,LOC,551425," 289

ter votre genre actuel d"
"tout de même, n'est-ce pas ?

",552478,Oh !,,MISC,552482, certainement. D'autant plus q
"a splendeur triomphante de sa
",552908,Jeunesse radieuse,,ORG,552925,... Ah! si elle avait dit un m
"te de sa
Jeunesse radieuse... ",552929,Ah!,,MISC,552932," si elle avait dit un mot,
Enc"
"Ah! si elle avait dit un mot,
",552959,Encore !,,MISC,552967, Maïs ses lèvres s'étaient sce
"-je quand je l'avais quittée.
",553097,Êlle,,LOC,553101, est assez belle et assez adro
" martyriser…

Barzot a écrit. ",553486,Les Bois-Créault,,LOC,553502," se sont décidés au
mariage. P"
"riage. Parbleu! Canonnier, de ",553554,Mazas,,PER,553559," où il se
trouve, a donné son "
"les bans sont
publiés. | |

— ",553636,Mon pauvre père !,,MISC,553653," à dit Hélène en pleurant;
cro"
" |

— Mon pauvre père ! à dit ",553660,Hélène,,PER,553666," en pleurant;
croyez-vous que."
" attendre qu'il ait quitté la
",553832,France,,LOC,553838,. Je serai renseigné et vous p
"eigné et vous préviendrai, le ",553883,mo-,,ORG,553886,"
ment venu.

Qu'a pu penser Ca"
"o-
ment venu.

Qu'a pu penser ",553914,Canonnier,,MISC,553923," du mariage de sa fille ?

Je "
"en douter, constitué une dot. ",554048,"Roger-la-
Honte",,PER,554063,", que j'avais envoyé à Londres"
"-
Honte, que j'avais envoyé à ",554086,Londres,,LOC,554093," afin de déposer

les lettres "
"fin de déposer

les lettres à ",554125,Chancery Lane,,LOC,554138,", est revenu avec les cinq
cen"
"Paternoster de lui remettre.

",554224,Hélène na,,PER,554233,. rien voulu accepter en dehor
" assez. d'argent. Je m'arran-
",554445,gerai,,PER,554450, pour vous faire donner de mes
"e donner de mes nouvelles par
",554495,Mae Ida,,PER,554502, ; et si par hasard j'avais à 
"rand trot. Elle. va retrouver
",554781,Mr,,PER,554783,: de Bois-Créault qui est venu
"ot. Elle. va retrouver
Mr: de ",554788,Bois-Créault,,PER,554800, qui est venue ce matin la che
"enue ce matin la cher-
cher à ",554840,Bruxelles,,LOC,554849,", et qui l’a priée, par un bil"
"re, de venir la rejoindre à
l’",554942,hôtel Mengelle,,LOC,554956,. Elle sera ce soir à Paris. Q
Mengelle. Elle sera ce soir à ,554978,Paris,,LOC,554983,". Quel
avenir lui prépare la v"
"elle, à moi ? Il me semble
qu'",555094,Hélène,,MISC,555100," m'a apporté quelque chose, et"
"ais bannis dé

0 tem mi tante ",555255,"Vt mn

LE VOLEUR",,MISC,555272," | 291

toute ma force ; et qu"
"e qu'on m'avait
mise en cage. ",555502,Er,,LOC,555504, elle vient de se présenter à 
"e cambriolage à Louvain, avec ",555736,Ro-,,PER,555739,"
ger-la-Honte, sur les indic:t"
 sur les indic:tions du nommé ,555783,Stépha-,,PER,555790,"
nus, employé de banque. Et de"
" vous dépose au fond. Alors.

",556268,Fy,,LOC,556270," suis, au fond. _

XIX

ÉVÉNE"
".

Fy suis, au fond. _

XIX

",556295,ÉVÉNEMENTS COMPLETEMENT,,MISC,556318," INATTENDUS

4

«.., Décidémen"
"
XIX

ÉVÉNEMENTS COMPLETEMENT ",556319,INATTENDUS,,ORG,556329,"

4

«.., Décidément, mon cher"
"PLETEMENT INATTENDUS

4

«.., ",556339,Décidément,,MISC,556349,", mon cher, on ne connaît sa p"
"yée ; et vous aviez raison,
à ",556442,Bruxelles,,LOC,556451, ; je suis très forte. Si vous
" seriez pas ennuyé,
non plus. ",556611,Oh!,,MISC,556614, la cérémonie n’a rien eu de g
", vous qui êtes au courant de ",556964,touf,,LOC,556968,",
de m’entendre prononcer le o"
"gé de citations latines, du
« ",557512,Réquisitoire,,MISC,557524, à travers les Ages ! » Auriez
"[] en pleuvait. Pensez si je.
",557719,contribuais,,LOC,557730," à laverse!... Enfin, c'est fa"
". Pensez si je.
contribuais à ",557733,laverse,,LOC,557740,"!... Enfin, c'est fait. Je sui"
".. Enfin, c'est fait. Je suis
",557772,Madame de Bois-Créault,,PER,557794,. L'église le proclame et l'ét
" conjugal brille à mon
doigt. ",557885,Ah!,,MISC,557888," elle a été dure à conquérir, "
ant ces quinze jours ! Que de ,557980,co-,,ORG,557983,"
médies et de drimes, dont vou"
"urs ! Que de co-
médies et de ",557997,drimes,,LOC,558003,", dont vous ne vous doutez pas"
"e femme — la femme
forte de l’",558252,Evangile,,MISC,558260,", mon cher. — Et, tenez, pour
"
 relis la lettre par laquelle ,558970,Hélène,,MISC,558976,", il y a trois se-
Maines, m'a"
"elle Hélène, il y a trois se-
",558995,Maines,,LOC,559001,", m'annonçait son mariage. J'e"
 de quitter irrévocablement l',559141,"hôtel de
Bois-Créault",,LOC,559162, et qu'elle va partir pour la 
"rvi de prétexte à son départ, ",559304,nisur,,PER,559309,"
ss Intentions. « Ne soyez poi"
" prétexte à son départ, nisur
",559310,ss Intentions,,MISC,559323,. « Ne soyez point inquiet de 
ient de tomber à terre et sur ,559619,la-,,LOC,559622,"
quelle j'ai mis le pied... Ah"
"a-
quelle j'ai mis le pied... ",559650,Ah!,,MISC,559653," si l’on pouvait les
écraser a"
"ns poissés de
colle — saleté —",559797,.on,,MISC,559800," met ça sous globe, en France,"
"té —.on met ça sous globe, en ",559823,France,,LOC,559829,",
sur un coussin de velours ro"
"tiformes ne suff-
saient pas. ",559945,Souvenirs!,,MISC,559955, Souvenirs !... Et tous les au
lance la fleur dans le feu qu’,560496,Annie,,PER,560501," vient
d'allumer car l'automne"
"tomne pluvieux
et noirâtre de ",560578,Londres,,LOC,560585,". | |

‘Une lueur bläfarde et "
"epuis que nous
sommes revenus ",560865,de Belgique,,LOC,560876,", Roger-la-Honte €t
moi, après"
"s
sommes revenus de Belgique, ",560878,"Roger-la-Honte €t
moi",,PER,560899,", après avoir fourni la matièr"
"vain. Triste! Triste !.…
Non, ",561008,Hélène,,MISC,561014, n’est plus la petite femme qu
"bonne mère, elle ne sera plus ",561211,J#,,MISC,561213,"
mais cette femme-là — la femm"
— C’est drôle : on dirait que ,561315,J€,,MISC,561317,"
lui garde rancune d’avoir agi"
"re de
s'ofirir ; elle semblé, ",561845,Gelle,,PER,561850,"-là, la mystérieuse prêtresse
"
"sse
d’une puissance redoutée. ",561906,Le Présent effraye,,MISC,561924,".

Je ne devrais pas en avoir "
"er,' comme d’autres, d’espoir ",562115,toujoürs,,PER,562123,"
nouveau en désillusion toujou"
"dernier ét ridicule effort...
",562333,Voüloir !,,MISC,562342, La volonté : üne lame qu’on n
"ort...
Voüloir ! La volonté : ",562356,üne,,PER,562359," lame qu’on n’emploie pas
de p"
"se ronger par la

‘mouille... ",562451,Ah!,,MISC,562454, il y à d’autres liens que la 
t l’homme qui se révolte à la ,562544,So-,,ORG,562547,"
ciété qu’il répudie ; dés lié"
"e
Caüchemar héréditaire, de l’",562803,Idéal à la tête invisible,,MISC,562828,",
aux pieds putréfiés ; il ne "
"s

déféendus, sur l’arbte qui ",563075,ténd,,PER,563079," vers lui ses branches,
étqu'i"
 flamboyer l’épée menteuse du ,563151,"sé-
raphin",,PER,563161, à lentrée des paradis qui s'o
"et éclatént en ricanements.….
",563367,Allons,,LOC,563373,", il fut continuer, sans repos"
"e jusqu’à la catastrophe iné-
",563479,Vitable,,ORG,563486, — dont je retirerai une moral
onte qui voudrait m'emmener à ,563739,Venise,,LOC,563745,". Qu'y fe.
rais-je, à Venise? "
rait m'emmener à Venise. Qu'y ,563752,fe,,LOC,563754,".
rais-je, à Venise? Je m'y en"
"t-être.

Non, je n'irai pas à ",564349,Venise,,LOC,564355,". Tant pis pour Roger-
Ja-Hont"
i pas à Venise. Tant pis pour ,564371,"Roger-
Ja-Honte",,PER,564386, ; il attendra. Je n’irais pas
il attendra. Je n’irais pas à ,564419,Venise,,LOC,564425," mêmes
j'étais sûr d’y trouver"
on anneau dans les flots de l’,564535,Adria-,,LOC,564541,"
tique. J'aime mieux passer mo"
"ur donne, tout comme un autre ",565168,"Fran-
çais",,MISC,565178,", des noms d’animaux et de lég"
"ire ; et jai, comme autrefois ",565461,Hercule,,PER,565468,", des

+
UT Pi:
- let
7 47

!"
"me autrefois Hercule, des

+
",565478,UT Pi,,MISC,565483,":
- let
7 47

! . ja [PS - ss."
"a [PS - ss. . _…
pe Se Dr TUE ",565532,TT,,ORG,565534,",
1, — ”

LE VOLEUR 297

compa"
"s. . _…
pe Se Dr TUE TT,
1, — ",565541,"”

LE VOLEUR",,MISC,565553," 297

compagnons de mes travau"
" de mes travaux. Ma foi, oui. ",565599,Oh!,,MISC,565602," ce
n’est pas que j'en aie bes"
"isent les vieux habi-
tués du ",565781,café de la Mairie,,LOC,565798,", en province — rentiers à
cer"
"ouillent dans ces
repaires du ",566620,Crime cosmopolite,,MISC,566637," ; tous les vices s’y ren-
con"
"ux mains rouges. Ce sont

les ",566933,Grandes Assises,,MISC,566948, de l’immoralité tenues dans l
"l’immoralité tenues dans les

",566982,Sous-sols,,LOC,566991," de la tour de Babel.

Intéres"
" les

Sous-sols de la tour de ",567006,Babel,,LOC,567011,".

Intéressant ? Certainement."
"

Intéressant ? Certainement. ",567042,Homo sum,,PER,567050," et... et ce
Sont des hommes, "
"inement. Homo sum et... et ce
",567063,Sont des hommes,,MISC,567078,", après tout, ces gens-là. Pas"
"infamies dans les couloirs
du ",567224,Palais-Bourbon,,LOC,567238,", cette après-midi, que je n’e"
"ns le souterrain dont je vais
",567326,Sortir,,ORG,567332,; et peut-être y a-t-on conclu
 de bièn des défenseurs de la ,567485,"mo-

rale",,ORG,567494,", bêtes comme Dandin et cocus "
" de la mo-

rale, bêtes comme ",567508,Dandin,,PER,567514," et cocus comme Marc-
Aurèle. "
s comme Dandin et cocus comme ,567530,"Marc-
Aurèle",,PER,567542,". Ignominie d’un côté, infamie"
" et cocus comme Marc-
Aurèle. ",567544,Ignominie,,MISC,567553," d’un côté, infamie de l’autre"
"’autre. Tout

417.

298 _ LE ",567607,VOLEUR,,LOC,567613,".

se tient et tout arrive à s"
"s
s'amusent avec leur argent! ",568060,Eh!,,MISC,568063," bien, nous aussi,
nous nous a"
" re-
prendre dans la poche de ",568265,Prudhomme,,PER,568274,"... Hélas! on
devient fou, mai"
"t
des êtres placides, à peine ",568689,narquoïis,,PER,568698,", qui paraissent se
rendre com"
"ce, dans l’organisme social. [",568807,ls,,PER,568809," échangent,
avec des hochement"
surtout anti-esthétiques ; et ,569404,1l,,PER,569406," caresse
sa maîtresse pour lui"
" par à-comptes ; voilà tout.

",569866,Ah!,,MISC,569869," ne mangez jamais, jamais de c"
"bouche pleine.
Heureusement ! ",569976,Îls,,PER,569979," auraient trop à dite.

‘Je le"
"s habituelles
sur la scène du ",570491,Français,,LOC,570499,", lorsqu'on joue le répertoire"
"tait qu’ils volaient leur li-
",570747,berté,,PER,570752,. Ils se disaient d’ « anciens
" moral. En-dehors de leur ca-
",571536,factère affictif,,PER,571552,", elles n’ont pas de significa"
"ont pas de signification pour
",571592,EUX,,ORG,571595,", On me dira que les voleurs n"
"— Je viens de rompre avec une
",571946,Allemande,,LOC,571955, qui m'annexait depuis quinze 
"crocodile ! — Pas
du tout ! — ",572148,Affliction candide,,MISC,572166," ; deuil sincère.
Hé ! quoi ! "
"tion candide ; deuil sincère.
",572184,Hé !,,MISC,572188, quoi ! vous prenez bien la Vi
 ! quoi ! vous prenez bien la ,572216,Vie de Bohème,,MISC,572229,"
au sérieux, et vous mouillez "
"se chez des banquiers,
orsque ",572386,Mimi,,PER,572390, lâche Marcel sous des prétext
a m'est égal. J'ai la larme à ,572822,lœil,,LOC,572826,", et
c’est un fait. Mais oui, "
" ces mariages à la colle, que ",573089,bier,,PER,573093," des ma-
riage à l'eau bénite."
" ma-
riage à l'eau bénite. Et ",573127,"jai des corbillards de sou-
venirs",,MISC,573161,"….

Ah ! voilà le chiendent, l"
"corbillards de sou-
venirs….

",573165,Ah !,,MISC,573169," voilà le chiendent, les souve"
"tachent à
votre peau comme la ",573287,tunique du Centaure,,LOC,573306,".

— C’est bien fait, me dit P"
"e.

— C’est bien fait, me dit ",573335,Paternoster,,PER,573346," à qui Je vai
confier mes chag"
", me dit Paternoster à qui Je ",573356,vai,,MISC,573359,"
confier mes chagrins, avec le"
" sensible, à aller cher-

LE ",573570,VOLEUR,,LOC,573576," . . 301
cher des fleurs bleue"
"jardins qui ont des grilles.

",573700,Paternoster,,PER,573711, commence à m’embêter. Je n'ai
"i-je oublié, par
exemple, que ",574191,Danton,,PER,574197," était un voleur? Et un tas

d"
" que m'a faites ce
malheureux ",574345,Canonnier,,MISC,574354,". Mais je ne me fie pas à Pa-
"
nier. Mais je ne me fie pas à ,574380,Pa-,,LOC,574383,"

ternoster. Je sais qu'il a p"
"ient
d'un pingre!.…. C’est un ",574574,Turc,,LOC,574578,". Bientôt, on ne
pourra plus r"
ai fait la connaissance d’une ,575035,Anglaise,,LOC,575043,",
une de ces malheureuses peti"
"t se nourrissent de thé et de
",575208,Pâtisseries équivoques,,ORG,575230,. Je l'ai installée dans un lo
 que je lui ai meublé près de ,575298,Waterloo Road,,LOC,575311,", où
elle vit fort satisfaite."
", dissje ; et vous passez sur ",575674,Waterloo Bridge,,LOC,575689,",
un pont qui ne s'appelle pas"
ne s'appelle pas pour rien le ,575733,"Pont des
Soupirs",,LOC,575749,", avec votre éternel sac qui c"
" le lendemain matin votre ca-
",575951,davre,,PER,575956," fera la pianche à Gravesend.
"
"e ca-
davre fera la pianche à ",575975,Gravesend,,LOC,575984,".

Paternoster hausse les épau"
"é =— ou au bout d’une corde.

",576279,Roger-la-Honte,,LOC,576293, ne pense pas autrernent. Il m
"e que nous venons
de faire en ",576391,Hollande,,LOC,576399,", et que nous ne regrettons pa"
"ris ce matin le bateau pour
l'",576486,Angleterre,,LOC,576496,", avec le produit de nos honte"
"arcins;
et moi je suis venu à ",576560,Anvers,,LOC,576566," où, si jen crois la ru-
meurt"
" je suis venu à Anvers où, si ",576574,jen,,PER,576577," crois la ru-
meurt” publique,"
"r comme dans
un four, mais... ",577079,Ah!,,MISC,577082, diable ! Il me semble que j'e
"ettrais ma main au feu. Curé, ",577219,"vi-
caire",,PER,577228,", suisse, bedéau ou sacristain"
"feu. Curé, vi-
caire, suisse, ",577238,bedéau,,PER,577244," ou sacristain, il y a un homm"
"acristain, il y a un homme
de ",577279,Dieu én embuscade,,PER,577296, dans cette pièce... Après tou
"ne. Homme de Dieu, y es-tu ?

",577430,"Boum!

C'",,MISC,577439,est un coup de pistolet qui me
"e devant moi, heureusement... ",578225,Si!,,MISC,578228," Un
homme, un homme couvert d’"
ux lui casser la figure avec. ,578469,Ah!,,MISC,578472," non ! Pas jouer ce
jeu-là ; ç"
"ourrai trouver une voi:
ture, ",578927,Je suis sauvé,,MISC,578940,". |

Non ! L'homme au pardessu"
" rue à toute vitesse.

— [ci! ",579264,"|

Îla",,PER,579270," ouvert la porte d’une maison,"
"tons
muets, sans bouger, dans ",579701,Îles ténèbres,,LOC,579714,", l’homme au
pardessus couleur"
"ation entre elle et lui, dont ",580102,"jene
parviens",,PER,580115, pas à saisir un mot. Ça ne fa
parviens pas à saisir un mot. ,580137,Ça,,MISC,580139," ne fait rien; cette
voix de f"
"’il a laissée entre-
baîllée. ",580332,"| |

—",,MISC,580338," Entrez, dit-il.

J'entre. Une"
"coup, je le reconnais.

C'est ",580556,Albert Dubourg,,PER,580570,", mon ami d’enfance, mon
camar"
"t dé-
fendu de fréquenter.

— ",580724,Albert,,PER,580730,"! m’écrié-je. Albert !

— Oui,"
"enter.

— Albert! m’écrié-je. ",580744,"Albert !

—",,MISC,580755," Oui, dit-il en souriant d’un "
"femme, d’abord ; elle pour-

",581103,"PS RS

LE",,MISC,581112," VOLEUR 305

rait nous entendr"
"es opinions, et tu peux comp-
",581239,ter,,PER,581242, sur elle comme sur moi... Qu’
"'intention de
faire ? Quitter ",581309,Anvers,,LOC,581315," le plus tôt possible, je pens"
"e, je pense ?

— Oui ; pour l’",581365,Angleterre,,LOC,581375,". |

— Alors tu prendras le ba"
". Je vais chercher ma femme.

",581570,Î,,LOC,581571,] sort et reparaît avec elle u
"st

absente pour le moment. |
",581957,Albert,,PER,581963," m’y a conduit, dans cette cha"
"urnées, se décidant à quitter ",582309,la France,,LOC,582318," et mourant
bientôt de chagrin"
"ourant
bientôt de chagrin, en ",582353,Belgique,,LOC,582361,", sans avoir pu.
trouver d'emp"
"me bonne figure; personne. Et
",582699,Albert,,PER,582705,", après avoir accompli son tem"
"mps de service mi-
litaire en ",582764,France,,LOC,582770,", car il à tenu À rester Franç"
"aire en France, car il à tenu ",582786,À rester Français,,MISC,582803,", re-
Vénant en Belgique et fi"
"à tenu À rester Français, re-
",582809,Vénant,,LOC,582815," en Belgique et finissant, ave"
"ester Français, re-
Vénant en ",582819,Belgique,,LOC,582827," et finissant, avec bien du ma"
 place dans les bureaux d’une ,582905,Com-,,MISC,582909,"
Juste. Il n’a pas voulu me la"
"me laisser m'expliquer sur ma
",582964,Suation,,LOC,582971,", qu'il devine ; il n’a fait p"
"ermis un mot de blâme. Non,

 ",583073,Pagnie,,LOC,583079," de Navigation, qui lui permet"
"ermet de vivre, tout

306 LE ",583134,VOLEUR,,LOC,583140,"

elle n’a point été gaie, cet"
"ée du
lendemain avec eux, car ",583588,Albert,,PER,583594," avait demandé à la
maison qui"
" pas servir souvent, hélas! — ",583806,Îls,,PER,583809," s’aiment,
malgré tout, sont p"
" m’émeut
tout plein.
| sos .. ",584113,Hé !,,MISC,584117," qui peut dire
Que pour le mét"
"
Que pour le métier de mouton
",584161,"Jamais aucun loup ne soupire ?

",,MISC,584193,"Et le soir, quand je les ai eu"
"'avaient conduit, pendant que ",584287,"Île na-
vire",,LOC,584299," descendait l’Escaut, je me su"
"que Île na-
vire descendait l’",584313,Escaut,,LOC,584319,", je me suis pris à me prôner
"
"t fièvreuse-
ment leurs yeux, ",584787,éffrayés,,PER,584795," de regarder autre paït £.…
Fa"
"és de regarder autre paït £.…
",584823,Fantôme de bonheur !,,MISC,584843," Simulacre d’amour !.…

Vie mo"
"paït £.…
Fantôme de bonheur ! ",584844,Simulacre d’amour !,,MISC,584863,".…

Vie modeste, mais heureuse"
ès chagtins qui l’assaillent. ,585005,Ennuis,,MISC,585011," vulgaires, cha”

“

tt

. AR"
 _ 4er mer es “ ess ut te qe. ,585087,"ss
CR ‘",,MISC,585094," . ‘
de er .

+
rh
ru!

LE VOL"
"qe. ss
CR ‘ . ‘
de er .

+
rh
",585113,"ru!

LE VOLEUR",,LOC,585127," | 307

grins prosaïques, mais"
"ffrances. Amour... Pas
vrai ! ",585242,Vision décevante,,MISC,585258,", dont ils ne sont qu’à moitié"
 de colère qui voudraient les ,585489,crisper,,LOC,585496,".
Galériens par conviction, to"
"e qui voudraient les crisper.
",585498,Galériens,,PER,585507," par conviction, tous les deux"
"a
chaîne de la cordialité.... ",585740,Pas de bonheur,,MISC,585754,", dans la
misère ; et pas d'am"
"ur. Jamais. Jamais. |

Pauvre ",585815,Albert,,PER,585821," !... Voilà que je le plains, "
" que je le plains, à présent.
",585862,Allons,,LOC,585868,". De Londres, j’enverrai un ca"
"plains, à présent.
Allons. De ",585873,Londres,,LOC,585880,", j’enverrai un cadeau à sa fe"
"ns. |

—— Tant mieux ! me dit ",586149,Annie,,PER,586154,". Vous commenciez
à maigrir.

"
" dit Annie. Vous commenciez
à ",586174,maigrir,,PER,586181,".

Quel dommage ! Après tout, "
"pas mal,
peut-être, d'écouter ",586254,Roger-la-Honte,,LOC,586268," et de l'accom-

pagner à Veni"
"onte et de l'accom-

pagner à ",586294,Venise,,LOC,586300,. Je l’attends justement ce so
"soir,

Roger. Il est parti en ",586358,France,,LOC,586364,", voici trois jours, pour
une "
"irait qu’on entend rouler

un ",586502,cab,,ORG,586505,", dans la rue. Oui; il s'arrêt"
 et l’on frappe à la porte. — ,586586,Annie,,PER,586591," a été se

coucher de bonne he"
"cends ouvrir. Ce

2
n'est pas ",586724,Roger,,PER,586729,"...

Une femme est sur le seui"
"e.

o Tu ne me reconnais pas, ",586894,Georges,,MISC,586901," ? dit-elle.
J'approche ‘la la"
" Ciel |... C’est Charlotte.

",586965,nee ps —,,PER,586973," - ""ss. = … . tie 4 Dre À
. ’ "
"otte.

nee ps — - ""ss. = … . ",586987,tie 4,,MISC,586992," Dre À
. ’ ° Es 7
3

XX

OÙ L’"
" ""ss. = … . tie 4 Dre À
. ’ ° ",587005,Es 7,,MISC,587009,"
3

XX

OÙ L’ON VOIT QU'IL EST"
"° Es 7
3

XX

OÙ L’ON VOIT QU'",587033,"IL EST SOUVENT DIFFICILE
DE TENIR",,ORG,587066," SA PAROLE

Je suis assis aupr"
"s assis auprès du feu, devant ",587114,Ia,,PER,587116," chaise que
vient de quitter C"
"tonnement,
accablé d'horreur. ",587198,Ah!,,MISC,587201," le mensonge des conjectures,
"
autre chose n’était possible. ,587743,Oh !,,MISC,587747," je n’y puis croire
encore, po"
"is croire
encore, pourtant... ",587787,Charlotte,,PER,587796," chassée par son père, le
jour"
 la scène affreuse qui nous a ,587873,st-,,PER,587876,"
parés; son courage devant l’a"
"

gs Aie eva ere der sert eee ",588146,Œérties,,ORG,588153," à Len dede est oo
ge Le Aie V"
va ere der sert eee Œérties à ,588156,Len dede,,PER,588164," est oo
ge Le Aie Ve . 1

ET ."
" 1

ET .
#

, | -.

LE VOLEUR ",588216,"oo 309

|",,LOC,588225," | ou eu ge | |  —
malheur ave"
avec la dignité du silence... ,588282,Ha!,,MISC,588285," le dégoût

de moi qui me sais"
 femme abandonnée par tous... ,588557,Etla,,PER,588561," dé-
tresse, la noirceur de ce"
"un lit que sa mère, aidée par ",588871,Annie,,PER,588876,", lui a préparé dans
ma chambr"
"tte por-
tait dans ses bras.

",589137,Eile,,LOC,589141, s’est déjà levée trois fois d
" mis leur marque sur son beau
",589462,Visage,,MISC,589468,", mais ses yeux brillent de l'"
"lacial du givre. Et ses

 

_ ",589579,Yétements,,MISC,589588,", le manteau de confection qu'"
riste robe noire d’ouvrière.. ,589668,Ah !,,MISC,589672," Dieu de Dieu!
La voici. Elle "
"sa tête, comme elle faisait
à ",589926,Paris,,LOC,589931,". J'ai eu si peur avant-hier, "
"i peur avant-hier, hier et ce
",589972,Matin encore!,,MISC,589985,... J'étais affolée. Il faut q
" médecin, habitué à soigner

",590287,TT,,ORG,590289,"
. dre 7. .
Dee Sue 7 pump à 2"
"cin, habitué à soigner

TT
. ",590292,dre 7,,MISC,590297,". .
Dee Sue 7 pump à 2 une FO "
"tué à soigner

TT
. dre 7. .
",590301,Dee,,PER,590304, Sue 7 pump à 2 une FO met = d
"e 7. .
Dee Sue 7 pump à 2 une ",590324,FO,,ORG,590326," met = de A - en
met, . - ot 2"
ue 7 pump à 2 une FO met = de ,590336,A -,,LOC,590339," en
met, . - ot 2e +vud
* 7 PR"
"ait sa tête sur l’oreiller, y ",590938,po-,,PER,590941,"
sait désespérément ses petite"
"anxieuse lorsque, avenue de
l'",591112,Opéra,,LOC,591117,", j'ai rencontré Marguerite Ma"
"ue de
l'Opéra, j'ai rencontré ",591134,Marguerite Marguerite,,PER,591155,", tu
te souviens ? l’ancienne "
plus. J’ai pris le train pour ,592438,Londres,,LOC,592445,".
— Il y a longtemps, dis-je s"
"-elle, car je ne réponds pas. ",592986,Qu'’as-,,LOC,592993,"
tu pensé de moi ?

— Je ne ve"
"toi
aussi. |

Et je me mets à ",593389,tisonner,,MISC,593397," les charbons parce que je
cro"
"s yeux se mouiller un peu.

— ",593469,Ecoute,,MISC,593475,", dit Charlotte ; ce n’est pas"
"le non. plus; mais... Voyons,
",593676,Georges,,MISC,593683,", regarde-moi. Pourquoi pleure"
"oi. Pourquoi pleures-tu ?.…..
",593724,Dis ?,,MISC,593729,"...

Elle se penche vers moi, "
"vers moi, m'attire à elle.

—""",593779,Ah ! fou,,MISC,593787,", fou! Tu n’es pas méchant et "
"as, elle est jolie,
a fille ? ",593946,As-tu,,MISC,593951, su comme elle te ressemble ? 
 su comme elle te ressemble ? ,593981,"Dis-moi
Si tu l’aimeras",,MISC,594004,". -

— Non; tu serais jalouse."
"is pourquoi... Elle.
st nomme ",594258,Hélène,,MISC,594264,",

312 LE VOLEUR

Brusquement"
" sur la cause de mon émotion,
",594486,Qu'as-tu,,MISC,594494," ? Oui, j’aurais mieux fait de"
"de l'appeler Georgette. Maïs, ",594585,Hélène,,MISC,594591,",
c'est un joli nom aussi. Tu "
"r, car la
nuit est froide.

— ",594998,Demain matin,,MISC,595010,", tu enverras chercher un méde"
"tu enverras chercher un méde-
",595042,Cin,,LOC,595045," ?

_— Oui, certainement. Dema"
"s craintes aient été folles !
",595263,Bonsoir,,MISC,595270,".

Elle se retire, ferme douce"
u foyer... Ma fille s'appelle ,595476,Hélène,,MISC,595482,". Ah!
qu’elle estamère, cette "
"le d’alcool et je me fäis
des ",595657,grogs,,PER,595662," très forts, toute la nuit. Ve"
"ute la nuit. Vers six heures, ",595707,J€,,MISC,595709,"
m'endors… |

C’est Charlotte "
"t,
tout aussitôt, j'ai envoyé ",595803,Annie,,MISC,595808," chercher un médecin
qui lui a"
che. Un télégramme envoyé par ,596032,"Ro-

LE VOLEUR",,PER,596047," | ""313

ger-la-Honte qui m’ap"
"prend qu'il ne sera de retour
",596107,ue,,ORG,596109, vers le milieu de la semaine.
rs le milieu de la semaine... ,596142,Maïs,,MISC,596146," quand vien-
fra-t-il donc, ce"
Charlotte m'appelle auprès de ,596218,Îa,,LOC,596220," petite malade qui
vient de so"
"
navrantes.

— Maman, bobo... ",596641,Maman...,,MISC,596649," bobo.

Charlotte la prend dan"
"bres
se convulsent et sa face ",597077,blèmit,,PER,597083," affreusement ; elle
gémit d’u"
"le...

— Monsieur, vient dire ",597160,Annie,,PER,597165,", le docteur est en
as. | |

—"
"s. | |

— Qu'il monte, vite!

",597216,I,,LOC,597217," est monté, a assisté aux conv"
"tion a succédé à la crise. |

",597353,Îlest,,LOC,597358," dans le salon, maintenant, se"
"é-
digeant son ordonnance.

— ",597432,Îl,,LOC,597434," faut couper les cheveux, appl"
"cheveux, appliquer un vésica-
",597481,loire,,LOC,597486," sur la nuque, poser de la gla"
"ement, c’est la méningite.

— ",597603,Ÿ at-il de l'espoir,,LOC,597622," ?

— Très peu, répond le doct"
"espérances.

18

L | . . « , ",597744,MA T3 mére imqet,,MISC,597760, entente ne a messe De A on ap
mére imqet entente ne a messe ,597780,De A,,PER,597784," on aptes = 24 pe aNke Ya
n ‘ "
"n aptes = 24 pe aNke Ya
n ‘ . ",597816,Lot,,LOC,597819," . . î #.
, s ès *

314 | LE V"
"= 24 pe aNke Ya
n ‘ . Lot . . ",597824,î #,,MISC,597827,".
, s ès *

314 | LE VOLEUR

À"
"Oui, à moins d’un miracle.

— ",598014,Dités,,PER,598019,"-moi franchement, docteur: vot"
mien. Essayez-en.. Le docteur ,598398,Scoundrel,,PER,598407," par exemple.

C’est la plus h"
"-vous quelle somme le docteur
",598607,Scoundrel,,LOC,598616," exigerait pour venir.

— Oh! "
"drel exigerait pour venir.

— ",598642,Oh!,,MISC,598645, répond le médecin en souriant
"xante. quatre-vingts.
cent. | ",598924,"|

Le docteur",,PER,598937," sort et Charlotte, immédiatem"
"entre
dans le salon. | | :

— ",599002,Eh!,,MISC,599005, bien? demande-t-elle d’une vo
"dit ? Est-ce la méningite?

— ",599102,I,,LOC,599103,] ne sait pas ; n’est pas sûr.
"yer cherchertoutde suite, dit ",599304,Char-,,MISC,599309,"
‘lotte.

— Oui, mais.

— Mais"
"

— Oui, mais.

— Mais quoi ? ",599347,Dis!,,MISC,599351," Quoi? .

— Ce spécialiste veu"
"ume 1 6e
pee er

st Y cf { ""

",599647,CRE,,ORG,599650," a À

= "" 7 _

M

“ ue Lg rnn "
" ""

CRE a À

= "" 7 _

M

“ ue ",599673,Lg rnn,,LOC,599679," ne ue = … zh
nn mru'e Lt , se"
"7 _

M

“ ue Lg rnn ne ue = … ",599690,zh,,MISC,599692,"
nn mru'e Lt , se : s . , 2 =
"
"

M

“ ue Lg rnn ne ue = … zh
",599693,nn mru'e Lt,,MISC,599704," , se : s . , 2 =

LL 2e .. !
"
"e : s . , 2 =

LL 2e .. !

LE ",599738,VOLEUR,,LOC,599744," 315.

Les banques sont fermée"
"r un moyen... Tenez, dis-je à
",599858,Annie,,PER,599863," qui entre, allez chercher ces"
"On a très peur des voleurs, à ",600288,Londres,,LOC,600295,".
Charlotte sourit d’un sourir"
" peur des voleurs, à Londres.
",600297,Charlotte,,PER,600306," sourit d’un sourire triste.
—"
"sourire triste.
— Crois-tu qu'",600349,Annie,,MISC,600354, réussira à avoir de l'argent 
"s ne
demanderaient pas mieux. ",600639,Annie,,PER,600644," a les larmesaux yeux;
quant à"
"as, lui dis-je en prenant mon
",600896,Manteau,,MISC,600903, et mon chapeau. Je vais sorti
rouver l’argent nécessaire... ,600978,"Occupe-toi de faire ce
qu'a ordonné le docteur",,MISC,601024,". Peut-être ce vésicatoire
Suf"
"e vésicatoire
Suffira-t-il.., ",601067,Mais ne te tourmente pas,,MISC,601091,", surtout. Il est
une heure et"
"sera pas

+

difficile.

. Ah ",601238,lsi,,MISC,601241,", c’est difficile. Très diffic"
" Très difficile. Les gens que
",601289,Je Vais,,MISC,601296," voir sont absents ; ou bien, "
"ts ; ou bien, pleins de bonne ",601342,"vo-
lonté",,PER,601351,", ilsse trouvent dans le même "
"n, pleins de bonne vo-
lonté, ",601353,ilsse,,LOC,601358, trouvent dans le même cas que
"Qui pourra m’avan-

316 | LE ",601517,VOLEUR,,LOC,601523,"

cer la somme dont j'ai besoi"
"saille. Je me
fais conduire à ",601595,Kensington,,LOC,601605,". Pourvu qu’elle soit chez
ell"
 Mais je ne sais où donner de ,601848,Îa,,LOC,601850," tête.

— Ab! quel malheur ! s"
"sais où donner de Îa tête.

— ",601860,Ab,,LOC,601862,! quel malheur ! s’écrie Brous
"
— Ab! quel malheur ! s’écrie ",601887,Broussaille,,PER,601898,". Si j'avais
pu savoir !.. Hie"
" ce que j'ai ici : quatorze

 ",602141,Hvres,,MISC,602146, ; quatorze livres et cinq shi
" ne peut me servir à rien.

— ",602272,Eh!,,MISC,602275," bien, veux-tu m'’attendre ? d"
" à rien.

— Eh! bien, veux-tu ",602290,m'’attendre,,LOC,602301," ? demande-t-elle.
Je vais all"
" son mouchoir à la main. |

— ",602822,Oh!,,MISC,602825," je suis désolée, désolée ! Mo"
"tôt dans.la rue, je prends un ",603301,cab,,ORG,603304," et je donne au
cocher l'adres"
cocher l'adresse du bureau de ,603350,Paternoster,,LOC,603361,". Je me suis
souvenu, subiteme"
"on ren ne TANT RE
HU Te tte ""
",603458,"Aus Us

HN RS",,MISC,603471,"
;

z
pense Pense RS mes ee 4,"
"te ""
Aus Us

HN RS
;

z
pense ",603483,Pense RS mes ee 4,,MISC,603500,", :

L LE VOLEUR 317

bitude d"
" marché
aussi bien le jour de ",603763,Pâques,,MISC,603769," que celui de la Trinité.
Iles"
e jour de Pâques que celui de ,603783,la Trinité,,LOC,603793,".
Ilest six heures moins un qu"
"ques que celui de la Trinité.
",603795,Ilest,,LOC,603800, six heures moins un quart et 
"iver à
temps dans la Cité. Le ",603872,cab,,ORG,603875," roule rapidement... Six
heure"
"nt... Six
heures moins deux à ",603920,Saint-Paul’s,,LOC,603932,"... Mais, au coin de
Queen Vic"
"nt-Paul’s... Mais, au coin de
",603953,Queen,,ORG,603958, Victoria Street et de la peti
"l’s... Mais, au coin de
Queen ",603959,Victoria Street,,LOC,603974, et de la petite rue où trafiq
nute à perdre. Je descends du ,604103,cab,,ORG,604106,", je paye
le cocher et je m'en"
le cocher et je m'engage dans ,604146,Îa petite rue,,MISC,604159,". Trop tard!
Tout au bout, ià-"
"t au bout, ià-bas, j’aperçois ",604205,Paternoster,,MISC,604216," qui s’en

va et je le vois di"
"er la somme dont
J'ai besoin. ",604906,Ah!,,MISC,604909," bon Dieu !... Mais, pourtant,"
" d’où l’obtiendrai-je ?
Et il ",605012,mele,,LOC,605016," faut, il me le faut! J'ai pro"
"us terrible, si elle meurt... ",605379,Ah!,,MISC,605382," je ne
pense pas à revenir au "
"n, comme ils disent. Le bien,
",605445,emal—,,MISC,605450," qu'est-ce que c’est ? — Mais,"
"c’est ? — Mais, mais. Voyons,
",605495,Paternoster,,PER,605506, n'osera pas me refuser ; il s
"ement, je ne veux pas aborder ",606028,Paternos-,,MISC,606037,"
ter pour lui demander un serv"
"t, qui me pousse sur ses pas. ",606181,fe,,LOC,606183," le suis de loin,
le guette co"
"roid, et se bom-
bardant de « ",606440,Merry Christmas,,PER,606455," » ; aux voitures de gui
et de"
"s, aux guirlandes d’oies,
aux ",606643,pyramides de puddings,,LOC,606664,",auxmontagnes d’oranges.….
Lud"
"ngs,auxmontagnes d’oranges.….
",606691,Ludgate Hill,,LOC,606703,", Fleet Street, Strand, « Merr"
"es d’oranges.….
Ludgate Hill, ",606705,Fleet Street,,LOC,606717,", Strand, « Merry Christ-
mas "
".
Ludgate Hill, Fleet Street, ",606719,Strand,,MISC,606725,", « Merry Christ-
mas »..,

Je"
"Hill, Fleet Street, Strand, « ",606729,Merry Christ-,,PER,606742,"
mas »..,

Je viens de travers"
"..,

Je viens de traverser la ",606778,T'amise,,MISC,606785," et, sur les traces de
Paterno"
"T'amise et, sur les traces de
",606808,Paternoster,,PER,606819, qui tient à la main son étern
"nt à la main son éternel sac, ",606857,"Je
descends",,MISC,606868," Waterloo Road. Brusquement, i"
" son éternel sac, Je
descends ",606869,Waterloo Road,,MISC,606882,". Brusquement, il tourne À
dro"
" Road. Brusquement, il tourne ",606907,"À
droite",,MISC,606915, et disparaît derrière la port
"er... Que faire,
maintenant ? ",607031,Oh !,,MISC,607035, c’est bien simple. Je vais me
"en simple. Je vais me présen-
",607074,ter,,PER,607077, dans cette maison tout à l’he
"ace, au coin. de la rue et de ",607386,Waterloo Road,,LOC,607399,", à l'en-
droit d’où j'ai vu P"
"d, à l'en-
droit d’où j'ai vu ",607428,Paternoster,,MISC,607439," entrer dans la maison
dont il"
" pendant ces longues heures

",607572,ST,,MISC,607574," “,
< se T , À
: :

LE VOLEUR "
"ngues heures

ST “,
< se T , ",607587,"À
: :

LE VOLEUR",,MISC,607603," …. 319

d'attente fiévreuse e"
"e

pas remarqué ; et, dès que ",607831,Paternoster,,PER,607842," s’est engagé sur

la route, d"
"du pont, je me retourne
et je ",607919,Le suis,,MISC,607926,".
Il marche rapidement ; les p"
"de neige.
Que vais-je faire ? ",608104,Oh!,,MISC,608107," je le sais, en ce moment;
mai"
"olences contre les personnes.
",608398,Tuer !,,MISC,608404, Je ne veux pas tuer ; je n’ai
" je n’ai pas d’arme, d’abord.
",608456,Violence,,MISC,608464,". oui. Il me le faut, le sac q"
" me le faut, le sac que porte ",608503,"Pater-
noster",,PER,608516,". |
Les trois policemen prépos"
icemen préposés à la garde de ,608563,Vaterloo,,PER,608571,"
Bridge se sont repliés à l'en"
"éposés à la garde de Vaterloo
",608572,Bridge,,LOC,608578, se sont repliés à l'entrée de
"présent, que la silhouette de
",608991,Paternoster,,LOC,609002,", là-bas. Il se hâte, une main"
"u'il est large, ce fleuve ! |
",609456,Attention !,,MISC,609467, Il ne faut plus courir. Quelq
"nt... Un vagabond, écumeur du ",609539,Pont des Soupirs,,LOC,609555,",

320 LE VOLEUR |
qui a vu m"
"a figure. Tant pis pour
lui ! ",609689,Si les loups,,MISC,609701, se mettent à se manger entre 
"tent à se manger entre eux...
",609738,Dévant Somerset House,,PER,609759,", je saute dans un cab.

— Enf"
"erset House, je saute dans un ",609778,cab,,ORG,609781,".

— Enfin!te voilà, s’écrie C"
pas besoin de me gêner devant ,610060,Annie,,PER,610065,", qui
m'a suivi au premier éta"
"es, six cents peut-être.
__ — ",610239,Good job !,,MISC,610249, s’écrie Annie chez qui triomp
"être.
__ — Good job ! s’écrie ",610258,Annie,,PER,610263," chez qui triomphent les

magn"
"ie qui caractérisent sà
race. ",610351,Bonne affaire !,,MISC,610366," | |

— Tenez, vieille femme, "
"i cinquante livres;
prenez un ",610430,cab,,ORG,610433,", allez chez le docteur Scound"
"un cab, allez chez le docteur ",610457,Scoundrel,,PER,610466,", dans
Harley Street, donnez-l"
"ez le docteur Scoundrel, dans
",610473,Harley Street,,LOC,610486,", donnez-lui ça d'avance et ra"
"cents, tout ce qu’il voudra.

",610624,Annie,,PER,610629, a descendu l’escalier quatre 
"Charlotte, très pâle, appuyée ",610881,"À
un meuble",,MISC,610892,", qui fixe sur moi des yeux ég"
"eux égarés.

— Qu’as-tu fait, ",610946,Georges,,MISC,610953," ? me demande-t-elle
d’une voi"
"e.

Je hausse les épaules.

— ",611047,Ï,,LOC,611048,"] fallait de l'argent, n'est-c"
" compro-
mettre... quoique... ",611318,Ah !,,MISC,611322," il est bien certain que
Pater"
" Ah ! il est bien certain que
",611347,Paternoster,,PER,611358, est sur ses jambes depuis lon
"ces crises... Viens la
voir.

",612209,Ah!,,MISC,612212, c’est effrayant... Mais ce n’
"rcle noir
cave les yeux. |

— ",612550,Ést,,MISC,612553,-elle changée ! murmure Charlo
"roirait
qu'elle a trois ans.

",612723,Annie,,PER,612728," entre dans la chambre.

— Mon"
"issant tomber sur
une chaise. ",613029,Seigneur !,,MISC,613039, Seigneur ! que je souffre ! O
"er sur
une chaise. Seigneur ! ",613040,Seigneur !,,MISC,613050," que je souffre ! Oh!
cest aff"
! Seigneur ! que je souffre ! ,613068,"Oh!
cest affreux",,MISC,613084,"... |

Oui, Noël, sainte journ"
"re:
une tête de veau au blanc ",613300,d’Espagne,,LOC,613309,".

_ — Monsieur, me dit-il, j’"
"rci, Monsieur, dit le docteur ",613591,Scoundrel ave,,PER,613604," .
un sourire livide, et en pl"
"il. A la première convulsion, ",614126,ele,,PER,614129,"
vous quittera. Je vous souhai"
" qui commence, au souvenir de ",614228,Œ.,,PER,614230,"
que Dieu.

Je l'interromps. _"
"que Dieu.

Je l'interromps. _ ",614261,"| |

—",,PER,614267, Si je vous avais fait appeler
" Vraiment ?

— Sur l'honneur, ",614567,Monsieur !,,MISC,614577," dit-il en frappant d
la main "
terribles ont saisi la petite ,614831,martyit,,LOC,614838,",

La

. . . 4 .. . . | . . """
". . 4 .. . . | . . ""- Fr s ne
",614878,RER EE,,MISC,614884," Eee sd TE ane, ès PT are cr é"
"s ne
RER EE Eee sd TE ane, ès ",614903,PT,,ORG,614905," are cr éteA gti *
cr rt So - "
" sd TE ane, ès PT are cr éteA ",614918,gti,,ORG,614921," *
cr rt So - : . : . 5 - Los "
" ane, ès PT are cr éteA gti *
",614924,cr rt So,,PER,614932," - : . : . 5 - Los st , 2
16 S"
"o - : . : . 5 - Los st , 2
16 ",614961,SAVE,,MISC,614965," à En ., 4 tn u ; _ 1 .

ARE U"
" : . 5 - Los st , 2
16 SAVE à ",614968,En .,,MISC,614972,", 4 tn u ; _ 1 .

ARE Us St - "
" Los st , 2
16 SAVE à En ., 4 ",614976,tn u,,PER,614980," ; _ 1 .

ARE Us St - ” "". . \"
" SAVE à En ., 4 tn u ; _ 1 .

",614990,ARE,,MISC,614993," Us St - ” "". . \
D ste ’
Te ."
"E à En ., 4 tn u ; _ 1 .

ARE ",614994,Us St,,MISC,614999," - ” "". . \
D ste ’
Te . _
EL»"
"\
D ste ’
Te . _
EL» A . .
mi
",615039,"Le

LE VOLEUR",,MISC,615052," LL 323
Jes membres se crispen"
" _
EL» A . .
mi
Le

LE VOLEUR ",615053,"LL 323
Jes",,MISC,615063," membres se crispent, veulent "
"che une douleur sans nom...
: ",615493,Hi!,,MISC,615496," Horrible, cette agonie d'enfa"
"x hagards, et recule jusqu’au ",615905,mur,,MISC,615908,".
— Elle est morte ! crie-t-el"
", troublé seulement par les
‘ ",616317,Singlots d'Annie,,PER,616333," agenouillée dans un coin, règ"
"a-
. table. | | |

XXI

ON N’",616445,ÉCHAPPE,,ORG,616452," PAS À SON DESTIN

.— Oui, je "
"SON DESTIN

.— Oui, je suis à ",616489,Londres,,LOC,616496," depuis une douzaine
de jours."
"douzaine
de jours. Jai quitté ",616538,Paris,,LOC,616543," au reçu de la dépêche qui
m'a"
"
— Il à été enterré hier !

— ",616908,Hier,,LOC,616912," ; les formalités à remplir, l"
" vu comment
on l’a trouvé sur ",617086,Waterloo Bridge,,LOC,617101,", la nuit de Noël,
ce pauvre H"
"e, la nuit de Noël,
ce pauvre ",617130,Har,,MISC,617133,... Mais vous ne le connaissie
"onnaissiez que
sous le nom de ",617184,Paternoster,,MISC,617195," ?

— Seulement.

— Moi, j'éta"
"sur le pont, un peu aprés

à ",617320,PRET EPS,,ORG,617328," PRET ,
1,"" T

2, ss ge ST SE "
"nt, un peu aprés

à PRET EPS ",617329,PRET,,ORG,617333," ,
1,"" T

2, ss ge ST SE TT RS"
"ET EPS PRET ,
1,"" T

2, ss ge ",617352,ST SE TT,,MISC,617360," RS _ de ne
où rhin Se sata CT"
" ss ge ST SE TT RS _ de ne
où ",617375,rhin Se sata CT,,MISC,617390," - * : . un
Xe, EDR L'EMEE t o"
"où rhin Se sata CT - * : . un
",617402,Xe,,LOC,617404,", EDR L'EMEE t ot 4, 4: ‘ ,
. "
"hin Se sata CT - * : . un
Xe, ",617406,EDR,,MISC,617409," L'EMEE t ot 4, 4: ‘ ,
. . sr "
" sata CT - * : . un
Xe, EDR L'",617412,EMEE t ot 4,,ORG,617423,", 4: ‘ ,
. . sr #, . ,
‘ ° 7 «"
"EDR L'EMEE t ot 4, 4: ‘ ,
. . ",617436,sr #,,MISC,617440,", . ,
‘ ° 7 « ,

LE VOLEUR © :"
"doute, de le jeter dans
cette ",617594,Tamise,,LOC,617600, qui charrie tant de cadavres.
"inement :

9, . . 7, - 2
mais ",618202,jesuis,,PER,618208, heureux que la corde lui ait 
"gnée…
Puis, le délire a saisi ",618276,Paternoster,,MISC,618287," et son agonie a duré
près de "
"peuples, qui s’y connaissent.
",618712,Ah !,,MISC,618716, quelles canaïlles que les can
"loient les
malfaiteurs ? Et l'",618945,Eglise?,,ORG,618952," Assassinat et vol, vol et
ass"
"at et vol, vol et
assassinat, ",618991,L'homme,,MISC,618998," qui a tué Paternoster…
— Îne "
"assassinat, L'homme qui a tué ",619009,Paternoster,,PER,619020,"…
— Îne cherchait peut-être pa"
"omme qui a tué Paternoster…
— ",619024,Îne,,PER,619027, cherchait peut-être pas à le 
lent. Nous sommes tous bons à ,619382,méttre,,PER,619388," dans
le même panier, aujourd’"
"rd’hui, — le parier qu'on ca-
",619445,Pitonne,,LOC,619452, avec de la sciure de bois.— Q
"
Pitonne avec de la sciure de ",619474,bois.— Quel monde !,,MISC,619493," Ah!
les enfants qui meurent a"
sciure de bois.— Quel monde ! ,619494,"Ah!
les enfants",,MISC,619509, qui meurent au berceau sont b
"es ..

es

326 | LE VOLEUR

— ",619622,Non !,,MISC,619627," dis-je, ils ne sont pas heure"
vre; et pourquoi meurent-ils! ,619711,Parcequeh,,MISC,619720,"
misère a tari le lait dans le"
r chair d’un germe meurtrier. ,619868,Heureux!,,MISC,619876,"
Mais ils souffrent autant, po"
" à opérer
dans cette forêt de ",620787,Bondy,,LOC,620792," où font ripaille les hyènes
d"
"son. Si l’on vou-
lait! Mais. ",620965,Ah!,,MISC,620968, quelle servilité! Qui donc éc
"'il avait des
instincts. |

— ",621285,Consensus omnium,,ORG,621301,", ricane l'abbé. Cet acquiesce"
"a
concorde universelle ?... « ",621415,Paix sur la terre,,MISC,621432,", bonne
volonté parmi les homm"
"ster. |

nn,
se et tu
er

LE ",621588,VOLEUR,,LOC,621594," . 327

-— Le sort de Paternos"
e s’il a prémédité son crime. ,622493,Pour-,,LOC,622498,"
quoi aurait-il pris souci de "
"erfs et de brutes hypocrites, ",622696,1l,,PER,622698," a agi en

franc sauvage. Le c"
"é-

pond aux déclamations des ",622787,"Tartufes de la fraternité
qui mènent l'humanité",,MISC,622834, à l’abattoir à coups de disci
"toir à coups de disci-
pliné, ",622873,"| |

",,MISC,622878,— Il vaudrait mieux que la rép
" cracher au nez de l'imbécile
",623453,Société,,ORG,623460," qui nous refuse le bonheur, n"
lement sous l’impulsion de la ,623906,"né-
vrose",,MISC,623915,. On semble exister hors de la
" et que je ne peux pas
aimer. ",624293,Oh!,,MISC,624296," je voudrais l’aimer, pourtant"
"er sa main sur mon épaule.

— ",624838,Qu'’as-tu,,MISC,624847, ? demande-t-elle. Que t’a dit
"doctes et 55
plaisanteries de ",625127,pince-sans-rire,,PER,625142,"… |

— Il m'a toujours semblé "
" n’est pas antipathique, mais ",625244,i!,,MISC,625246," fait
peur; et il y a en lui, "
"es, de temps ef
temps. -

LE ",625414,VOLEUR,,LOC,625420," ._.. 329

— Mon Dieu! s’écrie"
"ser passer:

— Tu te trompes, ",626045,Georges,,MISC,626052,", je raisonne autrement
aujour"
"je n’ai jamais eu les pensées
",626131,quetu,,PER,626136, m as supposées. Tu ne m'as pa
"hoisit ; mais la vie qu’on

. ",626306,mêneailleurs,,PER,626318," ne me répugne pas moins et, a"
"J’amertume. Voilà ce que je

_",627080,Pensais,,LOC,627087,", l’autre jour, après l’enterr"
"que je pensais aussi, le
même ",627292,Jour,,LOC,627296,", une heure avant, lorsque tu "
"mon
amour... Tu m'as dit... — ",627909,Ohltu,,PER,627914," m'as dit etie
m en souviens c"
"itié ! Mais dans quels
romans ",628100,as-tu,,MISC,628105," donc appris la vie, toi qui p"
"ue je t’aimais, voilà tout... ",628440,Ahl je,,ORG,628446," ne le sais
pas, pourquoi je t"
"e que je n’osais pas te dire.
",628779,Mäis j'ose,,PER,628789,", à présent. Oui, je veux être"
"nt. Oui, je veux être aimée ; ",628828,"char-
",,PER,628834,"nellement, bestialement, si to"
"jai
besoin d’être aimée; oui, ",628956,jen ai soif,,MISC,628967,", j'en meurs d'en-
vie. Et je "
"e

red de . as ae Re ms tt me ",629567,Mae,,MISC,629570," ee ne et
prb u +

4,

LE VOLE"
"s violence pour me témoigner?
",629661,Ët,,PER,629663," pourquoi ne m’aimes-tu pas, d"
" qu’on appelle des beautés, à ",629804,Paris,,LOC,629809," ; et je les ai
vues aussi; je"
"e
ne sois prête à vaincre, je ",630131,surmonterai,,LOC,630142," tous les dégoûts.
Oui, s’il f"
"is aimé que toi ; et je t’ai-
",630395,merai,,LOC,630400," tant, maintenant, que tu me p"
"t
le mal que je t'ai fait.

— ",630474,Ah!,,MISC,630477," dit-elle, si tu m'aimes, est-"
"le soir même, pour le midi
de ",630603,la France,,LOC,630612,. Nous y avons passé trois moi
" voulu con-
duire Charlotte à ",631255,Monte-Carlo,,LOC,631266,", qu’elle n'avait jamais
vu. M"
"is
vu. Moi, je le connais, le ",631318,Casino,,LOC,631324," célèbre. Je lui ai
rendu visi"
"tambour, je dois dire que mon
",631505,atgènt,,PER,631511, n'a jamais beaucoup vu ses ca
"ses. L’or qui

um 4 on rm

. ",631573,aus,,MISC,631576,. 4e + share es à où ve sets y
"s Los
î / : f :3 ‘ Ê * ou + ° ",631639,Pere,,PER,631643," |
dr

‘332 oo LE VOLEUR.

rou"
" ou + ° Pere |
dr

‘332 oo LE ",631661,VOLEUR,,LOC,631667,".

roule sur ces tables, et qu"
"u, l'impression que ressentit ",631899,Aladin,,PER,631905," en
pénétrant dans le souterra"
nt dans le souterrain fameux. ,631946,Oh !,,MISC,631950," non ; ils me
font plutôt l'ef"
" salons, d'appartements d’une ",632018,ha-,,PER,632021,"
bitation royale transformés e"
"
sible et pitoyable. Et c’est ",632381,toujours'ie,,MISC,632392," même aspectgé-
néral, l'inqui"
"vères de personnages convain-
",632959,cus,,LOC,632962,", amis des martingales, dévots"
"assés
par les doigts nerveux. ",633481,Ah !,,MISC,633485," les imbéciles !.. Allez,
alle"
"énervant clic-clac

FIAT TAN ",633795,PR PR MER ET MEME,,MISC,633812,",
n +.

"".
+
. 3 .

Les RER
EN"
"
n +.

"".
+
. 3 .

Les RER
EN ",633843,"NER ERC ET

LE VOLEUR",,MISC,633864," 33 3

— sur Le zéro faditique"
"ERC ET

LE VOLEUR 33 3

— sur ",633877,Le zéro faditique,,MISC,633894,", le zéro que vous laissez de "
"le et je place quatre ou cinq
",634249,louis,,PER,634254, au hasard... Mon numéro gagne
u hasard... Mon numéro gagne. ,634286,fe,,LOC,634288," ramasse
mon or; mais j'ai à p"
"miens, comme pour s’interdire
",634629,dese,,LOC,634633, porter vers quelque chose qu'
"e qu'ils viennent de voir.

— ",634688,Q',,LOC,634690,est-ce que tu as? Te trouves-t
" trouves-tu mal?

— Un peu... ",634740,"Viens, je t'en prie",,MISC,634759,".

Elle s'appuie à mon bras po"
"tu voulais, nous partirions.…
",635392,Nous partirions demain,,MISC,635414,".

— Demain? Et où irions-nous"
Demain? Et où irions-nous ? À ,635449,Londres,,LOC,635456,"?

— Oui, à Londres; où il te "
"s-nous ? À Londres?

— Oui, à ",635468,Londres,,LOC,635475,; où il te plaira... Je voudra
" Enfin, si tu y tiens.

49.

",635593,334 LE VOLEUR,,MISC,635606,",

— Tu ne m'en veux pas? dema"
"voir ce qui a pu
se passer... ",636042,Oh!,,MISC,636045," rien du tout, probablement. C"
"! rien du tout, probablement. ",636074,Char-,,MISC,636079,"
lotte est la franchise même e"
"oment qu’elle ne
parie pas... ",636145,Fantaisie de femme,,MISC,636163,", tout simplement...

ubie… |
"
"ois que nous sommes revenus
à ",636246,Londres,,LOC,636253,", et je n’ai guère passé plus "
"trois ou quatre petits coups,
",636466,Roger-la-Honte,,LOC,636480," et moi, qui n'étaient vraimen"
"mier est pour après-demain,
à ",636631,Orléans,,LOC,636638,", et il faut nous mettre en ro"
nous mettre en route ce soir. ,636681,"Eh!
bien",,MISC,636689,", j'ai peur de partir... |

J’"
jesenslescraintesterribles de ,636766,Char-,,MISC,636771,"
lotte me gagner et s'emparer "
 la rassurer me fatiguent les ,637204,neris,,MISC,637209," et
* m'irritent . Et, quand j"
", me trouble; et aujourd’hui, ",637524,"J£

TNT TT ET TT SRE A A 2",,MISC,637551, mm EEE EC CE AR Ÿ LE AHENTÉRT
" LE AHENTÉRTr A ere
e - - ° , ",637599,DT,,ORG,637601," rés ANT LA D. ue

PTS HER ee "
"NTÉRTr A ere
e - - ° , DT rés ",637606,ANT,,ORG,637609," LA D. ue

PTS HER ee €
vs * “"
" - - ° , DT rés ANT LA D. ue

",637620,PTS HER,,MISC,637627," ee €
vs * “

.

LE VOLEUR 335"
"rit
d’un poids insupportable. ",637842,Ah !,,MISC,637846," si elle parlait, au moins!
Si"
"uses, tes terreurs folles,
et ",638379,jefinis,,PER,638386," par avoit aussi, ma parole, l"
"loir
permettre à Charlotte de ",638796,m'’accompagner,,LOC,638810," à la gare,
sans même l’embras"
"ris à Saint-
Malo, tout seul, ",638964,Roger-la-Honte,,PER,638978," étant parti pour
Bordeaux une"
"ger-la-Honte étant parti pour
",638996,Bordeaux,,LOC,639004, une tois le coup fait à Orléa
deaux une tois le coup fait à ,639029,Orléans,,LOC,639036,". Oui, c’est
insensé. Charlott"
"re dévorée d’angoisses depuis
",639105,cs,,LOC,639107, trois jours que je l’ai quitt
"à sauter les obstacles, ne

. ",639381,Téssente,,LOC,639389," aucun, émoi devant les actes "
"aime, confidente alarmée de

",639600,Ü,,LOC,639601,"

\

336 LE VOLEUR

projets qu"
"des
dénouements tragiques.

— ",639917,Madame,,PER,639923, se meurt de peur quand vous n
"d vous n'êtes
pas là, m'a dit ",639975,Annie,,PER,639980,".

Ah lje me demande pourquoi "
"es
pas là, m'a dit Annie.

Ah ",639986,lje,,ORG,639989, me demande pourquoi je lui in
"rt pas les rues,
pourtant, et ",640146,"Je sacrifierais tout avec joie pour que rien
ne puisse me séparer",,MISC,640211, de Charlotte. Et qu'aurais-je
"ns;
etje n'aurai besoin ni de ",640960,Canonnier,,MISC,640969," ni de Paternoster
pour m'aide"
 besoin ni de Canonnier ni de ,640976,Paternoster,,PER,640987,"
pour m'aider, quand cela me p"
"e me laisse voler, voleur que ",641203,"Je
suis",,MISC,641210,", et voler par une idée creuse"
"

Dans deux heures je serai à ",641273,Southampton,,LOC,641284,", et ce
soir à Londres. C’est "
res. C’est bon. Je parlerai à ,641333,Char-,,MISC,641338,"
lotte ; elle ne pleurera pas "
tte ; elle ne pleurera pas en ,641371,m'’écoutant,,MISC,641382,", pour sûr.
Et nous partirons,"
" chose de beau — oui, oui,
de ",641553,beau—,,PER,641558, une fois dans ma vie. Pourquo
"r le suicide.

Je descends du ",641684,cab,,ORG,641687, que j'ai pris à Waterloo Stat
scends du cab que j'ai pris à ,641704,Waterloo Station,,MISC,641720,",
et je fais résonner de toute"
" marteau qui
pend à ma porte. ",641792,Annie,,PER,641797," vient m ouvrir.

— Bonsoir, A"
"e vient m ouvrir.

— Bonsoir, ",641826,Annie,,PER,641831,". Madame est là-haut ?

— Mons"
" m ouvrir.

— Bonsoir, Annie. ",641833,Madame,,PER,641839," est là-haut ?

— Monsieur... "
"re s’effare ; elle bégaye.

— ",641925,Qu’'y,,LOC,641930, a-t-il? crié-je en montant ra
"ement
l'escalier. Charlotte ! ",641993,Charlotte,,PER,642002," !

Personne ne répond. J'arri"
"u premier, j'ouvre
violemment ",642066,Les portes,,MISC,642076,. Les pièces sont vides... Ann
tes. Les pièces sont vides... ,642103,Annie,,PER,642108,",
qui m'a suivi, me regarde to"
" la
fin, nom de Dieu ? Où est ",642235,Madame ?,,MISC,642243," |

— Elle est partie hier, ré"
" Elle est partie hier, répond ",642278,Annie,,PER,642283," en sanglo-
tant. Je lui disai"
"est tellement grande, lorsque
",642681,Je te sens,,MISC,642691," en péril, que je ne puis pas "
que je ne puis pas la cacher. ,642732,"Oh!
cest navrant !",,MISC,642750, Il est écrit que quelque chos
-je voulu revenir à Londres ? ,643054,Pour-,,LOC,643059,"
quoi ont-ils passé si vite, c"
"es lignes, dans les affres

é ",643282,MOn,,PER,643285," agonie.... »

XXII

« BONJOU"
" affres

é MOn agonie.... »

",643301,XXII,,PER,643305,"

« BONJOUR, MON NEVEU D

— Qu"
"onie.... »

XXII

« BONJOUR, ",643318,"MON NEVEU D

—",,MISC,643332, Qu'est-ce que tu me donneras 
e ? re demande Broussaille qu’,643419,Annie,,PER,643424,"
vient d'introduire dans la sa"
"ire; je meurs de soif. Merci.
",643860,Eh !,,MISC,643864," bien, mon petit, j'ai vu ton "
"uis bientôt
quinze ans | |

— ",643964,Àh !,,MISC,643968, dit Broussaille très tranquil
"je me’ suis trompée, vois-tu. ",644046,Ça,,MISC,644048," arrive à tout le
monde. Enfin"
"e viens de
passer huit joursà ",644137,Vichy,,LOC,644142,". J’y serais même restée plus
"
"tée plus
longtemps si ma sœur ",644193,Eulalie,,PER,644200," n’avait pas été à;
mais avec "
"s parents
tiennent un hôtel à ",644419,Vichy,,LOC,644424," »

— Oui, ton frère me l’a ap"
"superbe, un des plus beaux
de ",644686,Vichy,,LOC,644691,", l'hôtel Jeanne d'Arc.

— Âh "
"un des plus beaux
de Vichy, l'",644695,hôtel Jeanne d'Arc,,LOC,644713,".

— Âh l'oui, je vois ça ; su"
" n'est-ce pas ?

— Justement. ",644783,Parini,,PER,644789, les personnes quiséjournaient
"vé avec une
grande cocotte de ",644942,Paris,,LOC,644947,", M°1... Mlle... je ne me
souv"
" une
grande cocotte de Paris, ",644949,M,,LOC,644950,"°1... Mlle... je ne me
souvien"
"ande cocotte de Paris, M°1... ",644956,Mlle...,,MISC,644963," je ne me
souviens plus du nom"
". Randal, j'avais pensé...

— ",645099,Urbain Randal,,PER,645112," ?

— Oui, c’est ça ; Urbain R"
"n Randal ?

— Oui, c’est ça ; ",645134,Urbain Randal,,PER,645147,".

— C'est mon oncle, dis-je ;"
"oncle, dis-je ; ah !'il est à ",645192,Vichy,,LOC,645197,"...

— Oui, avec la cocotte en"
"ne tambour battant et qu’elle
",645303,Sentend,,LOC,645310, à faire danser ses écus. C’es
 tes beaux yeux vont pleurer. ,645495,Ah !,,MISC,645499," je sais !
Tu penses à l'hérit"
"t qui se cramponne à

moi, de ",645747,plüs,,PER,645751," en plus fortement, depuis que"
"s heures qu elle a commencé à
",645845,M'assaillir,,PER,645856,", cette idée, et elle a fini p"
"lle a fini par triompher. Mon
",645904,Parti,,ORG,645909, est pris. Je vais me mettre e
 vais me mettre en route pour ,645952,Vichy,,LOC,645957,"

. CÆ SOir, empoigner mon onc"
"emps, à vrai dire, que cette

",646067,Pensée de vengeance,,MISC,646086,", qui se formule seulement à p"
" en moi, erre dans :

340 __ ",646185,L£,,MISC,646187," VOLEUR

mon cerveau, s'éloign"
" et ne s’obscur.
cit que pour ",646264,rayonnet,,PER,646272," d’un éclat plus vif, ainsi qu"
 maison vide en y rentrant... ,646480,Ah!,,MISC,646483," je ne
pourrai pas dire quels "
"ant peur, €t
n'aurait point à ",647700,craîner,,LOC,647707, sa veillesse solitaire dans l
" faites à moitié, toujours. —
",647930,Oh!,,MISC,647933," je m'en souviens, je m'en sou"
"’on ré-

SE an mn een fer ut ",648272,RU PR CE,,ORG,648280,",
Pro  - ê ""

LE VOLEUR 341

g"
"SE an mn een fer ut RU PR CE,
",648282,Pro  ,,MISC,648287,"- ê ""

LE VOLEUR 341

garde l’"
n'ai pas eu le courage d’agir ,648794,"au-
trefois",,LOC,648805,", je l’aurai aujourd’hui; et b"
"hui; et bien qu’on dise qu’il
",648856,yaune,,PER,648861, destinée qui pèse sur nous et
"vieux gredin ! la brute hypo-
",649018,criteet,,PER,649025, lâche! Je vais lui faire voir
"logiques. Aux si-
magrées des ",649367,T'artufes de la civilisation,,ORG,649395,", aux contorsions
béates des g"
"mes du bagne qui s'appelle la
",649466,Société,,ORG,649473,", un geste d'animal peut seul "
", environ, quand j’ar-
rive à ",650058,Vichy,,LOC,650063,. Un train quitte la gare au m
"re. Je descends rapidement du
",650155,Wagon,,MISC,650160," et je traverse le quai.

— Bo"
" et un gra-
cieux sourire.

— ",650346,Dis-moi donc bonjour,,MISC,650366," | Comme tu as l'air étonné
de"
"u m ""appeler « ma tante. »

— ",650500,Ah!,,MISC,650503," c’est toi, dis-je comme dans "
abandonner ; et je suis comme ,650662,Calypso,,LOC,650669,". Tu vois que
j'ai fait des pr"
"s l'air tout désap-
pointé... ",650916,Ah!,,MISC,650919, je devine : tu venais lui emp
" N'est-ce pas, que c’est ça ? ",650998,Embètant !,,MISC,651008," Si tu
étais arrivé hier, seul"
 désarroi mes projets ; je ne ,651291,"Sais
pas",,MISC,651299,. Et il est parti subitement:?
"s en
étaient étonnées.….

_ — ",651678,Ettu,,LOC,651682," ne sais pas où il est allé ?
"
"il est allé ?

— Pas du tout. ",651728,I,,LOC,651729, m’a dit qu’il partait pour la
"s plumes, ce pigeon voyageur. ",652042,Tou-,,MISC,652046,"
jours par voies et par chemin"
 voir quelle figure tu fais ! ,652340,Ça,,MISC,652342,"
tient peut-être de famille ? "
" ne restons pas à nous prome-
",652508,ner,,ORG,652511, devant la gare ; on nous pren
"ous roulons vers la ville.

— ",652668,Ecoute,,MISC,652674,", dit Margot en frappant des m"
"ais
avetti de ta visite. |

— ",652800,Ah!,,MISC,652803," non, par exemple, dis-je en r"
’il te déteste tant ! reprend ,652907,Margot,,MISC,652913,". Il

faut dire, aussi, que tu"
"sais-tu ?... I] t'a dit ?.

— ",653033,Oh!,,MISC,653036, rien du tout; mais ce n’était
"viens d’être venu
avec elle à ",653300,Monte-Carlo,,LOC,653311,", vers la fin de l’hiver der-
"
"l’hiver der-
hier ? .

— Oui. ",653358,Eh !,,MISC,653362," bien ?

— Eh ! bien, j'y étai"
"er ? .

— Oui. Eh ! bien ?

— ",653373,Eh !,,MISC,653377," bien, j'y étais aussi, moi, a"
"pas vu, toi, je t’assüire que ",653469,M'e Char-,,PER,653478,"
lotte a bien reconnu son père"
"r quelque temps auparavant, à ",653732,Paris,,LOC,653737,",
] AVIS rencontré.

Je n’écot"
" temps auparavant, à Paris,
] ",653741,AVIS,,ORG,653745," rencontré.

Je n’écotite plus"
tance à quitter les salons du ,654144,Ca-,,ORG,654147,"
sino. C'était son père qu’ell"
 chambre devenue horizontale. ,654455,Ah!,,MISC,654458," l'être horrible!
Il faut que "
ir les villes d’eaux avec des ,654959,co-,,ORG,654962,"
cottes, pour placer des bille"
" croupiers, sur les tables de ",655057,nuïît,,PER,655062," des putains|
Pour ça! Quelle "
"peine en te racontant ça? de-
",655558,mande Marsot,,PER,655570,. Pardonne-moi; je ne me douta
"ne-moi; je ne me doutais pas.
",655608,Ju,,PER,655610, sais que je ne suis pas mécha
"s ne te ressemblent pas. |

— ",655780,Eh!,,MISC,655783," bien, ceux-là, il faut les la"
te à méditer sur les dires de ,655982,Pierre,,MISC,655988," ou les
actions de Paul... Tâc"
"s de Pierre ou les
actions de ",656007,Paul,,PER,656011,... Tâche de te remettre au be
" peux pas.
Je suis attendue à ",656208,Cusset,,LOC,656214, ; je suis très demandée en ce
"u onze heures.
Tiens, voici l’",656309,hôtel Jeanne d’Arc,,LOC,656327,", où j'habite ; prends-y
une c"
re. Leurs enfants demeurent à ,656485,Londres,,LOC,656492,".

— C’est vrai, dit Margot, l"
"a que j'aille
faire un tour à ",656901,Londres,,LOC,656908,", pour voir. Je crois que tu
m"
"mants, ces propriétaires de
l'",657345,hôtel Jeanne d’ Arc,,LOC,657364,. Ils ont été enchantés d'appr
" de leurs enfants,
surtout de ",657465,Roger,,PER,657470, qu’ils n’ont pas vu depuis pl
"ivement que leur fille aînée, ",657606,Eulalie,,PER,657613,",
eût été invitée chez M..le c"
"Eulalie,
eût été invitée chez ",657636,M,,PER,657637,"..le curé.

— Si elle avait pu"
"it excusée, certainement, dit ",657733,M Voisin,,PER,657741,"; elle
aurait été si heureuse "
" moi, je ne suis pas fiché de
",657897,B',,ORG,657899,avoir point à affronter les se
"s sermons de la demoi-

ph
. ",657955,"Fu Tv

Le

346 LE VOLEUR",,MISC,657979,"

selle. Après tout, elle aura"
"rigueur, et je meurs de faim. ",658216,Heureu-,,ORG,658223,"
sement, Mr Voisin vient nous "
"eurs de faim. Heureu-
sement, ",658232,Mr Voisin,,PER,658241," vient nous arracher, son mari"
"Je dévore ; et
les parents de ",658395,Roger-la-Honte,,LOC,658409," ont le bon esprit de
ne point"
" Quels braves gens, ces époux ",658635,Voisin,,PER,658641,"!
Et quelle bonne cuisine ils "
l’existence que nous menons à ,659153,Londres,,LOC,659160,".
Ils s’en inquiètent avec int"
"igence.

— Mangez-vous bien ? ",659223,Buvez,,PER,659228,"-vous bien ? Dormez-
vous bien"
vous bien ? Buvez-vous bien ? ,659241,Dormez-,,PER,659248,"
vous bien ? demande M""° Voisi"
"? Dormez-
vous bien ? demande ",659269,"M""° Voisin",,PER,659279,". |

— Oui, Madame ; très bien"
"demande M""° Voisin. |

— Oui, ",659291,Madame,,PER,659297," ; très bien.

— Avez-vous des"
"— Oui, Monsieur, beaucoup.

— ",659477,Allons,,LOC,659483,", tant mieux! répondent-ils en"
es marchent-elles à peu près? ,659624,de-,,LOC,659627,"
mande M. Voisin.

— Oui, Mons"
"bien vos précautions?
demande ",659729,Mr: Voisin,,PER,659739,".

‘LE VOLEUR | 347

— Oui, M"
"n.

‘LE VOLEUR | 347

— Oui, ",659768,Madame,,PER,659774,", toujours.

— Allons, tant mi"
"

— Oui, Madame, toujours.

— ",659789,Allons,,LOC,659795,", tant mieux! répondent-ils en"
" Voyez-vous, Monsieur, me dit ",660117,M“ Voisin,,PER,660126,"
comme un garçon vient cherche"
", tenez, sans aller si loin :
",660889,Broussaille,,PER,660900, me raconte comment elle a plu
"n pi-
geon; je ris avec elle. ",660964,Eulalie,,LOC,660971," vient me parler des
peines et"
écompenses d'une vie à venir; ,661037,"Je
mémeus",,MISC,661046, avec elle. Roger m'apprend ce
"à venir; Je
mémeus avec elle. ",661058,Roger,,PER,661063," m'apprend ce que lui a
rappor"
"tant de sa-
üsfactions ! Même ",661212,Eulalie,,LOC,661219," ; elle. prie pour nous. Ça
pe"
"iété ! Mais, peu à peu, je my
",661464,Suis fcite,,PER,661474,. Chaque métier a ses périls; 
"es hommes ne peuvent

348 ce ",661679,LE VOLEUR,,MISC,661688,"

pas être chartreux ni toutes"
"de chair, d’autres mangent de ",661834,lherbe,,PER,661840,", et
d’autres... autre chose. "
"e qui m'inquiète, à
propos de ",662393,Broussaille,,PER,662404," et de Roger, c’est leur santé"
spositions de petites filles. ,662691,Ça,,MISC,662693," use si
vite, l’exaltation, da"
pas non ; mais la frénésie... ,662807,Aprés,,LOC,662812,"
tout, je me fais peut-être de"
scret? Enfin... c’est que ces ,662957,Anglais,,LOC,662964,"
sont si brutes, et c’est tell"
" la marierons; mas
pas avant. ",663135,Ça,,MISC,663137," ne vaut jamais rien, de se ma"
"exposé à se voir poursuivi, à ",663378,EtIé,,LOC,663382,"
obligé de courir; dites-lui, "
; une fluxion de poitrine est ,663487,"S!
vite attrapée",,MISC,663503,"... À propos, c'est votre pare"
"oleur.

LE VOLEUR 7. 349.

— ",663722,Âh !,,MISC,663726, répond Mr®° Voisin fort tranq
"VOLEUR 7. 349.

— Âh ! répond ",663734,Mr®°,,MISC,663738, Voisin fort tranquillement; j
"R 7. 349.

— Âh ! répond Mr®° ",663739,Voisin,,PER,663745," fort tranquillement; je
n'aur"
"llement; je
n'aurais pas cru. ",663788,Îl,,PER,663790, a plutôt l'allure inquiète de
"ette
dame qu'il a amenée ici, ",663956,M!,,MISC,663958," de Vaucouleurs, qui va
regret"
"ame qu'il a amenée ici, M! de ",663962,Vaucouleurs,,LOC,663973,", qui va
regretter son départ!"
"faites bien de m'avertir, dit ",664152,Me Voisin,,PER,664161,"
sans s'émouvoir ; je vais vou"
" porte ouvre dans
le salon de ",664279,Mi,,MISC,664281,: de Vaucouleurs ; ce sera plu
"ouvre dans
le salon de Mi: de ",664286,Vaucouleurs,,LOC,664297," ; ce sera plus commode
pour v"
petit verre de chartreuse? De ,664527,"Ja
verte",,MISC,664535,", n'est-ce-pas ?.. Je crois, M"
aire aucune distinction entre ,664740,"Les

choses",,MISC,664751," les plus opposées, et l’on de"
" sont restés intègres, que de ",665250,co-,,ORG,665253,"
Cottes qui turent des courtis"
"t restés intègres, que de co-
",665254,Cottes,,ORG,665260, qui turent des courtisanes et
C’est encore plus étonnant... ,665356,Déci-,,PER,665361,"
dément, le monde est semblabl"
"re de
chartreuse ? |

Non. M"" ",666046,Voisin,,PER,666052," s’échaufe un peu, et je préfè"
"ire
faire un tour au parc; et ",666171,M. Voisin,,PER,666180,", que je rencontre
dans le ves"
" de plaisir.

Du plaisir !... ",666268,Dame !,,MISC,666274, Pourquoi pas ?... C’est plein
"parade de la foire et la tra-
",666467,gédie,,MISC,666472, pour les cerveaux mal trempés
u trois coups de pied quelque ,666674,paït,,LOC,666678,".
Non, je n'irais pas plus loi"
"r déplaisant, ses arbres sans ",666813,"ma-
jesté",,PER,666822,". Le Casino là-bas, tout au bo"
"ses arbres sans ma-
jesté. Le ",666827,Casino là-bas,,LOC,666840,", tout au bout; le Kiosque à
m"
"sino là-bas, tout au bout; le ",666859,Kiosque,,MISC,666866," à
musique, à côté, où grince "
"up, devant
l'abbé Lamargelle. ",667491,Rencontre bizarre,,MISC,667508,", inattendut,
presque providen"
" Quant à l'abbé, vous l’aper-
",668536,cevez,,LOC,668541," aussi, j'espère; et maintenan"
"l’ouir en confession; l'abbé,
",669375,lüi,,LOC,669378,", fait l'effet d’un prêtre aut"
"bienfaisant. Et
pourtant !... ",669495,Dieu,,MISC,669499, sait ce que diraient nos cons
"

symphonie à la gloire de la ",669775,Discorde,,ORG,669783,". Il m'avait
semblé tout d’abo"
" comme un
chien, que j'aurais ",670745,Approuvé votre acte,,MISC,670764,", tout en le re-.
grettant, po"
"le sort a voulu
qu'il quittât ",670846,Vichy,,LOC,670851, juste au moment où vous y arr
"ste au moment où vous y arri-
",670884,viez,,PER,670888,", je pense que ce serait de la"
"e
vous mettre à sa recherche. ",670965,Oh!,,MISC,670968," je conçois la ven-
geance, ce"
"ous
voulez vous tenir parole. ",671970,Eh!,,MISC,671973," bien, je crois qu'il ne
faut "
"nts
qu'on se fait à soi-même. ",672080,Îls,,PER,672083," coûtent toujours trop
cher. V"
vent causer plus de peine que ,672312,lacte,,PER,672317,"
ne doit produire de joie, je "
"rotesques imbéciles. La souf-
",672640,france,,LOC,672646, est toujours un mal. Ne pas r
"u, si elle ne vous donne pas, ",672785,pout,,PER,672789," le moins,
son équivalent de p"
"la force — la vraie force ? —
",673070,Vieilleries,,LOC,673081,", tout ça ; bêtises. Voyez-vou"
"veulent vivre, ça vaut
mieux. ",673229,Îls,,PER,673232, finiront peut-être par appren
"ivre, aussi. Et ça suffira... ",673318,Vengez,,MISC,673324,"-vous
pendant que la fureur vo"
"e
oncle est un scélérat, oui. ",673459,Ily,,PER,673462," a longtemps que je lui
ai don"
"i; mais... Je l’ai aperçu
ces ",673543,Jours-ci,,MISC,673551,", continue l’abbé en portant u"
"e.

4

354 LE VOLEUR

— Moi, ",673841,jesuis,,PER,673847, arrivé il y a une quinzaine d
"ù
êtes-vous descendu ?

— À l'",674125,hôtel Jeanne d'Arc,,LOC,674143,".

_— Excellente idée que vous"
usqu'ici je logeais à l’hôtel ,674291,Suint-Vin-,,PER,674301,"
cent de Paule, avec la majori"
" à l’hôtel Suint-Vin-
cent de ",674310,Paule,,PER,674315,", avec la majorité de ces homm"
"majorité de ces hommes noirs.
",674355,Question d’affaires,,MISC,674374,", vous comprenez. |

— Quelles"
"trichent ?

— Comme le roi de ",674655,Grèce,,LOC,674660,". Je suis d’une adresse à
rend"
"adresse à
rendre des points à ",674706,Robert-Houdin,,PER,674719," et mon doigté est
simplement "
"eut
seulement exister avec la ",675639,Liberté,,ORG,675646," ; elle doit sortir de
cette l"
"; et c’est moi qui lui ai ré-
",676401,digé,,MISC,676405,", il y a trois mois, ce fameux"
"e fameux mandement qui va
lui ",676457,valoif,,PER,676463, le chapeau de cardinal. Ah ! 
aloif le chapeau de cardinal. ,676488,Ah !,,MISC,676492," ils savent que
j'ai l’oreille"
"Du reste. ils peuvent
aller à ",676570,Rome,,LOC,676574,", si le cœur leur en dit.

— V"
"c moi demain matin à l’hôtel.
",676848,Saint-Vincent de Paul,,PER,676869,". Je vous présenterai, de vous"
"vierge, tim-
bale de nouilles ",677078,saint Joseph,,PER,677090,", crême terre-sainte et
Châtea"
"sainte et
Château-Céleste… Je ",677134,déménagerai,,PER,677145," après le café. Ré-
flexion fa"
Je déménagerai après le café. ,677161,Ré-,,PER,677164,"
flexion faite, je passerai en"
passerai encore une semaine à ,677213,Vichy,,LOC,677218,".
Après quoi, mon retour à Par"
"chy.
Après quoi, mon retour à ",677245,Paris,,LOC,677250," s'impose.

— Une bonne œuvre "
"itable, car vous savez que la
",677438,France,,LOC,677444, se dépeuple effroyablement et
ffroyablement et que la seule ,677488,po-,,PER,677491,"
-Pulation qui augmente sans c"
"eur effet, et l’établisse-
._ ",677652,Mént,,PER,677656," ouvrira ses portes avant peu,"
", J'espère. La direc=

7 . : ",677715,È rs,,MISC,677719,"
à

356 LE VOLEUR ‘
trice sera"
"ous connaissez, je crois).

— ",677793,Mr Boileau,,PER,677803,"? Non ; pas du tout.

— Mre Id"
"oileau? Non ; pas du tout.

— ",677827,Mre Ida Boileau,,PER,677842,", rue Saint-Honoré ?

— Quoi !"
" du tout.

— Mre Ida Boileau, ",677844,rue Saint-Honoré,,LOC,677860," ?

— Quoi ! Comment !.::

— M"
" rue Saint-Honoré ?

— Quoi ! ",677873,Comment !,,MISC,677882,".::

— Mon Dieu! ricane labbé,"
"...

— Votre entourage ?... C’",678148,estle,,MISC,678153," hasard qui le veut,
apparemme"
"e me rappelle pas...

— C’est ",678554,M. Armand de Bois-Créault,,PER,678579,", dit l'abbé;
il est l’amant d"
ai cessé de correspondre avec ,678779,Hélène,,MISC,678785," depuis plu-
sieurs mois et je"
"répond l'abbé. Elle habite
la ",678891,Belgique,,LOC,678899, et je n’ai jamais eu l’honneu
"r,
bien que j'aille souvent à ",678970,Bruxelles,,LOC,678979,". Mais j'en ai en-
tendu parle"
" si
vous voulez, qui se nomme ",679078,Delpich,,PER,679085," et avec lequel elle
fait des "
"rt intelligente et très ambi-
",679166,tieuse,,LOC,679172,", paraît-il... Au fait, autant"
".

— Elle est édifiante. |

— ",679343,Mr de Bois-Créault,,PER,679361," aimait son fils, dit Labbé
en"
"-Créault aimait son fils, dit ",679383,Labbé,,PER,679388,"
en secouant la tête ; il est "
"our lui ou à
tuer pour lui... ",679515,Ecoutez,,MISC,679522," : nous sommes tous malades,
"
": nous sommes tous malades,

",679553,Eee,,MISC,679556," ee on ouest > Pat se

LE VOLE"
" malades,

Eee ee on ouest > ",679571,Pat,,PER,679574," se

LE VOLEUR 357

aujourd’hu"
"nfamie ; forcée, douloureuse, ",680306,"im-
mense",,PER,680315, — immense comme la sottise do
". Vous me direz que le cas de
",680463,M,,PER,680464,""" de Bois-Créault est un cas e"
" me direz que le cas de
M"" de ",680469,Bois-Créault,,LOC,680481, est un cas exceptionnel. Je v
" encore,
pour leurs fils, que ",680586,M,,PER,680587,""" de Bois-Créault. Combien de
"
"e,
pour leurs fils, que M"" de ",680592,Bois-Créault,,LOC,680604,". Combien de
femmes, surtout d"
"connaissait la vie réelle des
",681252,Victimes,,MISC,681260,", si la confession ne lui avai"
"hâtiment du ciel et vengeance
",681475,ivIne,,MISC,681480," que comme une figure.
, L'abb"
"ivIne que comme une figure.
, ",681505,L'abbé,,PER,681511," s'interrompt. À vingt pas, so"
"vingt pas, sous les arbres,
$ ",681558,aVance,,MISC,681564," une jeune femme blonde, très "
"aille,

358 | LE VOLEUR

une ",681690,Broussaille,,PER,681701, pleine de dignité. ‘Elle va p
".

— Oui, certainement. C'est ",681947,Mie Eulalie Voisin,,LOC,681965,",
Ja fille. |

— Oh ! je sais "
"nt. C'est Mie Eulalie Voisin,
",681967,Ja,,MISC,681969," fille. |

— Oh ! je sais ; ma"
"ulalie Voisin,
Ja fille. |

— ",681982,Oh !,,MISC,681986, je sais ; mais je n'avais pas
"de
connaître.

— Elle va à la ",682057,Grande Giille,,LOC,682070,", dit l'abbé comme k
sœur de R"
"e, dit l'abbé comme k
sœur de ",682099,Roger-la-Honte,,PER,682113," disparaît, au bout du parc,
e"
re le kiosque à musique et le ,682175,Casino,,MISC,682181,". J'ai fort en-
vie d’y aller "
"er mé-
diocre, mais fort gai. ",683078,Mouratet,,PER,683086," est la belle humeur en
person"
"able de
prendre sa place à la ",683411,Direction,,ORG,683420," des Douzièmes Provi-
soires. "
e sa place à la Direction des ,683425,Douzièmes Provi-,,LOC,683441,"
soires. Les Douzièmes Proviso"
" Douzièmes Provi-
soires. Les ",683454,Douzièmes Provisoires,,MISC,683475," demandent à être

Ponge des "
"rovisoires demandent à être

",683495,Ponge,,PER,683500," des ere de
LOREP RE . ° Ts
# "
"ent à être

Ponge des ere de
",683512,LOREP RE,,PER,683520," . ° Ts
# 4 #4

:

LE VOLEUR 3"
"Ponge des ere de
LOREP RE . ° ",683525,Ts,,LOC,683527,"
# 4 #4

:

LE VOLEUR 359

hab"
" ; c'est incontestable. Donc, ",683602,"Mou-
ratet",,PER,683612," a consenti, par pur patriotis"
"onsenti, par pur patriotisme, ",683646,"À conserver sa
situation, quelque termps encore",,MISC,683693," ; jusqu’au printemps
prochain"
"posera sa candidature
dans la ",683774,Bièvre,,LOC,683780,. Candidature progressiste qui
" ou deux, le portefeuille des ",684002,Finances,,ORG,684010," sous mon
bras.

Je ne m'en ét"
"s.

Je ne m'en étonnerai pas. ",684053,Oh !,,MISC,684057," pas du tout. Ar-
mand de Bois"
"ai pas. Oh ! pas du tout. Ar-
",684075,mand de Bois-Créault,,PER,684095, aussi affirme que le fait ne 
le se présente immédiatement. ,684706,Armand de Bois-,,PER,684721,"
Créault nous propose, à Moura"
"mmédiatement. Armand de Bois-
",684722,Créault,,LOC,684729," nous propose, à Mouratet et à"
"st un jeu trop
1830 pour moi. ",684885,Renée,,PER,684890," m’approuve et me prie de la
m"
er faire un tour de parc; ces ,684952,messieuss,,LOC,684961," viendront :
nous retrouver qu"
"nt en faveur de l’un deux.

— ",685064,Eh!,,MISC,685067," bien, dis-je à Renée une fois"
"n deux.

— Eh! bien, dis-je à ",685083,Renée,,PER,685088," une fois que nous
avons trave"
"t et qui se sont mises à chu-
",685214,choter,,LOC,685220," à notre passage, eh ! bien, j"
"nt toujours bons à prendre,
_ ",685366,Ipond,,PER,685371,-elle ; mais mon aplomb n’a ri
"n aplomb n’a rien de particu-
",685416,Her: Ne pas,,MISC,685427," se cacher, c’est le meilleur "
"le meilleur moyen de ne

' : ",685475,L - Ft,,LOC,685481,", so» 1-° Le s nm …
l . L — . "
" : 4 : Lu | . on
“À 1 : ‘ , , ",685553,FR - 1,,MISC,685559,", +"" , . PP Fey |
' 7 ‘ + +,

"
"n
“À 1 : ‘ , , FR - 1, +"" , . ",685568,PP Fey,,MISC,685574," |
' 7 ‘ + +,

360 | LE VOLEUR"
"?

— C'est impossible, répond ",686024,Renée,,PER,686029," avec la plus
grande assurance"
"i ! Tenez, le mois dernier, à ",686174,Paris,,LOC,686179,", il a reçu deux
ou trois lett"
"e.

— Un soupirant évincé.

— ",686369,Evincé !,,MISC,686377," Vous voulez rire.

— Méconten"
"rer.

— Une femme jalouse,

— ",686475,Oh!,,MISC,686478," sécrie Renée, comment aurait-"
" femme jalouse,

— Oh! sécrie ",686486,Renée,,PER,686491,", comment aurait-eille pu sa-
"
"Non, pas plus de cinq.
Ainsi. ",686734,Armand,,PER,686740," non compris, bien entendu.

_"
"on compris, bien entendu.

_ —",686772,Ïl,,PER,686774," est marié, pourtant. |

— Si "
"marié, pourtant. |

— Si peu! ",686809,Séparé,,PER,686815, de sa femme au bout d'un mois
"es générations, comme disait. ",687040,Molière,,PER,687047,". Com-
prenez-vous des choses "
"tions, comme disait. Molière. ",687049,Com-,,MISC,687053,"
prenez-vous des choses pareil"
"e
siècle ! J'ai bien ri quand ",687135,Armand,,PER,687141," m'a raconté ca.

— Il y a de "
n ri quand Armand m'a raconté ,687154,ca,,MISC,687156,".

— Il y a de quoi. Il vous f"
". Il vous fait rire beaucoup,
",687205,Armand,,PER,687211," ? |

— Très peu. A dire vrai,"
e ! Encore plus que mon mari. ,687333,Seu-,,ORG,687337,"

lement, qu'est-ce que vous v"
" index — ça, ça, toujours ça. ",687437,"Ah !
l'argent !",,MISC,687452,.. Il faudra que je vous fasse
vous que je n'ai plus un sou. ,687587,Armand,,PER,687593," va re-
cevoir une forte somme"
ou trois fermes qu'ils ont en ,687700,Nor-,,MISC,687704,"
mandie ; mais, d'ici là, je s"
"z à me
faire jouer le rôle de ",688539,M° Putiphar...,,MISC,688553," Tant pis pour
vous! Je ne vou"
"ra pas eu pour son argent.

— ",688677,I,,LOC,688678,] faut un commencement à tout.
"existence que vous
menez ?

— ",688783,Enormément !,,MISC,688795," je suis faite pour ça, voyez-"
" Des tas de sensations,

21

",689156,COULRTE,,MISC,689163,"

362 LE VOLEUR

mon cher ! Je"
"ations,

21

COULRTE

362 LE ",689172,VOLEUR,,LOC,689178,"

mon cher ! Je vous expliquer"
"ous ? |

—. Sans aucun doute. ",689431,ee,,MISC,689433,"

— Vous aurez raison. En atte"
"endant, soyez con-
vaincu que ",689492,j,,PER,689493, éprouve une joie intense à le
"s tromper
tous, mon mari avec ",689553,Armand,,PER,689559,", Armand avec d’autres
— j'ai "
"r
tous, mon mari avec Armand, ",689561,Armand,,PER,689567," avec d’autres
— j'ai deux ren"
"oi le
mot — des carottes à la ",689707,Vichy,,LOC,689712,".
Mais elle aperçoit son mari "
ais elle aperçoit son mari et ,689745,Armand de Bois-,,PER,689760,"

Créault qui se dirigent de n"
" son mari et Armand de Bois-

",689762,Créault,,LOC,689769, qui se dirigent de notre côté
". Randal de n'être
pas venu à ",690020,Paris,,LOC,690025," l’hiver dernier, dit Renée. I"
" veux
pas manquer de parole à ",690326,Marguerite de Vaucouleurs,,PER,690351,".

+ à 9 APE PE APP SR PE Lo "
" APP SR PE Lo ee Moss es
. se ",690397,E,,LOC,690398," : 2 :
M '
,

XXII]

BARBE-BLE"
"e Moss es
. se E : 2 :
M '
,

",690412,XXII,,PER,690416,"]

BARBE-BLEUE ET LE DOMINO NO"
"s faite aux époux Mouratet, à ",690537,Vichy,,LOC,690542,". J'ai quitté
Londres pour Par"
"ouratet, à Vichy. J'ai quitté
",690556,Londres,,LOC,690563, pour Paris avec l’intention d
"chy. J'ai quitté
Londres pour ",690569,Paris,,LOC,690574, avec l’intention de passer qu
" n’est
pas que je sois fou de ",690687,Paris,,LOC,690692," ; non ; j'y suis né et
j'aime"
ent vraiment beau se trouve à ,690871,Ver-,,LOC,690875,"

_Sailles, Mais le séjour de "
"iment beau se trouve à Ver-

_",690878,Sailles,,LOC,690885,", Mais le séjour de Londres im"
"
expéditions peu fructueuses, ",691058,jé,,ORG,691060," l'avais passée les bras

croi"
"ent, j'étais resté
sceptique. ",692240,Mouratet jaloux,,PER,692255,", c’est trop drôle.

Pourtant,"
" de preuves, il est vrai...
— ",692750,Eh !,,MISC,692754," bien, mon ami, si tu n’as pas"
"mi, si tu n’as pas de preuves
",692796,Pheure,,LOC,692802," qu’il est, tu as complètement"
"omplètement tort de te mettre
",692851,martel,,PER,692857, en tête. Une femme coupable n
ois semaines pour se trahir ; ,692933,Pimpunité,,LOC,692942," accroit son

audace et... — C"
"accroit son

audace et... — C’",692973,estce,,PER,692978, que je me dis tous les jours 
"lle... — Tu crois? i

demandé ",693117,Mouratet,,PER,693125, avecun éclair de joie dans le
"es flétrissant la conduite de
",693478,Renée,,PER,693483,... — Des lettres écrites! par
"ites! par des femmes

""n

LE ",693534,VOLEUR,,LOC,693540,". 36$

jalouses de sa beauté. "
ande d’où vient l'argent... — ,693739,Ah!,,MISC,693742," c'est l’éter-
nelle question "
"nd tort de douter
d'elle... — ",694412,Ah !,,MISC,694416," a soupiré Mouratet, je suis d"
"J'avais pensé tout d’abord
qu'",694979,Armand.,,MISC,694986,…. Il était sans cesse à la ma
". Depuis deux mois, il n’a
vu ",695200,Renée,,PER,695205," que devant moi, j'en suis sûr"
lle ne sort presque plus... — ,695284,Eh !,,MISC,695288," bien, eh ! bien,

tu vois !.."
 de ton caractère ombrageux ? ,695396,Hein,,PER,695400," ? Tu n'es

pas brouillé avec "
" ? Tu n'es

pas brouillé avec ",695430,Armand de Bois-Créault,,PER,695452,",au moins ?

— Pas du tout. No"
"les meilleurs amis du

monde. ",695522,Îlest,,LOC,695527, même entendu que nous irons e
"emaine prochaine, au bal de l'",695601,Opéra,,LOC,695606,". Tu y vien-

366 | LE VOLEUR"
"e l'Opéra. Tu y vien-

366 | ",695627,LE VOLEUR,,PER,695636,"

dras aussi, j'espère ? T'u s"
"OLEUR

dras aussi, j'espère ? ",695661,T'u,,MISC,695664," sais, nous nous travestissons"
"e l’écharpe de
député... Oui. ",695868,Armand,,PER,695874," sera en seigneur Louis XII,
R"
 Oui. Armand sera en seigneur ,695892,Louis XII,,PER,695901,",
Renée en pierrette.. elle a "
costume plus dispendieux... — ,695989,Ah !,,MISC,695993," me suis-je écrié,
tu devrais "
"quent. — C'est vrai,
arépondu ",696128,Mouratet,,ORG,696136,", la larme à l’œil ; et j'ai c"
"i commis

une autre sottisé.. ",696193,Fioure-toi,,PER,696203,"... Non, c’est trop bête!

fFi"
"que, moi, je serai dévuisé en ",696272,Barbe-Bleue,,LOC,696283,". »
Cette fois, j'ai ri sans m"
"ur.
Mouratet en Barbe-Bleue ? ",696364,Oh !,,MISC,696368," c’est à se rouler.
« Je vois "
"ir. » Et il m'a
quitté, l'air ",696618,joyeuxet penaud,,PER,696633," en même temps, joyeux
des exc"
"ations que je lui ai données,
",696708,penaud,,PER,696714, de m'avoir fait la confidence
"e de sa jalousie sans
motifs. ",696773,Ah !,,MISC,696777," triste et stupide idiot. |

—"
"upide idiot. |

— Monsieur et ",696820,Madame,,PER,696826," ne sont pas encore prêts,
me "
"res du soir, dans le salon du ",696944,"boulevard
Malesherbes",,LOC,696965,".

C’est bon. Je prends un jou"
" bianc,
s’élance vers moi.

— ",697192,Vite !,,MISC,697198," Vite ! dit-elle, écoutez-moi."
"t que vous voudrez.

— Merci. ",697323,Eh !,,MISC,697327," bien, d’abord, il faut vous a"
rder où je suis. Je vais vous ,697505,"Le dire où je

er
toits
.",,MISC,697530," +
“

ever s
LT
+ 1""

LE VOLE"
"ù je

er
toits
. +
“

ever s
",697544,LT,,ORG,697546,"
+ 1""

LE VOLEUR | 367

serai."
"— vous savez ? au fond
— avec ",697630,Armand,,PER,697636,". Oui, depuis deux mois, c'est"
Le second... Il faut que vous ,698136,m’'enleviez demain,,PER,698154,".

-- Hein ?

_— Oui. L'existe"
" vous m’'enleviez demain.

-- ",698160,Hein,,PER,698164," ?

_— Oui. L'existence que je"
"e je mène n’est pas tenable.

",698220,Sivous,,PER,698226, croyez que je n’en ai pas ass
" épaules. Qu’en ferai-je, mon ",698973,"Dieu!
D'autant plus qu'avec une écervelée pareille",,MISC,699023,", on est à
la merci d’une étou"
"et il faut le jouer serré, le
",699092,Jeu que je joue,,MISC,699107,... Renée me regarde d’un air 
" serré, le
Jeu que je joue... ",699111,Renée,,PER,699116," me regarde d’un air cons-
ter"
" en voilà une belle affaire!

",699305,Ca,,LOC,699307, se fait tous les jours et cen
"cent fois par jour, rien
qu'à ",699364,Paris,,LOC,699369,". Vrai, je n'aurais pas cru.
"
"je n'aurais pas cru.

368 LE ",699407,VOLEUR,,LOC,699413,"

Elle saute sur mes genoux, m"
"a... Je me perdrais. Et puis.
",699747,Ah,,MISC,699749," mais, j'y suis, à présent ! C"
— Faites-les envoyer demain à ,700541,Londres,,LOC,700548,", à mon
adresse. Et quant à vo"
" au fond de l’appartement.

— ",700870,Voilà Barbe,,PER,700881,"-Bleue, dit-elle. Anne, ma sœu"
" Voilà Barbe-Bleue, dit-elle. ",700899,Anne,,PER,700903,", ma sœur
Anne...

Elle saute "
"leue, dit-elle. Anne, ma sœur
",700913,Anne,,PER,700917,"...

Elle saute sur ses pieds,"
"à son aspect. Il est ignoble.
",701146,Ah !,,MISC,701150, cette défroque de criminel — 
"minel — et de quel crr-

2 08 ",701202,A LL AIS,,ORG,701210," DE LÉ rm Nm à aa tn + at

 
"
"t de quel crr-

2 08 A LL AIS ",701211,DE LÉ rm Nm,,PER,701222," à aa tn + at

 

+

AS
af d "
"

2 08 A LL AIS DE LÉ rm Nm à ",701225,aa tn,,PER,701230," + at

 

+

AS
af d ar rs
Ÿ."
"aa tn + at

 

+

AS
af d ar ",701255,"rs
Ÿ. :",,MISC,701262," . *

à."" ‘

LE VOLEUR | 369

"
"'artiste, aucune
enluminure d’",701460,Epinal,,LOC,701466,", si grandiose que l’ait faite"
"e
pourraient donner l’idée du ",701578,Barbe-Bleue,,PER,701589," que j'ai
devant moi. C’est qu"
vent la cruauté incomplète de ,702108,lPabsolu,,LOC,702116," de
leur barbarie. C’est Barbe"
t Barbe-Bleue ; mais ce n’est ,702169,"Barbe-
Bleue",,PER,702181, que parce que c’est Mouratet.
"arce que c’est Mouratet. |

— ",702217,Eh!,,MISC,702220, eh! s’écrie le directeur des 
 eh! s’écrie le directeur des ,702250,"Douzièmes
Provisoires",,PER,702271,", ravi de l'effet que produit "
"s retraites ouvrières, que la
",702648,Chambre,,ORG,702655," va discuter. |

— Elle ne Le "
"l ; ils font la grandeur -
de ",702839,la France,,LOC,702848,. Mais aux ouvriers !... Où ir
".. Où irait-on ?

C'est vrai, ",702900,Où irait-on ?,,MISC,702913,".. Ah ! animal! Je ne
régrette"
"

C'est vrai, Où irait-on ?.. ",702916,Ah !,,MISC,702920," animal! Je ne
régretterai pas"
"e son chapeau pointu,
vive et ",703056,Jolie,,PER,703061," au possible.

— Comment me tr"
" face, ça va bien ; voyons de ",703155,dos,,MISC,703158,".

21.

3

370 | LE VOLEUR

M"
"VOLEUR

Mouratet se tourne et ",703209,Renée,,PER,703214," lui fait un grand pied
de nez"
"ez. |

— C’est encore mieux.

",703272,Armand de Bois-Créault,,PER,703294," arrive, D’un Louis XIII
irrép"
"irréprochable. Nous partons.

",703349,Canaille,,LOC,703357,", ce bal. Triste aussi, malgré"
"usique, les serpentins et les ",703446,contetti,,PER,703454,".
Des femmes en dominos — blan"
"tes, mensonges des dentelles, ",703709,Malines,,LOC,703716,",
pierreries et cailloux du Rh"
"-à-vis de soi, de se paraître ",703975,natutel,,PER,703982," à
soi-même. Ils n’ont point d"
" On
voit ça ailleurs qu'ici.

",705036,Mouratet,,PER,705044, fait sensation. Dans un coulo
"Non; alors,
c'est à droite... ",705879,Ah!,,MISC,705882," la voici.

C’est une femme. M"
"Répétez-le lui sans trève.

— ",706150,Ah!,,MISC,706153," monsieur Barbe-Bleue, s'écrie"
",
que vous m'avez fait peur!

",706222,Mouratet,,PER,706230, est enchanté. Ils sont tout d
" de suite très

camarades, la ",706288,Dinde,,LOC,706293, et lui. J’ai eu la main heure
a près d’un quart d'heure que ,706413,Renée,,PER,706418," s’est éclipsée ;

allons, ça "
"eaucoup à sa conversation.

— ",706651,Ah!,,MISC,706654," monsieur Barbe-Bleue, s’écrie"
" peur ! Quand je vous ai vu.

",706754,La Dinde,,MISC,706762, laisse tomber son éventail. J
" tête, je m’aper-

1 3: ‘ ' y
",706873,Çois,,PER,706877, qu’une femme en domino noir s
" | LE VOLEUR

va. Mouratet, l’",707014,airahuri,,LOC,707022,", la bouche ouverte, s’est ren"
"ant. Attends-moi
une minute ; ",707231,Je reviens,,MISC,707241,".

Il s'éloigne, suivant le ch"
"de prendre
le domino noir.

— ",707316,Ah!,,MISC,707319," dit la Dinde, ce n’est pas gr"
"le domino noir.

— Ah! dit la ",707327,Dinde,,PER,707332,", ce n’est pas grand’chose, al"
"ends le parti
d'abandonner la ",707571,Dinde,,PER,707576, à ses réflexions et de sortir
 ses réflexions et de sortir. ,707608,fai,,ORG,707611,"
à peine fait trois pas dans l"
"en faction devant la
porte de ",708162,laloge,,LOC,708168," qu’il vient de refermer. |

—"
". Ils pénètrent dans la loge, ",708392,eten,,LOC,708396," sortent
trois minutes après.
"
"atteinte en plein cœur. Ven-

",708823,CS,,MISC,708825,"
+

DE a AE 6 rar ar D rt AE À"
" plein cœur. Ven-

CS
+

DE a ",708834,AE 6 rar ar D rt AE,,MISC,708853," À de mao a bé

 

Re rte te "
DE a AE 6 rar ar D rt AE À de ,708859,mao,,ORG,708862," a bé

 

Re rte te Fin

Riot"
" rte te Fin

Riot .

Ph ee ce
",708905,Bar,,LOC,708908,". +

+ : T 1.

“LE VOLEUR | 37"
"
Riot .

Ph ee ce
Bar. +

+ : ",708917,T 1,,MISC,708920,".

“LE VOLEUR | 373
geance de "
"e mari trompé, n'est-ce pas ? ",708978,Ah!,,MISC,708981," les cocus
assassins, Monsieur"
"as ? Ah! les cocus
assassins, ",709003,Monsieur !,,MISC,709013,"... Tenez, on enlève les cadav"
ur ainsi dire aperçu de rien. ,709252,Regar-,,MISC,709258,"
dez ces gens qui rient et qui"
"mercie, docteur ; j'irai dans ",709523,uninstant,,MISC,709532,".

Réflexion faite, je n’irai "
"’une si vivante
inconscience. ",709813,Oh! pauvre petit oiseau,,MISC,709836," |... Et cet âne,
cet imbécile"
"
il ne voulait pas être cocu. ",710261,Oh!,,MISC,710264," oh! oh!Il ne vou-
lit pas êtr"
" répugnants
spectateurs de la ",710408,Cour d'assises,,LOC,710422," qui applaudiront au
verdict e"
"ui, dit un jeune homme, c’est ",711003,"Armand de
Bois-Créault",,PER,711025," qui vient d’être tué. :

— C'"
"ine.

Je descends l’escalier. ",711452,Déshonoré !,,MISC,711463," Il aurait été
déshonoré.. Tou"
" main — ce domino noir, c’est ",711732,Hélène,,MISC,711738,".
Oui, j'en suissür! C’est Hél"
"ène.
Oui, j'en suissür! C’est ",711765,Hélène !,,MISC,711773,"... Hélène qui redou-
tait la "
en suissür! C’est Hélène !... ,711777,Hélène,,MISC,711783," qui redou-
tait la flétrissur"
"geux allait
marquer ce nom de ",711865,Bois-Créault,,PER,711877," qu’elle a conquis et
veut gar"
"ut garder sans tache visible, ",711931,Hélène,,MISC,711937," qui. a pu du
même coup satisf"
"rté
entière — et qui défend l’",712032,Honneur du Nom,,MISC,712046,".

Ah ! misère !... Stupidité "
"qui défend l’Honneur du Nom.

",712049,Ah !,,MISC,712053, misère !... Stupidité tragiqu
"versation
que nous avons eue, ",712319,Roger-la-Honte,,PER,712333," et moi, au sujet
des étoiles,"
"usavons vo'é l'industriel, en
",712407,Belgique,,LOC,712415,". Oui, si d’autresastres sont "
"triel, en
Belgique. Oui, si d’",712427,autresastres,,LOC,712439," sont habités, les êtres
qui y"
"éclat des diamants purs.

 

",712615,"XXIV

ON DIRA POURQUOI",,MISC,712637,"...

+

_ J'aime autant l’avou"
"pas visité
Mouratet parce que ",712883,Mouratetme dégoûteet,,PER,712903," que son
infortune actuelle ne"
"es ai accompagnés au bal de
l'",713188,Opéra,,LOC,713193,", que je me trouvais avec le m"
devant le juge d'instruction. ,713393,Perspec-,,ORG,713401,"
tive désagréable. Je n’ai pas"
"i pas de préjugés contre les.
",713456,Juges d'instruction,,MISC,713475,", ou presque pas, mais je ne t"
"lations avec eux. Ce sont des
",713566,SENS,,ORG,713570, curieux par métier et soupçon
"ossible, ne point
donner à la ",713814,Justice,,MISC,713821, l’occasion de contempler mon 
"ez dans mes affaires.
Quitter ",713919,Paris,,LOC,713924, sans rien dire? C’est dangere
"ait peu naturel. Alors ?.…
__ ",714002,Jetrouve,,PER,714010, un moyen. Je m'en vais d’un p
"m'en vais d’un pas léger chez
",714054,Marguerite de Vaucouleurs,,PER,714079,", car je sais que Margot
repri"
pied dans la politique et que ,714141,Courbassol,,PER,714151,", rappelé
la semaine dernière "
" me voir
obligé de parler, en ",714346,Cour d'assises,,LOC,714360,", soit contre une

CE

femme q"
ministère. Je pénètre dans ce ,715010,mo-,,ORG,715013,"
nument à l'heure indiquée, j'"
fort sur imes articles à la « ,715146,Revue » de Montareuil,,MISC,715167,", et
m'annonce que je suis cha"
is aller inspecter et étudier ,715323,Îles,,LOC,715327," éta-
blissements pénitentiair"
ssements pénitentiaires de la ,715366,Dalmatie,,LOC,715374,", faire un
rapport ; etje reço"
"cation à son cabinet, ma

LE ",715715,VOLEUR 377,,MISC,715725,"
déposition écrite ; cette dép"
"ends letrain, non pas pour la ",715873,Dalmatie,,LOC,715881,", mais pour

Bruxelles.

Beauc"
" pour la Dalmatie, mais pour

",715894,Bruxelles,,LOC,715903,".

Beaucoup de gens, à ma plac"
"ns, à ma place, resteraient à ",715950,Paris,,LOC,715955,"

et fabriqueraient leur rappo"
"it

de temps immémorial, à la ",716039,Bibliothèque,,LOC,716051,". Mais, moi,
je suis conscienc"
" en route pour
la capitale du ",716242,Brabant,,LOC,716249,". |

À Bruxelles, je parcours "
"
la capitale du Brabant. |

À ",716256,Bruxelles,,LOC,716265,", je parcours les établissemen"
'est un insoumis. I] a quitté ,716769,la France,,LOC,716778," pour échap-
per au service mi"
ue les armées se rangeront en ,717373,ba-,,MISC,717376,"
taille et qui seront prêts à "
êts à fonctionner aux premiers,717430,"”
coups de canon",,MISC,717446," ? Quel progrès !.. Enfin, cha"
"pas être soldat, je n’y puis

",717538,Hen,,MISC,717541,"... Maintenant, voici ce que j"
"ai à vous proposer.

(1) Voir ",717602,Brusr,,LOC,717607,", Armée d'Afrique.

378 © LE "
"us proposer.

(1) Voir Brusr, ",717609,Armée d'Afrique,,ORG,717624,".

378 © LE VOLEUR

L'insoumi"
"au rapport sur
les prisons de ",717761,Dalmatie,,LOC,717769,", un beau rapport dont il co-
"
 douze fois les mêmes choses. ,718000,Ça,,MISC,718002," ne fait rien du
tout. Je revi"
"français, c'est bon à garder. ",718268,"|

Me",,PER,718273, voici donc tranquille et je p
"quille et je puis païtir pour
",718319,Londres,,LOC,718326,. — Déjà ? Certainement. Il m'
"e, ni aucune fierté, à racon-
",719243,ter,,ORG,719246, ce que j'ai fait. Je suis un 
"che. « Dans l’état social ac-
",719537,tuel,,PER,719541,", le voleur c’est celui qui ra"
"eur n’a qu’un temps...

 

5 ",719702,"QU Re re

LE",,MISC,719714," VOLEUR LL 379

Au fond, je me"
ont été à peu près les mêmes. ,720572,Hypocrites,,ORG,720582," ou
brutales, légales ou illic"
"c’est que les matériaux ne me
",721190,Manqueront,,LOC,721200, point. Ai-je déjà vu de chose
" leurs femmes, leurs plans
de ",721516,banqueroutiers,,PER,721530, et leurs projets d’assassins.
"rme, n'importe quel voleur. — ",721987,Cer-,,ORG,721991,"
taines qualités me feront déf"
"antes et forçats inno-
cents. ",722636,Ouff,,LOC,722640,"... Vraiment, il a assez longt"
"ique m'a appris, d’abord, que ",723640,M,,LOC,723641,""" de Bois-
Créault mère s’est "
"'a appris, d’abord, que M"" de ",723646,Bois-,,LOC,723651,"
Créault mère s’est donné La m"
"ris, d’abord, que M"" de Bois-
",723652,Créault,,LOC,723659, mère s’est donné La mort quel
"ois-
Créault mère s’est donné ",723677,"La mort quelques jours aprés
l'enterrement",,MISC,723719," de son fils ; puis, que Mm° v"
"ement de son fils ; puis, que ",723744,Mm° veuve Hé-,,PER,723757,"

: LE VOLEUR 381

lène de Bo"
"uis, que Mm° veuve Hé-

: LE ",723765,VOLEUR,,LOC,723771," 381

lène de Bois-Créault s'e"
" veuve Hé-

: LE VOLEUR 381

",723777,lène de Bois-Créault,,PER,723797, s'est portée partie civile au
" portée partie civile au pro-
",723833,cès,,MISC,723836, et demande au meurtrier de so
"xploitation de son cadavre...
",724043,Ah la vie !,,MISC,724054,... Quelle farce ! — jouée dan
chainementles détuls dans une ,724317,"Revue
spéciale",,ORG,724331,", me fera certainement beaucou"
" Voici la chose en deux mots:
",724749,Supposons,,MISC,724758," l'écluse fermée.

— Supposons"
"cluse fermée.

— Supposons-la ",724792,ferméeet,,LOC,724800," ne la rouvrons pas! s’écrie
R"
"t ne la rouvrons pas! s’écrie
",724829,Roger-la-Honte,,LOC,724843, qui entre sans s’être fait an
"e en la prononçant
tout haut. ",724945,Ah !,,MISC,724949," ça, qu'est-ce que tu fais là "
" mémoires ?

— Tout juste.

— ",725030,Eh!,,MISC,725033," bien, je vais te raconter une"
asse. Figure-toi que le nommé ,725167,Stéphanus,,ORG,725176," — tu sais
bien ? cet employé "
"er. Son patron, qui
s'appelle ",725302,Delpich,,PER,725309,", veut se faire dévaliser. Un "
"fort, qui sera

2 rame ot me ",725647,nr mg,,MISC,725652," . —
. - 5. “ T + » +

.

382 "
" doit être bien garni aujour-
",725745,.d’hui..,,MISC,725753," | |

_ —Ohljetedevine. Maisc’"
"arni aujour-
.d’hui.. | |

_ —",725762,Ohljetedevine,,LOC,725775,". Maisc’estimpossible, mon vie"
"’hui.. | |

_ —Ohljetedevine. ",725777,Maisc’estimpossible,,PER,725796,", mon vieux.
Jusqu’à avant-hie"
"eux.
Jusqu’à avant-hier soir, ",725834,Stéphanus,,PER,725843," couchait dans les
bureaux. De"
ureaux. Depuis qu’il a quitté ,725893,Bruxelles,,LOC,725902," — on l’a mis
à la porte osten"
"nnais même pas
son adresse... ",726194,Stéphanus,,PER,726203," ne me la donnera qu'après-
de"
" l'honnêteté des ca-
nailles, ",726408,Et leur désappointement,,MISC,726431," est tellement co-
mique, lors"
"tendu prononcer ce
nom-là ?.. ",727002,Ah!,,MISC,727005," à Vichy, par l'abbé Lamargell"
"prononcer ce
nom-là ?.. Ah! à ",727008,Vichy,,LOC,727013,", par l'abbé Lamargelle. Out;
"
"nom-là ?.. Ah! à Vichy, par l'",727021,abbé Lamargelle,,PER,727036,". Out;
mais avant ça, il me se"
 me semble... il me semble... ,727090,"Oh!
je me souviens",,MISC,727108," | oo

Je vais prendre une lia"
" si joliment traité d'im-

Du
",727339,APE he,,LOC,727345," a da! dd 4 ten

LE VOLEUR 38"
"traité d'im-

Du
APE he a da! ",727352,"dd 4 ten

LE VOLEUR",,MISC,727372," 383

bécile, que j’ai prise s"
"lé, et qui porte l’adresse de ",727472,Delpich,,PER,727479,". — C’est
parfait. |
Quelle he"
"ris quelques mots et je sonne
",727604,Annie,,PER,727609,". |
_— Annie, lui dis-je, serv"
" mots et je sonne
Annie. |
_— ",727616,Annie,,PER,727621,", lui dis-je, servez-moi à dîn"
"ramme que vous 1rez porter au
",727870,Post-office de Charing-Cross,,LOC,727898,", demain, à sept heures
du soi"
"emain, à sept heures
du soir, ",727931,Sept heures précises,,MISC,727951,", n'est-ce pas ?
_ Etje lui te"
"es précises, n'est-ce pas ?
_ ",727970,Etje,,PER,727974, lui tends.une feuille de papi
"
tracé les mots suivants :

€ ",728054,Delpich,,LOC,728061,", 84, rue d’Arlon, Bruxelles. "
"vants :

€ Delpich, 84, rue d’",728073,Arlon,,LOC,728078,", Bruxelles. — Venez
Londres i"
"

€ Delpich, 84, rue d’Arlon, ",728080,Bruxelles,,LOC,728089,". — Venez
Londres immédiatemen"
"e d’Arlon, Bruxelles. — Venez
",728099,Londres,,LOC,728106," immédiatement, Absolument urg"
" Venez
Londres immédiatement, ",728122,Absolument urgent,,ORG,728139,". (Signé)
STÉPHANUS. D

XXV

"
"t, Absolument urgent. (Signé)
",728149,STÉPHANUS,,ORG,728158,". D

XXV

LE CHRIST A DIT : «"
"rgent. (Signé)
STÉPHANUS. D

",728164,"XXV

LE CHRIST A DIT",,MISC,728184, : « PITIE POUR QUI SUCCOMBE 1
RIST A DIT : « PITIE POUR QUI ,728204,SUCCOMBE,,MISC,728212," 1...

Tout le monde sait qu’e"
"’en face du n° 84 de la rue
d'",728270,Arlon,,LOC,728275,", à Bruxelles, se trouve un ca"
"du n° 84 de la rue
d'Arlon, à ",728279,Bruxelles,,LOC,728288,", se trouve un café fréquenté "
ager qui va apporter au sieur ,728623,Delpich,,PER,728630," la dépêche dont
jai remis hie"
"ont
jai remis hier le texte à ",728673,Annie,,MISC,728678," et qu’elle a dû envoyer
aujou"
"t de moi comme un commerçant.
",728808,Huit heures...,,MISC,728822, Ah ! j’aperçois le télégraphi
"un commerçant.
Huit heures... ",728823,Ah !,,MISC,728827, j’aperçois le télégraphiste ;
"ond étage, c’est un tailleur, ",729180,"ho-

noré",,PER,729189, de la confiance de la cour de
fait signe à un fiacre. C'est ,729514,Delpich,,PER,729521,", assurément.
Teint blafard, t"
"e. C'est Delpich, assurément.
",729535,Teint,,MISC,729540," blafard, taille rentassée, tr"
"e m'en vais, en flânant, à la ",729774,gare du Nord,,LOC,729786,". Il s’agit
de voir, maintenan"
"rendra le train qui part pour
",729855,Ostende,,LOC,729862," à 8 heures 40.

_ J'arrive à "
" précipitation avec laquelle

",729988,Delpich,,PER,729995, s’introduit dans la salle d’a
 reviens au n° 84 de la rue d’,730198,Arlon,,LOC,730203," dans le fiacre
même que vient"
"cre
même que vient dé quitter ",730245,Delpich,,PER,730252,". La porte est en-
core ouvert"
"ois pas asthmatique.
D'abord, ",730391,surle,,PER,730396," palier du premier étage, afin"
 de cuivre portant ces mots : ,730540,"Cabinet
du Directeur",,MISC,730560,". La seconde fois, deux ou tro"
" déclare que j'ai besoin d’un
",731105,Costume de voyage et d’un pardessus,,MISC,731140,". On me fait
Choisir des étoff"
"et d’un pardessus. On me fait
",731153,Choisir des étoffes,,MISC,731172,", on me prend mesure. Je tiens"
le d’une de mes chaussures... ,731476,Tenez,,PER,731481,", re-
gardez...

— ÀAh ! s'écr"
"es... Tenez, re-
gardez...

— ",731500,ÀAh,,PER,731503," ! s'écrie le tailleur, cela d"
"suis de retour à
: l’hôtel du ",732287,Ro,,LOC,732289,"; Salomon.

Je descends, avec "
" de retour à
: l’hôtel du Ro; ",732291,Salomon,,PER,732298,".

Je descends, avec l'hôtelie"
 qu'ils chercheraient en vain ,732720,aïlleuts,,PER,732728,".

— Voyons vos empreintes, di"
"s empreintes, dit l’hôtelier, ",732772,Ca,,LOC,732774,", c'est
le passe-partout ; je "
"rois bien que j'ai les
clefs. ",732903,Attendez,,MISC,732911," un peu. |

Il fouille dans de"
"e sont des serrures à secret, ",733046,"Savez""

* LE VOLEUR",,MISC,733066," 387

vous : ct les serrures à"
" toujours la même
balançoire. ",733140,Ca,,LOC,733142, ne vaut rien du tout. [l n’y 
"’enai pour cinq minutes. |

— ",733669,Âh !,,MISC,733673," monsieur Randal, s’écrie l’hô"
hose. Vous me faites penser à ,733975,Louis XVI,,PER,733984,".
Ça ne lui a pas porté bonheu"
"me faites penser à Louis XVI.
",733986,Ça,,MISC,733988," ne lui a pas porté bonheur, à"
" cire.
Mais, oui, ça y est... ",734224,Allons,,LOC,734230,", vous êtes sûr de pou-
Voir e"
"étaire ; et quant
au reste... ",734320,Î,,LOC,734321,] me semble que je vous vois d
"s-je en sortant de l'atelier.
",734546,Eh!,,MISC,734549," bien, pendant que je vais me "
" ou -deux bouteilles de cham-
",734647,Pagne,,LOC,734652, pour célébrer à l’avance cet 
"la main, pour me rendre rue d’",735114,Arlon,,LOC,735119,". Il
est vrai que tous les loc"
" à l’hôtelier et à moi: trois
",735233,Allemands,,LOC,735242, qui ont un coup à faire la nu
"ire la nuit prochaine,
avenue ",735293,Louise,,PER,735299, ; un Hollandais dont j'ignore
"prochaine,
avenue Louise ; un ",735305,Hollandais,,LOC,735315," dont j'ignore les in-
tention"
"gnore les in-
tentions ; deux ",735354,Françaises,,LOC,735364," aux projets indécis et une
An"
"es aux projets indécis et une
",735392,Anglaise,,LOC,735400, qui m'a expliqué en détail co
"is jours, frapper la ville de ",735483,Malines,,LOC,735490," d’une con-
tribution de cent "
se-partout dans la serrure du ,735855,"nu-
méro 84",,ORG,735866,. Il est vraiment très bien fa
quelqu'un dans ce bureau ? Si ,736194,Delpich,,PER,736201," avait
eu le temps, avant de p"
"ures, surveiller la maison... ",736354,Ah ! sacredié !,,MISC,736369,".…
Mais comment aurais-je pu m"
"!.…
Mais comment aurais-je pu ",736398,m'’assurer,,MISC,736408," de son départ, si
je n'avais "
"t, si
je n'avais pas été à la ",736451,gare du Nord,,LOC,736463," ?... Non, le vrai, c’est
que "
"nt faire part de mon projet à
",736545,Koger-la-Honte,,LOC,736559,", de ne point l'emmener avec m"
"ut, pas besoin de me tourmen-
",736806,ter,,PER,736809,". Delpich, méfiant comme il do"
"as besoin de me tourmen-
ter. ",736811,Delpich,,PER,736818,", méfiant comme il doit l’être"
"s. Et puis, le télégrammea

+
",737027,ES,,LOC,737029,"
er
1

LE VOLEUR __. 339

dû "
"r, ilne serait pas parti...
+ ",737225,Pessaye,,MISC,737232, les deux clefs que m'a donnée
rouve dans une grandepièce... ,737479,"Eh bien... j'avais
deviné juste avant d'entrer",,MISC,737525,". Quelqu'un est caché ici...
O"
"r. Quelqu'un est caché ici...
",737554,Ouù,,ORG,737557,"?... En un instant, j'ai fouil"
"e gaz. Il est encore chaud. ‘
",738020,Ah !,,MISC,738024," diable ! Non, je ne me suis p"
" s’est réfugié le gardien que
",738290,Delpich,,PER,738297, a préposé à la défense de son
"r de peur dans sa cachette...
",738453,Ça,,MISC,738455, n'empêche pas que si je m’ave
"m’aventure à le relancer dans
",738510,saretraite,,PER,738520, il va m’accueillir d’uncoup d
retraite il va m’accueillir d’,738542,uncoup,,LOC,738548," de revolver qui
me manquera p"
. Une nouvelle édition de mon ,738650,histoire d’An-,,MISC,738664,"
vers ! C’est assez ennuyeux —"
sur le bureau... un ciseau de ,738924,menuister,,PER,738933,",
“un ciseau tout neuf, ma foi"
" ?
. J'examine le secrétaire. ",739020,Ah !,,MISC,739024," par exemple !... Un
tiroir es"
"
j'ai rencontré ce malheureux ",739375,Canonnier,,MISC,739384," qui va recom-
mencer. Seuleme"
"r. Seulement, ce n’est pas un ",739434,Canonnier,,MISC,739443," que
je vais trouver; non, ces"
ises : le repaire nocturne du ,740005,Stépha-,,LOC,740012,"
nus, évidemment, lorsqu'il ét"
"il était deservice ici; mais.
",740067,Ah !,,MISC,740071," oui, il y a quelqu'un dans ce"
" m'a dit l’abbé Lamargelle, à ",740383,Vichy,,LOC,740388,", au sujet
des relations d’aff"
"t
des relations d’affaires de ",740427,Me Hélène de Bois-Créault,,PER,740452,"
avec le trafiqueur Delpich. E"
"élène de Bois-Créault
avec le ",740461,trafiqueur Delpich,,LOC,740479,". En un clin d'œil, toute
une "
n suis sûr! c’est la fille de ,740607,Canon-,,LOC,740613,"
nier qui est là ; je sais com"
"st... je devine tout, je sais ",740713,tont,,LOC,740717,".

— C’est vous, Hélène ? dis-"
" je sais tont.

— C’est vous, ",740734,Hélène,,MISC,740740, ? dis-je à voix basse. N'ayez
"andal... Randal, je vous dis.
",740823,Hélène,,MISC,740829," ? C’est vous ?..

_ Silence. "
"la connais pas, cette

s
Re.
",741129,kr,,ORG,741131,": +7

LE- VOLEUR 391

femme-là"
"is pas, cette

s
Re.
kr: +7

",741137,LE-,,MISC,741140," VOLEUR 391

femme-là, autant "
"ger dans la demi-
obscurité ; ",741216,jene,,PER,741220, l’ai jamais vue. Qui est-ce ?
"ut prendre une décision. |

— ",741408,Madame,,PER,741414,", dis-je d’une voix rude, votr"
"e vous asseoir, pour changer.
",741613,Tenez,,PER,741618,", voici une chaise... Maintena"
" à pareille
heure.

— Je suis ",741738,madame Delpich,,PER,741752,", murmure cette femme

en émoi"
" bureau pendant son
absence.

",741881,Bizarre !,,MISC,741890, Et cette tentative d'effracti
"ive d'effraction, à côté ?

— ",741936,Madame,,PER,741942,", dis-je sévèrement, je crois "
"us, si vous êtes réelle-
ment ",742134,madame Delpich,,PER,742148,", que le secrétaire se trouve
"
"trouve
dans un état. | | |

— ",742201,Ah!,,MISC,742204, interrompt-elle en cachant sa
" ai essayé de le forcer. Mais
",742301,Si Vous saviez...,,MISC,742318," si je vous disais.

— Dites-m"
"e.
Voilà qui est fait. Allez, ",742467,Madame,,PER,742473,". Racontez-moi
pourquoi vous v"
"e,

_ des lettres de ma mère. ",742624,Ma mère,,PER,742631,". c’est un secret de

famille "
"ant. Oui, Monsieur, un amant. ",742787,Ah!,,MISC,742790," la pauvre
iemme ! Elle a asse"
"d’avoir contracté :

392. LE ",742972,VOLEUR,,LOC,742978,"

une liaison qu'elle ne pouva"
"vous ap-
prendre en détail... ",743263,"| |

Oh !",,MISC,743272, ces détails ! C’est à faire d
" tête. Quel affreux drôle, ce ",743357,Delpich!,,MISC,743365," Non, il
n’est pas possible qu"
"on, grasse,
blonde, ronde. Un ",743659,Rubens,,PER,743665,", presque. Torse en fleur,
han"
"
rait faire des affaires avec ",744080,Shylock,,MISC,744087," ; une livre de chair
en moins"
"uis au supplice depuis un
an. ",744300,Ah !,,MISC,744304," si javais eu ces lettres, seu"
"upplice depuis un
an. Ah ! si ",744308,javais,,PER,744314," eu ces lettres, seulement... "
ié la garde de son cabinet et ,744438,javais,,PER,744444," été acheter un
outil avant de"
l avant de venir.Mais je sais ,744494,s1,,MISC,744496," mal m'y prendre!.…
Oh ! jai e"
"je sais s1 mal m'y prendre!.…
",744516,Oh !,,MISC,744520," jai eu tellement peur, quand "
"nt, je vois bien que c’est la ",744610,Providence,,LOC,744620,"
qui vous envoyait ici. Oui, l"
"ui vous envoyait ici. Oui, la ",744652,Providence,,LOC,744662," qui veut,
malgré tous les péc"
"e de mon mieux. |

—: Voyons, ",744867,Madame,,PER,744873,", calmez-vous. Vous avez ral-
"
" Vous avez ral-
son, c'est la ",744917,Providence,,LOC,744927," qui m'envoie. Je vais vous

"
"on compte, n’est-
ce pas ?

— ",745341,Ah!,,MISC,745344," dit elle, prenez tout ce que "
" |

Les tiroirs sont ouverts, ",745573,"M""",,MISC,745575," Delpich fouille dans
les papi"
" suis
en train de l’éventrer. ",745677,Oh !,,MISC,745681," pas avec une scie et une
tati"
"tiqué à la partie supérieure,
",745976,jintroduis,,LOC,745986, dans la cavité un certain mél
"knotes tiennent peu
de place. ",746662,Allez !,,ORG,746669, dans mon sac. C'est une affai
" C'est une affaire faite.

M"" ",746713,Delpich,,PER,746720,", qui a fini de remuer les pap"
"herchait, s’est approchée de

",746816,Moi et me regarde,,MISC,746833," avec admiration.

-
d ° !

3"
vilain métier que vous faites ,746923,Jà,,MISC,746925,",
Monsieur, me dit-elle. Mais "
" porte, mon sac à la main.

— ",747086,Comment!,,MISC,747094," s’écrie M"" Delpich, vous part"
" la main.

— Comment! s’écrie ",747103,"M"" Delpich",,PER,747113,", vous partez
déjà! Déjà! Et v"
"ue vous m'avez compromise.

— ",747272,Compromise !,,MISC,747284," dis-je, légèrement interloqué"
"u’il m'a été aisé d'y entrer.
",747425,"Compromise!

—",,MISC,747439," J'exagère peut-être un peu, r"
"t, je lavoue. D'autant moins, ",747667,Mi-,,PER,747670,"
dame, que vous n’aviez point "
"t attendu mon arrivée
pour... ",747728,"| |

—",,MISC,747734," Âh! soupire-t-elle, vous me r"
"du mon arrivée
pour... | |

— ",747735,Âh!,,MISC,747738," soupire-t-elle, vous me repro"
"bien, il va falloir quitter
. ",748054,Bruxelles,,LOC,748063,", m'’exiler, partir au loin, s"
" falloir quitter
. Bruxelles, ",748065,m'’exiler,,LOC,748074,", partir au loin, sans parents"
"coupable, et
je me demande si ",748262,"M"" Delpich",,PER,748272,", pressentant les projets
de s"
" sage est de
m'incliner. l

— ",748535,Madame,,PER,748541,", dis-je en ouvrant mon sac, p"
"inutiles...

LE VOLEUR 395
— ",748728,Ah!,,MISC,748731," s’écrie-t-elle, comment pourr"
"prises, nous, pauvres femmes! ",749125,Oh!,,MISC,749128," je vous ai
bien deviné, allez"
"us, n'est-ce pas ? Et si l’on ",749232,"m'’interroge de-
main",,MISC,749253,", je dirai que j'ai eu peur to"
"s mon
sauveur ! mon sauveur | ",749482,"|

",,PER,749485,"Elle se rapproche de moï, me f"
"eur | |

Elle se rapproche de ",749506,moï,,PER,749509,", me frôle de [a pointe
de ses"
" Oui, vous êtes mon sauveur ! ",749651,Ca,,MISC,749653," m'est égal,
que vous soyez un"
"yez bien que je veux
savoir ! ",749928,Supposez,,PER,749936, qu'une autre femme... Une bru
"ur les
blondes... Une brune ? ",750045,Eh !,,MISC,750049," bien... peut-être l’auriez-
V"
"Vous rappelez-vous, quand.
Je ",750238,Me,,PER,750240," suis jetée à vos genoux, tout"
"noux, tout à l’heure ?.. Ici,
",750290,B,,LOC,750291,", continue-t-elle en m’entraîn"
" dans la petite
chambre. Vous ",750354,m'’aviez,,PER,750362," fait si peur ! Vous le re-
gr"
"ous rougissez… |

C’est vrai. ",750498,L’'émotion,,PER,750508,", je crois. Et puis, la cha-
l"
" cha-
leur du travail... Mais ",750561,Michelet,,PER,750569," assure que la femme
rafraichi"
"sure que la femme
rafraichit, ",750602,Faut voir,,MISC,750611,".…

396 LE VOLEUR

— Ecoute, "
"aut voir.…

396 LE VOLEUR

— ",750633,Ecoute,,MISC,750639,", me dit Geneviève, une demi-h"
"i-heure
après — elle se nomme ",750696,Gereviève,,MISC,750705,"; j'ai appris ça en
me rafraîc"
"dresse — une fausse adresse :
",750945,Durand,,PER,750951,", Oxford Street, Londres.

— D"
" une fausse adresse :
Durand, ",750953,Oxford Street,,LOC,750966,", Londres.

— Durand ? demande"
"esse :
Durand, Oxford Street, ",750968,Londres,,LOC,750975,".

— Durand ? demande-t-elle e"
"d, Oxford Street, Londres.

— ",750980,Durand,,PER,750986, ? demande-t-elle en souriant.
e avec le plus grand sérieux. ,751060,Durand,,PER,751066,".
Ca t’'étonne ?

_— Oh! non, "
"e plus grand sérieux. Durand.
",751068,Ca,,LOC,751070," t’'étonne ?

_— Oh! non, dit-"
"x. Durand.
Ca t’'étonne ?

_— ",751087,Oh!,,MISC,751090," non, dit-elle ; seulement, c'"
"ois qu’il m'arrive de laisser
",751415,Tune,,MISC,751419, femme un souvenir négociable 
"ommeil du juste, à l'hôtel du ",751591,Roi Salomon,,PER,751602,", lorsque
des coups violents f"
"aut.

— Qui est là ? |

C’est ",751701,Roger-la-Honte,,PER,751715,", qui arrive de Londres
qu'il "
"Roger-la-Honte, qui arrive de ",751731,Londres,,LOC,751738,"
qu'il a quitté hier soir, à p"
"soir, à peu près à l'heure où
",751789,Delpich,,LOC,751796, partait de Bruxelles. Je suis
"l'heure où
Delpich partait de ",751808,Bruxelles,,LOC,751817,". Je suis très content de
le v"
"ment au
courant des choses et ",751915,Dieu,,MISC,751919, sait s’il s'amuse ; je crains
"ntendu
qu'il va repartir pour ",752028,Londres,,LOC,752035," immédiatement, en
emportant m"
après avoir réjoui le cœur de ,752364,"Roger-

LÉ",,ORG,752375," VOLEUR 397

“l-Honte, semble "
" enfin honnêtement, à aller à ",752534,Venise,,LOC,752540,",
par exemple, etc. Une phrase"
"r à Venise,
par exemple, etc. ",752560,Une phrase,,MISC,752570," qu'il prononce d’un
tor conva"
" tout. Je remonte le
moral de ",752865,Roger,,PER,752870,. Et il prend le train de Cala
oger. Et il prend le train de ,752896,Calais,,LOC,752902," à
8 heures 52. Îl doit démont"
"rain de Calais à
8 heures 52. ",752918,Îl,,LOC,752920, doit démontrer à Stéphanus la
eures 52. Îl doit démontrer à ,752938,Stéphanus,,PER,752947," la néces-
sité de marcher con"
"tte.

Quant à moi, je reste à ",753135,Bruxelles,,LOC,753144," pour quelques
jours. D'abord,"
"
Le soir même, j'apprends que ",753402,Delpich,,PER,753409," a été arrêté
à la gare du Nor"
"que Delpich a été arrêté
à la ",753428,gare du Nord,,LOC,753440,", en revenant d'Angleterre. Tr"
"a gare du Nord, en revenant d'",753456,Angleterre,,LOC,753466,". Trois

_jours après, les jou"
de doute; tout l’accuse ; les ,753579,Ms-,,MISC,753582,"
toires qu'il raconte pour sa "
" C’est bien fait. J'en veux
à ",753802,Delpich,,PER,753809,. Sa femme m’a mordu la langue
" lui rend la
vie impossible à ",753962,Bruxelles,,LOC,753971,", vient de quitter cette ville"
"mais. Elle est charmante, ce

",754159,Rubens,,PER,754165,", mais je ne m’y fierais pas.
"
"s.
Le lendemain, je pars pour ",754222,Londres,,LOC,754229,".

 

XVI

GENEVIÈVE DE BRABA"
"i à grand’chose, de m'appeler
",754313,Durand,,PER,754319," pendant trois minutes, à Brux"
"rand pendant trois minutes, à ",754345,Bruxelles,,LOC,754354,". Le sur-
lendemain de mon ret"
"ur-
lendemain de mon retour à ",754390,Londres,,LOC,754397,", Geneviève a fait
irruption c"
"main de mon retour à Londres, ",754399,Geneviève,,PER,754408," a fait
irruption chez moi. El"
"ches —
et d’'amabilités. |

— ",754491,Enfin !,,MISC,754498, te voilà ! En ai-je eu du mal
"l fallu employer, des ruses
d’",754584,Apache,,MISC,754590,! Heureusement que tu in’avais
"tu in’avais appris ton
nom... ",754639,Oh!,,MISC,754642, pas quand tu m'as quittée. Av
"s cachée derrière le rideau ?
",754738,Hein,,PER,754742, ? Fe rappelles-tu ? « N'ayez 
"e derrière le rideau ?
Hein ? ",754745,Fe,,LOC,754747, rappelles-tu ? « N'ayez pas p
"r, ensuite, que tu te nommais ",754876,Durand,,PER,754882," | Comme
c’est gentil! Après m"
"ais raisonnable, je ne t’'em-
",755060,brasserais,,LOC,755070, même .pas. Mais je préfère ne
" triompher de mes dernières

",755272,A A A TEE,,MISC,755281,"

}

LE VOLEUR | 399

_ résist"
" dernières

A A A TEE

}

LE ",755289,VOLEUR,,LOC,755295," | 399

_ résistances ? Pourqu"
"depuis ces trois
semaines que ",755533,Geneviève,,PER,755542," est venue me surprendre.
Cest"
ui faisait endurer son mari ? ,755906,Fausseté,,LOC,755914,". Elle était
orpheline à douze"
"a femme... Tiens, à propos de ",756013,Delpich,,PER,756020,", nous avons
appris hier qu’il"
" nouvellé sans aucune joie et
",756140,Geneviève,,PER,756149," sans la moindre tristesse, So"
e ne l’aime plus? On dira que ,756295,Geneviève,,PER,756304," n’a pas de
cœur. Je répondrai"
", cœur ou autre chose; et que ",756413,Gene-,,MISC,756418,".
viève a l'intention de mettr"
"ou autre chose; et que Gene-.
",756420,viève,,LOC,756425, a l'intention de mettre le si
es frais d'une installation à ,757128,Paris,,LOC,757133,".
 C'estlà que Geneviève tient"
"llation à Paris.
 C'estlà que ",757148,Geneviève,,PER,757157, tient à se lancer dans la cir
"mps
de sociétés coopératives. ",757458,Geneviève,,PER,757467," se dit sûre du
succès. C’est "
aire les avances nécessaires. ,757677,Jene,,PER,757681," recule pas.

Nous voilà donc "
"ecule pas.

Nous voilà donc à ",757713,Paris,,LOC,757718,", Geneviève dans un petit
hôte"
"as.

Nous voilà donc à Paris, ",757720,Geneviève,,PER,757729," dans un petit
hôtel de la rue"
"ève dans un petit
hôtel de la ",757756,rue Berlioz,,LOC,757767,", et moi autre part. Très con-"
l'argent que j'ai soustrait à ,757952,Delpich,,PER,757959,"
reviendrait peu à peu dans la"
" ma poche à moi qui s’emplit.
",758061,Geneviève,,PER,758070, a pris tout de suite. Geneviè
neviève a pris tout de suite. ,758093,Geneviève de Brabant,,PER,758113,".
C’est comme ça qu’on l’appel"
"la jambe. Je n’assure pas
que ",758688,Geneviève,,PER,758697, est incapable d’un écart ; no
"perçue
deux ou trois fois, au ",759067,Bois,,LOC,759071,". Ellé est très bien, vrai-
me"
"
deux ou trois fois, au Bois. ",759073,Ellé,,LOC,759077," est très bien, vrai-
ment. Be"
"e ! Un aplomb mer-

., 7
“4
. ",759280,Nr,,ORG,759282,".

LE VOLEUR AO

veilleux ! E"
"ons été à droite et à gauche, ",759706,"Gene-
viève",,PER,759717," et moi. Tantôt ensemble, tant"
"ment, par exemple, elle est à ",759896,"Aiïx-les-
Bains",,LOC,759911,". Moi, je suis à Royan. Je ne "
"ïx-les-
Bains. Moi, je suis à ",759928,Royan,,LOC,759933,". Je ne pourrais dire
exacteme"
"s dire
exactement ce que fait ",759978,Geneviève,,PER,759987," ; mais mot, je flâne
sur la G"
"e ; mais mot, je flâne
sur la ",760016,Grand’Conge,,LOC,760027,. J’observe quelques familles 
"bient
dire : |

— Bien, bien, ",760518,Océan!,,LOC,760524," Très bien. Travaille !
Donne-"
"Océan! Très bien. Travaille !
",760548,Donne-toi du mal,,MISC,760564,. Continue ! Nous te regardons
"Travaille !
Donne-toi du mal. ",760566,Continue !,,ORG,760576," Nous te regardons.…

Oui ils "
pportant un télégramme. C’est ,760861,Geneviève,,PER,760870,"
qui me prie de venir la rejoi"
 prie de venir la rejoindre à ,760907,Aix,,LOC,760910," sans retard.
Que se passe-t-i"
"n finit pas. J'arrive enfin à
",761083,Aix,,LOC,761086,", dans l'après-midi du lendema"
", me
figurant ceci, cela, que ",761162,Geneviève,,PER,761171," est malade, par

402 | LE VO"
" VOLEUR

exemple. J’aine donc ",761228,Geneviève,,PER,761237," ? Certainement.
Qu'est-ce que"
" la
félicité dés unions. Nous ",761548,avoris,,MISC,761554," le même goût, tous
les deux, "
ngt pas de l4 villa qu'habite ,761668,Geneviève,,PER,761677,"
lorsque je vois un monsieur e"
" portée. Elle
m'a fait venir, ",762008,simplemeñit,,PER,762019,", pour me dernander conseil.
["
"der conseil.
[Il parait qu'un ",762065,Autrichien,,LOC,762075," très richié, à qui elle tient"
"lle
consent à l'accompagner à ",762182,Vienne,,LOC,762188,":

— Tu l'as peut-être vu sort"
"oposition analogue
ne m'était ",762449,pds,,ORG,762452, faite d’un autre côté. Un vie
"i, mie propose de le suivre à ",762535,Paris,,LOC,762540,", où il
fentre demain. Il est "
"ême nom
que toi. Il s'appelle ",762681,Urbain Randal,,PER,762694,". Ne serait-il pas
ton parent "
"s-je ; c’est mon oncle. |
. — ",762769,Ah !,,MISC,762773, dit Geneviève un peu trohblée
"est mon oncle. |
. — Ah ! dit ",762778,Geneviève,,PER,762787," un peu trohblée... Ça ne te
f"
 Geneviève un peu trohblée... ,762807,Ça,,MISC,762809," ne te
fait rien ?

— Ça me fa"
"ée... Ça ne te
fait rien ?

— ",762831,Ça,,MISC,762833, me fait plaisir. C’est une ca
 plaisir. C’est une canaïlle. ,762871,Saigne,,LOC,762877,"-le à
blanc, ma fille. C’est l"
is. Je retrouverai toujours l’,762975,Au-,,LOC,762978,"
trichiien. Mais, quant à ton "
"vais aussi envoyer
un mot à l’",763403,Autrichien,,LOC,763413, pour l’avertir de mon départ.
" voix.

— Tu penses bien, dit ",763510,Geneviève,,PER,763519," en trempant sa
plume dans l’e"
"iture qui conduit
au train de ",763797,Paris,,LOC,763802, Geneviève et mon oncle. Ah ! 
Paris Geneviève et mon oncle. ,763827,Ah !,,MISC,763831," cette
figure de vieux viveur "
"orté presque dans un wagon
où ",764105,Geneviève motite,,PER,764121, derrière lui. Il ne m'a pas v
"ns profonds, moins
encore par ",764274,lé témips,,PER,764283," que par la noce imbécile, éch"
"mbécile, échine
voüûtée, face ",764331,arixieuse,,PER,764340, invihiciblement penchée vers 
"ur d’ÿ voir la fosse creusée.
",764428,Ruine d’Humianité,,PER,764445," ; pas belle, à péiné mélancol"
"scorté de
deux laquäis, entre ",764593,däns,,LOC,764597," là gare, se dirige vers le tr"
" train
qui va partit. C’est l’",764654,Autrichien,,LOC,764664,".Il suit, pareil au
requin qui"
"ache
l’hamecçon:

XX VII

LE ",764810,REPENTIR,,LOC,764818," FAIT OUBLIER L'ERREUR

Je n'a"
"I

LE REPENTIR FAIT OUBLIER L'",764834,ERREUR,,MISC,764840,"

Je n'ai passé que vingt-quat"
ssé que vingt-quatre heures à ,764882,"Aix-les-
Bains",,LOC,764896,", et je suis parti pour Londre"
"
Bains, et je suis parti pour ",764920,Londres,,LOC,764927,". Cette rencontre
inopinée de "
"s. Je les aï lues et relues
à ",765323,Londres,,LOC,765330,", pendant les trois jours que "
", les pleins et les déliés du ",765583,"mo-
dèle",,ORG,765591,". Après quoi, je me suis mis e"
" je me suis mis en route pour
",765634,Paris,,LOC,765639,". |

Geneviève, que j'ai préve"
"suis mis en route pour
Paris. ",765641,"|

Geneviève",,PER,765653,", que j'ai prévenue de mon arr"
"ument que
j'ai confectionné à ",766513,Londres,,LOC,766520," avec un si grand soin. Je
rec"
"i grand soin. Je
recommande à ",766560,Geneviève,,PER,766569," de me faire avertir dès jue
l"
"t
comme si on était mariés... ",766918,"Compte sur moi et tiens-
",,MISC,766943,"toi prêt. |

Je suis toujours "
" la rue, que je saute dans un
",767166,facre,,PER,767171,", et que je me fais conduire r"
"e, et que je me fais conduire ",767200,rue du Bac,,LOC,767210,", chez
l'abbé Lamargelle. Une "
"i, l'escalier de la
maison du ",767326,boulevard Haussmann,,LOC,767345," qu'habite mon
oncle. Genevièv"
"aussmann qu'habite mon
oncle. ",767367,Geneviève,,PER,767376, nous accueille dans le salon 
",
c’est la femme d’un certain ",767868,Delpich,,PER,767875,".…

— Ah! diable ! s’écrie l'a"
"mme d’un certain Delpich.…

— ",767881,Ah!,,MISC,767884, diable ! s’écrie l'abbé. C'es
iable ! s’écrie l'abbé. C'est ,767916,"M Delpich!
Tiens !",,MISC,767934, tiens !... Mais je devine : c
"olage qui
fit tant de bruit à ",768002,Bruxelles,,LOC,768011,"... Racontez-moi donc
l'histoi"
"es exclama-
tions joyeuses dé ",768114,lPabbé,,MISC,768120,", est scandé, aussi, par les
r"
"bbé quand
j'aifini. Ce pauvre ",768292,Delpich,,PER,768299,"! Enfin... Fortuna vitrea
est."
. Ce pauvre Delpich! Enfin... ,768310,Fortuna vitrea,,LOC,768324,"
est. Sà mésavehture ne m'a ca"
" Enfin... Fortuna vitrea
est. ",768330,Sà mésavehture,,PER,768344," ne m'a causé aucun préjudice
"
"Il faudra même
que j'aille en ",768442,Belgique,,LOC,768450," d'ici quatre ou cinq jours.
V"
"ir-là ; je
ne parle pas de la ",768552,femine,,PER,768558,", qui est charmante, mais.
À p"
à tout ? La part à réserver à ,768883,Mi,,LOC,768885,": Charlotte, par
exemple, si l"
". |

— Oui. Une vraie femime. ",769371,Ah!,,MISC,769374," si vous saviez ce
que j'ai so"
"e cañaille qui crève là...

— ",769500,Bah !,,MISC,769505," dit l’abbé, le diable est en-"
"rer
les pieds, à votre oncle, ",769580,Eaissez-le,,PER,769590," faire sa besogne.::

AO OT R"
"ssez-le faire sa besogne.::

",769613,AO OT,,ORG,769618," Rae Emme En mire de 7

=.
CT
"
" OT Rae Emme En mire de 7

=.
",769645,CT,,ORG,769647,"
F
PÉrrtS
ee NF
uv St
,

LE VO"
" Rae Emme En mire de 7

=.
CT
",769648,F,,LOC,769649,"
PÉrrtS
ee NF
uv St
,

LE VOLE"
"uv St
,

LE VOLEUR | - 407
En ",769693,somine,,PER,769699,", le papier que vous ävez prép"
"tament
antérieur et d’aplanir ",769815,touté,,LOC,769820," difficulté. En attendant,
vou"
"é. En attendant,
vous âurez à ",769860,payér,,LOC,769865," les frais des obsèques. |
— I"
"e de-
mandë à être condüit aü ",769964,chämp du fepos,,LOC,769978," dans le cor-
billard des pauv"
"r-
billard des pauvies. . .
— ",770019,Bel,,PER,770022, exemple d’hümilité ! dit abbé
"
civil, s’il vous plaît. |
_— ",770327,Ah!,,MISC,770330, äh! ah! s’écrie l’abbé en se 
". Quelle trouvaille !..
Mais, ",770487,continde,,PER,770495,:t-il en étendänt le bras vers
t-il en étendänt le bras vers ,770526,li,,PER,770528," porte
de la chätnbre, on n’en"
"nd lit placé en trâvers de la
",770673,Piècé,,PER,770678, une foriné rigide est étendue
" d’un... J’appelle
l'abbé.

— ",771017,Eh!,,MISC,771020, bien? demande-t-il en entrant
"paupières d’ün coup de
pouce. ",771178,Ÿ,,LOC,771179," a-t-il ut être suprême, oui o"
"ut être suprême, oui ou noï ? ",771217,Grave,,PER,771222,"
question que votre oncle peti"
"it mairitenänt débattre

avec ",771281,Robespierre,,PER,771292,". Bizarre jusqu’à la fin, votr"
"ncle.

Quand on vient le voir ",771355,riourir,,PER,771362,", an le trouve trépassé.
— Oui"
" mélodrämie possible. Comme

 ",771438,G'aurdit été bein,,LOC,771455," et presque neuf, pourtant, l'"
"liateur!

— Ne rions pas trop ",771572,foit,,MISC,771576,", dit l’abbé; c’est incoh:

4"
"
qu’elle eût déplu à certains ",771755,Grecs,,MISC,771760,", est presque un sym-
_bole. J"
bole. J'ai dans l’idée que la ,771813,Société,,ORG,771820," crèvera de la
_ même façon. C"
"|

= Le notaire de mon oncle, ",772911,M° Tabel-Lion,,MISC,772924,", arrive
le lendemain dans l’a"
" léguait
toute sa fortune à l’",773256,Institut Pasteur,,ORG,773272,"; il se trouve an-
nulé de ple"
"es les convictions.

LUS

LE ",773498,VOLEUR,,LOC,773504,"  . 409

J'apprends que la for"
"ncle est encore
considérable, ",773577,M° Tabel,,MISC,773585,"-Lion parle à demi-voix. Sa

b"
"suis dans la première

avec l’",773919,abbé Lamargelle,,PER,773934, qui a endossé des habits civi
 trois dames parmi lesquelles ,774164,Geneviève,,PER,774173,", en
grand deuil. Je n’ai pu l"
"st pour faire des économies.

",774492,Ah!,,MISC,774495," si ce prêtre qui est ton ami,"
"e que tu es ! S'il savait!
Je ",774584,lai,,PER,774587, laissée dire. Il y a encore d
 pas au tombeau ! qui portent ,774804,"di-

gnement",,PER,774816, leur misère — dignement ! ça 
! — dans l'espoir d’une vie à ,774908,ve-,,PER,774911,"

hit ! L'exploitation leur br"
"ir là. Il faudra

wa

4Ïo en ",775446,LE VOLEUR,,PER,775455,"
que je le mette en vente. C’e"
"un bon débit, paraït-
il. : |
",775520,Les vieux amis me serrent la fain,,MISC,775553," à la porte du
cimetière et s'"
oignent. Je reviens boulevard ,775615,Hauss-,,LOC,775621,"
mann avec l'abbé et Geneviève"
"ent à quitter la salle à man-
",775833,ger,,LOC,775836,". Sitôt le café pris, Genevièv"
"man-
ger. Sitôt le café pris, ",775858,Geneviève,,PER,775867,", qui se prétend très
lasse et"
"écoutetez. Ne vous mettez
pas ",776425,mattelen,,PER,776433," tête d'avance, sapristi !... "
"... Voyons, que
joue-t-on aux ",776489,Variétés,,LOC,776497,", ce soir ?

Il va être dix he"
"ns le salon où il va
recevoir ",776684,Geneviève,,PER,776693,", l’arrivée de ma petite femme"
exactes de cet excellent abbé ,776975,Lamargelle,,PER,776985,". Mais
j'entends fésonner le t"
nds fésonner le timbre. Voici ,777028,Geneviève,,PER,777037,"; elle
entre dans le salon. Je"
"e ; et si VOUS

mar 2e delaer ",777350,"F4

LÉ",,ORG,777357," VOLEUR 4ïI
le voulez bien, rh"
"d’une vie sans
tache, reprend ",777617,Geneviève,,PER,777626,", c'est que les circonstances
"
" L'auteur dé ma perte est

M. ",777706,Georges Randal,,PER,777720,". Ilse dit votre ami, monsieur"
"perte est

M. Georges Randal. ",777722,Ilse,,PER,777726," dit votre ami, monsieur l’abb"
 le croyez un honnête homine. ,777797,Eh!,,MISC,777800," bien, c’est
uñ voleur. -

— C"
"! bien, c’est
uñ voleur. -

— ",777829,Ciel,,PER,777833, ! s’écrie l'abbé. Que m’appre
"abbé. Que m’apprenez-vous là,
",777876,Madame,,PER,777882," ! Un voleur ! |

— Oui, un vo"
lle raconte notre aventure de ,778077,Bruxelles,,LOC,778086,", à sa

façon, bien entendu. C"
"es,
j'aurais brâvé la mort si ",778326,javais,,PER,778332," été en état de grâce ;
mais j"
" coffre-fort, le secrétaire ; ",778455,ila,,PER,778458," pris tout l’är-

gent et, hél"
" révèle ui secret de famille.
",778591,Mä mère,,PER,778598, a eùü un amant. Elle m’écriva
re-et de venir le retrouver à ,779065,Londres,,LOC,779072," dans les
huit jours. Que ‘vou"
"dutre considération. Mon
iii, ",779243,Qué j’adotais,,MISC,779256,", à été condamné malgré soi in"
"été condamné malgré soi inno-
",779290,cencé,,LOC,779295, et:je n'ose pas vous dire que
"elle existence

©

\

412 __ ",779354,LE VOLEUR,,PER,779363,"

M. Randal m'a fait mener dep"
" d’un coup, pousse
un cri.

— ",779745,Impossible !,,MISC,779757, C'est impossible ! Nous ne po
"éclatera.…

— C'est vrai, dit ",780193,Geneviève,,PER,780202," de la voix rêche d’une
femme "
" de vous nuire, à vous et aux ",780518,vôtres,,MISC,780524,".
Mais cela demandera du temps"
"l'intervalle,
que ferez-vous, ",780591,Madame,,PER,780597," ? Voulez-vous me permettre
de"
"es sentiments religieux...

— ",780778,Ok !'certainement,,MISC,780795,", interrompt Geneviève avec
fe"
"Ok !'certainement, interrompt ",780808,Geneviève,,PER,780817," avec
feu ; je suis une croyan"
"croyante, monsieur l'abbé.

— ",780871,Eh !,,MISC,780875," bien, vous n’ignorez point qu"
"à une nouvelle existence ?

— ",781226,Oh!,,MISC,781229," s’écrie Geneviève, quelle joi"
"le existence ?

— Oh! s’écrie ",781238,Geneviève,,PER,781247,", quelle joie ce serait pour

"
"demain à onze heures, je

+

",781332,Er LE VOLEUR,,LOC,781344,": L 413

| vous en prie, et me"
"oi dans cette maison. Voici
. ",781409,monadresse,,PER,781419,". Vous êtes mon sauveur, monsi"
", répond l’abbé. Un mangne de ",781714,"pa-
role de votre",,PER,781731, part lui donnerait l'éveil. M
"rêtez-vous sur
votre chemin à ",781901,Saint-Thomas d'Aquin,,LOC,781921,", et entendez
la messe. Ce ser"
"|
Je n’entends plus rien. Ah! ",782008,Geneviève de Brabant,,PER,782028," !
Moi qui étais le petit vole"
"n. Ah! Geneviève de Brabant !
",782031,Moi qui étais le petit voleur chéri,,MISC,782066,", l'autre jour, me
voilà trans"
"me
voilà transformé en infime ",782112,Golo,,PER,782116," !... L'abbé revient.
:— J'ai "
"t quotidiennement leur po-
-. ",783304,pulations’,,LOC,783314,accroître etla majorité des ma
"ur po-
-. pulations’accroître ",783324,etla,,PER,783328, majorité des malheureuses qui
"s qui.

TR ete Te HE,

—

 

",783383,AI 4 LE VOLEUR,,MISC,783397,".

s’y enfermént n'a pas, pour"
"

—

 

AI 4 LE VOLEUR.

s’y ",783404,enfermént,,PER,783413," n'a pas, pour s’y cloîtrer, d"
"er, de meilleures
raisons que ",783468,Votre maîtresse... Je l’ai,,MISC,783494," envoyée à la
messe afin de vo"
in de vous laisser le temps d’,783546,arrivér,,PER,783553," chez vous
avant elle. Partez."
"arrivér chez vous
avant elle. ",783576,Partez,,LOC,783582,. Hâtez-vous. J'irai vous donn
"chez vous
avant elle. Partez. ",783584,Hâtez,,LOC,783589,"-vous. J'irai vous donneï des
"
"uis un quart d’heure lorsque

",783690,Geneviève,,PER,783699, arrive. Elle ne’ boude plus ;
"nt charmante. |

— Mon chéri, ",783792,medit,,ORG,783797,":elle après déjeuner, il faut "
"En prièrès, à l'église Saint-
",784209,Etienne du Mont,,PER,784224,", où repose ma bienheuretise p"
"retise pa-
tonne. C’estlà que ",784276,Dieu ra,,PER,784283," parlé: Il m'a dit : & Ma
fill"
se-toi et tu seras relevée. » ,784351,Tüu,,PER,784354," vois que je
suis francheavec "
ardonne. Jamais un tot contre ,784470,toine,,PER,784475,"
s'échappera de mes lèvres. Je"
era de mes lèvres. Je prierai ,784514,Bour,,PER,784518," toi, pour ta
conversion. Oui,"
"conversion. Oui, je renonce à ",784562,Satan,,PER,784567,"; à ses pompes...

Je m'y oppo"
" moins pour le
quart d'heure. ",784646,Geneviève,,PER,784655," est très alléchante dans ses
"
e veuve et... et je pensé que ,784726,Samson,,PER,784732," ne
devdit pas s’embêter avec "
" ne
devdit pas s’embêter avec ",784762,Dalili,,LOC,784768,", chaque fois qu’elle
avait te"
nté sans succès de le trahir. ,784828,"|

Geneviève",,PER,784840, ne m'a quitté que vers minuit
uitté que vers minuit ; et je ,784879,ME,,LOC,784881,"
suis endormi peu äprès en pen"
"n. Et je songe äussi, tout en ",785351,cédäñt,,LOC,785357," aû

JR

44 —
où A

LE VOLEUR"
"ut en cédäñt aû

JR

44 —
où ",785375,"A

LE",,MISC,785380," VOLEUR AIS

sommeil, à l'abbé"
"ine midi lorsqu'il arrive.

— ",785549,Eh!,,MISC,785552," bien, dit-il, l'oiseau était "
" me charge de vous remettre.

",785697,Jé,,PER,785699, déchire l'enveloppe. Genevièv
"tre.

Jé déchire l'enveloppe. ",785721,Geneviève,,PER,785730," m'apprend qu'elle
quitte Pari"
"iève m'apprend qu'elle
quitte ",785756,Paris,,LOC,785761, avec l’Autrichien: C'estun ho
"d qu'elle
quitte Paris avec l’",785769,Autrichien,,LOC,785779,": C'estun homme quiades
sentim"
"oi, dit l’abbé après avoir lu ",786009,lalettre,,MISC,786017," que je lui
ai passée, ce qui "
"me facilité. La liberté
dotit'",786303,ellé,,PER,786307," jouit maintenant, et qui l’af"
"itation à agir créent le men-
",786580,Songe,,PER,786585,; voilà pourquoi il est aussi 
" son entière indépendance. Et
",786788,Voyez quels détours,,MISC,786807," elle a été prendre, lorsqu'il"
"le est encore tellement

: un
",787169,Ha mi,,MISC,787174,".

lourd !
— Oui, dit l’abbé, "
"ne, pour faire obéir à la loi ",787362,"di-
vine",,ORG,787370,", sèment l'épouvante dans notr"
"-

dra implorer votre pardon. ",787906,Nolite confidere hominibus,,PER,787932,",
ni aux femmes repentantes.… "
"antes.… Combien de temps pen-
",787984,sez,,ORG,787987,"-vous rester à Paris?

— Quinz"
" temps pen-
sez-vous rester à ",788002,Paris,,LOC,788007,"?

— Quinze jours, environ. Ap"
"'irai ré-
gler mes affaires à ",788078,Londres,,LOC,788085," et partirai je ne sais où.

—"
"r
ce pays-là, passez donc par ",788191,Bruxelles,,LOC,788200,". Vous m’y trou-
verez. J'y va"
"er. Et
puis, moi, en quittant ",788454,Londres,,LOC,788461,", je vous apporterai
des papie"
"lés à droite et à gauche, que
",788535,J al,,PER,788539, conservés sans même en prendr
"art ; un déjeuner d’héritier, ",788788,"hein £

XXX VII

",,MISC,788806,DANS LEQUEL ON APPREND QUE L'A
"itier, hein £

XXX VII

DANS ",788811,LEQUEL,,ORG,788817, ON APPREND QUE L'ARGENT NE FA
"n £

XXX VII

DANS LEQUEL ON ",788821,APPREND,,ORG,788828," QUE L'ARGENT NE FAIT PAS LE
|"
"s ; ça n’en finit pas. Enfin, ",789030,M° Tabel,,MISC,789038,"-Lion vient
de m’annoncer qu'i"
s dans les délais légaux ; et ,789260,"J'ai laissé

dés",,MISC,789276, fonds suffisants pour défraye
"nte, entre autres
la villa de ",789496,Maisons-Laffitte,,LOC,789512,", la fortune de mon oncle

mon"
"e deman-
er.

{

_

418 _ LE ",789890,VOLEUR,,LOC,789896,"

L'abbé m'a fait envoyer par "
blissements pénitentiaires de ,789992,Dalmatie,,LOC,790000,".
C'était un gros cahier de $o"
ru reconnaître des phrases de ,790142,Télémaque,,PER,790151,". Saïne litté-
rature. J'ai ex"
tre des phrases de Télémaque. ,790153,Saïne,,PER,790158," litté-
rature. J'ai expédié l"
 Le rapport m'a fait songer à ,790370,Montareuil,,LOC,790380,",
que j'ai été voir. Il m'a re"
"ui plus rien
donner pour sa « ",790454,Revue »,,MISC,790461,", quise vend très bien, mais
m"
faire deux ou trois visites à ,790731,Margot,,LOC,790737,",
qui est toujours au mieux av"
"charmante.
Je n'ai pas oublié ",790914,Ida,,MISC,790917,", dont les affaires prospèrent"
rtune et j'aurais déjà quitté ,791165,Paris,,LOC,791170,"
si je n'avais reçu, avant-hie"
"çu, avant-hier, une lettre de ",791217,Courbassol,,PER,791227,"
qui m'invite à venir lui parl"
"ent satisfaits et glo-
rieux. ",791672,Vauvenargues,,LOC,791684, avait raison : la servitude a
"plutôt,
paraît seule ne point ",791850,pattager,,PER,791858," les sentiments de ses
voisins"
" sérieux, très filer, porte

",791941,Ve,,LOC,791943," .'
“E,

LE VOLEUR , ‘419.

l'"
"x, très filer, porte

Ve .'
“",791948,E,,LOC,791949,",

LE VOLEUR , ‘419.

l'emprei"
" filer, porte

Ve .'
“E,

LE ",791955,VOLEUR,,LOC,791961," , ‘419.

l'empreinte d’une tr"
"vieillard sort du cabinet,

. ",792095,unvieillard,,PER,792106," cassé, chancelant, à la face "
"laquelle il
rêvait de donner. ",792567,Hélène pour belle-mère,,PER,792589,". Ah! pi-
tié!

* C'est mon to"
nner. Hélène pour belle-mère. ,792591,Ah!,,MISC,792594," pi-
tié!

* C'est mon tour. L"
"egrés, et je me trouve devant ",792699,Courbassol,,LOC,792709,".
Le Courbassol que j’ai vu à "
" trouve devant Courbassol.
Le ",792714,Courbassol,,LOC,792724, que j’ai vu à Malenvers ; le 
".
Le Courbassol que j’ai vu à ",792739,Malenvers,,MISC,792748," ; le même re-
gard fuyant, la"
" vu à Malenvers ; le même re-
",792763,gard,,LOC,792767," fuyant, la même physionomie v"
on rapport sur les prisons de ,792961,Dal-,,ORG,792965,"
matie était remarquable.

— U"
"ravail de tout premier ordre, ",793028,"Monsieur !
Vous avez",,MISC,793048," rendu, en l’écrivant, un véri"
on. Je sais beaucoup de gré à ,793138,"M""",,LOC,793140,"° de
Vaucçouleurs, dont la fam"
"ntion du
, gouvernement. Mais ",793281,croyez,,MISC,793287," bien que son interven-
tion n"
 ne peuvent passer inaperçus. ,793414,"Gouver-
ner",,PER,793425,", c’est choisir. Et nous, qui "
"atie triomphante, ne saurions
",793525,Poublier,,LOC,793533,. Vos articles dans la « Revue
"duc..…
Ce viaduc... à.., à... ",793827,Me de Vaucouleurs,,PER,793844," me citait
:: “hier encore le "
" nom de la localité. |
_:""# À ",793903,Nothingabout,,LOC,793915,", dis-je avéc aplomb. C’est un"
" que je voulais dire, affirme ",794107,Courbassol,,PER,794117,".
Eh! bien, Monsieur, j'ai pen"
"ais dire, affirme Courbassol.
",794119,Eh!,,MISC,794122," bien, Monsieur, j'ai pensé qu"
"t ac-
tuellement vacants à la ",794306,Chambre,,ORG,794313," ; et si vous vous dé-
cidiez "
" |

— Vous vous réservez, dit ",794832,Courbassol,,PER,794842," en souriant.
Soit. Nous vous "
ot de moi à mon collègue de l’,795310,Instruction Pu-,,MISC,795325,"
blique… Hs.

Non, non; Mazas,"
" de l’Instruction Pu-
blique… ",795334,Hs,,MISC,795336,".

Non, non; Mazas, si l’on y "
nt oublier ses réceptions. M° ,795490,"Cour-
bassol",,PER,795502,", assure-t-il, sera charmée de"
", pour-

quoi existe-t-il des ",796008,Compagnies d'assurance,,ORG,796030," contre le

“vol? Qui distribu"
"ur, elle est heureuse, me dit ",796290,"Roger-la-
Honte",,PER,796305, que j'ai été voir en arrivant
e j'ai été voir en arrivant à ,796338,Londres,,LOC,796345,". Oui,
Broussaille est très hè"
ès hèureuse. Dans un voyage à ,796400,Pa-,,LOC,796403,"
ris, elle a rencontré un vieu"
gistrat ; il s'appelle... ah! ,796495,M. de Boiïs-Créauilt,,PER,796515,".
Tu sais bien ? Il y a eu un "
ques sous et une propriété en ,796737,Nor-,,MISC,796741,"
mandie. C’est dans l’une que "
"
mandie. C’est dans l’une que ",796771,Broussaille,,PER,796782," est en train
de s'approprier "
"urne donc tes poches, pour

‘ ",797030,VOir,,MISC,797034,". |

— Si tu veux. Tiens, des "
ormats. Tu vois les en-tête ? ,797132,"Agence in-
ternationale de renseignements commerciaux",,ORG,797185,". C'est à mot,
cette agence-là"
"

— Tu peux tout oser, répond ",797704,Roger-la-Honte,,PER,797718,". Le
principal, c'est que l’af"
" marche déjà ; et elle mar-

_",797783,Chera,,LOC,797788, mieux encore avant peu. Aussi
"E VOLEUR

bientôt partir pour ",797878,Venise,,LOC,797884,". Mon associé s’occupera de
la"
"s-tu qui
c’est, mon associé ? ",797985,Devine...,,MISC,797994," Tu ne pourrais jamais;
j'aime"
'aime mieux te le dire. C'est ,798049,Issacar,,MISC,798056,". |

-— Issacar ! Comment ? Ce"
"le dire. C'est Issacar. |

-— ",798064,Issacar,,MISC,798071, ! Comment ? Cette crapule d'{
"avez joué, à l'époque où vous ",798329,étiez mouchard,,PER,798343," à
Paris, dans l'arrestation d"
"oque où vous étiez mouchard à
",798346,Paris,,LOC,798351,", dans l'arrestation de Canonn"
"
Paris, dans l'arrestation de ",798375,Canonnier,,MISC,798384,".

— Un rôle très avouable, ré"
"Un rôle très avouable, répond ",798419,ITssacar,,MISC,798427," d’une voix
ferme. J'ai fait t"
"our lui permettre d'échapper.
",798550,Croyez,,LOC,798556,-vous que j'aie été votre dupe
"rsque vous :
m'avez rencontré ",798620,rue Saint-Honoré,,LOC,798636," et avez tant insisté
pour m'e"
"hé d’opérer larresta-
tion de ",798977,Canonnier,,MISC,798986, à la gare du Nord et je l'ai 
"resta-
tion de Canonnier à la ",798992,gare du Nord,,LOC,799004," et je l'ai encore
empêché de "
" Pourquoi êtes-
vous restés à ",799092,Bruxelles,,LOC,799101, ?.. Si vous aviez eu confianc
"ne veux rien discuter, répond ",799639,Issacar,,MISC,799646," nerveu-
sement. Vous ignorez "
"seffets. Mais;
pour revenir à ",799784,Canonnier,,MISC,799793,",avez-vous de ses nouvelles ?
"
"vez-vous de ses nouvelles ?

",799825,DNS PT,,MISC,799831," PR ph Loe

PL ESC LR honte er"
"uvelles ?

DNS PT PR ph Loe

",799843,PL ESC,,ORG,799849," LR honte er une
, U. .

‘
ut
"
" ?

DNS PT PR ph Loe

PL ESC ",799850,LR,,ORG,799852," honte er une
, U. .

‘
ut
7e"""
"Loe

PL ESC LR honte er une
, ",799868,U.,,MISC,799870," .

‘
ut
7e""

LE VOLEUR 423

—"
"LEUR 423

— Oui, j'en ai eu à ",799919,Paris,,LOC,799924,".
. — Alors, vous savez qu'il "
u'il est encore au dépôt de l’,799979,"île
de Ré",,LOC,799988, ; on retarde autant que possi
"e possible son départ pour

: ",800041,Cayenne,,LOC,800048,", car on craint une évasion.Il"
"nsi, cette vieille to-
quée d'",800544,Annie,,PER,800549, pleure comme une Madeleine pa
"elle pleure à chaudes
larmes. ",800822,Ça,,MISC,800824," n’a pas le sens commun.

— Tu"
— Tu devrais venir avec moi à ,800880,Venise,,LOC,800886,", me dit
Roger-la-Honte qui m'"
"nir avec moi à Venise, me dit
",800895,Roger-la-Honte,,PER,800909, qui m'accompagne à la gare le
"a gare le matin

où je quitte ",800960,Londres,,LOC,800967,".

Je devrais peut-être, mais "
"pas. Il faut que

_ j'aille à ",801038,Bruxelles,,LOC,801047, ; pour porter à l’abbé Lamarg
xelles ; pour porter à l’abbé ,801071,Lamargelle,,PER,801081," les

papiers que je lui ai pr"
"ais pas pour quoi lui
dire ., ",801679,Je sens,,MISC,801686, seulement qu’elle doit éprouv
"s jeunesse; et que peut-être.
",801885,Toujours peut-être !,,MISC,801905,".… |

Je ne me rappelle plus "
"ent j'ai

XXIX

SI LES FEMMES ",801989,SAVAIENT,,ORG,801997," S’Y PRENDRE...

J'aurais mieu"
"XIX

SI LES FEMMES SAVAIENT S’",802000,Y PRENDRE,,ORG,802009,"...

J'aurais mieux fait, cert"
"ment, de ne pas aller

_ voir ",802073,Hélène,,MISC,802079,". J’y ai été, poussé par une f"
 sentais le regard narquois d',802473,Hélène,,MISC,802479," peser sur
moi, je voyais le p"
"e, car il faudrait
sans doute ",802994,Les modifier plusieurs fois ;,,MISC,803023," de ses espoirs

Dates 3
CS

"
"is ; de ses espoirs

Dates 3
",803049,"CS

LE VOLEUR",,MISC,803062," 42$

qu’elle considérait comm"
"par prudence.

Elle m'a parlé ",803137,deson père,,PER,803147,", en faveur duquel elle savait"
uvenez-vous ? Avais-je peur ! ,803384,"Peur de

cette existence",,MISC,803408," qui n’a rien de terrible, sin"
"en tort, je l'avoue, et comme ",803498,vousavez,,PER,803506,"
eu raison de traiter ainsi qu"
"e vice que d'originalité
dans ",803959,lecrime,,PER,803966,. On conclut enfin que tout es
"etdes quarts d’honnêtes gens.
",804217,Hypnotisés,,PER,804227," de la spéculation, convulsion"
"es de
l’agiotage, possédés du ",804291,Jeu,,MISC,804294,", qui ne seraient pas trop
méc"
"cher, nous aurions

- tort de ",804607,nousen,,PER,804613, vouloir à nous-mêmes. J’espèr
"le vit, je pensais à ce vieux ",804884,Paternoster,,PER,804895,", que j'ai
tué, à cette petite"
" que j'ai
tué, à cette petite ",804926,Renée,,PER,804931,", qu’elle a tuée. Pourquoi ?.…"
"enturiers, nous sortons de la ",805107,Société,,ORG,805114," pour arriver
à y rentrer. C'e"
"trer. C'est un peu dérisoire, ",805165,maisqu’,,PER,805172,"y faire 2...

9

em -

426 ‘L"
"ler ? Voulez-vous que je vous
",805552,appreñne,,PER,805560, ce que vous vous êtes dit ce 
"tes dit: « Je vais
aller voir ",805670,Hélène,,MISC,805676,", lui raconter... n'importe qu"
" notre nid quelque part, nous
",805815,vivrotis cofnnie,,PER,805831, deux tourteteaux... » Et vous
"uvoir s'aimer d'amour
tendre. ",805989,Léür athour fe,,PER,806003, sera pas la douce affection q
"ris en sé rapprochant de moi, ",806566,"soÿez raisonriable
et regardez les réilités en face",,MISC,806617,". La solitude vous pèse;
Soit."
" üne
femme dont l'esprit soit ",806720,alduürdi,,PER,806728," et obscutci pat l'aiver-
tümi"
ont l'esprit soit alduürdi et ,806732,obscutci pat,,PER,806744," l'aiver-
tümie des souvétifs,"
" seul rayonnerait, et non pas ",807021,Îa,,PER,807023,"
lueur ardente des souvenatice"
" non pas Îa
lueur ardente des ",807042,souvenatices,,LOC,807054," que vous voulez chasser.

— D"
"-je écrié, profon-
dément ému ",807141,pär cés parolés,,PER,807156," qui traduisaient, nette-
ment"
"raduisaient, nette-
ment; les ",807192,sentimiéhts,,LOC,807203, confus qui m'avaient fait hés
" qui m'avaient fait hésiter

",807240,PT,,ORG,807242," tale te a

vs CCR "". e7 . .
P"
"it hésiter

PT tale te a

vs ",807257,CCR,,ORG,807260," "". e7 . .
PEL ET US AE Te
D 4"
"le te a

vs CCR "". e7 . .
PEL ",807275,"ET US AE Te
D 4 cote

LE VOLEUR",,ORG,807306," 427

à parler, qui, en ce mom"
"a
volonté. s

— Non, a repris ",807391,Hélène,,MISC,807397,", pas des mots. Des faits.
La "
ais elle ne saurait être moi. ,807525,Oh !,,MISC,807529," je
comprends votre état d’esp"
" ya longtemps déjà,
j'étais à ",807708,Londres,,LOC,807715,", dans une grande détresse mor"
" peu à peu, je suis
arrivée à ",808032,comprendié,,LOC,808042," qu'ilétait mieux, poür vous e"
" comprendié qu'ilétait mieux, ",808061,poür,,PER,808065," vous et
pour moi, que je n’eu"
"îtresse. Elle s’est levée.

— ",808247,Quittez,,LOC,808254,"-moi, m'a-t-elle dit ; je vous"
x fait de ne point aller voir ,808558,Hélène,,MISC,808564,".

Tout semble s’être subiteme"
"ement desséché et enidurci en
",808621,Moi.,,MISC,808625, J’éprouve un resserrement int
"nde savait s'y prendre !...

",809103,CONCLUSION PROVISOIRE,,MISC,809124," —— COMME TOUTES LES
CONCLUSIO"
"..

CONCLUSION PROVISOIRE —— ",809128,"COMME TOUTES LES
",,MISC,809145,"CONCLUSIONS

— Ma foi, dit l'a"
"ROVISOIRE —— COMME TOUTES LES
",809145,"CONCLUSIONS

— Ma foi",,MISC,809166,", dit l'abbé Lamargelle comme "
vons de déjeuner à l’hôtel du ,809237,Roi Salomon,,PER,809248,", on ne
mange pas mal, ici ; p"
un bon repas me fait plaisir. ,809397,Lacordaire,,PER,809407," a parlé
des « mâles voluptés "
"isque vous êtes
millionnaire, ",809695,laisez,,PER,809701,-le voir. Ce n’est qu’à-moitié
" verrez quelle allure je sau-
",809952,rai,,LOC,809955," me donner. |

— Ce sera diffé"
"ence, une idée... Moi rien.

",810070,"Métas

LE-VOLEUR",,MISC,810086," . : | 429

— Je voudrais bien"
pas de but dans l’existence ? ,810194,Continuez,,PER,810203,".

Contentez-vous de vivre pou"
un essai d’acclimatation à la ,810449,Société,,ORG,810456,".

— Votre gaîté est plutôt gr"
"plutôt grave.

— Je l’admets. ",810507,Eh!,,MISC,810510," bien, si vous tenez absolu-
m"
"blesse, vient d'être arrêté à ",810944,Paris,,LOC,810949," en
flagrant délit de cambriol"
"uvrez-vous, autrement que
les ",811061,gazetiers,,PER,811070," à la solde de Prudhomme, le s"
"e
les gazetiers à la solde de ",811085,Prudhomme,,PER,811094,", le sens de cet
incident ? Il"
ation n’est pas seulement une ,811631,Doctrine,,MISC,811639,", mais
une Vie, la marche de l"
"lement une Doctrine, mais
une ",811650,"Vie, la marche de l'humanité",,MISC,811678,", en avant ou en

arrière, n’a"
s. Elle n’a plus qu’une face. ,812113,Etsur,,MISC,812118,"

“

430 | ° + LE VOLEUR

cet"
"asque
meñteur du scepticisme. ",812221,Lä raisoï,,PER,812230," d’être contempüo-
_raïne? & J"
"cieux et craintif. L'homme ne
",812353,Vit,,LOC,812356," plus pour se manger, comme au"
" dis-je: Mais, vous savez, on
",812555,préténd qué nôtre époque,,PER,812579," est ure époque de transi-
tio"
" ne s’accom-
pliïa qui puisse ",812944,établif,,PER,812951, un lien moral entre ce qui es
existe point par elle-rièrné. ,813180,S4,,MISC,813182," mission à été de
diviniser lé"
"S4 mission à été de
diviniser ",813210,lés ancieris criméssociaux,,PER,813236,": Sonaction n'a été
que celle "
r lés ancieris criméssociaux: ,813238,Sonaction,,PER,813247," n'a été
que celle de la corru"
le ; cent marches de plus aux ,813452,Géitionies,,ORG,813462,". Le
génie duchristianistie ? "
"iisole dé force.
« Jésus, dit ",813529,saint Augustin,,PER,813543,", 4 perfectionné l’escla-
ve. "
"4 perfectionné l’escla-
ve. » ",813575,Oh!,,MISC,813578, cétte religion dont lés dogme
 force et l’intélligence de l’,813650,hHomime,,MISC,813657," comme des su-
çoirs de vampir"
"n a fäits dépuis, en son nom! ",814160,Noùrrir,,PER,814167,"

. # 7 Te
ait \ 4 f 7 ‘
Bo \"
"puis, en son nom! Noùrrir

. ",814172,# 7 Te,,MISC,814178,"
ait \ 4 f 7 ‘
Bo \
Qi , = +
F"
"rrir

. # 7 Te
ait \ 4 f 7 ‘
",814193,Bo,,PER,814195," \
Qi , = +
F' ‘ . | ,
Vs . . "
"
. # 7 Te
ait \ 4 f 7 ‘
Bo \
",814198,Qi,,PER,814200," , = +
F' ‘ . | ,
Vs . . . - -"
"e
ait \ 4 f 7 ‘
Bo \
Qi , = +
",814207,F,,LOC,814208,"' ‘ . | ,
Vs . . . - - « ,
»' "
" 7 ‘
Bo \
Qi , = +
F' ‘ . | ,
",814218,Vs,,LOC,814220," . . . - - « ,
»' -, + -
-t4 à"
".
L' | LE VOLEUR 31
> ' . Pas ",814285,CRT 4,,MISC,814290," _
Ms .
ir
os

quatre mille ho"
"E VOLEUR 31
> ' . Pas CRT 4 _
",814293,Ms,,LOC,814295," .
ir
os

quatre mille hommes "
"ensé quelquefois, aussi, à ce ",814787,Simon,,MISC,814792," le
:.  Cyrénéen, qui revenait"
"ois, aussi, à ce Simon le
:.  ",814800,Cyrénéen,,LOC,814808,", qui revenait des champs, et "
x du personnage ? Il revenait ,814899,deschamps,,PER,814908," l
+ Vous entendez? Eh ! bien,"
" deschamps l
+ Vous entendez? ",814928,Eh !,,MISC,814932," bien, ils en ont encore l’épa"
"ais des races s’éveillent là-
",815137,Æ TRE,,MISC,815142,"

bas, à l'Orient, libres de c"
"éveillent là-
Æ TRE

bas, à l'",815153,Orient,,MISC,815159,", libres de ces entraves et de"
la symétrie de l’incohérence. ,815528,Rappelez-,,LOC,815537,"
:.. * vous les événements aux"
" naturel
du chrétien », a dit ",815820,Pascal,,PER,815826,". Hélas!

— $i vous pensez ce "
'air d'exister par moi-même ! ,816480,Com-,,MISC,816484,"
prenez vous?..… | |

Il repre"
"élargit et sa voix tonne.

_— ",816606,Mes idées !,,MISC,816617, La seule idée : l’idée de lib
ule idée : l’idée de liberté. ,816653,"Ah!
je n'ignore pas les efforts tentés par des Hommes",,MISC,816706,", au
milieu de l’indifférence-"
finitivement le mensonge pour ,817021,qu’'apparaisse,,ORG,817035," la
vérité. — Ames labourées p"
"r qu’'apparaisse la
vérité. — ",817049,Ames,,PER,817053," labourées par la douleur, cer"
"e. Il y a si
longtemps que la ",817314,Parole,,MISC,817320," a cessé d’être un Fait ! que
"
e la Parole a cessé d’être un ,817339,Fait !,,MISC,817345," que
le Verbe n’est plus qu’un"
"apôtre qui aurait la volonté,
",817727,Ja,,MISC,817729, volonté tenace de se faire en
"tendre. — Un apôtre
serait un ",817789,Individu,,MISC,817797,", d'abord — l’Individu qui a d"
"serait un Individu, d'abord — ",817809,l’Individu,,MISC,817819," qui a dis-
paru. — Le jour où"
"où qu'il vienne, qu’il soit l'",817921,Amour,,PER,817926," ou qu’il soit
la Haine, qu’il"
"soit l'Amour ou qu’il soit
la ",817944,Haine,,LOC,817949,", qu’il étende les bras ou que"
" de cet immense
couvent de la ",818164,Sottise,,LOC,818171," meurtrière dont les murs, éta"
"dévore;
de ce monastère de la ",818339,Rénonciation Perpétuelle,,MISC,818363," où
l’humanité, le bandeau de "
"puissance absolue, pantèlent, ",818696,prosternées,,LOC,818707," devant

leur idole — leur Ido"
"ées devant

leur idole — leur ",818734,Idole,,ORG,818739," qui est leur Image — en
atten"
ole — leur Idole qui est leur ,818753,Image,,MISC,818758," — en
attendant que leur Provi"
"Image — en
attendant que leur ",818783,Providence,,LOC,818793,", qui est l'Etat, entre-
baîll"
"l’abattoir. — Oui, le jour où ",819021,l’Individu,,MISC,819031,"
reparaîtra, reniant les pacte"
"la dalle où sont gravés leurs
",819144,Droits,,ORG,819150," ; le jour où l’Individu, lais"
"vés leurs
Droits ; le jour où ",819164,l’Individu,,MISC,819174,", laissant les rois dire:
« No"
" de droits, mais procla-
mera ",819422,sa Force,,MISC,819430, ; ce jour-là sera ton dernier
"dernier jour, ergas-
tule des ",819483,Foules Souveraines,,PER,819501," où l’on prêche que
l'Homme n'"
"veraines où l’on prêche que
l'",819523,Homme,,MISC,819528," n'est rien et l'Humanité, tou"
"che que
l'Homme n'est rien et ",819543,l'Humanité,,ORG,819553,", tout ; où la Per-

soûnalité"
"n et l'Humanité, tout ; où la ",819568,Per-,,ORG,819572,"

soûnalité meurt, car il lui "
"c nous!... Le

. 29

434. LE ",820522,VOLEUR,,LOC,820528,"

monde actuel est l’abjection"
"ue tout le reste, après tout. ",821663,Péroraisons,,PER,821674," de tribune,
dénouements de th"
"coup de mal'à mes semblables,
",822321,_comine,,PER,822328, les autres ; et même un peu d
"nde raison‘et parfois malgré
_",822430,moï,,PER,822433,", comme les autres. L'existenc"
"'existence -est ‘aussi bête

",822484,ANRT,,ORG,822488," PRE Au FT A on Ra
AA ET :
Re "
"est ‘aussi bête

ANRT PRE Au ",822496,"FT A on Ra
AA",,ORG,822509," ET :
Re The : |

LE VOLEUR 43"
" on Ra
AA ET :
Re The : |

LE ",822530,VOLEUR,,LOC,822536," 435.

voyez-vous, aussi vide "
"oujours volé par
quelqu'un... ",823233,Ah !,,MISC,823237," chienne de vie !.…..

FIN

 
"
" mm nn —— _ _ mu. on 7 —

 

",823346,AR,,LOC,823348,". [D PR

en * - ns r cr CE - "
"n —— _ _ mu. on 7 —

 

AR. [",823351,D PR,,MISC,823355,"

en * - ns r cr CE - — 8 + ."
en * - ns r cr CE - — 8 + . : ,823388,ES PERRET,,ORG,823397," MRE MAMA UT A,

7

ET ee

ST"
 — 8 + . : ES PERRET MRE MAMA ,823407,UT A,,ORG,823411,",

7

ET ee

ST ET mm

mans n"
"e

ST ET mm

mans nt 2 2

'
+
",823452,Cl,,LOC,823454,"
1
!

 

Ar

DT ME

Ten its

o"
"

mans nt 2 2

'
+
Cl
1
!

 

",823463,"Ar

",,ORG,823467,"DT ME

Ten its

oo CNT

OS ET "
" 2

'
+
Cl
1
!

 

Ar

DT ME

",823474,"Ten its

oo CNT

OS ET A PP",,MISC,823501," EPS EM, pee à à un ae more
"
"n its

oo CNT

OS ET A PP EPS ",823506,EM,,ORG,823508,", pee à à un ae more
"
